trip_id,route_id,service_id,trip_headsign,direction_id
trip_13_0,13,WEEKDAY,Kothrud Depot,1
trip_10_0,10,WEEKDAY,Katraj,0
trip_12_0,12,WEEKDAY,Kothrud Depot,1
trip_11_0,11,WEEKDAY,Katraj,0
trip_13_1,13,WEEKDAY,Kothrud Depot,1
trip_10_1,10,WEEKDAY,Katraj,0
trip_13_2,13,WEEKDAY,Kothrud Depot,1
trip_10_2,10,WEEKDAY,Katraj,0
trip_13_3,13,WEEKDAY,Kothrud Depot,1
trip_10_3,10,WEEKDAY,Katraj,0
trip_13_4,13,WEEKDAY,Kothrud Depot,1
trip_12_1,12,WEEKDAY,Kothrud Depot,1
trip_10_4,10,WEEKDAY,Katraj,0
trip_13_5,13,WEEKDAY,Kothrud Depot,1
trip_10_5,10,WEEKDAY,Katraj,0
trip_13_6,13,WEEKDAY,Kothrud Depot,1
trip_10_6,10,WEEKDAY,Katraj,0
trip_13_7,13,WEEKDAY,Kothrud Depot,1
trip_10_7,10,WEEKDAY,Katraj,0
trip_13_8,13,WEEKDAY,Kothrud Depot,1
trip_10_8,10,WEEKDAY,Katraj,0
trip_13_9,13,WEEKDAY,Kothrud Depot,1
trip_10_9,10,WEEKDAY,Katraj,0
trip_13_10,13,WEEKDAY,Kothrud Depot,1
trip_10_10,10,WEEKDAY,Katraj,0
trip_13_11,13,WEEKDAY,Kothrud Depot,1
trip_10_11,10,WEEKDAY,Katraj,0
trip_13_12,13,WEEKDAY,Kothrud Depot,1
trip_13_13,13,WEEKDAY,Kothrud Depot,1
trip_10_12,10,WEEKDAY,Katraj,0
trip_13_14,13,WEEKDAY,Kothrud Depot,1
trip_10_13,10,WEEKDAY,Katraj,0
trip_13_15,13,WEEKDAY,Kothrud Depot,1
trip_10_14,10,WEEKDAY,Katraj,0
trip_13_16,13,WEEKDAY,Kothrud Depot,1
trip_11_1,11,WEEKDAY,Katraj,0
trip_10_15,10,WEEKDAY,Katraj,0
trip_13_17,13,WEEKDAY,Kothrud Depot,1
trip_10_16,10,WEEKDAY,Katraj,0
trip_13_18,13,WEEKDAY,Kothrud Depot,1
trip_10_17,10,WEEKDAY,Katraj,0
trip_13_19,13,WEEKDAY,Kothrud Depot,1
trip_10_18,10,WEEKDAY,Katraj,0
trip_13_20,13,WEEKDAY,Kothrud Depot,1
trip_10_19,10,WEEKDAY,Katraj,0
trip_13_21,13,WEEKDAY,Kothrud Depot,1
trip_10_20,10,WEEKDAY,Katraj,0
trip_13_22,13,WEEKDAY,Kothrud Depot,1
trip_10_21,10,WEEKDAY,Katraj,0
trip_13_23,13,WEEKDAY,Kothrud Depot,1
trip_10_22,10,WEEKDAY,Katraj,0
trip_13_24,13,WEEKDAY,Kothrud Depot,1
trip_10_23,10,WEEKDAY,Katraj,0
trip_13_25,13,WEEKDAY,Kothrud Depot,1
trip_10_24,10,WEEKDAY,Katraj,0
trip_13_26,13,WEEKDAY,Kothrud Depot,1
trip_10_25,10,WEEKDAY,Katraj,0
trip_13_27,13,WEEKDAY,Kothrud Depot,1
trip_10_26,10,WEEKDAY,Katraj,0
trip_13_28,13,WEEKDAY,Kothrud Depot,1
trip_13_29,13,WEEKDAY,Kothrud Depot,1
trip_10_27,10,WEEKDAY,Katraj,0
trip_13_30,13,WEEKDAY,Kothrud Depot,1
trip_10_28,10,WEEKDAY,Katraj,0
trip_13_31,13,WEEKDAY,Kothrud Depot,1
trip_10_29,10,WEEKDAY,Katraj,0
trip_13_32,13,WEEKDAY,Kothrud Depot,1
trip_10_30,10,WEEKDAY,Katraj,0
trip_13_33,13,WEEKDAY,Kothrud Depot,1
trip_10_31,10,WEEKDAY,Katraj,0
trip_13_34,13,WEEKDAY,Kothrud Depot,1
trip_10_32,10,WEEKDAY,Katraj,0
trip_13_35,13,WEEKDAY,Kothrud Depot,1
trip_10_33,10,WEEKDAY,Katraj,0
trip_13_36,13,WEEKDAY,Kothrud Depot,1
trip_10_34,10,WEEKDAY,Katraj,0
trip_13_37,13,WEEKDAY,Kothrud Depot,1
trip_10_35,10,WEEKDAY,Katraj,0
trip_13_38,13,WEEKDAY,Kothrud Depot,1
trip_10_36,10,WEEKDAY,Katraj,0
trip_13_39,13,WEEKDAY,Kothrud Depot,1
trip_10_37,10,WEEKDAY,Katraj,0
trip_13_40,13,WEEKDAY,Kothrud Depot,1
trip_10_38,10,WEEKDAY,Katraj,0
trip_13_41,13,WEEKDAY,Kothrud Depot,1
trip_10_39,10,WEEKDAY,Katraj,0
trip_13_42,13,WEEKDAY,Kothrud Depot,1
trip_10_40,10,WEEKDAY,Katraj,0
trip_13_43,13,WEEKDAY,Kothrud Depot,1
trip_10_41,10,WEEKDAY,Katraj,0
trip_13_44,13,WEEKDAY,Kothrud Depot,1
trip_10_42,10,WEEKDAY,Katraj,0
trip_13_45,13,WEEKDAY,Kothrud Depot,1
trip_10_43,10,WEEKDAY,Katraj,0
trip_13_46,13,WEEKDAY,Kothrud Depot,1
trip_10_44,10,WEEKDAY,Katraj,0
trip_13_47,13,WEEKDAY,Kothrud Depot,1
trip_10_45,10,WEEKDAY,Katraj,0
trip_13_48,13,WEEKDAY,Kothrud Depot,1
trip_10_46,10,WEEKDAY,Katraj,0
trip_13_49,13,WEEKDAY,Kothrud Depot,1
trip_10_47,10,WEEKDAY,Katraj,0
trip_13_50,13,WEEKDAY,Kothrud Depot,1
trip_10_48,10,WEEKDAY,Katraj,0
trip_13_51,13,WEEKDAY,Kothrud Depot,1
trip_10_49,10,WEEKDAY,Katraj,0
trip_13_52,13,WEEKDAY,Kothrud Depot,1
trip_10_50,10,WEEKDAY,Katraj,0
trip_13_53,13,WEEKDAY,Kothrud Depot,1
trip_10_51,10,WEEKDAY,Katraj,0
trip_13_54,13,WEEKDAY,Kothrud Depot,1
trip_10_52,10,WEEKDAY,Katraj,0
trip_13_55,13,WEEKDAY,Kothrud Depot,1
trip_10_53,10,WEEKDAY,Katraj,0
trip_13_56,13,WEEKDAY,Kothrud Depot,1
trip_10_54,10,WEEKDAY,Katraj,0
trip_13_57,13,WEEKDAY,Kothrud Depot,1
trip_10_55,10,WEEKDAY,Katraj,0
trip_13_58,13,WEEKDAY,Kothrud Depot,1
trip_10_56,10,WEEKDAY,Katraj,0
trip_13_59,13,WEEKDAY,Kothrud Depot,1
trip_10_57,10,WEEKDAY,Katraj,0
trip_13_60,13,WEEKDAY,Kothrud Depot,1
trip_10_58,10,WEEKDAY,Katraj,0
trip_13_61,13,WEEKDAY,Kothrud Depot,1
trip_10_59,10,WEEKDAY,Katraj,0
trip_13_62,13,WEEKDAY,Kothrud Depot,1
trip_10_60,10,WEEKDAY,Katraj,0
trip_13_63,13,WEEKDAY,Kothrud Depot,1
trip_10_61,10,WEEKDAY,Katraj,0
trip_13_64,13,WEEKDAY,Kothrud Depot,1
trip_10_62,10,WEEKDAY,Katraj,0
trip_13_65,13,WEEKDAY,Kothrud Depot,1
trip_10_63,10,WEEKDAY,Katraj,0
trip_13_66,13,WEEKDAY,Kothrud Depot,1
trip_10_64,10,WEEKDAY,Katraj,0
trip_13_67,13,WEEKDAY,Kothrud Depot,1
trip_10_65,10,WEEKDAY,Katraj,0
trip_13_68,13,WEEKDAY,Kothrud Depot,1
trip_10_66,10,WEEKDAY,Katraj,0
trip_13_69,13,WEEKDAY,Kothrud Depot,1
trip_10_67,10,WEEKDAY,Katraj,0
trip_13_70,13,WEEKDAY,Kothrud Depot,1
trip_10_68,10,WEEKDAY,Katraj,0
trip_13_71,13,WEEKDAY,Kothrud Depot,1
trip_10_69,10,WEEKDAY,Katraj,0
trip_13_72,13,WEEKDAY,Kothrud Depot,1
trip_10_70,10,WEEKDAY,Katraj,0
trip_13_73,13,WEEKDAY,Kothrud Depot,1
trip_10_71,10,WEEKDAY,Katraj,0
trip_13_74,13,WEEKDAY,Kothrud Depot,1
trip_10_72,10,WEEKDAY,Katraj,0
trip_13_75,13,WEEKDAY,Kothrud Depot,1
trip_10_73,10,WEEKDAY,Katraj,0
trip_13_76,13,WEEKDAY,Kothrud Depot,1
trip_10_74,10,WEEKDAY,Katraj,0
trip_13_77,13,WEEKDAY,Kothrud Depot,1
trip_10_75,10,WEEKDAY,Katraj,0
trip_13_78,13,WEEKDAY,Kothrud Depot,1
trip_10_76,10,WEEKDAY,Katraj,0
trip_13_79,13,WEEKDAY,Kothrud Depot,1
trip_10_77,10,WEEKDAY,Katraj,0
trip_13_80,13,WEEKDAY,Kothrud Depot,1
trip_10_78,10,WEEKDAY,Katraj,0
trip_10_79,10,WEEKDAY,Katraj,0
trip_14_0,14,WEEKDAY,Shivaji Nagar,0
trip_15_0,15,WEEKDAY,Dsk Vishwa,1
trip_14_1,14,WEEKDAY,Shivaji Nagar,0
trip_14_2,14,WEEKDAY,Shivaji Nagar,0
trip_14_3,14,WEEKDAY,Shivaji Nagar,0
trip_14_4,14,WEEKDAY,Shivaji Nagar,0
trip_14_5,14,WEEKDAY,Shivaji Nagar,0
trip_14_6,14,WEEKDAY,Shivaji Nagar,0
trip_14_7,14,WEEKDAY,Shivaji Nagar,0
trip_14_8,14,WEEKDAY,Shivaji Nagar,0
trip_14_9,14,WEEKDAY,Shivaji Nagar,0
trip_14_10,14,WEEKDAY,Shivaji Nagar,0
trip_14_11,14,WEEKDAY,Shivaji Nagar,0
trip_14_12,14,WEEKDAY,Shivaji Nagar,0
trip_14_13,14,WEEKDAY,Shivaji Nagar,0
trip_14_14,14,WEEKDAY,Shivaji Nagar,0
trip_14_15,14,WEEKDAY,Shivaji Nagar,0
trip_15_1,15,WEEKDAY,Dsk Vishwa,1
trip_14_16,14,WEEKDAY,Shivaji Nagar,0
trip_15_2,15,WEEKDAY,Dsk Vishwa,1
trip_14_17,14,WEEKDAY,Shivaji Nagar,0
trip_15_3,15,WEEKDAY,Dsk Vishwa,1
trip_14_18,14,WEEKDAY,Shivaji Nagar,0
trip_15_4,15,WEEKDAY,Dsk Vishwa,1
trip_14_19,14,WEEKDAY,Shivaji Nagar,0
trip_15_5,15,WEEKDAY,Dsk Vishwa,1
trip_14_20,14,WEEKDAY,Shivaji Nagar,0
trip_15_6,15,WEEKDAY,Dsk Vishwa,1
trip_14_21,14,WEEKDAY,Shivaji Nagar,0
trip_15_7,15,WEEKDAY,Dsk Vishwa,1
trip_15_8,15,WEEKDAY,Dsk Vishwa,1
trip_15_9,15,WEEKDAY,Dsk Vishwa,1
trip_15_10,15,WEEKDAY,Dsk Vishwa,1
trip_15_11,15,WEEKDAY,Dsk Vishwa,1
trip_15_12,15,WEEKDAY,Dsk Vishwa,1
trip_15_13,15,WEEKDAY,Dsk Vishwa,1
trip_15_14,15,WEEKDAY,Dsk Vishwa,1
trip_15_15,15,WEEKDAY,Dsk Vishwa,1
trip_15_16,15,WEEKDAY,Dsk Vishwa,1
trip_15_17,15,WEEKDAY,Dsk Vishwa,1
trip_15_18,15,WEEKDAY,Dsk Vishwa,1
trip_15_19,15,WEEKDAY,Dsk Vishwa,1
trip_15_20,15,WEEKDAY,Dsk Vishwa,1
trip_15_21,15,WEEKDAY,Dsk Vishwa,1
trip_7_0,7,WEEKDAY,Hinjawadi Maan Phase 3,1
trip_6_0,6,WEEKDAY,Ma Na Pa Dengle Pul Nadikathi,0
trip_7_1,7,WEEKDAY,Hinjawadi Maan Phase 3,1
trip_16_0,16,WEEKDAY,Ganpati Matha,0
trip_7_2,7,WEEKDAY,Hinjawadi Maan Phase 3,1
trip_7_3,7,WEEKDAY,Hinjawadi Maan Phase 3,1
trip_7_4,7,WEEKDAY,Hinjawadi Maan Phase 3,1
trip_7_5,7,WEEKDAY,Hinjawadi Maan Phase 3,1
trip_7_6,7,WEEKDAY,Hinjawadi Maan Phase 3,1
trip_7_7,7,WEEKDAY,Hinjawadi Maan Phase 3,1
trip_7_8,7,WEEKDAY,Hinjawadi Maan Phase 3,1
trip_7_9,7,WEEKDAY,Hinjawadi Maan Phase 3,1
trip_7_10,7,WEEKDAY,Hinjawadi Maan Phase 3,1
trip_7_11,7,WEEKDAY,Hinjawadi Maan Phase 3,1
trip_7_12,7,WEEKDAY,Hinjawadi Maan Phase 3,1
trip_7_13,7,WEEKDAY,Hinjawadi Maan Phase 3,1
trip_7_14,7,WEEKDAY,Hinjawadi Maan Phase 3,1
trip_7_15,7,WEEKDAY,Hinjawadi Maan Phase 3,1
trip_7_16,7,WEEKDAY,Hinjawadi Maan Phase 3,1
trip_7_17,7,WEEKDAY,Hinjawadi Maan Phase 3,1
trip_6_1,6,WEEKDAY,Ma Na Pa Dengle Pul Nadikathi,0
trip_7_18,7,WEEKDAY,Hinjawadi Maan Phase 3,1
trip_6_2,6,WEEKDAY,Ma Na Pa Dengle Pul Nadikathi,0
trip_7_19,7,WEEKDAY,Hinjawadi Maan Phase 3,1
trip_6_3,6,WEEKDAY,Ma Na Pa Dengle Pul Nadikathi,0
trip_7_20,7,WEEKDAY,Hinjawadi Maan Phase 3,1
trip_6_4,6,WEEKDAY,Ma Na Pa Dengle Pul Nadikathi,0
trip_7_21,7,WEEKDAY,Hinjawadi Maan Phase 3,1
trip_6_5,6,WEEKDAY,Ma Na Pa Dengle Pul Nadikathi,0
trip_7_22,7,WEEKDAY,Hinjawadi Maan Phase 3,1
trip_6_6,6,WEEKDAY,Ma Na Pa Dengle Pul Nadikathi,0
trip_7_23,7,WEEKDAY,Hinjawadi Maan Phase 3,1
trip_6_7,6,WEEKDAY,Ma Na Pa Dengle Pul Nadikathi,0
trip_7_24,7,WEEKDAY,Hinjawadi Maan Phase 3,1
trip_6_8,6,WEEKDAY,Ma Na Pa Dengle Pul Nadikathi,0
trip_7_25,7,WEEKDAY,Hinjawadi Maan Phase 3,1
trip_6_9,6,WEEKDAY,Ma Na Pa Dengle Pul Nadikathi,0
trip_7_26,7,WEEKDAY,Hinjawadi Maan Phase 3,1
trip_6_10,6,WEEKDAY,Ma Na Pa Dengle Pul Nadikathi,0
trip_7_27,7,WEEKDAY,Hinjawadi Maan Phase 3,1
trip_6_11,6,WEEKDAY,Ma Na Pa Dengle Pul Nadikathi,0
trip_7_28,7,WEEKDAY,Hinjawadi Maan Phase 3,1
trip_6_12,6,WEEKDAY,Ma Na Pa Dengle Pul Nadikathi,0
trip_7_29,7,WEEKDAY,Hinjawadi Maan Phase 3,1
trip_6_13,6,WEEKDAY,Ma Na Pa Dengle Pul Nadikathi,0
trip_7_30,7,WEEKDAY,Hinjawadi Maan Phase 3,1
trip_16_1,16,WEEKDAY,Ganpati Matha,0
trip_6_14,6,WEEKDAY,Ma Na Pa Dengle Pul Nadikathi,0
trip_7_31,7,WEEKDAY,Hinjawadi Maan Phase 3,1
trip_6_15,6,WEEKDAY,Ma Na Pa Dengle Pul Nadikathi,0
trip_16_2,16,WEEKDAY,Ganpati Matha,0
trip_7_32,7,WEEKDAY,Hinjawadi Maan Phase 3,1
trip_6_16,6,WEEKDAY,Ma Na Pa Dengle Pul Nadikathi,0
trip_16_3,16,WEEKDAY,Ganpati Matha,0
trip_7_33,7,WEEKDAY,Hinjawadi Maan Phase 3,1
trip_6_17,6,WEEKDAY,Ma Na Pa Dengle Pul Nadikathi,0
trip_16_4,16,WEEKDAY,Ganpati Matha,0
trip_6_18,6,WEEKDAY,Ma Na Pa Dengle Pul Nadikathi,0
trip_7_34,7,WEEKDAY,Hinjawadi Maan Phase 3,1
trip_7_35,7,WEEKDAY,Hinjawadi Maan Phase 3,1
trip_6_19,6,WEEKDAY,Ma Na Pa Dengle Pul Nadikathi,0
trip_7_36,7,WEEKDAY,Hinjawadi Maan Phase 3,1
trip_6_20,6,WEEKDAY,Ma Na Pa Dengle Pul Nadikathi,0
trip_7_37,7,WEEKDAY,Hinjawadi Maan Phase 3,1
trip_6_21,6,WEEKDAY,Ma Na Pa Dengle Pul Nadikathi,0
trip_7_38,7,WEEKDAY,Hinjawadi Maan Phase 3,1
trip_6_22,6,WEEKDAY,Ma Na Pa Dengle Pul Nadikathi,0
trip_7_39,7,WEEKDAY,Hinjawadi Maan Phase 3,1
trip_6_23,6,WEEKDAY,Ma Na Pa Dengle Pul Nadikathi,0
trip_7_40,7,WEEKDAY,Hinjawadi Maan Phase 3,1
trip_6_24,6,WEEKDAY,Ma Na Pa Dengle Pul Nadikathi,0
trip_7_41,7,WEEKDAY,Hinjawadi Maan Phase 3,1
trip_6_25,6,WEEKDAY,Ma Na Pa Dengle Pul Nadikathi,0
trip_7_42,7,WEEKDAY,Hinjawadi Maan Phase 3,1
trip_6_26,6,WEEKDAY,Ma Na Pa Dengle Pul Nadikathi,0
trip_7_43,7,WEEKDAY,Hinjawadi Maan Phase 3,1
trip_6_27,6,WEEKDAY,Ma Na Pa Dengle Pul Nadikathi,0
trip_7_44,7,WEEKDAY,Hinjawadi Maan Phase 3,1
trip_6_28,6,WEEKDAY,Ma Na Pa Dengle Pul Nadikathi,0
trip_17_0,17,WEEKDAY,Pimplegurav,1
trip_7_45,7,WEEKDAY,Hinjawadi Maan Phase 3,1
trip_6_29,6,WEEKDAY,Ma Na Pa Dengle Pul Nadikathi,0
trip_7_46,7,WEEKDAY,Hinjawadi Maan Phase 3,1
trip_6_30,6,WEEKDAY,Ma Na Pa Dengle Pul Nadikathi,0
trip_7_47,7,WEEKDAY,Hinjawadi Maan Phase 3,1
trip_6_31,6,WEEKDAY,Ma Na Pa Dengle Pul Nadikathi,0
trip_7_48,7,WEEKDAY,Hinjawadi Maan Phase 3,1
trip_6_32,6,WEEKDAY,Ma Na Pa Dengle Pul Nadikathi,0
trip_7_49,7,WEEKDAY,Hinjawadi Maan Phase 3,1
trip_6_33,6,WEEKDAY,Ma Na Pa Dengle Pul Nadikathi,0
trip_7_50,7,WEEKDAY,Hinjawadi Maan Phase 3,1
trip_6_34,6,WEEKDAY,Ma Na Pa Dengle Pul Nadikathi,0
trip_7_51,7,WEEKDAY,Hinjawadi Maan Phase 3,1
trip_6_35,6,WEEKDAY,Ma Na Pa Dengle Pul Nadikathi,0
trip_7_52,7,WEEKDAY,Hinjawadi Maan Phase 3,1
trip_6_36,6,WEEKDAY,Ma Na Pa Dengle Pul Nadikathi,0
trip_7_53,7,WEEKDAY,Hinjawadi Maan Phase 3,1
trip_6_37,6,WEEKDAY,Ma Na Pa Dengle Pul Nadikathi,0
trip_7_54,7,WEEKDAY,Hinjawadi Maan Phase 3,1
trip_6_38,6,WEEKDAY,Ma Na Pa Dengle Pul Nadikathi,0
trip_7_55,7,WEEKDAY,Hinjawadi Maan Phase 3,1
trip_6_39,6,WEEKDAY,Ma Na Pa Dengle Pul Nadikathi,0
trip_7_56,7,WEEKDAY,Hinjawadi Maan Phase 3,1
trip_6_40,6,WEEKDAY,Ma Na Pa Dengle Pul Nadikathi,0
trip_7_57,7,WEEKDAY,Hinjawadi Maan Phase 3,1
trip_6_41,6,WEEKDAY,Ma Na Pa Dengle Pul Nadikathi,0
trip_7_58,7,WEEKDAY,Hinjawadi Maan Phase 3,1
trip_6_42,6,WEEKDAY,Ma Na Pa Dengle Pul Nadikathi,0
trip_7_59,7,WEEKDAY,Hinjawadi Maan Phase 3,1
trip_6_43,6,WEEKDAY,Ma Na Pa Dengle Pul Nadikathi,0
trip_7_60,7,WEEKDAY,Hinjawadi Maan Phase 3,1
trip_6_44,6,WEEKDAY,Ma Na Pa Dengle Pul Nadikathi,0
trip_7_61,7,WEEKDAY,Hinjawadi Maan Phase 3,1
trip_6_45,6,WEEKDAY,Ma Na Pa Dengle Pul Nadikathi,0
trip_7_62,7,WEEKDAY,Hinjawadi Maan Phase 3,1
trip_6_46,6,WEEKDAY,Ma Na Pa Dengle Pul Nadikathi,0
trip_7_63,7,WEEKDAY,Hinjawadi Maan Phase 3,1
trip_6_47,6,WEEKDAY,Ma Na Pa Dengle Pul Nadikathi,0
trip_7_64,7,WEEKDAY,Hinjawadi Maan Phase 3,1
trip_6_48,6,WEEKDAY,Ma Na Pa Dengle Pul Nadikathi,0
trip_7_65,7,WEEKDAY,Hinjawadi Maan Phase 3,1
trip_6_49,6,WEEKDAY,Ma Na Pa Dengle Pul Nadikathi,0
trip_7_66,7,WEEKDAY,Hinjawadi Maan Phase 3,1
trip_6_50,6,WEEKDAY,Ma Na Pa Dengle Pul Nadikathi,0
trip_7_67,7,WEEKDAY,Hinjawadi Maan Phase 3,1
trip_6_51,6,WEEKDAY,Ma Na Pa Dengle Pul Nadikathi,0
trip_6_52,6,WEEKDAY,Ma Na Pa Dengle Pul Nadikathi,0
trip_6_53,6,WEEKDAY,Ma Na Pa Dengle Pul Nadikathi,0
trip_6_54,6,WEEKDAY,Ma Na Pa Dengle Pul Nadikathi,0
trip_6_55,6,WEEKDAY,Ma Na Pa Dengle Pul Nadikathi,0
trip_6_56,6,WEEKDAY,Ma Na Pa Dengle Pul Nadikathi,0
trip_17_1,17,WEEKDAY,Pimplegurav,1
trip_19_0,19,WEEKDAY,Pune Station Moledina Stand,1
trip_17_2,17,WEEKDAY,Pimplegurav,1
trip_17_3,17,WEEKDAY,Pimplegurav,1
trip_17_4,17,WEEKDAY,Pimplegurav,1
trip_18_0,18,WEEKDAY,Sutardara,0
trip_19_1,19,WEEKDAY,Pune Station Moledina Stand,1
trip_19_2,19,WEEKDAY,Pune Station Moledina Stand,1
trip_18_1,18,WEEKDAY,Sutardara,0
trip_18_2,18,WEEKDAY,Sutardara,0
trip_36_0,36,WEEKDAY,Vasant Talkies,0
trip_36_1,36,WEEKDAY,Vasant Talkies,0
trip_36_2,36,WEEKDAY,Vasant Talkies,0
trip_36_3,36,WEEKDAY,Vasant Talkies,0
trip_36_4,36,WEEKDAY,Vasant Talkies,0
trip_36_5,36,WEEKDAY,Vasant Talkies,0
trip_36_6,36,WEEKDAY,Vasant Talkies,0
trip_36_7,36,WEEKDAY,Vasant Talkies,0
trip_36_8,36,WEEKDAY,Vasant Talkies,0
trip_36_9,36,WEEKDAY,Vasant Talkies,0
trip_37_0,37,WEEKDAY,Sangvi Vasantdada Putala,1
trip_37_1,37,WEEKDAY,Sangvi Vasantdada Putala,1
trip_37_2,37,WEEKDAY,Sangvi Vasantdada Putala,1
trip_37_3,37,WEEKDAY,Sangvi Vasantdada Putala,1
trip_37_4,37,WEEKDAY,Sangvi Vasantdada Putala,1
trip_37_5,37,WEEKDAY,Sangvi Vasantdada Putala,1
trip_37_6,37,WEEKDAY,Sangvi Vasantdada Putala,1
trip_37_7,37,WEEKDAY,Sangvi Vasantdada Putala,1
trip_37_8,37,WEEKDAY,Sangvi Vasantdada Putala,1
trip_37_9,37,WEEKDAY,Sangvi Vasantdada Putala,1
trip_28_0,28,WEEKDAY,Bhekrai Nagar,0
trip_28_1,28,WEEKDAY,Bhekrai Nagar,0
trip_28_2,28,WEEKDAY,Bhekrai Nagar,0
trip_28_3,28,WEEKDAY,Bhekrai Nagar,0
trip_28_4,28,WEEKDAY,Bhekrai Nagar,0
trip_28_5,28,WEEKDAY,Bhekrai Nagar,0
trip_28_6,28,WEEKDAY,Bhekrai Nagar,0
trip_29_0,29,WEEKDAY,Ma Na Pa Congress Bhavan,1
trip_29_1,29,WEEKDAY,Ma Na Pa Congress Bhavan,1
trip_29_2,29,WEEKDAY,Ma Na Pa Congress Bhavan,1
trip_29_3,29,WEEKDAY,Ma Na Pa Congress Bhavan,1
trip_29_4,29,WEEKDAY,Ma Na Pa Congress Bhavan,1
trip_29_5,29,WEEKDAY,Ma Na Pa Congress Bhavan,1
trip_29_6,29,WEEKDAY,Ma Na Pa Congress Bhavan,1
trip_29_7,29,WEEKDAY,Ma Na Pa Congress Bhavan,1
trip_48_0,48,WEEKDAY,Swargate Natraj Stand,0
trip_49_0,49,WEEKDAY,Suncity,1
trip_48_1,48,WEEKDAY,Swargate Natraj Stand,0
trip_48_2,48,WEEKDAY,Swargate Natraj Stand,0
trip_49_1,49,WEEKDAY,Suncity,1
trip_48_3,48,WEEKDAY,Swargate Natraj Stand,0
trip_49_2,49,WEEKDAY,Suncity,1
trip_48_4,48,WEEKDAY,Swargate Natraj Stand,0
trip_49_3,49,WEEKDAY,Suncity,1
trip_48_5,48,WEEKDAY,Swargate Natraj Stand,0
trip_49_4,49,WEEKDAY,Suncity,1
trip_48_6,48,WEEKDAY,Swargate Natraj Stand,0
trip_49_5,49,WEEKDAY,Suncity,1
trip_49_6,49,WEEKDAY,Suncity,1
trip_49_7,49,WEEKDAY,Suncity,1
trip_47_0,47,WEEKDAY,Dhayareshwar Mandir,1
trip_45_0,45,WEEKDAY,Swargate Natraj Stand,0
trip_47_1,47,WEEKDAY,Dhayareshwar Mandir,1
trip_47_2,47,WEEKDAY,Dhayareshwar Mandir,1
trip_47_3,47,WEEKDAY,Dhayareshwar Mandir,1
trip_47_4,47,WEEKDAY,Dhayareshwar Mandir,1
trip_47_5,47,WEEKDAY,Dhayareshwar Mandir,1
trip_47_6,47,WEEKDAY,Dhayareshwar Mandir,1
trip_47_7,47,WEEKDAY,Dhayareshwar Mandir,1
trip_47_8,47,WEEKDAY,Dhayareshwar Mandir,1
trip_47_9,47,WEEKDAY,Dhayareshwar Mandir,1
trip_47_10,47,WEEKDAY,Dhayareshwar Mandir,1
trip_47_11,47,WEEKDAY,Dhayareshwar Mandir,1
trip_47_12,47,WEEKDAY,Dhayareshwar Mandir,1
trip_47_13,47,WEEKDAY,Dhayareshwar Mandir,1
trip_47_14,47,WEEKDAY,Dhayareshwar Mandir,1
trip_47_15,47,WEEKDAY,Dhayareshwar Mandir,1
trip_47_16,47,WEEKDAY,Dhayareshwar Mandir,1
trip_47_17,47,WEEKDAY,Dhayareshwar Mandir,1
trip_47_18,47,WEEKDAY,Dhayareshwar Mandir,1
trip_47_19,47,WEEKDAY,Dhayareshwar Mandir,1
trip_45_1,45,WEEKDAY,Swargate Natraj Stand,0
trip_47_20,47,WEEKDAY,Dhayareshwar Mandir,1
trip_45_2,45,WEEKDAY,Swargate Natraj Stand,0
trip_47_21,47,WEEKDAY,Dhayareshwar Mandir,1
trip_45_3,45,WEEKDAY,Swargate Natraj Stand,0
trip_47_22,47,WEEKDAY,Dhayareshwar Mandir,1
trip_45_4,45,WEEKDAY,Swargate Natraj Stand,0
trip_47_23,47,WEEKDAY,Dhayareshwar Mandir,1
trip_45_5,45,WEEKDAY,Swargate Natraj Stand,0
trip_47_24,47,WEEKDAY,Dhayareshwar Mandir,1
trip_45_6,45,WEEKDAY,Swargate Natraj Stand,0
trip_47_25,47,WEEKDAY,Dhayareshwar Mandir,1
trip_45_7,45,WEEKDAY,Swargate Natraj Stand,0
trip_47_26,47,WEEKDAY,Dhayareshwar Mandir,1
trip_45_8,45,WEEKDAY,Swargate Natraj Stand,0
trip_47_27,47,WEEKDAY,Dhayareshwar Mandir,1
trip_45_9,45,WEEKDAY,Swargate Natraj Stand,0
trip_47_28,47,WEEKDAY,Dhayareshwar Mandir,1
trip_45_10,45,WEEKDAY,Swargate Natraj Stand,0
trip_47_29,47,WEEKDAY,Dhayareshwar Mandir,1
trip_45_11,45,WEEKDAY,Swargate Natraj Stand,0
trip_47_30,47,WEEKDAY,Dhayareshwar Mandir,1
trip_45_12,45,WEEKDAY,Swargate Natraj Stand,0
trip_47_31,47,WEEKDAY,Dhayareshwar Mandir,1
trip_45_13,45,WEEKDAY,Swargate Natraj Stand,0
trip_47_32,47,WEEKDAY,Dhayareshwar Mandir,1
trip_45_14,45,WEEKDAY,Swargate Natraj Stand,0
trip_47_33,47,WEEKDAY,Dhayareshwar Mandir,1
trip_45_15,45,WEEKDAY,Swargate Natraj Stand,0
trip_47_34,47,WEEKDAY,Dhayareshwar Mandir,1
trip_45_16,45,WEEKDAY,Swargate Natraj Stand,0
trip_47_35,47,WEEKDAY,Dhayareshwar Mandir,1
trip_45_17,45,WEEKDAY,Swargate Natraj Stand,0
trip_47_36,47,WEEKDAY,Dhayareshwar Mandir,1
trip_45_18,45,WEEKDAY,Swargate Natraj Stand,0
trip_47_37,47,WEEKDAY,Dhayareshwar Mandir,1
trip_45_19,45,WEEKDAY,Swargate Natraj Stand,0
trip_47_38,47,WEEKDAY,Dhayareshwar Mandir,1
trip_45_20,45,WEEKDAY,Swargate Natraj Stand,0
trip_47_39,47,WEEKDAY,Dhayareshwar Mandir,1
trip_45_21,45,WEEKDAY,Swargate Natraj Stand,0
trip_47_40,47,WEEKDAY,Dhayareshwar Mandir,1
trip_45_22,45,WEEKDAY,Swargate Natraj Stand,0
trip_47_41,47,WEEKDAY,Dhayareshwar Mandir,1
trip_45_23,45,WEEKDAY,Swargate Natraj Stand,0
trip_47_42,47,WEEKDAY,Dhayareshwar Mandir,1
trip_45_24,45,WEEKDAY,Swargate Natraj Stand,0
trip_47_43,47,WEEKDAY,Dhayareshwar Mandir,1
trip_45_25,45,WEEKDAY,Swargate Natraj Stand,0
trip_47_44,47,WEEKDAY,Dhayareshwar Mandir,1
trip_45_26,45,WEEKDAY,Swargate Natraj Stand,0
trip_47_45,47,WEEKDAY,Dhayareshwar Mandir,1
trip_45_27,45,WEEKDAY,Swargate Natraj Stand,0
trip_47_46,47,WEEKDAY,Dhayareshwar Mandir,1
trip_45_28,45,WEEKDAY,Swargate Natraj Stand,0
trip_47_47,47,WEEKDAY,Dhayareshwar Mandir,1
trip_45_29,45,WEEKDAY,Swargate Natraj Stand,0
trip_47_48,47,WEEKDAY,Dhayareshwar Mandir,1
trip_45_30,45,WEEKDAY,Swargate Natraj Stand,0
trip_47_49,47,WEEKDAY,Dhayareshwar Mandir,1
trip_45_31,45,WEEKDAY,Swargate Natraj Stand,0
trip_47_50,47,WEEKDAY,Dhayareshwar Mandir,1
trip_45_32,45,WEEKDAY,Swargate Natraj Stand,0
trip_47_51,47,WEEKDAY,Dhayareshwar Mandir,1
trip_45_33,45,WEEKDAY,Swargate Natraj Stand,0
trip_47_52,47,WEEKDAY,Dhayareshwar Mandir,1
trip_45_34,45,WEEKDAY,Swargate Natraj Stand,0
trip_47_53,47,WEEKDAY,Dhayareshwar Mandir,1
trip_45_35,45,WEEKDAY,Swargate Natraj Stand,0
trip_47_54,47,WEEKDAY,Dhayareshwar Mandir,1
trip_45_36,45,WEEKDAY,Swargate Natraj Stand,0
trip_47_55,47,WEEKDAY,Dhayareshwar Mandir,1
trip_45_37,45,WEEKDAY,Swargate Natraj Stand,0
trip_47_56,47,WEEKDAY,Dhayareshwar Mandir,1
trip_45_38,45,WEEKDAY,Swargate Natraj Stand,0
trip_47_57,47,WEEKDAY,Dhayareshwar Mandir,1
trip_45_39,45,WEEKDAY,Swargate Natraj Stand,0
trip_47_58,47,WEEKDAY,Dhayareshwar Mandir,1
trip_45_40,45,WEEKDAY,Swargate Natraj Stand,0
trip_47_59,47,WEEKDAY,Dhayareshwar Mandir,1
trip_45_41,45,WEEKDAY,Swargate Natraj Stand,0
trip_47_60,47,WEEKDAY,Dhayareshwar Mandir,1
trip_45_42,45,WEEKDAY,Swargate Natraj Stand,0
trip_47_61,47,WEEKDAY,Dhayareshwar Mandir,1
trip_45_43,45,WEEKDAY,Swargate Natraj Stand,0
trip_47_62,47,WEEKDAY,Dhayareshwar Mandir,1
trip_45_44,45,WEEKDAY,Swargate Natraj Stand,0
trip_47_63,47,WEEKDAY,Dhayareshwar Mandir,1
trip_45_45,45,WEEKDAY,Swargate Natraj Stand,0
trip_47_64,47,WEEKDAY,Dhayareshwar Mandir,1
trip_45_46,45,WEEKDAY,Swargate Natraj Stand,0
trip_47_65,47,WEEKDAY,Dhayareshwar Mandir,1
trip_45_47,45,WEEKDAY,Swargate Natraj Stand,0
trip_47_66,47,WEEKDAY,Dhayareshwar Mandir,1
trip_45_48,45,WEEKDAY,Swargate Natraj Stand,0
trip_47_67,47,WEEKDAY,Dhayareshwar Mandir,1
trip_45_49,45,WEEKDAY,Swargate Natraj Stand,0
trip_47_68,47,WEEKDAY,Dhayareshwar Mandir,1
trip_45_50,45,WEEKDAY,Swargate Natraj Stand,0
trip_47_69,47,WEEKDAY,Dhayareshwar Mandir,1
trip_45_51,45,WEEKDAY,Swargate Natraj Stand,0
trip_47_70,47,WEEKDAY,Dhayareshwar Mandir,1
trip_45_52,45,WEEKDAY,Swargate Natraj Stand,0
trip_47_71,47,WEEKDAY,Dhayareshwar Mandir,1
trip_45_53,45,WEEKDAY,Swargate Natraj Stand,0
trip_47_72,47,WEEKDAY,Dhayareshwar Mandir,1
trip_45_54,45,WEEKDAY,Swargate Natraj Stand,0
trip_47_73,47,WEEKDAY,Dhayareshwar Mandir,1
trip_45_55,45,WEEKDAY,Swargate Natraj Stand,0
trip_47_74,47,WEEKDAY,Dhayareshwar Mandir,1
trip_45_56,45,WEEKDAY,Swargate Natraj Stand,0
trip_47_75,47,WEEKDAY,Dhayareshwar Mandir,1
trip_45_57,45,WEEKDAY,Swargate Natraj Stand,0
trip_47_76,47,WEEKDAY,Dhayareshwar Mandir,1
trip_45_58,45,WEEKDAY,Swargate Natraj Stand,0
trip_38_0,38,WEEKDAY,Ma Na Pa Main Gate,0
trip_47_77,47,WEEKDAY,Dhayareshwar Mandir,1
trip_45_59,45,WEEKDAY,Swargate Natraj Stand,0
trip_47_78,47,WEEKDAY,Dhayareshwar Mandir,1
trip_45_60,45,WEEKDAY,Swargate Natraj Stand,0
trip_47_79,47,WEEKDAY,Dhayareshwar Mandir,1
trip_45_61,45,WEEKDAY,Swargate Natraj Stand,0
trip_47_80,47,WEEKDAY,Dhayareshwar Mandir,1
trip_45_62,45,WEEKDAY,Swargate Natraj Stand,0
trip_45_63,45,WEEKDAY,Swargate Natraj Stand,0
trip_45_64,45,WEEKDAY,Swargate Natraj Stand,0
trip_45_65,45,WEEKDAY,Swargate Natraj Stand,0
trip_45_66,45,WEEKDAY,Swargate Natraj Stand,0
trip_45_67,45,WEEKDAY,Swargate Natraj Stand,0
trip_45_68,45,WEEKDAY,Swargate Natraj Stand,0
trip_45_69,45,WEEKDAY,Swargate Natraj Stand,0
trip_45_70,45,WEEKDAY,Swargate Natraj Stand,0
trip_45_71,45,WEEKDAY,Swargate Natraj Stand,0
trip_45_72,45,WEEKDAY,Swargate Natraj Stand,0
trip_45_73,45,WEEKDAY,Swargate Natraj Stand,0
trip_45_74,45,WEEKDAY,Swargate Natraj Stand,0
trip_45_75,45,WEEKDAY,Swargate Natraj Stand,0
trip_45_76,45,WEEKDAY,Swargate Natraj Stand,0
trip_45_77,45,WEEKDAY,Swargate Natraj Stand,0
trip_45_78,45,WEEKDAY,Swargate Natraj Stand,0
trip_38_1,38,WEEKDAY,Ma Na Pa Main Gate,0
trip_38_2,38,WEEKDAY,Ma Na Pa Main Gate,0
trip_38_3,38,WEEKDAY,Ma Na Pa Main Gate,0
trip_38_4,38,WEEKDAY,Ma Na Pa Main Gate,0
trip_38_5,38,WEEKDAY,Ma Na Pa Main Gate,0
trip_38_6,38,WEEKDAY,Ma Na Pa Main Gate,0
trip_38_7,38,WEEKDAY,Ma Na Pa Main Gate,0
trip_38_8,38,WEEKDAY,Ma Na Pa Main Gate,0
trip_38_9,38,WEEKDAY,Ma Na Pa Main Gate,0
trip_38_10,38,WEEKDAY,Ma Na Pa Main Gate,0
trip_38_11,38,WEEKDAY,Ma Na Pa Main Gate,0
trip_38_12,38,WEEKDAY,Ma Na Pa Main Gate,0
trip_38_13,38,WEEKDAY,Ma Na Pa Main Gate,0
trip_38_14,38,WEEKDAY,Ma Na Pa Main Gate,0
trip_38_15,38,WEEKDAY,Ma Na Pa Main Gate,0
trip_38_16,38,WEEKDAY,Ma Na Pa Main Gate,0
trip_39_0,39,WEEKDAY,Bajirao Padale Chowk Mhalunge,1
trip_38_17,38,WEEKDAY,Ma Na Pa Main Gate,0
trip_38_18,38,WEEKDAY,Ma Na Pa Main Gate,0
trip_38_19,38,WEEKDAY,Ma Na Pa Main Gate,0
trip_38_20,38,WEEKDAY,Ma Na Pa Main Gate,0
trip_38_21,38,WEEKDAY,Ma Na Pa Main Gate,0
trip_38_22,38,WEEKDAY,Ma Na Pa Main Gate,0
trip_38_23,38,WEEKDAY,Ma Na Pa Main Gate,0
trip_38_24,38,WEEKDAY,Ma Na Pa Main Gate,0
trip_38_25,38,WEEKDAY,Ma Na Pa Main Gate,0
trip_38_26,38,WEEKDAY,Ma Na Pa Main Gate,0
trip_38_27,38,WEEKDAY,Ma Na Pa Main Gate,0
trip_38_28,38,WEEKDAY,Ma Na Pa Main Gate,0
trip_38_29,38,WEEKDAY,Ma Na Pa Main Gate,0
trip_38_30,38,WEEKDAY,Ma Na Pa Main Gate,0
trip_38_31,38,WEEKDAY,Ma Na Pa Main Gate,0
trip_38_32,38,WEEKDAY,Ma Na Pa Main Gate,0
trip_38_33,38,WEEKDAY,Ma Na Pa Main Gate,0
trip_38_34,38,WEEKDAY,Ma Na Pa Main Gate,0
trip_38_35,38,WEEKDAY,Ma Na Pa Main Gate,0
trip_38_36,38,WEEKDAY,Ma Na Pa Main Gate,0
trip_38_37,38,WEEKDAY,Ma Na Pa Main Gate,0
trip_38_38,38,WEEKDAY,Ma Na Pa Main Gate,0
trip_38_39,38,WEEKDAY,Ma Na Pa Main Gate,0
trip_38_40,38,WEEKDAY,Ma Na Pa Main Gate,0
trip_39_1,39,WEEKDAY,Bajirao Padale Chowk Mhalunge,1
trip_38_41,38,WEEKDAY,Ma Na Pa Main Gate,0
trip_39_2,39,WEEKDAY,Bajirao Padale Chowk Mhalunge,1
trip_38_42,38,WEEKDAY,Ma Na Pa Main Gate,0
trip_39_3,39,WEEKDAY,Bajirao Padale Chowk Mhalunge,1
trip_38_43,38,WEEKDAY,Ma Na Pa Main Gate,0
trip_39_4,39,WEEKDAY,Bajirao Padale Chowk Mhalunge,1
trip_38_44,38,WEEKDAY,Ma Na Pa Main Gate,0
trip_39_5,39,WEEKDAY,Bajirao Padale Chowk Mhalunge,1
trip_38_45,38,WEEKDAY,Ma Na Pa Main Gate,0
trip_39_6,39,WEEKDAY,Bajirao Padale Chowk Mhalunge,1
trip_38_46,38,WEEKDAY,Ma Na Pa Main Gate,0
trip_39_7,39,WEEKDAY,Bajirao Padale Chowk Mhalunge,1
trip_38_47,38,WEEKDAY,Ma Na Pa Main Gate,0
trip_39_8,39,WEEKDAY,Bajirao Padale Chowk Mhalunge,1
trip_38_48,38,WEEKDAY,Ma Na Pa Main Gate,0
trip_39_9,39,WEEKDAY,Bajirao Padale Chowk Mhalunge,1
trip_38_49,38,WEEKDAY,Ma Na Pa Main Gate,0
trip_39_10,39,WEEKDAY,Bajirao Padale Chowk Mhalunge,1
trip_38_50,38,WEEKDAY,Ma Na Pa Main Gate,0
trip_39_11,39,WEEKDAY,Bajirao Padale Chowk Mhalunge,1
trip_38_51,38,WEEKDAY,Ma Na Pa Main Gate,0
trip_39_12,39,WEEKDAY,Bajirao Padale Chowk Mhalunge,1
trip_38_52,38,WEEKDAY,Ma Na Pa Main Gate,0
trip_39_13,39,WEEKDAY,Bajirao Padale Chowk Mhalunge,1
trip_38_53,38,WEEKDAY,Ma Na Pa Main Gate,0
trip_39_14,39,WEEKDAY,Bajirao Padale Chowk Mhalunge,1
trip_38_54,38,WEEKDAY,Ma Na Pa Main Gate,0
trip_39_15,39,WEEKDAY,Bajirao Padale Chowk Mhalunge,1
trip_38_55,38,WEEKDAY,Ma Na Pa Main Gate,0
trip_39_16,39,WEEKDAY,Bajirao Padale Chowk Mhalunge,1
trip_38_56,38,WEEKDAY,Ma Na Pa Main Gate,0
trip_39_17,39,WEEKDAY,Bajirao Padale Chowk Mhalunge,1
trip_38_57,38,WEEKDAY,Ma Na Pa Main Gate,0
trip_39_18,39,WEEKDAY,Bajirao Padale Chowk Mhalunge,1
trip_38_58,38,WEEKDAY,Ma Na Pa Main Gate,0
trip_39_19,39,WEEKDAY,Bajirao Padale Chowk Mhalunge,1
trip_39_20,39,WEEKDAY,Bajirao Padale Chowk Mhalunge,1
trip_39_21,39,WEEKDAY,Bajirao Padale Chowk Mhalunge,1
trip_39_22,39,WEEKDAY,Bajirao Padale Chowk Mhalunge,1
trip_39_23,39,WEEKDAY,Bajirao Padale Chowk Mhalunge,1
trip_39_24,39,WEEKDAY,Bajirao Padale Chowk Mhalunge,1
trip_39_25,39,WEEKDAY,Bajirao Padale Chowk Mhalunge,1
trip_39_26,39,WEEKDAY,Bajirao Padale Chowk Mhalunge,1
trip_39_27,39,WEEKDAY,Bajirao Padale Chowk Mhalunge,1
trip_39_28,39,WEEKDAY,Bajirao Padale Chowk Mhalunge,1
trip_39_29,39,WEEKDAY,Bajirao Padale Chowk Mhalunge,1
trip_39_30,39,WEEKDAY,Bajirao Padale Chowk Mhalunge,1
trip_39_31,39,WEEKDAY,Bajirao Padale Chowk Mhalunge,1
trip_39_32,39,WEEKDAY,Bajirao Padale Chowk Mhalunge,1
trip_39_33,39,WEEKDAY,Bajirao Padale Chowk Mhalunge,1
trip_39_34,39,WEEKDAY,Bajirao Padale Chowk Mhalunge,1
trip_39_35,39,WEEKDAY,Bajirao Padale Chowk Mhalunge,1
trip_39_36,39,WEEKDAY,Bajirao Padale Chowk Mhalunge,1
trip_39_37,39,WEEKDAY,Bajirao Padale Chowk Mhalunge,1
trip_39_38,39,WEEKDAY,Bajirao Padale Chowk Mhalunge,1
trip_39_39,39,WEEKDAY,Bajirao Padale Chowk Mhalunge,1
trip_39_40,39,WEEKDAY,Bajirao Padale Chowk Mhalunge,1
trip_39_41,39,WEEKDAY,Bajirao Padale Chowk Mhalunge,1
trip_39_42,39,WEEKDAY,Bajirao Padale Chowk Mhalunge,1
trip_39_43,39,WEEKDAY,Bajirao Padale Chowk Mhalunge,1
trip_39_44,39,WEEKDAY,Bajirao Padale Chowk Mhalunge,1
trip_39_45,39,WEEKDAY,Bajirao Padale Chowk Mhalunge,1
trip_39_46,39,WEEKDAY,Bajirao Padale Chowk Mhalunge,1
trip_39_47,39,WEEKDAY,Bajirao Padale Chowk Mhalunge,1
trip_39_48,39,WEEKDAY,Bajirao Padale Chowk Mhalunge,1
trip_39_49,39,WEEKDAY,Bajirao Padale Chowk Mhalunge,1
trip_39_50,39,WEEKDAY,Bajirao Padale Chowk Mhalunge,1
trip_39_51,39,WEEKDAY,Bajirao Padale Chowk Mhalunge,1
trip_39_52,39,WEEKDAY,Bajirao Padale Chowk Mhalunge,1
trip_39_53,39,WEEKDAY,Bajirao Padale Chowk Mhalunge,1
trip_39_54,39,WEEKDAY,Bajirao Padale Chowk Mhalunge,1
trip_39_55,39,WEEKDAY,Bajirao Padale Chowk Mhalunge,1
trip_39_56,39,WEEKDAY,Bajirao Padale Chowk Mhalunge,1
trip_55_0,55,WEEKDAY,Swargate Natraj Stand,0
trip_55_1,55,WEEKDAY,Swargate Natraj Stand,0
trip_55_2,55,WEEKDAY,Swargate Natraj Stand,0
trip_55_3,55,WEEKDAY,Swargate Natraj Stand,0
trip_55_4,55,WEEKDAY,Swargate Natraj Stand,0
trip_55_5,55,WEEKDAY,Swargate Natraj Stand,0
trip_55_6,55,WEEKDAY,Swargate Natraj Stand,0
trip_55_7,55,WEEKDAY,Swargate Natraj Stand,0
trip_55_8,55,WEEKDAY,Swargate Natraj Stand,0
trip_55_9,55,WEEKDAY,Swargate Natraj Stand,0
trip_55_10,55,WEEKDAY,Swargate Natraj Stand,0
trip_55_11,55,WEEKDAY,Swargate Natraj Stand,0
trip_55_12,55,WEEKDAY,Swargate Natraj Stand,0
trip_55_13,55,WEEKDAY,Swargate Natraj Stand,0
trip_55_14,55,WEEKDAY,Swargate Natraj Stand,0
trip_55_15,55,WEEKDAY,Swargate Natraj Stand,0
trip_55_16,55,WEEKDAY,Swargate Natraj Stand,0
trip_57_0,57,WEEKDAY,Vadgaon Budruk Stand,1
trip_57_1,57,WEEKDAY,Vadgaon Budruk Stand,1
trip_57_2,57,WEEKDAY,Vadgaon Budruk Stand,1
trip_57_3,57,WEEKDAY,Vadgaon Budruk Stand,1
trip_57_4,57,WEEKDAY,Vadgaon Budruk Stand,1
trip_57_5,57,WEEKDAY,Vadgaon Budruk Stand,1
trip_57_6,57,WEEKDAY,Vadgaon Budruk Stand,1
trip_57_7,57,WEEKDAY,Vadgaon Budruk Stand,1
trip_57_8,57,WEEKDAY,Vadgaon Budruk Stand,1
trip_57_9,57,WEEKDAY,Vadgaon Budruk Stand,1
trip_57_10,57,WEEKDAY,Vadgaon Budruk Stand,1
trip_57_11,57,WEEKDAY,Vadgaon Budruk Stand,1
trip_57_12,57,WEEKDAY,Vadgaon Budruk Stand,1
trip_57_13,57,WEEKDAY,Vadgaon Budruk Stand,1
trip_57_14,57,WEEKDAY,Vadgaon Budruk Stand,1
trip_57_15,57,WEEKDAY,Vadgaon Budruk Stand,1
trip_57_16,57,WEEKDAY,Vadgaon Budruk Stand,1
trip_57_17,57,WEEKDAY,Vadgaon Budruk Stand,1
trip_57_18,57,WEEKDAY,Vadgaon Budruk Stand,1
trip_40_0,40,WEEKDAY,Pune Station Moledina Stand,0
trip_40_1,40,WEEKDAY,Pune Station Moledina Stand,0
trip_40_2,40,WEEKDAY,Pune Station Moledina Stand,0
trip_40_3,40,WEEKDAY,Pune Station Moledina Stand,0
trip_40_4,40,WEEKDAY,Pune Station Moledina Stand,0
trip_40_5,40,WEEKDAY,Pune Station Moledina Stand,0
trip_40_6,40,WEEKDAY,Pune Station Moledina Stand,0
trip_40_7,40,WEEKDAY,Pune Station Moledina Stand,0
trip_40_8,40,WEEKDAY,Pune Station Moledina Stand,0
trip_40_9,40,WEEKDAY,Pune Station Moledina Stand,0
trip_40_10,40,WEEKDAY,Pune Station Moledina Stand,0
trip_40_11,40,WEEKDAY,Pune Station Moledina Stand,0
trip_40_12,40,WEEKDAY,Pune Station Moledina Stand,0
trip_40_13,40,WEEKDAY,Pune Station Moledina Stand,0
trip_40_14,40,WEEKDAY,Pune Station Moledina Stand,0
trip_40_15,40,WEEKDAY,Pune Station Moledina Stand,0
trip_40_16,40,WEEKDAY,Pune Station Moledina Stand,0
trip_40_17,40,WEEKDAY,Pune Station Moledina Stand,0
trip_40_18,40,WEEKDAY,Pune Station Moledina Stand,0
trip_40_19,40,WEEKDAY,Pune Station Moledina Stand,0
trip_40_20,40,WEEKDAY,Pune Station Moledina Stand,0
trip_40_21,40,WEEKDAY,Pune Station Moledina Stand,0
trip_40_22,40,WEEKDAY,Pune Station Moledina Stand,0
trip_40_23,40,WEEKDAY,Pune Station Moledina Stand,0
trip_40_24,40,WEEKDAY,Pune Station Moledina Stand,0
trip_40_25,40,WEEKDAY,Pune Station Moledina Stand,0
trip_40_26,40,WEEKDAY,Pune Station Moledina Stand,0
trip_40_27,40,WEEKDAY,Pune Station Moledina Stand,0
trip_40_28,40,WEEKDAY,Pune Station Moledina Stand,0
trip_40_29,40,WEEKDAY,Pune Station Moledina Stand,0
trip_40_30,40,WEEKDAY,Pune Station Moledina Stand,0
trip_40_31,40,WEEKDAY,Pune Station Moledina Stand,0
trip_40_32,40,WEEKDAY,Pune Station Moledina Stand,0
trip_40_33,40,WEEKDAY,Pune Station Moledina Stand,0
trip_41_0,41,WEEKDAY,Hinjawadi Maan Phase 3,1
trip_40_34,40,WEEKDAY,Pune Station Moledina Stand,0
trip_40_35,40,WEEKDAY,Pune Station Moledina Stand,0
trip_40_36,40,WEEKDAY,Pune Station Moledina Stand,0
trip_40_37,40,WEEKDAY,Pune Station Moledina Stand,0
trip_40_38,40,WEEKDAY,Pune Station Moledina Stand,0
trip_40_39,40,WEEKDAY,Pune Station Moledina Stand,0
trip_40_40,40,WEEKDAY,Pune Station Moledina Stand,0
trip_40_41,40,WEEKDAY,Pune Station Moledina Stand,0
trip_40_42,40,WEEKDAY,Pune Station Moledina Stand,0
trip_40_43,40,WEEKDAY,Pune Station Moledina Stand,0
trip_40_44,40,WEEKDAY,Pune Station Moledina Stand,0
trip_41_1,41,WEEKDAY,Hinjawadi Maan Phase 3,1
trip_41_2,41,WEEKDAY,Hinjawadi Maan Phase 3,1
trip_41_3,41,WEEKDAY,Hinjawadi Maan Phase 3,1
trip_41_4,41,WEEKDAY,Hinjawadi Maan Phase 3,1
trip_41_5,41,WEEKDAY,Hinjawadi Maan Phase 3,1
trip_41_6,41,WEEKDAY,Hinjawadi Maan Phase 3,1
trip_41_7,41,WEEKDAY,Hinjawadi Maan Phase 3,1
trip_41_8,41,WEEKDAY,Hinjawadi Maan Phase 3,1
trip_41_9,41,WEEKDAY,Hinjawadi Maan Phase 3,1
trip_41_10,41,WEEKDAY,Hinjawadi Maan Phase 3,1
trip_41_11,41,WEEKDAY,Hinjawadi Maan Phase 3,1
trip_41_12,41,WEEKDAY,Hinjawadi Maan Phase 3,1
trip_41_13,41,WEEKDAY,Hinjawadi Maan Phase 3,1
trip_41_14,41,WEEKDAY,Hinjawadi Maan Phase 3,1
trip_41_15,41,WEEKDAY,Hinjawadi Maan Phase 3,1
trip_41_16,41,WEEKDAY,Hinjawadi Maan Phase 3,1
trip_41_17,41,WEEKDAY,Hinjawadi Maan Phase 3,1
trip_41_18,41,WEEKDAY,Hinjawadi Maan Phase 3,1
trip_41_19,41,WEEKDAY,Hinjawadi Maan Phase 3,1
trip_41_20,41,WEEKDAY,Hinjawadi Maan Phase 3,1
trip_41_21,41,WEEKDAY,Hinjawadi Maan Phase 3,1
trip_41_22,41,WEEKDAY,Hinjawadi Maan Phase 3,1
trip_41_23,41,WEEKDAY,Hinjawadi Maan Phase 3,1
trip_41_24,41,WEEKDAY,Hinjawadi Maan Phase 3,1
trip_41_25,41,WEEKDAY,Hinjawadi Maan Phase 3,1
trip_41_26,41,WEEKDAY,Hinjawadi Maan Phase 3,1
trip_41_27,41,WEEKDAY,Hinjawadi Maan Phase 3,1
trip_41_28,41,WEEKDAY,Hinjawadi Maan Phase 3,1
trip_41_29,41,WEEKDAY,Hinjawadi Maan Phase 3,1
trip_41_30,41,WEEKDAY,Hinjawadi Maan Phase 3,1
trip_41_31,41,WEEKDAY,Hinjawadi Maan Phase 3,1
trip_41_32,41,WEEKDAY,Hinjawadi Maan Phase 3,1
trip_41_33,41,WEEKDAY,Hinjawadi Maan Phase 3,1
trip_41_34,41,WEEKDAY,Hinjawadi Maan Phase 3,1
trip_41_35,41,WEEKDAY,Hinjawadi Maan Phase 3,1
trip_41_36,41,WEEKDAY,Hinjawadi Maan Phase 3,1
trip_41_37,41,WEEKDAY,Hinjawadi Maan Phase 3,1
trip_41_38,41,WEEKDAY,Hinjawadi Maan Phase 3,1
trip_41_39,41,WEEKDAY,Hinjawadi Maan Phase 3,1
trip_41_40,41,WEEKDAY,Hinjawadi Maan Phase 3,1
trip_41_41,41,WEEKDAY,Hinjawadi Maan Phase 3,1
trip_41_42,41,WEEKDAY,Hinjawadi Maan Phase 3,1
trip_41_43,41,WEEKDAY,Hinjawadi Maan Phase 3,1
trip_59_0,59,WEEKDAY,Charholigaon,1
trip_59_1,59,WEEKDAY,Charholigaon,1
trip_59_2,59,WEEKDAY,Charholigaon,1
trip_59_3,59,WEEKDAY,Charholigaon,1
trip_59_4,59,WEEKDAY,Charholigaon,1
trip_58_0,58,WEEKDAY,Ma Na Pa Daphale Garage,0
trip_58_1,58,WEEKDAY,Ma Na Pa Daphale Garage,0
trip_58_2,58,WEEKDAY,Ma Na Pa Daphale Garage,0
trip_58_3,58,WEEKDAY,Ma Na Pa Daphale Garage,0
trip_58_4,58,WEEKDAY,Ma Na Pa Daphale Garage,0
trip_61_0,61,WEEKDAY,Alandi,1
trip_60_0,60,WEEKDAY,Ma Na Pa Daphale Garage,0
trip_61_1,61,WEEKDAY,Alandi,1
trip_61_2,61,WEEKDAY,Alandi,1
trip_61_3,61,WEEKDAY,Alandi,1
trip_60_1,60,WEEKDAY,Ma Na Pa Daphale Garage,0
trip_61_4,61,WEEKDAY,Alandi,1
trip_60_2,60,WEEKDAY,Ma Na Pa Daphale Garage,0
trip_61_5,61,WEEKDAY,Alandi,1
trip_60_3,60,WEEKDAY,Ma Na Pa Daphale Garage,0
trip_61_6,61,WEEKDAY,Alandi,1
trip_60_4,60,WEEKDAY,Ma Na Pa Daphale Garage,0
trip_61_7,61,WEEKDAY,Alandi,1
trip_60_5,60,WEEKDAY,Ma Na Pa Daphale Garage,0
trip_61_8,61,WEEKDAY,Alandi,1
trip_60_6,60,WEEKDAY,Ma Na Pa Daphale Garage,0
trip_61_9,61,WEEKDAY,Alandi,1
trip_60_7,60,WEEKDAY,Ma Na Pa Daphale Garage,0
trip_61_10,61,WEEKDAY,Alandi,1
trip_60_8,60,WEEKDAY,Ma Na Pa Daphale Garage,0
trip_61_11,61,WEEKDAY,Alandi,1
trip_60_9,60,WEEKDAY,Ma Na Pa Daphale Garage,0
trip_61_12,61,WEEKDAY,Alandi,1
trip_60_10,60,WEEKDAY,Ma Na Pa Daphale Garage,0
trip_61_13,61,WEEKDAY,Alandi,1
trip_60_11,60,WEEKDAY,Ma Na Pa Daphale Garage,0
trip_61_14,61,WEEKDAY,Alandi,1
trip_60_12,60,WEEKDAY,Ma Na Pa Daphale Garage,0
trip_61_15,61,WEEKDAY,Alandi,1
trip_60_13,60,WEEKDAY,Ma Na Pa Daphale Garage,0
trip_61_16,61,WEEKDAY,Alandi,1
trip_60_14,60,WEEKDAY,Ma Na Pa Daphale Garage,0
trip_61_17,61,WEEKDAY,Alandi,1
trip_60_15,60,WEEKDAY,Ma Na Pa Daphale Garage,0
trip_61_18,61,WEEKDAY,Alandi,1
trip_60_16,60,WEEKDAY,Ma Na Pa Daphale Garage,0
trip_61_19,61,WEEKDAY,Alandi,1
trip_60_17,60,WEEKDAY,Ma Na Pa Daphale Garage,0
trip_61_20,61,WEEKDAY,Alandi,1
trip_60_18,60,WEEKDAY,Ma Na Pa Daphale Garage,0
trip_61_21,61,WEEKDAY,Alandi,1
trip_60_19,60,WEEKDAY,Ma Na Pa Daphale Garage,0
trip_61_22,61,WEEKDAY,Alandi,1
trip_60_20,60,WEEKDAY,Ma Na Pa Daphale Garage,0
trip_61_23,61,WEEKDAY,Alandi,1
trip_60_21,60,WEEKDAY,Ma Na Pa Daphale Garage,0
trip_61_24,61,WEEKDAY,Alandi,1
trip_60_22,60,WEEKDAY,Ma Na Pa Daphale Garage,0
trip_61_25,61,WEEKDAY,Alandi,1
trip_60_23,60,WEEKDAY,Ma Na Pa Daphale Garage,0
trip_61_26,61,WEEKDAY,Alandi,1
trip_62_0,62,WEEKDAY,Marketyard Depot,0
trip_60_24,60,WEEKDAY,Ma Na Pa Daphale Garage,0
trip_61_27,61,WEEKDAY,Alandi,1
trip_60_25,60,WEEKDAY,Ma Na Pa Daphale Garage,0
trip_61_28,61,WEEKDAY,Alandi,1
trip_60_26,60,WEEKDAY,Ma Na Pa Daphale Garage,0
trip_61_29,61,WEEKDAY,Alandi,1
trip_60_27,60,WEEKDAY,Ma Na Pa Daphale Garage,0
trip_61_30,61,WEEKDAY,Alandi,1
trip_60_28,60,WEEKDAY,Ma Na Pa Daphale Garage,0
trip_61_31,61,WEEKDAY,Alandi,1
trip_60_29,60,WEEKDAY,Ma Na Pa Daphale Garage,0
trip_61_32,61,WEEKDAY,Alandi,1
trip_60_30,60,WEEKDAY,Ma Na Pa Daphale Garage,0
trip_61_33,61,WEEKDAY,Alandi,1
trip_60_31,60,WEEKDAY,Ma Na Pa Daphale Garage,0
trip_61_34,61,WEEKDAY,Alandi,1
trip_60_32,60,WEEKDAY,Ma Na Pa Daphale Garage,0
trip_61_35,61,WEEKDAY,Alandi,1
trip_60_33,60,WEEKDAY,Ma Na Pa Daphale Garage,0
trip_61_36,61,WEEKDAY,Alandi,1
trip_60_34,60,WEEKDAY,Ma Na Pa Daphale Garage,0
trip_61_37,61,WEEKDAY,Alandi,1
trip_60_35,60,WEEKDAY,Ma Na Pa Daphale Garage,0
trip_61_38,61,WEEKDAY,Alandi,1
trip_60_36,60,WEEKDAY,Ma Na Pa Daphale Garage,0
trip_61_39,61,WEEKDAY,Alandi,1
trip_60_37,60,WEEKDAY,Ma Na Pa Daphale Garage,0
trip_61_40,61,WEEKDAY,Alandi,1
trip_60_38,60,WEEKDAY,Ma Na Pa Daphale Garage,0
trip_61_41,61,WEEKDAY,Alandi,1
trip_60_39,60,WEEKDAY,Ma Na Pa Daphale Garage,0
trip_61_42,61,WEEKDAY,Alandi,1
trip_60_40,60,WEEKDAY,Ma Na Pa Daphale Garage,0
trip_61_43,61,WEEKDAY,Alandi,1
trip_60_41,60,WEEKDAY,Ma Na Pa Daphale Garage,0
trip_61_44,61,WEEKDAY,Alandi,1
trip_61_45,61,WEEKDAY,Alandi,1
trip_60_42,60,WEEKDAY,Ma Na Pa Daphale Garage,0
trip_61_46,61,WEEKDAY,Alandi,1
trip_60_43,60,WEEKDAY,Ma Na Pa Daphale Garage,0
trip_61_47,61,WEEKDAY,Alandi,1
trip_60_44,60,WEEKDAY,Ma Na Pa Daphale Garage,0
trip_61_48,61,WEEKDAY,Alandi,1
trip_60_45,60,WEEKDAY,Ma Na Pa Daphale Garage,0
trip_61_49,61,WEEKDAY,Alandi,1
trip_60_46,60,WEEKDAY,Ma Na Pa Daphale Garage,0
trip_61_50,61,WEEKDAY,Alandi,1
trip_60_47,60,WEEKDAY,Ma Na Pa Daphale Garage,0
trip_61_51,61,WEEKDAY,Alandi,1
trip_60_48,60,WEEKDAY,Ma Na Pa Daphale Garage,0
trip_61_52,61,WEEKDAY,Alandi,1
trip_60_49,60,WEEKDAY,Ma Na Pa Daphale Garage,0
trip_61_53,61,WEEKDAY,Alandi,1
trip_60_50,60,WEEKDAY,Ma Na Pa Daphale Garage,0
trip_61_54,61,WEEKDAY,Alandi,1
trip_62_1,62,WEEKDAY,Marketyard Depot,0
trip_60_51,60,WEEKDAY,Ma Na Pa Daphale Garage,0
trip_61_55,61,WEEKDAY,Alandi,1
trip_61_56,61,WEEKDAY,Alandi,1
trip_60_52,60,WEEKDAY,Ma Na Pa Daphale Garage,0
trip_61_57,61,WEEKDAY,Alandi,1
trip_60_53,60,WEEKDAY,Ma Na Pa Daphale Garage,0
trip_60_54,60,WEEKDAY,Ma Na Pa Daphale Garage,0
trip_61_58,61,WEEKDAY,Alandi,1
trip_60_55,60,WEEKDAY,Ma Na Pa Daphale Garage,0
trip_61_59,61,WEEKDAY,Alandi,1
trip_60_56,60,WEEKDAY,Ma Na Pa Daphale Garage,0
trip_61_60,61,WEEKDAY,Alandi,1
trip_60_57,60,WEEKDAY,Ma Na Pa Daphale Garage,0
trip_61_61,61,WEEKDAY,Alandi,1
trip_60_58,60,WEEKDAY,Ma Na Pa Daphale Garage,0
trip_61_62,61,WEEKDAY,Alandi,1
trip_60_59,60,WEEKDAY,Ma Na Pa Daphale Garage,0
trip_61_63,61,WEEKDAY,Alandi,1
trip_60_60,60,WEEKDAY,Ma Na Pa Daphale Garage,0
trip_61_64,61,WEEKDAY,Alandi,1
trip_60_61,60,WEEKDAY,Ma Na Pa Daphale Garage,0
trip_60_62,60,WEEKDAY,Ma Na Pa Daphale Garage,0
trip_60_63,60,WEEKDAY,Ma Na Pa Daphale Garage,0
trip_60_64,60,WEEKDAY,Ma Na Pa Daphale Garage,0
trip_63_0,63,WEEKDAY,Kasarwadi Railway Station,1
trip_63_1,63,WEEKDAY,Kasarwadi Railway Station,1
trip_66_0,66,WEEKDAY,Katraj,0
trip_67_0,67,WEEKDAY,Pimplegurav,1
trip_66_1,66,WEEKDAY,Katraj,0
trip_66_2,66,WEEKDAY,Katraj,0
trip_66_3,66,WEEKDAY,Katraj,0
trip_66_4,66,WEEKDAY,Katraj,0
trip_66_5,66,WEEKDAY,Katraj,0
trip_66_6,66,WEEKDAY,Katraj,0
trip_66_7,66,WEEKDAY,Katraj,0
trip_66_8,66,WEEKDAY,Katraj,0
trip_67_1,67,WEEKDAY,Pimplegurav,1
trip_67_2,67,WEEKDAY,Pimplegurav,1
trip_67_3,67,WEEKDAY,Pimplegurav,1
trip_67_4,67,WEEKDAY,Pimplegurav,1
trip_67_5,67,WEEKDAY,Pimplegurav,1
trip_67_6,67,WEEKDAY,Pimplegurav,1
trip_67_7,67,WEEKDAY,Pimplegurav,1
trip_67_8,67,WEEKDAY,Pimplegurav,1
trip_68_0,68,WEEKDAY,Marketyard Depot,0
trip_68_1,68,WEEKDAY,Marketyard Depot,0
trip_68_2,68,WEEKDAY,Marketyard Depot,0
trip_68_3,68,WEEKDAY,Marketyard Depot,0
trip_68_4,68,WEEKDAY,Marketyard Depot,0
trip_68_5,68,WEEKDAY,Marketyard Depot,0
trip_68_6,68,WEEKDAY,Marketyard Depot,0
trip_68_7,68,WEEKDAY,Marketyard Depot,0
trip_68_8,68,WEEKDAY,Marketyard Depot,0
trip_68_9,68,WEEKDAY,Marketyard Depot,0
trip_68_10,68,WEEKDAY,Marketyard Depot,0
trip_68_11,68,WEEKDAY,Marketyard Depot,0
trip_68_12,68,WEEKDAY,Marketyard Depot,0
trip_68_13,68,WEEKDAY,Marketyard Depot,0
trip_68_14,68,WEEKDAY,Marketyard Depot,0
trip_68_15,68,WEEKDAY,Marketyard Depot,0
trip_68_16,68,WEEKDAY,Marketyard Depot,0
trip_68_17,68,WEEKDAY,Marketyard Depot,0
trip_68_18,68,WEEKDAY,Marketyard Depot,0
trip_68_19,68,WEEKDAY,Marketyard Depot,0
trip_68_20,68,WEEKDAY,Marketyard Depot,0
trip_68_21,68,WEEKDAY,Marketyard Depot,0
trip_68_22,68,WEEKDAY,Marketyard Depot,0
trip_68_23,68,WEEKDAY,Marketyard Depot,0
trip_68_24,68,WEEKDAY,Marketyard Depot,0
trip_68_25,68,WEEKDAY,Marketyard Depot,0
trip_68_26,68,WEEKDAY,Marketyard Depot,0
trip_68_27,68,WEEKDAY,Marketyard Depot,0
trip_68_28,68,WEEKDAY,Marketyard Depot,0
trip_68_29,68,WEEKDAY,Marketyard Depot,0
trip_68_30,68,WEEKDAY,Marketyard Depot,0
trip_68_31,68,WEEKDAY,Marketyard Depot,0
trip_68_32,68,WEEKDAY,Marketyard Depot,0
trip_68_33,68,WEEKDAY,Marketyard Depot,0
trip_68_34,68,WEEKDAY,Marketyard Depot,0
trip_68_35,68,WEEKDAY,Marketyard Depot,0
trip_68_36,68,WEEKDAY,Marketyard Depot,0
trip_68_37,68,WEEKDAY,Marketyard Depot,0
trip_68_38,68,WEEKDAY,Marketyard Depot,0
trip_68_39,68,WEEKDAY,Marketyard Depot,0
trip_68_40,68,WEEKDAY,Marketyard Depot,0
trip_69_0,69,WEEKDAY,Pimplegurav,1
trip_69_1,69,WEEKDAY,Pimplegurav,1
trip_69_2,69,WEEKDAY,Pimplegurav,1
trip_69_3,69,WEEKDAY,Pimplegurav,1
trip_69_4,69,WEEKDAY,Pimplegurav,1
trip_69_5,69,WEEKDAY,Pimplegurav,1
trip_69_6,69,WEEKDAY,Pimplegurav,1
trip_69_7,69,WEEKDAY,Pimplegurav,1
trip_69_8,69,WEEKDAY,Pimplegurav,1
trip_69_9,69,WEEKDAY,Pimplegurav,1
trip_69_10,69,WEEKDAY,Pimplegurav,1
trip_69_11,69,WEEKDAY,Pimplegurav,1
trip_69_12,69,WEEKDAY,Pimplegurav,1
trip_69_13,69,WEEKDAY,Pimplegurav,1
trip_69_14,69,WEEKDAY,Pimplegurav,1
trip_69_15,69,WEEKDAY,Pimplegurav,1
trip_69_16,69,WEEKDAY,Pimplegurav,1
trip_69_17,69,WEEKDAY,Pimplegurav,1
trip_69_18,69,WEEKDAY,Pimplegurav,1
trip_69_19,69,WEEKDAY,Pimplegurav,1
trip_69_20,69,WEEKDAY,Pimplegurav,1
trip_69_21,69,WEEKDAY,Pimplegurav,1
trip_69_22,69,WEEKDAY,Pimplegurav,1
trip_69_23,69,WEEKDAY,Pimplegurav,1
trip_69_24,69,WEEKDAY,Pimplegurav,1
trip_69_25,69,WEEKDAY,Pimplegurav,1
trip_69_26,69,WEEKDAY,Pimplegurav,1
trip_69_27,69,WEEKDAY,Pimplegurav,1
trip_69_28,69,WEEKDAY,Pimplegurav,1
trip_69_29,69,WEEKDAY,Pimplegurav,1
trip_69_30,69,WEEKDAY,Pimplegurav,1
trip_69_31,69,WEEKDAY,Pimplegurav,1
trip_69_32,69,WEEKDAY,Pimplegurav,1
trip_69_33,69,WEEKDAY,Pimplegurav,1
trip_69_34,69,WEEKDAY,Pimplegurav,1
trip_69_35,69,WEEKDAY,Pimplegurav,1
trip_69_36,69,WEEKDAY,Pimplegurav,1
trip_69_37,69,WEEKDAY,Pimplegurav,1
trip_69_38,69,WEEKDAY,Pimplegurav,1
trip_69_39,69,WEEKDAY,Pimplegurav,1
trip_69_40,69,WEEKDAY,Pimplegurav,1
trip_69_41,69,WEEKDAY,Pimplegurav,1
trip_73_0,73,WEEKDAY,Bhosari Terminal,1
trip_72_0,72,WEEKDAY,Ma Na Pa Main Stand,0
trip_73_1,73,WEEKDAY,Bhosari Terminal,1
trip_73_2,73,WEEKDAY,Bhosari Terminal,1
trip_73_3,73,WEEKDAY,Bhosari Terminal,1
trip_72_1,72,WEEKDAY,Ma Na Pa Main Stand,0
trip_73_4,73,WEEKDAY,Bhosari Terminal,1
trip_72_2,72,WEEKDAY,Ma Na Pa Main Stand,0
trip_73_5,73,WEEKDAY,Bhosari Terminal,1
trip_72_3,72,WEEKDAY,Ma Na Pa Main Stand,0
trip_73_6,73,WEEKDAY,Bhosari Terminal,1
trip_72_4,72,WEEKDAY,Ma Na Pa Main Stand,0
trip_73_7,73,WEEKDAY,Bhosari Terminal,1
trip_72_5,72,WEEKDAY,Ma Na Pa Main Stand,0
trip_73_8,73,WEEKDAY,Bhosari Terminal,1
trip_72_6,72,WEEKDAY,Ma Na Pa Main Stand,0
trip_73_9,73,WEEKDAY,Bhosari Terminal,1
trip_72_7,72,WEEKDAY,Ma Na Pa Main Stand,0
trip_73_10,73,WEEKDAY,Bhosari Terminal,1
trip_72_8,72,WEEKDAY,Ma Na Pa Main Stand,0
trip_73_11,73,WEEKDAY,Bhosari Terminal,1
trip_72_9,72,WEEKDAY,Ma Na Pa Main Stand,0
trip_73_12,73,WEEKDAY,Bhosari Terminal,1
trip_72_10,72,WEEKDAY,Ma Na Pa Main Stand,0
trip_73_13,73,WEEKDAY,Bhosari Terminal,1
trip_72_11,72,WEEKDAY,Ma Na Pa Main Stand,0
trip_73_14,73,WEEKDAY,Bhosari Terminal,1
trip_72_12,72,WEEKDAY,Ma Na Pa Main Stand,0
trip_73_15,73,WEEKDAY,Bhosari Terminal,1
trip_72_13,72,WEEKDAY,Ma Na Pa Main Stand,0
trip_73_16,73,WEEKDAY,Bhosari Terminal,1
trip_72_14,72,WEEKDAY,Ma Na Pa Main Stand,0
trip_73_17,73,WEEKDAY,Bhosari Terminal,1
trip_72_15,72,WEEKDAY,Ma Na Pa Main Stand,0
trip_73_18,73,WEEKDAY,Bhosari Terminal,1
trip_72_16,72,WEEKDAY,Ma Na Pa Main Stand,0
trip_73_19,73,WEEKDAY,Bhosari Terminal,1
trip_72_17,72,WEEKDAY,Ma Na Pa Main Stand,0
trip_73_20,73,WEEKDAY,Bhosari Terminal,1
trip_72_18,72,WEEKDAY,Ma Na Pa Main Stand,0
trip_73_21,73,WEEKDAY,Bhosari Terminal,1
trip_72_19,72,WEEKDAY,Ma Na Pa Main Stand,0
trip_73_22,73,WEEKDAY,Bhosari Terminal,1
trip_72_20,72,WEEKDAY,Ma Na Pa Main Stand,0
trip_73_23,73,WEEKDAY,Bhosari Terminal,1
trip_72_21,72,WEEKDAY,Ma Na Pa Main Stand,0
trip_73_24,73,WEEKDAY,Bhosari Terminal,1
trip_72_22,72,WEEKDAY,Ma Na Pa Main Stand,0
trip_73_25,73,WEEKDAY,Bhosari Terminal,1
trip_72_23,72,WEEKDAY,Ma Na Pa Main Stand,0
trip_73_26,73,WEEKDAY,Bhosari Terminal,1
trip_72_24,72,WEEKDAY,Ma Na Pa Main Stand,0
trip_73_27,73,WEEKDAY,Bhosari Terminal,1
trip_72_25,72,WEEKDAY,Ma Na Pa Main Stand,0
trip_73_28,73,WEEKDAY,Bhosari Terminal,1
trip_72_26,72,WEEKDAY,Ma Na Pa Main Stand,0
trip_73_29,73,WEEKDAY,Bhosari Terminal,1
trip_72_27,72,WEEKDAY,Ma Na Pa Main Stand,0
trip_73_30,73,WEEKDAY,Bhosari Terminal,1
trip_72_28,72,WEEKDAY,Ma Na Pa Main Stand,0
trip_73_31,73,WEEKDAY,Bhosari Terminal,1
trip_72_29,72,WEEKDAY,Ma Na Pa Main Stand,0
trip_73_32,73,WEEKDAY,Bhosari Terminal,1
trip_72_30,72,WEEKDAY,Ma Na Pa Main Stand,0
trip_73_33,73,WEEKDAY,Bhosari Terminal,1
trip_72_31,72,WEEKDAY,Ma Na Pa Main Stand,0
trip_73_34,73,WEEKDAY,Bhosari Terminal,1
trip_72_32,72,WEEKDAY,Ma Na Pa Main Stand,0
trip_73_35,73,WEEKDAY,Bhosari Terminal,1
trip_72_33,72,WEEKDAY,Ma Na Pa Main Stand,0
trip_73_36,73,WEEKDAY,Bhosari Terminal,1
trip_72_34,72,WEEKDAY,Ma Na Pa Main Stand,0
trip_73_37,73,WEEKDAY,Bhosari Terminal,1
trip_72_35,72,WEEKDAY,Ma Na Pa Main Stand,0
trip_73_38,73,WEEKDAY,Bhosari Terminal,1
trip_73_39,73,WEEKDAY,Bhosari Terminal,1
trip_72_36,72,WEEKDAY,Ma Na Pa Main Stand,0
trip_73_40,73,WEEKDAY,Bhosari Terminal,1
trip_72_37,72,WEEKDAY,Ma Na Pa Main Stand,0
trip_73_41,73,WEEKDAY,Bhosari Terminal,1
trip_72_38,72,WEEKDAY,Ma Na Pa Main Stand,0
trip_73_42,73,WEEKDAY,Bhosari Terminal,1
trip_72_39,72,WEEKDAY,Ma Na Pa Main Stand,0
trip_73_43,73,WEEKDAY,Bhosari Terminal,1
trip_72_40,72,WEEKDAY,Ma Na Pa Main Stand,0
trip_73_44,73,WEEKDAY,Bhosari Terminal,1
trip_72_41,72,WEEKDAY,Ma Na Pa Main Stand,0
trip_73_45,73,WEEKDAY,Bhosari Terminal,1
trip_72_42,72,WEEKDAY,Ma Na Pa Main Stand,0
trip_73_46,73,WEEKDAY,Bhosari Terminal,1
trip_72_43,72,WEEKDAY,Ma Na Pa Main Stand,0
trip_73_47,73,WEEKDAY,Bhosari Terminal,1
trip_72_44,72,WEEKDAY,Ma Na Pa Main Stand,0
trip_73_48,73,WEEKDAY,Bhosari Terminal,1
trip_72_45,72,WEEKDAY,Ma Na Pa Main Stand,0
trip_73_49,73,WEEKDAY,Bhosari Terminal,1
trip_72_46,72,WEEKDAY,Ma Na Pa Main Stand,0
trip_73_50,73,WEEKDAY,Bhosari Terminal,1
trip_72_47,72,WEEKDAY,Ma Na Pa Main Stand,0
trip_73_51,73,WEEKDAY,Bhosari Terminal,1
trip_72_48,72,WEEKDAY,Ma Na Pa Main Stand,0
trip_73_52,73,WEEKDAY,Bhosari Terminal,1
trip_72_49,72,WEEKDAY,Ma Na Pa Main Stand,0
trip_73_53,73,WEEKDAY,Bhosari Terminal,1
trip_72_50,72,WEEKDAY,Ma Na Pa Main Stand,0
trip_73_54,73,WEEKDAY,Bhosari Terminal,1
trip_72_51,72,WEEKDAY,Ma Na Pa Main Stand,0
trip_73_55,73,WEEKDAY,Bhosari Terminal,1
trip_72_52,72,WEEKDAY,Ma Na Pa Main Stand,0
trip_73_56,73,WEEKDAY,Bhosari Terminal,1
trip_72_53,72,WEEKDAY,Ma Na Pa Main Stand,0
trip_73_57,73,WEEKDAY,Bhosari Terminal,1
trip_72_54,72,WEEKDAY,Ma Na Pa Main Stand,0
trip_73_58,73,WEEKDAY,Bhosari Terminal,1
trip_72_55,72,WEEKDAY,Ma Na Pa Main Stand,0
trip_73_59,73,WEEKDAY,Bhosari Terminal,1
trip_72_56,72,WEEKDAY,Ma Na Pa Main Stand,0
trip_73_60,73,WEEKDAY,Bhosari Terminal,1
trip_72_57,72,WEEKDAY,Ma Na Pa Main Stand,0
trip_73_61,73,WEEKDAY,Bhosari Terminal,1
trip_72_58,72,WEEKDAY,Ma Na Pa Main Stand,0
trip_73_62,73,WEEKDAY,Bhosari Terminal,1
trip_72_59,72,WEEKDAY,Ma Na Pa Main Stand,0
trip_73_63,73,WEEKDAY,Bhosari Terminal,1
trip_72_60,72,WEEKDAY,Ma Na Pa Main Stand,0
trip_73_64,73,WEEKDAY,Bhosari Terminal,1
trip_72_61,72,WEEKDAY,Ma Na Pa Main Stand,0
trip_73_65,73,WEEKDAY,Bhosari Terminal,1
trip_72_62,72,WEEKDAY,Ma Na Pa Main Stand,0
trip_73_66,73,WEEKDAY,Bhosari Terminal,1
trip_72_63,72,WEEKDAY,Ma Na Pa Main Stand,0
trip_73_67,73,WEEKDAY,Bhosari Terminal,1
trip_72_64,72,WEEKDAY,Ma Na Pa Main Stand,0
trip_73_68,73,WEEKDAY,Bhosari Terminal,1
trip_72_65,72,WEEKDAY,Ma Na Pa Main Stand,0
trip_73_69,73,WEEKDAY,Bhosari Terminal,1
trip_72_66,72,WEEKDAY,Ma Na Pa Main Stand,0
trip_73_70,73,WEEKDAY,Bhosari Terminal,1
trip_72_67,72,WEEKDAY,Ma Na Pa Main Stand,0
trip_73_71,73,WEEKDAY,Bhosari Terminal,1
trip_72_68,72,WEEKDAY,Ma Na Pa Main Stand,0
trip_72_69,72,WEEKDAY,Ma Na Pa Main Stand,0
trip_72_70,72,WEEKDAY,Ma Na Pa Main Stand,0
trip_79_0,79,WEEKDAY,Chinchwadgaon,1
trip_78_0,78,WEEKDAY,Ma Na Pa Main Stand,0
trip_70_0,70,WEEKDAY,Bhosari Chakan Road,0
trip_79_1,79,WEEKDAY,Chinchwadgaon,1
trip_79_2,79,WEEKDAY,Chinchwadgaon,1
trip_79_3,79,WEEKDAY,Chinchwadgaon,1
trip_79_4,79,WEEKDAY,Chinchwadgaon,1
trip_79_5,79,WEEKDAY,Chinchwadgaon,1
trip_79_6,79,WEEKDAY,Chinchwadgaon,1
trip_79_7,79,WEEKDAY,Chinchwadgaon,1
trip_79_8,79,WEEKDAY,Chinchwadgaon,1
trip_79_9,79,WEEKDAY,Chinchwadgaon,1
trip_79_10,79,WEEKDAY,Chinchwadgaon,1
trip_79_11,79,WEEKDAY,Chinchwadgaon,1
trip_79_12,79,WEEKDAY,Chinchwadgaon,1
trip_79_13,79,WEEKDAY,Chinchwadgaon,1
trip_79_14,79,WEEKDAY,Chinchwadgaon,1
trip_78_1,78,WEEKDAY,Ma Na Pa Main Stand,0
trip_78_2,78,WEEKDAY,Ma Na Pa Main Stand,0
trip_78_3,78,WEEKDAY,Ma Na Pa Main Stand,0
trip_78_4,78,WEEKDAY,Ma Na Pa Main Stand,0
trip_78_5,78,WEEKDAY,Ma Na Pa Main Stand,0
trip_78_6,78,WEEKDAY,Ma Na Pa Main Stand,0
trip_78_7,78,WEEKDAY,Ma Na Pa Main Stand,0
trip_78_8,78,WEEKDAY,Ma Na Pa Main Stand,0
trip_78_9,78,WEEKDAY,Ma Na Pa Main Stand,0
trip_70_1,70,WEEKDAY,Bhosari Chakan Road,0
trip_78_10,78,WEEKDAY,Ma Na Pa Main Stand,0
trip_70_2,70,WEEKDAY,Bhosari Chakan Road,0
trip_71_0,71,WEEKDAY,Endurance Systems Chakan Mahalunge,1
trip_78_11,78,WEEKDAY,Ma Na Pa Main Stand,0
trip_70_3,70,WEEKDAY,Bhosari Chakan Road,0
trip_78_12,78,WEEKDAY,Ma Na Pa Main Stand,0
trip_70_4,70,WEEKDAY,Bhosari Chakan Road,0
trip_78_13,78,WEEKDAY,Ma Na Pa Main Stand,0
trip_70_5,70,WEEKDAY,Bhosari Chakan Road,0
trip_78_14,78,WEEKDAY,Ma Na Pa Main Stand,0
trip_70_6,70,WEEKDAY,Bhosari Chakan Road,0
trip_78_15,78,WEEKDAY,Ma Na Pa Main Stand,0
trip_70_7,70,WEEKDAY,Bhosari Chakan Road,0
trip_78_16,78,WEEKDAY,Ma Na Pa Main Stand,0
trip_70_8,70,WEEKDAY,Bhosari Chakan Road,0
trip_78_17,78,WEEKDAY,Ma Na Pa Main Stand,0
trip_70_9,70,WEEKDAY,Bhosari Chakan Road,0
trip_70_10,70,WEEKDAY,Bhosari Chakan Road,0
trip_70_11,70,WEEKDAY,Bhosari Chakan Road,0
trip_70_12,70,WEEKDAY,Bhosari Chakan Road,0
trip_70_13,70,WEEKDAY,Bhosari Chakan Road,0
trip_70_14,70,WEEKDAY,Bhosari Chakan Road,0
trip_70_15,70,WEEKDAY,Bhosari Chakan Road,0
trip_70_16,70,WEEKDAY,Bhosari Chakan Road,0
trip_70_17,70,WEEKDAY,Bhosari Chakan Road,0
trip_70_18,70,WEEKDAY,Bhosari Chakan Road,0
trip_70_19,70,WEEKDAY,Bhosari Chakan Road,0
trip_70_20,70,WEEKDAY,Bhosari Chakan Road,0
trip_70_21,70,WEEKDAY,Bhosari Chakan Road,0
trip_70_22,70,WEEKDAY,Bhosari Chakan Road,0
trip_70_23,70,WEEKDAY,Bhosari Chakan Road,0
trip_70_24,70,WEEKDAY,Bhosari Chakan Road,0
trip_71_1,71,WEEKDAY,Endurance Systems Chakan Mahalunge,1
trip_70_25,70,WEEKDAY,Bhosari Chakan Road,0
trip_71_2,71,WEEKDAY,Endurance Systems Chakan Mahalunge,1
trip_70_26,70,WEEKDAY,Bhosari Chakan Road,0
trip_71_3,71,WEEKDAY,Endurance Systems Chakan Mahalunge,1
trip_70_27,70,WEEKDAY,Bhosari Chakan Road,0
trip_71_4,71,WEEKDAY,Endurance Systems Chakan Mahalunge,1
trip_70_28,70,WEEKDAY,Bhosari Chakan Road,0
trip_71_5,71,WEEKDAY,Endurance Systems Chakan Mahalunge,1
trip_70_29,70,WEEKDAY,Bhosari Chakan Road,0
trip_71_6,71,WEEKDAY,Endurance Systems Chakan Mahalunge,1
trip_70_30,70,WEEKDAY,Bhosari Chakan Road,0
trip_71_7,71,WEEKDAY,Endurance Systems Chakan Mahalunge,1
trip_70_31,70,WEEKDAY,Bhosari Chakan Road,0
trip_71_8,71,WEEKDAY,Endurance Systems Chakan Mahalunge,1
trip_70_32,70,WEEKDAY,Bhosari Chakan Road,0
trip_71_9,71,WEEKDAY,Endurance Systems Chakan Mahalunge,1
trip_70_33,70,WEEKDAY,Bhosari Chakan Road,0
trip_71_10,71,WEEKDAY,Endurance Systems Chakan Mahalunge,1
trip_70_34,70,WEEKDAY,Bhosari Chakan Road,0
trip_71_11,71,WEEKDAY,Endurance Systems Chakan Mahalunge,1
trip_70_35,70,WEEKDAY,Bhosari Chakan Road,0
trip_71_12,71,WEEKDAY,Endurance Systems Chakan Mahalunge,1
trip_70_36,70,WEEKDAY,Bhosari Chakan Road,0
trip_71_13,71,WEEKDAY,Endurance Systems Chakan Mahalunge,1
trip_70_37,70,WEEKDAY,Bhosari Chakan Road,0
trip_71_14,71,WEEKDAY,Endurance Systems Chakan Mahalunge,1
trip_70_38,70,WEEKDAY,Bhosari Chakan Road,0
trip_71_15,71,WEEKDAY,Endurance Systems Chakan Mahalunge,1
trip_70_39,70,WEEKDAY,Bhosari Chakan Road,0
trip_70_40,70,WEEKDAY,Bhosari Chakan Road,0
trip_71_16,71,WEEKDAY,Endurance Systems Chakan Mahalunge,1
trip_70_41,70,WEEKDAY,Bhosari Chakan Road,0
trip_71_17,71,WEEKDAY,Endurance Systems Chakan Mahalunge,1
trip_71_18,71,WEEKDAY,Endurance Systems Chakan Mahalunge,1
trip_71_19,71,WEEKDAY,Endurance Systems Chakan Mahalunge,1
trip_71_20,71,WEEKDAY,Endurance Systems Chakan Mahalunge,1
trip_71_21,71,WEEKDAY,Endurance Systems Chakan Mahalunge,1
trip_71_22,71,WEEKDAY,Endurance Systems Chakan Mahalunge,1
trip_71_23,71,WEEKDAY,Endurance Systems Chakan Mahalunge,1
trip_71_24,71,WEEKDAY,Endurance Systems Chakan Mahalunge,1
trip_71_25,71,WEEKDAY,Endurance Systems Chakan Mahalunge,1
trip_71_26,71,WEEKDAY,Endurance Systems Chakan Mahalunge,1
trip_71_27,71,WEEKDAY,Endurance Systems Chakan Mahalunge,1
trip_71_28,71,WEEKDAY,Endurance Systems Chakan Mahalunge,1
trip_71_29,71,WEEKDAY,Endurance Systems Chakan Mahalunge,1
trip_71_30,71,WEEKDAY,Endurance Systems Chakan Mahalunge,1
trip_71_31,71,WEEKDAY,Endurance Systems Chakan Mahalunge,1
trip_71_32,71,WEEKDAY,Endurance Systems Chakan Mahalunge,1
trip_71_33,71,WEEKDAY,Endurance Systems Chakan Mahalunge,1
trip_71_34,71,WEEKDAY,Endurance Systems Chakan Mahalunge,1
trip_71_35,71,WEEKDAY,Endurance Systems Chakan Mahalunge,1
trip_71_36,71,WEEKDAY,Endurance Systems Chakan Mahalunge,1
trip_71_37,71,WEEKDAY,Endurance Systems Chakan Mahalunge,1
trip_71_38,71,WEEKDAY,Endurance Systems Chakan Mahalunge,1
trip_71_39,71,WEEKDAY,Endurance Systems Chakan Mahalunge,1
trip_71_40,71,WEEKDAY,Endurance Systems Chakan Mahalunge,1
trip_71_41,71,WEEKDAY,Endurance Systems Chakan Mahalunge,1
trip_80_0,80,WEEKDAY,Ma Na Pa Main Stand,0
trip_81_0,81,WEEKDAY,Nigdi Bhakti Shakti,1
trip_80_1,80,WEEKDAY,Ma Na Pa Main Stand,0
trip_80_2,80,WEEKDAY,Ma Na Pa Main Stand,0
trip_80_3,80,WEEKDAY,Ma Na Pa Main Stand,0
trip_80_4,80,WEEKDAY,Ma Na Pa Main Stand,0
trip_80_5,80,WEEKDAY,Ma Na Pa Main Stand,0
trip_81_1,81,WEEKDAY,Nigdi Bhakti Shakti,1
trip_80_6,80,WEEKDAY,Ma Na Pa Main Stand,0
trip_81_2,81,WEEKDAY,Nigdi Bhakti Shakti,1
trip_80_7,80,WEEKDAY,Ma Na Pa Main Stand,0
trip_81_3,81,WEEKDAY,Nigdi Bhakti Shakti,1
trip_80_8,80,WEEKDAY,Ma Na Pa Main Stand,0
trip_81_4,81,WEEKDAY,Nigdi Bhakti Shakti,1
trip_80_9,80,WEEKDAY,Ma Na Pa Main Stand,0
trip_81_5,81,WEEKDAY,Nigdi Bhakti Shakti,1
trip_80_10,80,WEEKDAY,Ma Na Pa Main Stand,0
trip_81_6,81,WEEKDAY,Nigdi Bhakti Shakti,1
trip_80_11,80,WEEKDAY,Ma Na Pa Main Stand,0
trip_81_7,81,WEEKDAY,Nigdi Bhakti Shakti,1
trip_80_12,80,WEEKDAY,Ma Na Pa Main Stand,0
trip_81_8,81,WEEKDAY,Nigdi Bhakti Shakti,1
trip_80_13,80,WEEKDAY,Ma Na Pa Main Stand,0
trip_81_9,81,WEEKDAY,Nigdi Bhakti Shakti,1
trip_80_14,80,WEEKDAY,Ma Na Pa Main Stand,0
trip_81_10,81,WEEKDAY,Nigdi Bhakti Shakti,1
trip_80_15,80,WEEKDAY,Ma Na Pa Main Stand,0
trip_81_11,81,WEEKDAY,Nigdi Bhakti Shakti,1
trip_80_16,80,WEEKDAY,Ma Na Pa Main Stand,0
trip_81_12,81,WEEKDAY,Nigdi Bhakti Shakti,1
trip_80_17,80,WEEKDAY,Ma Na Pa Main Stand,0
trip_81_13,81,WEEKDAY,Nigdi Bhakti Shakti,1
trip_80_18,80,WEEKDAY,Ma Na Pa Main Stand,0
trip_81_14,81,WEEKDAY,Nigdi Bhakti Shakti,1
trip_80_19,80,WEEKDAY,Ma Na Pa Main Stand,0
trip_81_15,81,WEEKDAY,Nigdi Bhakti Shakti,1
trip_80_20,80,WEEKDAY,Ma Na Pa Main Stand,0
trip_81_16,81,WEEKDAY,Nigdi Bhakti Shakti,1
trip_80_21,80,WEEKDAY,Ma Na Pa Main Stand,0
trip_81_17,81,WEEKDAY,Nigdi Bhakti Shakti,1
trip_80_22,80,WEEKDAY,Ma Na Pa Main Stand,0
trip_81_18,81,WEEKDAY,Nigdi Bhakti Shakti,1
trip_80_23,80,WEEKDAY,Ma Na Pa Main Stand,0
trip_81_19,81,WEEKDAY,Nigdi Bhakti Shakti,1
trip_80_24,80,WEEKDAY,Ma Na Pa Main Stand,0
trip_81_20,81,WEEKDAY,Nigdi Bhakti Shakti,1
trip_80_25,80,WEEKDAY,Ma Na Pa Main Stand,0
trip_81_21,81,WEEKDAY,Nigdi Bhakti Shakti,1
trip_80_26,80,WEEKDAY,Ma Na Pa Main Stand,0
trip_81_22,81,WEEKDAY,Nigdi Bhakti Shakti,1
trip_80_27,80,WEEKDAY,Ma Na Pa Main Stand,0
trip_81_23,81,WEEKDAY,Nigdi Bhakti Shakti,1
trip_80_28,80,WEEKDAY,Ma Na Pa Main Stand,0
trip_81_24,81,WEEKDAY,Nigdi Bhakti Shakti,1
trip_80_29,80,WEEKDAY,Ma Na Pa Main Stand,0
trip_81_25,81,WEEKDAY,Nigdi Bhakti Shakti,1
trip_80_30,80,WEEKDAY,Ma Na Pa Main Stand,0
trip_81_26,81,WEEKDAY,Nigdi Bhakti Shakti,1
trip_80_31,80,WEEKDAY,Ma Na Pa Main Stand,0
trip_81_27,81,WEEKDAY,Nigdi Bhakti Shakti,1
trip_80_32,80,WEEKDAY,Ma Na Pa Main Stand,0
trip_81_28,81,WEEKDAY,Nigdi Bhakti Shakti,1
trip_80_33,80,WEEKDAY,Ma Na Pa Main Stand,0
trip_81_29,81,WEEKDAY,Nigdi Bhakti Shakti,1
trip_80_34,80,WEEKDAY,Ma Na Pa Main Stand,0
trip_81_30,81,WEEKDAY,Nigdi Bhakti Shakti,1
trip_80_35,80,WEEKDAY,Ma Na Pa Main Stand,0
trip_81_31,81,WEEKDAY,Nigdi Bhakti Shakti,1
trip_80_36,80,WEEKDAY,Ma Na Pa Main Stand,0
trip_81_32,81,WEEKDAY,Nigdi Bhakti Shakti,1
trip_80_37,80,WEEKDAY,Ma Na Pa Main Stand,0
trip_81_33,81,WEEKDAY,Nigdi Bhakti Shakti,1
trip_80_38,80,WEEKDAY,Ma Na Pa Main Stand,0
trip_81_34,81,WEEKDAY,Nigdi Bhakti Shakti,1
trip_80_39,80,WEEKDAY,Ma Na Pa Main Stand,0
trip_81_35,81,WEEKDAY,Nigdi Bhakti Shakti,1
trip_80_40,80,WEEKDAY,Ma Na Pa Main Stand,0
trip_80_41,80,WEEKDAY,Ma Na Pa Main Stand,0
trip_81_36,81,WEEKDAY,Nigdi Bhakti Shakti,1
trip_80_42,80,WEEKDAY,Ma Na Pa Main Stand,0
trip_81_37,81,WEEKDAY,Nigdi Bhakti Shakti,1
trip_80_43,80,WEEKDAY,Ma Na Pa Main Stand,0
trip_81_38,81,WEEKDAY,Nigdi Bhakti Shakti,1
trip_81_39,81,WEEKDAY,Nigdi Bhakti Shakti,1
trip_81_40,81,WEEKDAY,Nigdi Bhakti Shakti,1
trip_81_41,81,WEEKDAY,Nigdi Bhakti Shakti,1
trip_81_42,81,WEEKDAY,Nigdi Bhakti Shakti,1
trip_81_43,81,WEEKDAY,Nigdi Bhakti Shakti,1
trip_81_44,81,WEEKDAY,Nigdi Bhakti Shakti,1
trip_81_45,81,WEEKDAY,Nigdi Bhakti Shakti,1
trip_81_46,81,WEEKDAY,Nigdi Bhakti Shakti,1
trip_102_0,102,WEEKDAY,Upper Depot,0
trip_103_0,103,WEEKDAY,Shivaji Nagar,1
trip_110_0,110,WEEKDAY,Narhegaon,0
trip_102_1,102,WEEKDAY,Upper Depot,0
trip_102_2,102,WEEKDAY,Upper Depot,0
trip_103_1,103,WEEKDAY,Shivaji Nagar,1
trip_102_3,102,WEEKDAY,Upper Depot,0
trip_103_2,103,WEEKDAY,Shivaji Nagar,1
trip_102_4,102,WEEKDAY,Upper Depot,0
trip_103_3,103,WEEKDAY,Shivaji Nagar,1
trip_111_0,111,WEEKDAY,Swargate,1
trip_102_5,102,WEEKDAY,Upper Depot,0
trip_103_4,103,WEEKDAY,Shivaji Nagar,1
trip_102_6,102,WEEKDAY,Upper Depot,0
trip_103_5,103,WEEKDAY,Shivaji Nagar,1
trip_103_6,103,WEEKDAY,Shivaji Nagar,1
trip_110_1,110,WEEKDAY,Narhegaon,0
trip_110_2,110,WEEKDAY,Narhegaon,0
trip_110_3,110,WEEKDAY,Narhegaon,0
trip_110_4,110,WEEKDAY,Narhegaon,0
trip_110_5,110,WEEKDAY,Narhegaon,0
trip_110_6,110,WEEKDAY,Narhegaon,0
trip_111_1,111,WEEKDAY,Swargate,1
trip_110_7,110,WEEKDAY,Narhegaon,0
trip_111_2,111,WEEKDAY,Swargate,1
trip_110_8,110,WEEKDAY,Narhegaon,0
trip_111_3,111,WEEKDAY,Swargate,1
trip_110_9,110,WEEKDAY,Narhegaon,0
trip_111_4,111,WEEKDAY,Swargate,1
trip_110_10,110,WEEKDAY,Narhegaon,0
trip_111_5,111,WEEKDAY,Swargate,1
trip_110_11,110,WEEKDAY,Narhegaon,0
trip_111_6,111,WEEKDAY,Swargate,1
trip_110_12,110,WEEKDAY,Narhegaon,0
trip_111_7,111,WEEKDAY,Swargate,1
trip_82_0,82,WEEKDAY,Aundhgaon,0
trip_110_13,110,WEEKDAY,Narhegaon,0
trip_111_8,111,WEEKDAY,Swargate,1
trip_110_14,110,WEEKDAY,Narhegaon,0
trip_111_9,111,WEEKDAY,Swargate,1
trip_110_15,110,WEEKDAY,Narhegaon,0
trip_111_10,111,WEEKDAY,Swargate,1
trip_110_16,110,WEEKDAY,Narhegaon,0
trip_111_11,111,WEEKDAY,Swargate,1
trip_110_17,110,WEEKDAY,Narhegaon,0
trip_111_12,111,WEEKDAY,Swargate,1
trip_110_18,110,WEEKDAY,Narhegaon,0
trip_111_13,111,WEEKDAY,Swargate,1
trip_110_19,110,WEEKDAY,Narhegaon,0
trip_111_14,111,WEEKDAY,Swargate,1
trip_110_20,110,WEEKDAY,Narhegaon,0
trip_111_15,111,WEEKDAY,Swargate,1
trip_110_21,110,WEEKDAY,Narhegaon,0
trip_111_16,111,WEEKDAY,Swargate,1
trip_110_22,110,WEEKDAY,Narhegaon,0
trip_111_17,111,WEEKDAY,Swargate,1
trip_110_23,110,WEEKDAY,Narhegaon,0
trip_111_18,111,WEEKDAY,Swargate,1
trip_110_24,110,WEEKDAY,Narhegaon,0
trip_111_19,111,WEEKDAY,Swargate,1
trip_110_25,110,WEEKDAY,Narhegaon,0
trip_111_20,111,WEEKDAY,Swargate,1
trip_110_26,110,WEEKDAY,Narhegaon,0
trip_111_21,111,WEEKDAY,Swargate,1
trip_110_27,110,WEEKDAY,Narhegaon,0
trip_111_22,111,WEEKDAY,Swargate,1
trip_110_28,110,WEEKDAY,Narhegaon,0
trip_111_23,111,WEEKDAY,Swargate,1
trip_110_29,110,WEEKDAY,Narhegaon,0
trip_111_24,111,WEEKDAY,Swargate,1
trip_110_30,110,WEEKDAY,Narhegaon,0
trip_111_25,111,WEEKDAY,Swargate,1
trip_110_31,110,WEEKDAY,Narhegaon,0
trip_111_26,111,WEEKDAY,Swargate,1
trip_110_32,110,WEEKDAY,Narhegaon,0
trip_111_27,111,WEEKDAY,Swargate,1
trip_110_33,110,WEEKDAY,Narhegaon,0
trip_111_28,111,WEEKDAY,Swargate,1
trip_110_34,110,WEEKDAY,Narhegaon,0
trip_111_29,111,WEEKDAY,Swargate,1
trip_110_35,110,WEEKDAY,Narhegaon,0
trip_111_30,111,WEEKDAY,Swargate,1
trip_110_36,110,WEEKDAY,Narhegaon,0
trip_111_31,111,WEEKDAY,Swargate,1
trip_110_37,110,WEEKDAY,Narhegaon,0
trip_111_32,111,WEEKDAY,Swargate,1
trip_110_38,110,WEEKDAY,Narhegaon,0
trip_111_33,111,WEEKDAY,Swargate,1
trip_110_39,110,WEEKDAY,Narhegaon,0
trip_111_34,111,WEEKDAY,Swargate,1
trip_111_35,111,WEEKDAY,Swargate,1
trip_111_36,111,WEEKDAY,Swargate,1
trip_111_37,111,WEEKDAY,Swargate,1
trip_111_38,111,WEEKDAY,Swargate,1
trip_111_39,111,WEEKDAY,Swargate,1
trip_111_40,111,WEEKDAY,Swargate,1
trip_82_1,82,WEEKDAY,Aundhgaon,0
trip_82_2,82,WEEKDAY,Aundhgaon,0
trip_82_3,82,WEEKDAY,Aundhgaon,0
trip_82_4,82,WEEKDAY,Aundhgaon,0
trip_82_5,82,WEEKDAY,Aundhgaon,0
trip_83_0,83,WEEKDAY,Neilsoft Company infosys Phase 3,1
trip_83_1,83,WEEKDAY,Neilsoft Company infosys Phase 3,1
trip_83_2,83,WEEKDAY,Neilsoft Company infosys Phase 3,1
trip_83_3,83,WEEKDAY,Neilsoft Company infosys Phase 3,1
trip_83_4,83,WEEKDAY,Neilsoft Company infosys Phase 3,1
trip_83_5,83,WEEKDAY,Neilsoft Company infosys Phase 3,1
trip_83_6,83,WEEKDAY,Neilsoft Company infosys Phase 3,1
trip_83_7,83,WEEKDAY,Neilsoft Company infosys Phase 3,1
trip_83_8,83,WEEKDAY,Neilsoft Company infosys Phase 3,1
trip_96_0,96,WEEKDAY,Bopkhel,0
trip_96_1,96,WEEKDAY,Bopkhel,0
trip_96_2,96,WEEKDAY,Bopkhel,0
trip_96_3,96,WEEKDAY,Bopkhel,0
trip_96_4,96,WEEKDAY,Bopkhel,0
trip_96_5,96,WEEKDAY,Bopkhel,0
trip_96_6,96,WEEKDAY,Bopkhel,0
trip_96_7,96,WEEKDAY,Bopkhel,0
trip_96_8,96,WEEKDAY,Bopkhel,0
trip_96_9,96,WEEKDAY,Bopkhel,0
trip_96_10,96,WEEKDAY,Bopkhel,0
trip_96_11,96,WEEKDAY,Bopkhel,0
trip_96_12,96,WEEKDAY,Bopkhel,0
trip_96_13,96,WEEKDAY,Bopkhel,0
trip_100_0,100,WEEKDAY,Pimple Nilakh,1
trip_96_14,96,WEEKDAY,Bopkhel,0
trip_96_15,96,WEEKDAY,Bopkhel,0
trip_96_16,96,WEEKDAY,Bopkhel,0
trip_96_17,96,WEEKDAY,Bopkhel,0
trip_96_18,96,WEEKDAY,Bopkhel,0
trip_96_19,96,WEEKDAY,Bopkhel,0
trip_96_20,96,WEEKDAY,Bopkhel,0
trip_96_21,96,WEEKDAY,Bopkhel,0
trip_96_22,96,WEEKDAY,Bopkhel,0
trip_96_23,96,WEEKDAY,Bopkhel,0
trip_100_1,100,WEEKDAY,Pimple Nilakh,1
trip_100_2,100,WEEKDAY,Pimple Nilakh,1
trip_100_3,100,WEEKDAY,Pimple Nilakh,1
trip_100_4,100,WEEKDAY,Pimple Nilakh,1
trip_100_5,100,WEEKDAY,Pimple Nilakh,1
trip_100_6,100,WEEKDAY,Pimple Nilakh,1
trip_100_7,100,WEEKDAY,Pimple Nilakh,1
trip_100_8,100,WEEKDAY,Pimple Nilakh,1
trip_100_9,100,WEEKDAY,Pimple Nilakh,1
trip_100_10,100,WEEKDAY,Pimple Nilakh,1
trip_100_11,100,WEEKDAY,Pimple Nilakh,1
trip_100_12,100,WEEKDAY,Pimple Nilakh,1
trip_100_13,100,WEEKDAY,Pimple Nilakh,1
trip_100_14,100,WEEKDAY,Pimple Nilakh,1
trip_100_15,100,WEEKDAY,Pimple Nilakh,1
trip_100_16,100,WEEKDAY,Pimple Nilakh,1
trip_100_17,100,WEEKDAY,Pimple Nilakh,1
trip_100_18,100,WEEKDAY,Pimple Nilakh,1
trip_100_19,100,WEEKDAY,Pimple Nilakh,1
trip_100_20,100,WEEKDAY,Pimple Nilakh,1
trip_100_21,100,WEEKDAY,Pimple Nilakh,1
trip_100_22,100,WEEKDAY,Pimple Nilakh,1
trip_100_23,100,WEEKDAY,Pimple Nilakh,1
trip_100_24,100,WEEKDAY,Pimple Nilakh,1
trip_115_0,115,WEEKDAY,Shubham Society Nagar Road,1
trip_115_1,115,WEEKDAY,Shubham Society Nagar Road,1
trip_115_2,115,WEEKDAY,Shubham Society Nagar Road,1
trip_115_3,115,WEEKDAY,Shubham Society Nagar Road,1
trip_115_4,115,WEEKDAY,Shubham Society Nagar Road,1
trip_115_5,115,WEEKDAY,Shubham Society Nagar Road,1
trip_115_6,115,WEEKDAY,Shubham Society Nagar Road,1
trip_115_7,115,WEEKDAY,Shubham Society Nagar Road,1
trip_115_8,115,WEEKDAY,Shubham Society Nagar Road,1
trip_115_9,115,WEEKDAY,Shubham Society Nagar Road,1
trip_115_10,115,WEEKDAY,Shubham Society Nagar Road,1
trip_115_11,115,WEEKDAY,Shubham Society Nagar Road,1
trip_115_12,115,WEEKDAY,Shubham Society Nagar Road,1
trip_115_13,115,WEEKDAY,Shubham Society Nagar Road,1
trip_115_14,115,WEEKDAY,Shubham Society Nagar Road,1
trip_114_0,114,WEEKDAY,Ma Na Pa Shramik Bhavan,0
trip_114_1,114,WEEKDAY,Ma Na Pa Shramik Bhavan,0
trip_114_2,114,WEEKDAY,Ma Na Pa Shramik Bhavan,0
trip_114_3,114,WEEKDAY,Ma Na Pa Shramik Bhavan,0
trip_114_4,114,WEEKDAY,Ma Na Pa Shramik Bhavan,0
trip_114_5,114,WEEKDAY,Ma Na Pa Shramik Bhavan,0
trip_114_6,114,WEEKDAY,Ma Na Pa Shramik Bhavan,0
trip_114_7,114,WEEKDAY,Ma Na Pa Shramik Bhavan,0
trip_114_8,114,WEEKDAY,Ma Na Pa Shramik Bhavan,0
trip_114_9,114,WEEKDAY,Ma Na Pa Shramik Bhavan,0
trip_114_10,114,WEEKDAY,Ma Na Pa Shramik Bhavan,0
trip_114_11,114,WEEKDAY,Ma Na Pa Shramik Bhavan,0
trip_114_12,114,WEEKDAY,Ma Na Pa Shramik Bhavan,0
trip_114_13,114,WEEKDAY,Ma Na Pa Shramik Bhavan,0
trip_114_14,114,WEEKDAY,Ma Na Pa Shramik Bhavan,0
trip_118_0,118,WEEKDAY,Ma Na Pa Shramik Bhavan,0
trip_118_1,118,WEEKDAY,Ma Na Pa Shramik Bhavan,0
trip_118_2,118,WEEKDAY,Ma Na Pa Shramik Bhavan,0
trip_118_3,118,WEEKDAY,Ma Na Pa Shramik Bhavan,0
trip_118_4,118,WEEKDAY,Ma Na Pa Shramik Bhavan,0
trip_118_5,118,WEEKDAY,Ma Na Pa Shramik Bhavan,0
trip_118_6,118,WEEKDAY,Ma Na Pa Shramik Bhavan,0
trip_118_7,118,WEEKDAY,Ma Na Pa Shramik Bhavan,0
trip_118_8,118,WEEKDAY,Ma Na Pa Shramik Bhavan,0
trip_118_9,118,WEEKDAY,Ma Na Pa Shramik Bhavan,0
trip_118_10,118,WEEKDAY,Ma Na Pa Shramik Bhavan,0
trip_118_11,118,WEEKDAY,Ma Na Pa Shramik Bhavan,0
trip_118_12,118,WEEKDAY,Ma Na Pa Shramik Bhavan,0
trip_118_13,118,WEEKDAY,Ma Na Pa Shramik Bhavan,0
trip_118_14,118,WEEKDAY,Ma Na Pa Shramik Bhavan,0
trip_118_15,118,WEEKDAY,Ma Na Pa Shramik Bhavan,0
trip_118_16,118,WEEKDAY,Ma Na Pa Shramik Bhavan,0
trip_118_17,118,WEEKDAY,Ma Na Pa Shramik Bhavan,0
trip_118_18,118,WEEKDAY,Ma Na Pa Shramik Bhavan,0
trip_118_19,118,WEEKDAY,Ma Na Pa Shramik Bhavan,0
trip_118_20,118,WEEKDAY,Ma Na Pa Shramik Bhavan,0
trip_118_21,118,WEEKDAY,Ma Na Pa Shramik Bhavan,0
trip_118_22,118,WEEKDAY,Ma Na Pa Shramik Bhavan,0
trip_118_23,118,WEEKDAY,Ma Na Pa Shramik Bhavan,0
trip_118_24,118,WEEKDAY,Ma Na Pa Shramik Bhavan,0
trip_118_25,118,WEEKDAY,Ma Na Pa Shramik Bhavan,0
trip_118_26,118,WEEKDAY,Ma Na Pa Shramik Bhavan,0
trip_116_0,116,WEEKDAY,Ma Na Pa Shramik Bhavan,0
trip_117_0,117,WEEKDAY,Columbia Hospital,1
trip_116_1,116,WEEKDAY,Ma Na Pa Shramik Bhavan,0
trip_116_2,116,WEEKDAY,Ma Na Pa Shramik Bhavan,0
trip_116_3,116,WEEKDAY,Ma Na Pa Shramik Bhavan,0
trip_117_1,117,WEEKDAY,Columbia Hospital,1
trip_116_4,116,WEEKDAY,Ma Na Pa Shramik Bhavan,0
trip_117_2,117,WEEKDAY,Columbia Hospital,1
trip_116_5,116,WEEKDAY,Ma Na Pa Shramik Bhavan,0
trip_117_3,117,WEEKDAY,Columbia Hospital,1
trip_116_6,116,WEEKDAY,Ma Na Pa Shramik Bhavan,0
trip_112_0,112,WEEKDAY,Ma Na Pa Dengle Pul Nadikhathi,0
trip_117_4,117,WEEKDAY,Columbia Hospital,1
trip_116_7,116,WEEKDAY,Ma Na Pa Shramik Bhavan,0
trip_117_5,117,WEEKDAY,Columbia Hospital,1
trip_116_8,116,WEEKDAY,Ma Na Pa Shramik Bhavan,0
trip_117_6,117,WEEKDAY,Columbia Hospital,1
trip_116_9,116,WEEKDAY,Ma Na Pa Shramik Bhavan,0
trip_117_7,117,WEEKDAY,Columbia Hospital,1
trip_116_10,116,WEEKDAY,Ma Na Pa Shramik Bhavan,0
trip_117_8,117,WEEKDAY,Columbia Hospital,1
trip_116_11,116,WEEKDAY,Ma Na Pa Shramik Bhavan,0
trip_117_9,117,WEEKDAY,Columbia Hospital,1
trip_116_12,116,WEEKDAY,Ma Na Pa Shramik Bhavan,0
trip_117_10,117,WEEKDAY,Columbia Hospital,1
trip_116_13,116,WEEKDAY,Ma Na Pa Shramik Bhavan,0
trip_116_14,116,WEEKDAY,Ma Na Pa Shramik Bhavan,0
trip_117_11,117,WEEKDAY,Columbia Hospital,1
trip_116_15,116,WEEKDAY,Ma Na Pa Shramik Bhavan,0
trip_117_12,117,WEEKDAY,Columbia Hospital,1
trip_116_16,116,WEEKDAY,Ma Na Pa Shramik Bhavan,0
trip_117_13,117,WEEKDAY,Columbia Hospital,1
trip_116_17,116,WEEKDAY,Ma Na Pa Shramik Bhavan,0
trip_117_14,117,WEEKDAY,Columbia Hospital,1
trip_116_18,116,WEEKDAY,Ma Na Pa Shramik Bhavan,0
trip_117_15,117,WEEKDAY,Columbia Hospital,1
trip_116_19,116,WEEKDAY,Ma Na Pa Shramik Bhavan,0
trip_117_16,117,WEEKDAY,Columbia Hospital,1
trip_116_20,116,WEEKDAY,Ma Na Pa Shramik Bhavan,0
trip_117_17,117,WEEKDAY,Columbia Hospital,1
trip_116_21,116,WEEKDAY,Ma Na Pa Shramik Bhavan,0
trip_117_18,117,WEEKDAY,Columbia Hospital,1
trip_116_22,116,WEEKDAY,Ma Na Pa Shramik Bhavan,0
trip_117_19,117,WEEKDAY,Columbia Hospital,1
trip_116_23,116,WEEKDAY,Ma Na Pa Shramik Bhavan,0
trip_117_20,117,WEEKDAY,Columbia Hospital,1
trip_116_24,116,WEEKDAY,Ma Na Pa Shramik Bhavan,0
trip_117_21,117,WEEKDAY,Columbia Hospital,1
trip_116_25,116,WEEKDAY,Ma Na Pa Shramik Bhavan,0
trip_117_22,117,WEEKDAY,Columbia Hospital,1
trip_116_26,116,WEEKDAY,Ma Na Pa Shramik Bhavan,0
trip_117_23,117,WEEKDAY,Columbia Hospital,1
trip_116_27,116,WEEKDAY,Ma Na Pa Shramik Bhavan,0
trip_117_24,117,WEEKDAY,Columbia Hospital,1
trip_116_28,116,WEEKDAY,Ma Na Pa Shramik Bhavan,0
trip_117_25,117,WEEKDAY,Columbia Hospital,1
trip_116_29,116,WEEKDAY,Ma Na Pa Shramik Bhavan,0
trip_117_26,117,WEEKDAY,Columbia Hospital,1
trip_116_30,116,WEEKDAY,Ma Na Pa Shramik Bhavan,0
trip_117_27,117,WEEKDAY,Columbia Hospital,1
trip_116_31,116,WEEKDAY,Ma Na Pa Shramik Bhavan,0
trip_117_28,117,WEEKDAY,Columbia Hospital,1
trip_113_0,113,WEEKDAY,Golegaon Gram Panchayat,1
trip_116_32,116,WEEKDAY,Ma Na Pa Shramik Bhavan,0
trip_117_29,117,WEEKDAY,Columbia Hospital,1
trip_116_33,116,WEEKDAY,Ma Na Pa Shramik Bhavan,0
trip_117_30,117,WEEKDAY,Columbia Hospital,1
trip_117_31,117,WEEKDAY,Columbia Hospital,1
trip_117_32,117,WEEKDAY,Columbia Hospital,1
trip_117_33,117,WEEKDAY,Columbia Hospital,1
trip_117_34,117,WEEKDAY,Columbia Hospital,1
trip_112_1,112,WEEKDAY,Ma Na Pa Dengle Pul Nadikhathi,0
trip_112_2,112,WEEKDAY,Ma Na Pa Dengle Pul Nadikhathi,0
trip_112_3,112,WEEKDAY,Ma Na Pa Dengle Pul Nadikhathi,0
trip_112_4,112,WEEKDAY,Ma Na Pa Dengle Pul Nadikhathi,0
trip_119_0,119,WEEKDAY,Anand Park Vadgaon Sheri Road,1
trip_113_1,113,WEEKDAY,Golegaon Gram Panchayat,1
trip_113_2,113,WEEKDAY,Golegaon Gram Panchayat,1
trip_113_3,113,WEEKDAY,Golegaon Gram Panchayat,1
trip_113_4,113,WEEKDAY,Golegaon Gram Panchayat,1
trip_119_1,119,WEEKDAY,Anand Park Vadgaon Sheri Road,1
trip_119_2,119,WEEKDAY,Anand Park Vadgaon Sheri Road,1
trip_119_3,119,WEEKDAY,Anand Park Vadgaon Sheri Road,1
trip_119_4,119,WEEKDAY,Anand Park Vadgaon Sheri Road,1
trip_119_5,119,WEEKDAY,Anand Park Vadgaon Sheri Road,1
trip_119_6,119,WEEKDAY,Anand Park Vadgaon Sheri Road,1
trip_119_7,119,WEEKDAY,Anand Park Vadgaon Sheri Road,1
trip_119_8,119,WEEKDAY,Anand Park Vadgaon Sheri Road,1
trip_119_9,119,WEEKDAY,Anand Park Vadgaon Sheri Road,1
trip_119_10,119,WEEKDAY,Anand Park Vadgaon Sheri Road,1
trip_119_11,119,WEEKDAY,Anand Park Vadgaon Sheri Road,1
trip_119_12,119,WEEKDAY,Anand Park Vadgaon Sheri Road,1
trip_119_13,119,WEEKDAY,Anand Park Vadgaon Sheri Road,1
trip_119_14,119,WEEKDAY,Anand Park Vadgaon Sheri Road,1
trip_119_15,119,WEEKDAY,Anand Park Vadgaon Sheri Road,1
trip_119_16,119,WEEKDAY,Anand Park Vadgaon Sheri Road,1
trip_119_17,119,WEEKDAY,Anand Park Vadgaon Sheri Road,1
trip_119_18,119,WEEKDAY,Anand Park Vadgaon Sheri Road,1
trip_119_19,119,WEEKDAY,Anand Park Vadgaon Sheri Road,1
trip_119_20,119,WEEKDAY,Anand Park Vadgaon Sheri Road,1
trip_119_21,119,WEEKDAY,Anand Park Vadgaon Sheri Road,1
trip_119_22,119,WEEKDAY,Anand Park Vadgaon Sheri Road,1
trip_119_23,119,WEEKDAY,Anand Park Vadgaon Sheri Road,1
trip_119_24,119,WEEKDAY,Anand Park Vadgaon Sheri Road,1
trip_119_25,119,WEEKDAY,Anand Park Vadgaon Sheri Road,1
trip_119_26,119,WEEKDAY,Anand Park Vadgaon Sheri Road,1
trip_126_0,126,WEEKDAY,Kesnand Phata Wagholi,0
trip_126_1,126,WEEKDAY,Kesnand Phata Wagholi,0
trip_126_2,126,WEEKDAY,Kesnand Phata Wagholi,0
trip_126_3,126,WEEKDAY,Kesnand Phata Wagholi,0
trip_126_4,126,WEEKDAY,Kesnand Phata Wagholi,0
trip_126_5,126,WEEKDAY,Kesnand Phata Wagholi,0
trip_127_0,127,WEEKDAY,Vadegaon,1
trip_127_1,127,WEEKDAY,Vadegaon,1
trip_127_2,127,WEEKDAY,Vadegaon,1
trip_127_3,127,WEEKDAY,Vadegaon,1
trip_127_4,127,WEEKDAY,Vadegaon,1
trip_127_5,127,WEEKDAY,Vadegaon,1
trip_142_0,142,WEEKDAY,Upper Depot,0
trip_145_0,145,WEEKDAY,Shivaji Nagar,1
trip_142_1,142,WEEKDAY,Upper Depot,0
trip_142_2,142,WEEKDAY,Upper Depot,0
trip_142_3,142,WEEKDAY,Upper Depot,0
trip_142_4,142,WEEKDAY,Upper Depot,0
trip_142_5,142,WEEKDAY,Upper Depot,0
trip_142_6,142,WEEKDAY,Upper Depot,0
trip_142_7,142,WEEKDAY,Upper Depot,0
trip_142_8,142,WEEKDAY,Upper Depot,0
trip_142_9,142,WEEKDAY,Upper Depot,0
trip_142_10,142,WEEKDAY,Upper Depot,0
trip_142_11,142,WEEKDAY,Upper Depot,0
trip_142_12,142,WEEKDAY,Upper Depot,0
trip_142_13,142,WEEKDAY,Upper Depot,0
trip_145_1,145,WEEKDAY,Shivaji Nagar,1
trip_142_14,142,WEEKDAY,Upper Depot,0
trip_145_2,145,WEEKDAY,Shivaji Nagar,1
trip_142_15,142,WEEKDAY,Upper Depot,0
trip_145_3,145,WEEKDAY,Shivaji Nagar,1
trip_142_16,142,WEEKDAY,Upper Depot,0
trip_145_4,145,WEEKDAY,Shivaji Nagar,1
trip_142_17,142,WEEKDAY,Upper Depot,0
trip_145_5,145,WEEKDAY,Shivaji Nagar,1
trip_142_18,142,WEEKDAY,Upper Depot,0
trip_145_6,145,WEEKDAY,Shivaji Nagar,1
trip_142_19,142,WEEKDAY,Upper Depot,0
trip_145_7,145,WEEKDAY,Shivaji Nagar,1
trip_142_20,142,WEEKDAY,Upper Depot,0
trip_145_8,145,WEEKDAY,Shivaji Nagar,1
trip_142_21,142,WEEKDAY,Upper Depot,0
trip_145_9,145,WEEKDAY,Shivaji Nagar,1
trip_142_22,142,WEEKDAY,Upper Depot,0
trip_145_10,145,WEEKDAY,Shivaji Nagar,1
trip_142_23,142,WEEKDAY,Upper Depot,0
trip_145_11,145,WEEKDAY,Shivaji Nagar,1
trip_142_24,142,WEEKDAY,Upper Depot,0
trip_145_12,145,WEEKDAY,Shivaji Nagar,1
trip_142_25,142,WEEKDAY,Upper Depot,0
trip_145_13,145,WEEKDAY,Shivaji Nagar,1
trip_142_26,142,WEEKDAY,Upper Depot,0
trip_145_14,145,WEEKDAY,Shivaji Nagar,1
trip_142_27,142,WEEKDAY,Upper Depot,0
trip_145_15,145,WEEKDAY,Shivaji Nagar,1
trip_142_28,142,WEEKDAY,Upper Depot,0
trip_145_16,145,WEEKDAY,Shivaji Nagar,1
trip_142_29,142,WEEKDAY,Upper Depot,0
trip_145_17,145,WEEKDAY,Shivaji Nagar,1
trip_142_30,142,WEEKDAY,Upper Depot,0
trip_145_18,145,WEEKDAY,Shivaji Nagar,1
trip_145_19,145,WEEKDAY,Shivaji Nagar,1
trip_142_31,142,WEEKDAY,Upper Depot,0
trip_145_20,145,WEEKDAY,Shivaji Nagar,1
trip_142_32,142,WEEKDAY,Upper Depot,0
trip_145_21,145,WEEKDAY,Shivaji Nagar,1
trip_142_33,142,WEEKDAY,Upper Depot,0
trip_145_22,145,WEEKDAY,Shivaji Nagar,1
trip_142_34,142,WEEKDAY,Upper Depot,0
trip_145_23,145,WEEKDAY,Shivaji Nagar,1
trip_142_35,142,WEEKDAY,Upper Depot,0
trip_145_24,145,WEEKDAY,Shivaji Nagar,1
trip_142_36,142,WEEKDAY,Upper Depot,0
trip_145_25,145,WEEKDAY,Shivaji Nagar,1
trip_142_37,142,WEEKDAY,Upper Depot,0
trip_145_26,145,WEEKDAY,Shivaji Nagar,1
trip_142_38,142,WEEKDAY,Upper Depot,0
trip_145_27,145,WEEKDAY,Shivaji Nagar,1
trip_142_39,142,WEEKDAY,Upper Depot,0
trip_145_28,145,WEEKDAY,Shivaji Nagar,1
trip_142_40,142,WEEKDAY,Upper Depot,0
trip_145_29,145,WEEKDAY,Shivaji Nagar,1
trip_142_41,142,WEEKDAY,Upper Depot,0
trip_145_30,145,WEEKDAY,Shivaji Nagar,1
trip_142_42,142,WEEKDAY,Upper Depot,0
trip_145_31,145,WEEKDAY,Shivaji Nagar,1
trip_142_43,142,WEEKDAY,Upper Depot,0
trip_145_32,145,WEEKDAY,Shivaji Nagar,1
trip_142_44,142,WEEKDAY,Upper Depot,0
trip_145_33,145,WEEKDAY,Shivaji Nagar,1
trip_142_45,142,WEEKDAY,Upper Depot,0
trip_145_34,145,WEEKDAY,Shivaji Nagar,1
trip_142_46,142,WEEKDAY,Upper Depot,0
trip_145_35,145,WEEKDAY,Shivaji Nagar,1
trip_142_47,142,WEEKDAY,Upper Depot,0
trip_145_36,145,WEEKDAY,Shivaji Nagar,1
trip_142_48,142,WEEKDAY,Upper Depot,0
trip_145_37,145,WEEKDAY,Shivaji Nagar,1
trip_142_49,142,WEEKDAY,Upper Depot,0
trip_145_38,145,WEEKDAY,Shivaji Nagar,1
trip_142_50,142,WEEKDAY,Upper Depot,0
trip_145_39,145,WEEKDAY,Shivaji Nagar,1
trip_142_51,142,WEEKDAY,Upper Depot,0
trip_145_40,145,WEEKDAY,Shivaji Nagar,1
trip_142_52,142,WEEKDAY,Upper Depot,0
trip_145_41,145,WEEKDAY,Shivaji Nagar,1
trip_142_53,142,WEEKDAY,Upper Depot,0
trip_145_42,145,WEEKDAY,Shivaji Nagar,1
trip_142_54,142,WEEKDAY,Upper Depot,0
trip_145_43,145,WEEKDAY,Shivaji Nagar,1
trip_142_55,142,WEEKDAY,Upper Depot,0
trip_145_44,145,WEEKDAY,Shivaji Nagar,1
trip_142_56,142,WEEKDAY,Upper Depot,0
trip_145_45,145,WEEKDAY,Shivaji Nagar,1
trip_142_57,142,WEEKDAY,Upper Depot,0
trip_145_46,145,WEEKDAY,Shivaji Nagar,1
trip_142_58,142,WEEKDAY,Upper Depot,0
trip_145_47,145,WEEKDAY,Shivaji Nagar,1
trip_142_59,142,WEEKDAY,Upper Depot,0
trip_145_48,145,WEEKDAY,Shivaji Nagar,1
trip_142_60,142,WEEKDAY,Upper Depot,0
trip_145_49,145,WEEKDAY,Shivaji Nagar,1
trip_142_61,142,WEEKDAY,Upper Depot,0
trip_145_50,145,WEEKDAY,Shivaji Nagar,1
trip_142_62,142,WEEKDAY,Upper Depot,0
trip_145_51,145,WEEKDAY,Shivaji Nagar,1
trip_142_63,142,WEEKDAY,Upper Depot,0
trip_145_52,145,WEEKDAY,Shivaji Nagar,1
trip_142_64,142,WEEKDAY,Upper Depot,0
trip_145_53,145,WEEKDAY,Shivaji Nagar,1
trip_142_65,142,WEEKDAY,Upper Depot,0
trip_145_54,145,WEEKDAY,Shivaji Nagar,1
trip_142_66,142,WEEKDAY,Upper Depot,0
trip_145_55,145,WEEKDAY,Shivaji Nagar,1
trip_142_67,142,WEEKDAY,Upper Depot,0
trip_145_56,145,WEEKDAY,Shivaji Nagar,1
trip_142_68,142,WEEKDAY,Upper Depot,0
trip_145_57,145,WEEKDAY,Shivaji Nagar,1
trip_142_69,142,WEEKDAY,Upper Depot,0
trip_145_58,145,WEEKDAY,Shivaji Nagar,1
trip_145_59,145,WEEKDAY,Shivaji Nagar,1
trip_142_70,142,WEEKDAY,Upper Depot,0
trip_145_60,145,WEEKDAY,Shivaji Nagar,1
trip_142_71,142,WEEKDAY,Upper Depot,0
trip_145_61,145,WEEKDAY,Shivaji Nagar,1
trip_142_72,142,WEEKDAY,Upper Depot,0
trip_145_62,145,WEEKDAY,Shivaji Nagar,1
trip_142_73,142,WEEKDAY,Upper Depot,0
trip_145_63,145,WEEKDAY,Shivaji Nagar,1
trip_142_74,142,WEEKDAY,Upper Depot,0
trip_145_64,145,WEEKDAY,Shivaji Nagar,1
trip_142_75,142,WEEKDAY,Upper Depot,0
trip_145_65,145,WEEKDAY,Shivaji Nagar,1
trip_142_76,142,WEEKDAY,Upper Depot,0
trip_145_66,145,WEEKDAY,Shivaji Nagar,1
trip_142_77,142,WEEKDAY,Upper Depot,0
trip_145_67,145,WEEKDAY,Shivaji Nagar,1
trip_142_78,142,WEEKDAY,Upper Depot,0
trip_145_68,145,WEEKDAY,Shivaji Nagar,1
trip_145_69,145,WEEKDAY,Shivaji Nagar,1
trip_145_70,145,WEEKDAY,Shivaji Nagar,1
trip_145_71,145,WEEKDAY,Shivaji Nagar,1
trip_145_72,145,WEEKDAY,Shivaji Nagar,1
trip_145_73,145,WEEKDAY,Shivaji Nagar,1
trip_145_74,145,WEEKDAY,Shivaji Nagar,1
trip_145_75,145,WEEKDAY,Shivaji Nagar,1
trip_145_76,145,WEEKDAY,Shivaji Nagar,1
trip_145_77,145,WEEKDAY,Shivaji Nagar,1
trip_135_0,135,WEEKDAY,Nigdi Bhakti Shakti Stand,1
trip_134_0,134,WEEKDAY,Bhekrai Nagar,0
trip_146_0,146,WEEKDAY,Katraj Kondhwa Road,0
trip_147_0,147,WEEKDAY,Pune Station Jayprakash Stand,1
trip_146_1,146,WEEKDAY,Katraj Kondhwa Road,0
trip_135_1,135,WEEKDAY,Nigdi Bhakti Shakti Stand,1
trip_147_1,147,WEEKDAY,Pune Station Jayprakash Stand,1
trip_135_2,135,WEEKDAY,Nigdi Bhakti Shakti Stand,1
trip_135_3,135,WEEKDAY,Nigdi Bhakti Shakti Stand,1
trip_135_4,135,WEEKDAY,Nigdi Bhakti Shakti Stand,1
trip_134_1,134,WEEKDAY,Bhekrai Nagar,0
trip_135_5,135,WEEKDAY,Nigdi Bhakti Shakti Stand,1
trip_134_2,134,WEEKDAY,Bhekrai Nagar,0
trip_135_6,135,WEEKDAY,Nigdi Bhakti Shakti Stand,1
trip_134_3,134,WEEKDAY,Bhekrai Nagar,0
trip_135_7,135,WEEKDAY,Nigdi Bhakti Shakti Stand,1
trip_134_4,134,WEEKDAY,Bhekrai Nagar,0
trip_135_8,135,WEEKDAY,Nigdi Bhakti Shakti Stand,1
trip_134_5,134,WEEKDAY,Bhekrai Nagar,0
trip_135_9,135,WEEKDAY,Nigdi Bhakti Shakti Stand,1
trip_134_6,134,WEEKDAY,Bhekrai Nagar,0
trip_135_10,135,WEEKDAY,Nigdi Bhakti Shakti Stand,1
trip_134_7,134,WEEKDAY,Bhekrai Nagar,0
trip_135_11,135,WEEKDAY,Nigdi Bhakti Shakti Stand,1
trip_134_8,134,WEEKDAY,Bhekrai Nagar,0
trip_135_12,135,WEEKDAY,Nigdi Bhakti Shakti Stand,1
trip_134_9,134,WEEKDAY,Bhekrai Nagar,0
trip_135_13,135,WEEKDAY,Nigdi Bhakti Shakti Stand,1
trip_134_10,134,WEEKDAY,Bhekrai Nagar,0
trip_135_14,135,WEEKDAY,Nigdi Bhakti Shakti Stand,1
trip_134_11,134,WEEKDAY,Bhekrai Nagar,0
trip_135_15,135,WEEKDAY,Nigdi Bhakti Shakti Stand,1
trip_134_12,134,WEEKDAY,Bhekrai Nagar,0
trip_135_16,135,WEEKDAY,Nigdi Bhakti Shakti Stand,1
trip_134_13,134,WEEKDAY,Bhekrai Nagar,0
trip_135_17,135,WEEKDAY,Nigdi Bhakti Shakti Stand,1
trip_134_14,134,WEEKDAY,Bhekrai Nagar,0
trip_135_18,135,WEEKDAY,Nigdi Bhakti Shakti Stand,1
trip_134_15,134,WEEKDAY,Bhekrai Nagar,0
trip_135_19,135,WEEKDAY,Nigdi Bhakti Shakti Stand,1
trip_134_16,134,WEEKDAY,Bhekrai Nagar,0
trip_138_0,138,WEEKDAY,Shewalewadi Depot,0
trip_135_20,135,WEEKDAY,Nigdi Bhakti Shakti Stand,1
trip_134_17,134,WEEKDAY,Bhekrai Nagar,0
trip_135_21,135,WEEKDAY,Nigdi Bhakti Shakti Stand,1
trip_134_18,134,WEEKDAY,Bhekrai Nagar,0
trip_135_22,135,WEEKDAY,Nigdi Bhakti Shakti Stand,1
trip_134_19,134,WEEKDAY,Bhekrai Nagar,0
trip_135_23,135,WEEKDAY,Nigdi Bhakti Shakti Stand,1
trip_134_20,134,WEEKDAY,Bhekrai Nagar,0
trip_135_24,135,WEEKDAY,Nigdi Bhakti Shakti Stand,1
trip_134_21,134,WEEKDAY,Bhekrai Nagar,0
trip_135_25,135,WEEKDAY,Nigdi Bhakti Shakti Stand,1
trip_134_22,134,WEEKDAY,Bhekrai Nagar,0
trip_135_26,135,WEEKDAY,Nigdi Bhakti Shakti Stand,1
trip_134_23,134,WEEKDAY,Bhekrai Nagar,0
trip_135_27,135,WEEKDAY,Nigdi Bhakti Shakti Stand,1
trip_134_24,134,WEEKDAY,Bhekrai Nagar,0
trip_135_28,135,WEEKDAY,Nigdi Bhakti Shakti Stand,1
trip_134_25,134,WEEKDAY,Bhekrai Nagar,0
trip_135_29,135,WEEKDAY,Nigdi Bhakti Shakti Stand,1
trip_134_26,134,WEEKDAY,Bhekrai Nagar,0
trip_135_30,135,WEEKDAY,Nigdi Bhakti Shakti Stand,1
trip_134_27,134,WEEKDAY,Bhekrai Nagar,0
trip_135_31,135,WEEKDAY,Nigdi Bhakti Shakti Stand,1
trip_134_28,134,WEEKDAY,Bhekrai Nagar,0
trip_135_32,135,WEEKDAY,Nigdi Bhakti Shakti Stand,1
trip_134_29,134,WEEKDAY,Bhekrai Nagar,0
trip_135_33,135,WEEKDAY,Nigdi Bhakti Shakti Stand,1
trip_134_30,134,WEEKDAY,Bhekrai Nagar,0
trip_135_34,135,WEEKDAY,Nigdi Bhakti Shakti Stand,1
trip_134_31,134,WEEKDAY,Bhekrai Nagar,0
trip_135_35,135,WEEKDAY,Nigdi Bhakti Shakti Stand,1
trip_134_32,134,WEEKDAY,Bhekrai Nagar,0
trip_135_36,135,WEEKDAY,Nigdi Bhakti Shakti Stand,1
trip_134_33,134,WEEKDAY,Bhekrai Nagar,0
trip_134_34,134,WEEKDAY,Bhekrai Nagar,0
trip_134_35,134,WEEKDAY,Bhekrai Nagar,0
trip_134_36,134,WEEKDAY,Bhekrai Nagar,0
trip_138_1,138,WEEKDAY,Shewalewadi Depot,0
trip_138_2,138,WEEKDAY,Shewalewadi Depot,0
trip_138_3,138,WEEKDAY,Shewalewadi Depot,0
trip_138_4,138,WEEKDAY,Shewalewadi Depot,0
trip_138_5,138,WEEKDAY,Shewalewadi Depot,0
trip_138_6,138,WEEKDAY,Shewalewadi Depot,0
trip_138_7,138,WEEKDAY,Shewalewadi Depot,0
trip_138_8,138,WEEKDAY,Shewalewadi Depot,0
trip_138_9,138,WEEKDAY,Shewalewadi Depot,0
trip_139_0,139,WEEKDAY,Nigdi Bhakti Shakti,1
trip_138_10,138,WEEKDAY,Shewalewadi Depot,0
trip_138_11,138,WEEKDAY,Shewalewadi Depot,0
trip_138_12,138,WEEKDAY,Shewalewadi Depot,0
trip_138_13,138,WEEKDAY,Shewalewadi Depot,0
trip_138_14,138,WEEKDAY,Shewalewadi Depot,0
trip_138_15,138,WEEKDAY,Shewalewadi Depot,0
trip_138_16,138,WEEKDAY,Shewalewadi Depot,0
trip_138_17,138,WEEKDAY,Shewalewadi Depot,0
trip_138_18,138,WEEKDAY,Shewalewadi Depot,0
trip_138_19,138,WEEKDAY,Shewalewadi Depot,0
trip_138_20,138,WEEKDAY,Shewalewadi Depot,0
trip_138_21,138,WEEKDAY,Shewalewadi Depot,0
trip_138_22,138,WEEKDAY,Shewalewadi Depot,0
trip_138_23,138,WEEKDAY,Shewalewadi Depot,0
trip_138_24,138,WEEKDAY,Shewalewadi Depot,0
trip_138_25,138,WEEKDAY,Shewalewadi Depot,0
trip_138_26,138,WEEKDAY,Shewalewadi Depot,0
trip_138_27,138,WEEKDAY,Shewalewadi Depot,0
trip_138_28,138,WEEKDAY,Shewalewadi Depot,0
trip_138_29,138,WEEKDAY,Shewalewadi Depot,0
trip_138_30,138,WEEKDAY,Shewalewadi Depot,0
trip_139_1,139,WEEKDAY,Nigdi Bhakti Shakti,1
trip_139_2,139,WEEKDAY,Nigdi Bhakti Shakti,1
trip_139_3,139,WEEKDAY,Nigdi Bhakti Shakti,1
trip_139_4,139,WEEKDAY,Nigdi Bhakti Shakti,1
trip_139_5,139,WEEKDAY,Nigdi Bhakti Shakti,1
trip_139_6,139,WEEKDAY,Nigdi Bhakti Shakti,1
trip_139_7,139,WEEKDAY,Nigdi Bhakti Shakti,1
trip_139_8,139,WEEKDAY,Nigdi Bhakti Shakti,1
trip_139_9,139,WEEKDAY,Nigdi Bhakti Shakti,1
trip_139_10,139,WEEKDAY,Nigdi Bhakti Shakti,1
trip_139_11,139,WEEKDAY,Nigdi Bhakti Shakti,1
trip_139_12,139,WEEKDAY,Nigdi Bhakti Shakti,1
trip_139_13,139,WEEKDAY,Nigdi Bhakti Shakti,1
trip_139_14,139,WEEKDAY,Nigdi Bhakti Shakti,1
trip_139_15,139,WEEKDAY,Nigdi Bhakti Shakti,1
trip_139_16,139,WEEKDAY,Nigdi Bhakti Shakti,1
trip_139_17,139,WEEKDAY,Nigdi Bhakti Shakti,1
trip_139_18,139,WEEKDAY,Nigdi Bhakti Shakti,1
trip_139_19,139,WEEKDAY,Nigdi Bhakti Shakti,1
trip_139_20,139,WEEKDAY,Nigdi Bhakti Shakti,1
trip_139_21,139,WEEKDAY,Nigdi Bhakti Shakti,1
trip_139_22,139,WEEKDAY,Nigdi Bhakti Shakti,1
trip_139_23,139,WEEKDAY,Nigdi Bhakti Shakti,1
trip_139_24,139,WEEKDAY,Nigdi Bhakti Shakti,1
trip_139_25,139,WEEKDAY,Nigdi Bhakti Shakti,1
trip_139_26,139,WEEKDAY,Nigdi Bhakti Shakti,1
trip_139_27,139,WEEKDAY,Nigdi Bhakti Shakti,1
trip_139_28,139,WEEKDAY,Nigdi Bhakti Shakti,1
trip_139_29,139,WEEKDAY,Nigdi Bhakti Shakti,1
trip_139_30,139,WEEKDAY,Nigdi Bhakti Shakti,1
trip_139_31,139,WEEKDAY,Nigdi Bhakti Shakti,1
trip_151_0,151,WEEKDAY,Pune Station Jayprakash Stand,1
trip_151_1,151,WEEKDAY,Pune Station Jayprakash Stand,1
trip_150_0,150,WEEKDAY,Kumar Pruthvi Kondhwa,0
trip_151_2,151,WEEKDAY,Pune Station Jayprakash Stand,1
trip_151_3,151,WEEKDAY,Pune Station Jayprakash Stand,1
trip_151_4,151,WEEKDAY,Pune Station Jayprakash Stand,1
trip_151_5,151,WEEKDAY,Pune Station Jayprakash Stand,1
trip_151_6,151,WEEKDAY,Pune Station Jayprakash Stand,1
trip_151_7,151,WEEKDAY,Pune Station Jayprakash Stand,1
trip_150_1,150,WEEKDAY,Kumar Pruthvi Kondhwa,0
trip_150_2,150,WEEKDAY,Kumar Pruthvi Kondhwa,0
trip_150_3,150,WEEKDAY,Kumar Pruthvi Kondhwa,0
trip_150_4,150,WEEKDAY,Kumar Pruthvi Kondhwa,0
trip_150_5,150,WEEKDAY,Kumar Pruthvi Kondhwa,0
trip_150_6,150,WEEKDAY,Kumar Pruthvi Kondhwa,0
trip_150_7,150,WEEKDAY,Kumar Pruthvi Kondhwa,0
trip_149_0,149,WEEKDAY,Pune Station Jayprakash Stand,1
trip_148_0,148,WEEKDAY,Upper Depot,0
trip_149_1,149,WEEKDAY,Pune Station Jayprakash Stand,1
trip_149_2,149,WEEKDAY,Pune Station Jayprakash Stand,1
trip_149_3,149,WEEKDAY,Pune Station Jayprakash Stand,1
trip_149_4,149,WEEKDAY,Pune Station Jayprakash Stand,1
trip_149_5,149,WEEKDAY,Pune Station Jayprakash Stand,1
trip_148_1,148,WEEKDAY,Upper Depot,0
trip_149_6,149,WEEKDAY,Pune Station Jayprakash Stand,1
trip_148_2,148,WEEKDAY,Upper Depot,0
trip_149_7,149,WEEKDAY,Pune Station Jayprakash Stand,1
trip_148_3,148,WEEKDAY,Upper Depot,0
trip_149_8,149,WEEKDAY,Pune Station Jayprakash Stand,1
trip_148_4,148,WEEKDAY,Upper Depot,0
trip_149_9,149,WEEKDAY,Pune Station Jayprakash Stand,1
trip_148_5,148,WEEKDAY,Upper Depot,0
trip_149_10,149,WEEKDAY,Pune Station Jayprakash Stand,1
trip_148_6,148,WEEKDAY,Upper Depot,0
trip_149_11,149,WEEKDAY,Pune Station Jayprakash Stand,1
trip_148_7,148,WEEKDAY,Upper Depot,0
trip_149_12,149,WEEKDAY,Pune Station Jayprakash Stand,1
trip_148_8,148,WEEKDAY,Upper Depot,0
trip_149_13,149,WEEKDAY,Pune Station Jayprakash Stand,1
trip_148_9,148,WEEKDAY,Upper Depot,0
trip_149_14,149,WEEKDAY,Pune Station Jayprakash Stand,1
trip_148_10,148,WEEKDAY,Upper Depot,0
trip_149_15,149,WEEKDAY,Pune Station Jayprakash Stand,1
trip_148_11,148,WEEKDAY,Upper Depot,0
trip_149_16,149,WEEKDAY,Pune Station Jayprakash Stand,1
trip_148_12,148,WEEKDAY,Upper Depot,0
trip_149_17,149,WEEKDAY,Pune Station Jayprakash Stand,1
trip_148_13,148,WEEKDAY,Upper Depot,0
trip_149_18,149,WEEKDAY,Pune Station Jayprakash Stand,1
trip_149_19,149,WEEKDAY,Pune Station Jayprakash Stand,1
trip_148_14,148,WEEKDAY,Upper Depot,0
trip_149_20,149,WEEKDAY,Pune Station Jayprakash Stand,1
trip_148_15,148,WEEKDAY,Upper Depot,0
trip_149_21,149,WEEKDAY,Pune Station Jayprakash Stand,1
trip_148_16,148,WEEKDAY,Upper Depot,0
trip_149_22,149,WEEKDAY,Pune Station Jayprakash Stand,1
trip_148_17,148,WEEKDAY,Upper Depot,0
trip_149_23,149,WEEKDAY,Pune Station Jayprakash Stand,1
trip_148_18,148,WEEKDAY,Upper Depot,0
trip_149_24,149,WEEKDAY,Pune Station Jayprakash Stand,1
trip_148_19,148,WEEKDAY,Upper Depot,0
trip_149_25,149,WEEKDAY,Pune Station Jayprakash Stand,1
trip_148_20,148,WEEKDAY,Upper Depot,0
trip_149_26,149,WEEKDAY,Pune Station Jayprakash Stand,1
trip_148_21,148,WEEKDAY,Upper Depot,0
trip_149_27,149,WEEKDAY,Pune Station Jayprakash Stand,1
trip_148_22,148,WEEKDAY,Upper Depot,0
trip_149_28,149,WEEKDAY,Pune Station Jayprakash Stand,1
trip_148_23,148,WEEKDAY,Upper Depot,0
trip_149_29,149,WEEKDAY,Pune Station Jayprakash Stand,1
trip_148_24,148,WEEKDAY,Upper Depot,0
trip_149_30,149,WEEKDAY,Pune Station Jayprakash Stand,1
trip_148_25,148,WEEKDAY,Upper Depot,0
trip_149_31,149,WEEKDAY,Pune Station Jayprakash Stand,1
trip_148_26,148,WEEKDAY,Upper Depot,0
trip_149_32,149,WEEKDAY,Pune Station Jayprakash Stand,1
trip_148_27,148,WEEKDAY,Upper Depot,0
trip_149_33,149,WEEKDAY,Pune Station Jayprakash Stand,1
trip_148_28,148,WEEKDAY,Upper Depot,0
trip_149_34,149,WEEKDAY,Pune Station Jayprakash Stand,1
trip_149_35,149,WEEKDAY,Pune Station Jayprakash Stand,1
trip_148_29,148,WEEKDAY,Upper Depot,0
trip_149_36,149,WEEKDAY,Pune Station Jayprakash Stand,1
trip_148_30,148,WEEKDAY,Upper Depot,0
trip_149_37,149,WEEKDAY,Pune Station Jayprakash Stand,1
trip_148_31,148,WEEKDAY,Upper Depot,0
trip_149_38,149,WEEKDAY,Pune Station Jayprakash Stand,1
trip_148_32,148,WEEKDAY,Upper Depot,0
trip_149_39,149,WEEKDAY,Pune Station Jayprakash Stand,1
trip_148_33,148,WEEKDAY,Upper Depot,0
trip_149_40,149,WEEKDAY,Pune Station Jayprakash Stand,1
trip_148_34,148,WEEKDAY,Upper Depot,0
trip_149_41,149,WEEKDAY,Pune Station Jayprakash Stand,1
trip_148_35,148,WEEKDAY,Upper Depot,0
trip_149_42,149,WEEKDAY,Pune Station Jayprakash Stand,1
trip_148_36,148,WEEKDAY,Upper Depot,0
trip_149_43,149,WEEKDAY,Pune Station Jayprakash Stand,1
trip_148_37,148,WEEKDAY,Upper Depot,0
trip_149_44,149,WEEKDAY,Pune Station Jayprakash Stand,1
trip_148_38,148,WEEKDAY,Upper Depot,0
trip_149_45,149,WEEKDAY,Pune Station Jayprakash Stand,1
trip_148_39,148,WEEKDAY,Upper Depot,0
trip_149_46,149,WEEKDAY,Pune Station Jayprakash Stand,1
trip_148_40,148,WEEKDAY,Upper Depot,0
trip_149_47,149,WEEKDAY,Pune Station Jayprakash Stand,1
trip_148_41,148,WEEKDAY,Upper Depot,0
trip_149_48,149,WEEKDAY,Pune Station Jayprakash Stand,1
trip_148_42,148,WEEKDAY,Upper Depot,0
trip_149_49,149,WEEKDAY,Pune Station Jayprakash Stand,1
trip_148_43,148,WEEKDAY,Upper Depot,0
trip_149_50,149,WEEKDAY,Pune Station Jayprakash Stand,1
trip_148_44,148,WEEKDAY,Upper Depot,0
trip_149_51,149,WEEKDAY,Pune Station Jayprakash Stand,1
trip_148_45,148,WEEKDAY,Upper Depot,0
trip_149_52,149,WEEKDAY,Pune Station Jayprakash Stand,1
trip_148_46,148,WEEKDAY,Upper Depot,0
trip_149_53,149,WEEKDAY,Pune Station Jayprakash Stand,1
trip_148_47,148,WEEKDAY,Upper Depot,0
trip_149_54,149,WEEKDAY,Pune Station Jayprakash Stand,1
trip_148_48,148,WEEKDAY,Upper Depot,0
trip_149_55,149,WEEKDAY,Pune Station Jayprakash Stand,1
trip_148_49,148,WEEKDAY,Upper Depot,0
trip_149_56,149,WEEKDAY,Pune Station Jayprakash Stand,1
trip_148_50,148,WEEKDAY,Upper Depot,0
trip_149_57,149,WEEKDAY,Pune Station Jayprakash Stand,1
trip_148_51,148,WEEKDAY,Upper Depot,0
trip_148_52,148,WEEKDAY,Upper Depot,0
trip_149_58,149,WEEKDAY,Pune Station Jayprakash Stand,1
trip_148_53,148,WEEKDAY,Upper Depot,0
trip_149_59,149,WEEKDAY,Pune Station Jayprakash Stand,1
trip_148_54,148,WEEKDAY,Upper Depot,0
trip_149_60,149,WEEKDAY,Pune Station Jayprakash Stand,1
trip_148_55,148,WEEKDAY,Upper Depot,0
trip_148_56,148,WEEKDAY,Upper Depot,0
trip_148_57,148,WEEKDAY,Upper Depot,0
trip_148_58,148,WEEKDAY,Upper Depot,0
trip_148_59,148,WEEKDAY,Upper Depot,0
trip_148_60,148,WEEKDAY,Upper Depot,0
trip_148_61,148,WEEKDAY,Upper Depot,0
trip_148_62,148,WEEKDAY,Upper Depot,0
trip_125_0,125,WEEKDAY,Ranjangaon Sandas,1
trip_124_0,124,WEEKDAY,Ma Na Pa Shramik Bhavan,0
trip_125_1,125,WEEKDAY,Ranjangaon Sandas,1
trip_154_0,154,WEEKDAY,Galinde Path,0
trip_155_0,155,WEEKDAY,Pune Station Moledina Stand,1
trip_154_1,154,WEEKDAY,Galinde Path,0
trip_154_2,154,WEEKDAY,Galinde Path,0
trip_154_3,154,WEEKDAY,Galinde Path,0
trip_154_4,154,WEEKDAY,Galinde Path,0
trip_154_5,154,WEEKDAY,Galinde Path,0
trip_154_6,154,WEEKDAY,Galinde Path,0
trip_154_7,154,WEEKDAY,Galinde Path,0
trip_154_8,154,WEEKDAY,Galinde Path,0
trip_154_9,154,WEEKDAY,Galinde Path,0
trip_154_10,154,WEEKDAY,Galinde Path,0
trip_154_11,154,WEEKDAY,Galinde Path,0
trip_154_12,154,WEEKDAY,Galinde Path,0
trip_154_13,154,WEEKDAY,Galinde Path,0
trip_154_14,154,WEEKDAY,Galinde Path,0
trip_155_1,155,WEEKDAY,Pune Station Moledina Stand,1
trip_155_2,155,WEEKDAY,Pune Station Moledina Stand,1
trip_154_15,154,WEEKDAY,Galinde Path,0
trip_155_3,155,WEEKDAY,Pune Station Moledina Stand,1
trip_154_16,154,WEEKDAY,Galinde Path,0
trip_155_4,155,WEEKDAY,Pune Station Moledina Stand,1
trip_154_17,154,WEEKDAY,Galinde Path,0
trip_155_5,155,WEEKDAY,Pune Station Moledina Stand,1
trip_155_6,155,WEEKDAY,Pune Station Moledina Stand,1
trip_155_7,155,WEEKDAY,Pune Station Moledina Stand,1
trip_155_8,155,WEEKDAY,Pune Station Moledina Stand,1
trip_155_9,155,WEEKDAY,Pune Station Moledina Stand,1
trip_155_10,155,WEEKDAY,Pune Station Moledina Stand,1
trip_155_11,155,WEEKDAY,Pune Station Moledina Stand,1
trip_155_12,155,WEEKDAY,Pune Station Moledina Stand,1
trip_155_13,155,WEEKDAY,Pune Station Moledina Stand,1
trip_155_14,155,WEEKDAY,Pune Station Moledina Stand,1
trip_155_15,155,WEEKDAY,Pune Station Moledina Stand,1
trip_155_16,155,WEEKDAY,Pune Station Moledina Stand,1
trip_155_17,155,WEEKDAY,Pune Station Moledina Stand,1
trip_130_0,130,WEEKDAY,Ma Na Pa Shramik Bhavan,0
trip_131_0,131,WEEKDAY,Pargaon Salu Malu,1
trip_130_1,130,WEEKDAY,Ma Na Pa Shramik Bhavan,0
trip_130_2,130,WEEKDAY,Ma Na Pa Shramik Bhavan,0
trip_130_3,130,WEEKDAY,Ma Na Pa Shramik Bhavan,0
trip_130_4,130,WEEKDAY,Ma Na Pa Shramik Bhavan,0
trip_131_1,131,WEEKDAY,Pargaon Salu Malu,1
trip_131_2,131,WEEKDAY,Pargaon Salu Malu,1
trip_131_3,131,WEEKDAY,Pargaon Salu Malu,1
trip_131_4,131,WEEKDAY,Pargaon Salu Malu,1
trip_131_5,131,WEEKDAY,Pargaon Salu Malu,1
trip_131_6,131,WEEKDAY,Pargaon Salu Malu,1
trip_131_7,131,WEEKDAY,Pargaon Salu Malu,1
trip_131_8,131,WEEKDAY,Pargaon Salu Malu,1
trip_158_0,158,WEEKDAY,Aditya Garden City,0
trip_159_0,159,WEEKDAY,Pune Station Moledina Stand,1
trip_158_1,158,WEEKDAY,Aditya Garden City,0
trip_159_1,159,WEEKDAY,Pune Station Moledina Stand,1
trip_158_2,158,WEEKDAY,Aditya Garden City,0
trip_159_2,159,WEEKDAY,Pune Station Moledina Stand,1
trip_158_3,158,WEEKDAY,Aditya Garden City,0
trip_159_3,159,WEEKDAY,Pune Station Moledina Stand,1
trip_158_4,158,WEEKDAY,Aditya Garden City,0
trip_159_4,159,WEEKDAY,Pune Station Moledina Stand,1
trip_158_5,158,WEEKDAY,Aditya Garden City,0
trip_159_5,159,WEEKDAY,Pune Station Moledina Stand,1
trip_152_0,152,WEEKDAY,Pune Station Moledina Stand,0
trip_152_1,152,WEEKDAY,Pune Station Moledina Stand,0
trip_152_2,152,WEEKDAY,Pune Station Moledina Stand,0
trip_152_3,152,WEEKDAY,Pune Station Moledina Stand,0
trip_152_4,152,WEEKDAY,Pune Station Moledina Stand,0
trip_152_5,152,WEEKDAY,Pune Station Moledina Stand,0
trip_153_0,153,WEEKDAY,Ghotawade Phata,1
trip_153_1,153,WEEKDAY,Ghotawade Phata,1
trip_153_2,153,WEEKDAY,Ghotawade Phata,1
trip_153_3,153,WEEKDAY,Ghotawade Phata,1
trip_153_4,153,WEEKDAY,Ghotawade Phata,1
trip_153_5,153,WEEKDAY,Ghotawade Phata,1
trip_168_0,168,WEEKDAY,Pune Station Jayprakash Stand,0
trip_168_1,168,WEEKDAY,Pune Station Jayprakash Stand,0
trip_168_2,168,WEEKDAY,Pune Station Jayprakash Stand,0
trip_168_3,168,WEEKDAY,Pune Station Jayprakash Stand,0
trip_168_4,168,WEEKDAY,Pune Station Jayprakash Stand,0
trip_168_5,168,WEEKDAY,Pune Station Jayprakash Stand,0
trip_168_6,168,WEEKDAY,Pune Station Jayprakash Stand,0
trip_168_7,168,WEEKDAY,Pune Station Jayprakash Stand,0
trip_168_8,168,WEEKDAY,Pune Station Jayprakash Stand,0
trip_168_9,168,WEEKDAY,Pune Station Jayprakash Stand,0
trip_168_10,168,WEEKDAY,Pune Station Jayprakash Stand,0
trip_168_11,168,WEEKDAY,Pune Station Jayprakash Stand,0
trip_168_12,168,WEEKDAY,Pune Station Jayprakash Stand,0
trip_168_13,168,WEEKDAY,Pune Station Jayprakash Stand,0
trip_168_14,168,WEEKDAY,Pune Station Jayprakash Stand,0
trip_168_15,168,WEEKDAY,Pune Station Jayprakash Stand,0
trip_168_16,168,WEEKDAY,Pune Station Jayprakash Stand,0
trip_168_17,168,WEEKDAY,Pune Station Jayprakash Stand,0
trip_168_18,168,WEEKDAY,Pune Station Jayprakash Stand,0
trip_168_19,168,WEEKDAY,Pune Station Jayprakash Stand,0
trip_168_20,168,WEEKDAY,Pune Station Jayprakash Stand,0
trip_169_0,169,WEEKDAY,Gokhale Nagar Police Line,1
trip_169_1,169,WEEKDAY,Gokhale Nagar Police Line,1
trip_169_2,169,WEEKDAY,Gokhale Nagar Police Line,1
trip_169_3,169,WEEKDAY,Gokhale Nagar Police Line,1
trip_169_4,169,WEEKDAY,Gokhale Nagar Police Line,1
trip_169_5,169,WEEKDAY,Gokhale Nagar Police Line,1
trip_169_6,169,WEEKDAY,Gokhale Nagar Police Line,1
trip_169_7,169,WEEKDAY,Gokhale Nagar Police Line,1
trip_169_8,169,WEEKDAY,Gokhale Nagar Police Line,1
trip_169_9,169,WEEKDAY,Gokhale Nagar Police Line,1
trip_169_10,169,WEEKDAY,Gokhale Nagar Police Line,1
trip_169_11,169,WEEKDAY,Gokhale Nagar Police Line,1
trip_169_12,169,WEEKDAY,Gokhale Nagar Police Line,1
trip_169_13,169,WEEKDAY,Gokhale Nagar Police Line,1
trip_169_14,169,WEEKDAY,Gokhale Nagar Police Line,1
trip_169_15,169,WEEKDAY,Gokhale Nagar Police Line,1
trip_169_16,169,WEEKDAY,Gokhale Nagar Police Line,1
trip_169_17,169,WEEKDAY,Gokhale Nagar Police Line,1
trip_169_18,169,WEEKDAY,Gokhale Nagar Police Line,1
trip_169_19,169,WEEKDAY,Gokhale Nagar Police Line,1
trip_169_20,169,WEEKDAY,Gokhale Nagar Police Line,1
trip_166_0,166,WEEKDAY,Pune Station Depot,0
trip_166_1,166,WEEKDAY,Pune Station Depot,0
trip_166_2,166,WEEKDAY,Pune Station Depot,0
trip_166_3,166,WEEKDAY,Pune Station Depot,0
trip_166_4,166,WEEKDAY,Pune Station Depot,0
trip_167_0,167,WEEKDAY,Sutarwadi Depot,1
trip_166_5,166,WEEKDAY,Pune Station Depot,0
trip_167_1,167,WEEKDAY,Sutarwadi Depot,1
trip_167_2,167,WEEKDAY,Sutarwadi Depot,1
trip_167_3,167,WEEKDAY,Sutarwadi Depot,1
trip_167_4,167,WEEKDAY,Sutarwadi Depot,1
trip_167_5,167,WEEKDAY,Sutarwadi Depot,1
trip_162_0,162,WEEKDAY,Nda 10 No. Gate,0
trip_162_1,162,WEEKDAY,Nda 10 No. Gate,0
trip_162_2,162,WEEKDAY,Nda 10 No. Gate,0
trip_162_3,162,WEEKDAY,Nda 10 No. Gate,0
trip_162_4,162,WEEKDAY,Nda 10 No. Gate,0
trip_162_5,162,WEEKDAY,Nda 10 No. Gate,0
trip_162_6,162,WEEKDAY,Nda 10 No. Gate,0
trip_162_7,162,WEEKDAY,Nda 10 No. Gate,0
trip_162_8,162,WEEKDAY,Nda 10 No. Gate,0
trip_162_9,162,WEEKDAY,Nda 10 No. Gate,0
trip_162_10,162,WEEKDAY,Nda 10 No. Gate,0
trip_162_11,162,WEEKDAY,Nda 10 No. Gate,0
trip_162_12,162,WEEKDAY,Nda 10 No. Gate,0
trip_165_0,165,WEEKDAY,Pune Station Moledina Stand,1
trip_165_1,165,WEEKDAY,Pune Station Moledina Stand,1
trip_165_2,165,WEEKDAY,Pune Station Moledina Stand,1
trip_165_3,165,WEEKDAY,Pune Station Moledina Stand,1
trip_165_4,165,WEEKDAY,Pune Station Moledina Stand,1
trip_165_5,165,WEEKDAY,Pune Station Moledina Stand,1
trip_165_6,165,WEEKDAY,Pune Station Moledina Stand,1
trip_165_7,165,WEEKDAY,Pune Station Moledina Stand,1
trip_165_8,165,WEEKDAY,Pune Station Moledina Stand,1
trip_165_9,165,WEEKDAY,Pune Station Moledina Stand,1
trip_165_10,165,WEEKDAY,Pune Station Moledina Stand,1
trip_165_11,165,WEEKDAY,Pune Station Moledina Stand,1
trip_165_12,165,WEEKDAY,Pune Station Moledina Stand,1
trip_176_0,176,WEEKDAY,Shewalewadi Depot,0
trip_183_0,183,WEEKDAY,Alandi,1
trip_183_1,183,WEEKDAY,Alandi,1
trip_183_2,183,WEEKDAY,Alandi,1
trip_183_3,183,WEEKDAY,Alandi,1
trip_183_4,183,WEEKDAY,Alandi,1
trip_183_5,183,WEEKDAY,Alandi,1
trip_183_6,183,WEEKDAY,Alandi,1
trip_176_1,176,WEEKDAY,Shewalewadi Depot,0
trip_182_0,182,WEEKDAY,Pune Station Moledina Stand,0
trip_183_7,183,WEEKDAY,Alandi,1
trip_176_2,176,WEEKDAY,Shewalewadi Depot,0
trip_183_8,183,WEEKDAY,Alandi,1
trip_176_3,176,WEEKDAY,Shewalewadi Depot,0
trip_183_9,183,WEEKDAY,Alandi,1
trip_176_4,176,WEEKDAY,Shewalewadi Depot,0
trip_183_10,183,WEEKDAY,Alandi,1
trip_183_11,183,WEEKDAY,Alandi,1
trip_176_5,176,WEEKDAY,Shewalewadi Depot,0
trip_183_12,183,WEEKDAY,Alandi,1
trip_176_6,176,WEEKDAY,Shewalewadi Depot,0
trip_183_13,183,WEEKDAY,Alandi,1
trip_176_7,176,WEEKDAY,Shewalewadi Depot,0
trip_183_14,183,WEEKDAY,Alandi,1
trip_176_8,176,WEEKDAY,Shewalewadi Depot,0
trip_183_15,183,WEEKDAY,Alandi,1
trip_176_9,176,WEEKDAY,Shewalewadi Depot,0
trip_183_16,183,WEEKDAY,Alandi,1
trip_176_10,176,WEEKDAY,Shewalewadi Depot,0
trip_183_17,183,WEEKDAY,Alandi,1
trip_183_18,183,WEEKDAY,Alandi,1
trip_176_11,176,WEEKDAY,Shewalewadi Depot,0
trip_183_19,183,WEEKDAY,Alandi,1
trip_176_12,176,WEEKDAY,Shewalewadi Depot,0
trip_183_20,183,WEEKDAY,Alandi,1
trip_176_13,176,WEEKDAY,Shewalewadi Depot,0
trip_183_21,183,WEEKDAY,Alandi,1
trip_176_14,176,WEEKDAY,Shewalewadi Depot,0
trip_183_22,183,WEEKDAY,Alandi,1
trip_176_15,176,WEEKDAY,Shewalewadi Depot,0
trip_183_23,183,WEEKDAY,Alandi,1
trip_183_24,183,WEEKDAY,Alandi,1
trip_176_16,176,WEEKDAY,Shewalewadi Depot,0
trip_183_25,183,WEEKDAY,Alandi,1
trip_176_17,176,WEEKDAY,Shewalewadi Depot,0
trip_183_26,183,WEEKDAY,Alandi,1
trip_176_18,176,WEEKDAY,Shewalewadi Depot,0
trip_183_27,183,WEEKDAY,Alandi,1
trip_176_19,176,WEEKDAY,Shewalewadi Depot,0
trip_183_28,183,WEEKDAY,Alandi,1
trip_176_20,176,WEEKDAY,Shewalewadi Depot,0
trip_183_29,183,WEEKDAY,Alandi,1
trip_176_21,176,WEEKDAY,Shewalewadi Depot,0
trip_182_1,182,WEEKDAY,Pune Station Moledina Stand,0
trip_183_30,183,WEEKDAY,Alandi,1
trip_176_22,176,WEEKDAY,Shewalewadi Depot,0
trip_182_2,182,WEEKDAY,Pune Station Moledina Stand,0
trip_183_31,183,WEEKDAY,Alandi,1
trip_176_23,176,WEEKDAY,Shewalewadi Depot,0
trip_182_3,182,WEEKDAY,Pune Station Moledina Stand,0
trip_183_32,183,WEEKDAY,Alandi,1
trip_182_4,182,WEEKDAY,Pune Station Moledina Stand,0
trip_176_24,176,WEEKDAY,Shewalewadi Depot,0
trip_183_33,183,WEEKDAY,Alandi,1
trip_182_5,182,WEEKDAY,Pune Station Moledina Stand,0
trip_177_0,177,WEEKDAY,Pimplegurav,1
trip_176_25,176,WEEKDAY,Shewalewadi Depot,0
trip_183_34,183,WEEKDAY,Alandi,1
trip_182_6,182,WEEKDAY,Pune Station Moledina Stand,0
trip_176_26,176,WEEKDAY,Shewalewadi Depot,0
trip_183_35,183,WEEKDAY,Alandi,1
trip_182_7,182,WEEKDAY,Pune Station Moledina Stand,0
trip_176_27,176,WEEKDAY,Shewalewadi Depot,0
trip_183_36,183,WEEKDAY,Alandi,1
trip_182_8,182,WEEKDAY,Pune Station Moledina Stand,0
trip_183_37,183,WEEKDAY,Alandi,1
trip_176_28,176,WEEKDAY,Shewalewadi Depot,0
trip_182_9,182,WEEKDAY,Pune Station Moledina Stand,0
trip_176_29,176,WEEKDAY,Shewalewadi Depot,0
trip_182_10,182,WEEKDAY,Pune Station Moledina Stand,0
trip_176_30,176,WEEKDAY,Shewalewadi Depot,0
trip_182_11,182,WEEKDAY,Pune Station Moledina Stand,0
trip_182_12,182,WEEKDAY,Pune Station Moledina Stand,0
trip_176_31,176,WEEKDAY,Shewalewadi Depot,0
trip_182_13,182,WEEKDAY,Pune Station Moledina Stand,0
trip_176_32,176,WEEKDAY,Shewalewadi Depot,0
trip_182_14,182,WEEKDAY,Pune Station Moledina Stand,0
trip_176_33,176,WEEKDAY,Shewalewadi Depot,0
trip_182_15,182,WEEKDAY,Pune Station Moledina Stand,0
trip_176_34,176,WEEKDAY,Shewalewadi Depot,0
trip_182_16,182,WEEKDAY,Pune Station Moledina Stand,0
trip_176_35,176,WEEKDAY,Shewalewadi Depot,0
trip_182_17,182,WEEKDAY,Pune Station Moledina Stand,0
trip_176_36,176,WEEKDAY,Shewalewadi Depot,0
trip_182_18,182,WEEKDAY,Pune Station Moledina Stand,0
trip_176_37,176,WEEKDAY,Shewalewadi Depot,0
trip_182_19,182,WEEKDAY,Pune Station Moledina Stand,0
trip_176_38,176,WEEKDAY,Shewalewadi Depot,0
trip_182_20,182,WEEKDAY,Pune Station Moledina Stand,0
trip_176_39,176,WEEKDAY,Shewalewadi Depot,0
trip_182_21,182,WEEKDAY,Pune Station Moledina Stand,0
trip_182_22,182,WEEKDAY,Pune Station Moledina Stand,0
trip_176_40,176,WEEKDAY,Shewalewadi Depot,0
trip_182_23,182,WEEKDAY,Pune Station Moledina Stand,0
trip_176_41,176,WEEKDAY,Shewalewadi Depot,0
trip_182_24,182,WEEKDAY,Pune Station Moledina Stand,0
trip_176_42,176,WEEKDAY,Shewalewadi Depot,0
trip_182_25,182,WEEKDAY,Pune Station Moledina Stand,0
trip_176_43,176,WEEKDAY,Shewalewadi Depot,0
trip_182_26,182,WEEKDAY,Pune Station Moledina Stand,0
trip_176_44,176,WEEKDAY,Shewalewadi Depot,0
trip_182_27,182,WEEKDAY,Pune Station Moledina Stand,0
trip_176_45,176,WEEKDAY,Shewalewadi Depot,0
trip_182_28,182,WEEKDAY,Pune Station Moledina Stand,0
trip_176_46,176,WEEKDAY,Shewalewadi Depot,0
trip_182_29,182,WEEKDAY,Pune Station Moledina Stand,0
trip_176_47,176,WEEKDAY,Shewalewadi Depot,0
trip_182_30,182,WEEKDAY,Pune Station Moledina Stand,0
trip_176_48,176,WEEKDAY,Shewalewadi Depot,0
trip_182_31,182,WEEKDAY,Pune Station Moledina Stand,0
trip_176_49,176,WEEKDAY,Shewalewadi Depot,0
trip_182_32,182,WEEKDAY,Pune Station Moledina Stand,0
trip_182_33,182,WEEKDAY,Pune Station Moledina Stand,0
trip_177_1,177,WEEKDAY,Pimplegurav,1
trip_182_34,182,WEEKDAY,Pune Station Moledina Stand,0
trip_177_2,177,WEEKDAY,Pimplegurav,1
trip_182_35,182,WEEKDAY,Pune Station Moledina Stand,0
trip_177_3,177,WEEKDAY,Pimplegurav,1
trip_182_36,182,WEEKDAY,Pune Station Moledina Stand,0
trip_174_0,174,WEEKDAY,Bhekrai Nagar,0
trip_177_4,177,WEEKDAY,Pimplegurav,1
trip_177_5,177,WEEKDAY,Pimplegurav,1
trip_177_6,177,WEEKDAY,Pimplegurav,1
trip_177_7,177,WEEKDAY,Pimplegurav,1
trip_177_8,177,WEEKDAY,Pimplegurav,1
trip_177_9,177,WEEKDAY,Pimplegurav,1
trip_177_10,177,WEEKDAY,Pimplegurav,1
trip_177_11,177,WEEKDAY,Pimplegurav,1
trip_177_12,177,WEEKDAY,Pimplegurav,1
trip_177_13,177,WEEKDAY,Pimplegurav,1
trip_177_14,177,WEEKDAY,Pimplegurav,1
trip_177_15,177,WEEKDAY,Pimplegurav,1
trip_177_16,177,WEEKDAY,Pimplegurav,1
trip_177_17,177,WEEKDAY,Pimplegurav,1
trip_177_18,177,WEEKDAY,Pimplegurav,1
trip_177_19,177,WEEKDAY,Pimplegurav,1
trip_177_20,177,WEEKDAY,Pimplegurav,1
trip_177_21,177,WEEKDAY,Pimplegurav,1
trip_177_22,177,WEEKDAY,Pimplegurav,1
trip_177_23,177,WEEKDAY,Pimplegurav,1
trip_177_24,177,WEEKDAY,Pimplegurav,1
trip_177_25,177,WEEKDAY,Pimplegurav,1
trip_177_26,177,WEEKDAY,Pimplegurav,1
trip_177_27,177,WEEKDAY,Pimplegurav,1
trip_177_28,177,WEEKDAY,Pimplegurav,1
trip_177_29,177,WEEKDAY,Pimplegurav,1
trip_177_30,177,WEEKDAY,Pimplegurav,1
trip_177_31,177,WEEKDAY,Pimplegurav,1
trip_177_32,177,WEEKDAY,Pimplegurav,1
trip_177_33,177,WEEKDAY,Pimplegurav,1
trip_177_34,177,WEEKDAY,Pimplegurav,1
trip_177_35,177,WEEKDAY,Pimplegurav,1
trip_174_1,174,WEEKDAY,Bhekrai Nagar,0
trip_177_36,177,WEEKDAY,Pimplegurav,1
trip_174_2,174,WEEKDAY,Bhekrai Nagar,0
trip_177_37,177,WEEKDAY,Pimplegurav,1
trip_177_38,177,WEEKDAY,Pimplegurav,1
trip_174_3,174,WEEKDAY,Bhekrai Nagar,0
trip_177_39,177,WEEKDAY,Pimplegurav,1
trip_174_4,174,WEEKDAY,Bhekrai Nagar,0
trip_177_40,177,WEEKDAY,Pimplegurav,1
trip_174_5,174,WEEKDAY,Bhekrai Nagar,0
trip_175_0,175,WEEKDAY,Bhosari Terminal,1
trip_177_41,177,WEEKDAY,Pimplegurav,1
trip_174_6,174,WEEKDAY,Bhekrai Nagar,0
trip_177_42,177,WEEKDAY,Pimplegurav,1
trip_174_7,174,WEEKDAY,Bhekrai Nagar,0
trip_177_43,177,WEEKDAY,Pimplegurav,1
trip_174_8,174,WEEKDAY,Bhekrai Nagar,0
trip_177_44,177,WEEKDAY,Pimplegurav,1
trip_174_9,174,WEEKDAY,Bhekrai Nagar,0
trip_177_45,177,WEEKDAY,Pimplegurav,1
trip_174_10,174,WEEKDAY,Bhekrai Nagar,0
trip_177_46,177,WEEKDAY,Pimplegurav,1
trip_174_11,174,WEEKDAY,Bhekrai Nagar,0
trip_177_47,177,WEEKDAY,Pimplegurav,1
trip_174_12,174,WEEKDAY,Bhekrai Nagar,0
trip_177_48,177,WEEKDAY,Pimplegurav,1
trip_174_13,174,WEEKDAY,Bhekrai Nagar,0
trip_177_49,177,WEEKDAY,Pimplegurav,1
trip_174_14,174,WEEKDAY,Bhekrai Nagar,0
trip_177_50,177,WEEKDAY,Pimplegurav,1
trip_174_15,174,WEEKDAY,Bhekrai Nagar,0
trip_177_51,177,WEEKDAY,Pimplegurav,1
trip_174_16,174,WEEKDAY,Bhekrai Nagar,0
trip_174_17,174,WEEKDAY,Bhekrai Nagar,0
trip_174_18,174,WEEKDAY,Bhekrai Nagar,0
trip_174_19,174,WEEKDAY,Bhekrai Nagar,0
trip_174_20,174,WEEKDAY,Bhekrai Nagar,0
trip_174_21,174,WEEKDAY,Bhekrai Nagar,0
trip_174_22,174,WEEKDAY,Bhekrai Nagar,0
trip_174_23,174,WEEKDAY,Bhekrai Nagar,0
trip_174_24,174,WEEKDAY,Bhekrai Nagar,0
trip_174_25,174,WEEKDAY,Bhekrai Nagar,0
trip_175_1,175,WEEKDAY,Bhosari Terminal,1
trip_175_2,175,WEEKDAY,Bhosari Terminal,1
trip_175_3,175,WEEKDAY,Bhosari Terminal,1
trip_175_4,175,WEEKDAY,Bhosari Terminal,1
trip_175_5,175,WEEKDAY,Bhosari Terminal,1
trip_175_6,175,WEEKDAY,Bhosari Terminal,1
trip_175_7,175,WEEKDAY,Bhosari Terminal,1
trip_175_8,175,WEEKDAY,Bhosari Terminal,1
trip_175_9,175,WEEKDAY,Bhosari Terminal,1
trip_175_10,175,WEEKDAY,Bhosari Terminal,1
trip_175_11,175,WEEKDAY,Bhosari Terminal,1
trip_175_12,175,WEEKDAY,Bhosari Terminal,1
trip_175_13,175,WEEKDAY,Bhosari Terminal,1
trip_175_14,175,WEEKDAY,Bhosari Terminal,1
trip_175_15,175,WEEKDAY,Bhosari Terminal,1
trip_175_16,175,WEEKDAY,Bhosari Terminal,1
trip_175_17,175,WEEKDAY,Bhosari Terminal,1
trip_175_18,175,WEEKDAY,Bhosari Terminal,1
trip_175_19,175,WEEKDAY,Bhosari Terminal,1
trip_175_20,175,WEEKDAY,Bhosari Terminal,1
trip_175_21,175,WEEKDAY,Bhosari Terminal,1
trip_175_22,175,WEEKDAY,Bhosari Terminal,1
trip_175_23,175,WEEKDAY,Bhosari Terminal,1
trip_175_24,175,WEEKDAY,Bhosari Terminal,1
trip_171_0,171,WEEKDAY,Nhavi Sandas,1
trip_170_0,170,WEEKDAY,Ma Na Pa Shramik Bhavan,0
trip_171_1,171,WEEKDAY,Nhavi Sandas,1
trip_171_2,171,WEEKDAY,Nhavi Sandas,1
trip_170_1,170,WEEKDAY,Ma Na Pa Shramik Bhavan,0
trip_170_2,170,WEEKDAY,Ma Na Pa Shramik Bhavan,0
trip_191_0,191,WEEKDAY,Ma Na Pa Daphale Garage,0
trip_178_0,178,WEEKDAY,Hadapsar Gadital,0
trip_179_0,179,WEEKDAY,Nigdi Bhakti Shakti Stand,1
trip_191_1,191,WEEKDAY,Ma Na Pa Daphale Garage,0
trip_191_2,191,WEEKDAY,Ma Na Pa Daphale Garage,0
trip_191_3,191,WEEKDAY,Ma Na Pa Daphale Garage,0
trip_191_4,191,WEEKDAY,Ma Na Pa Daphale Garage,0
trip_191_5,191,WEEKDAY,Ma Na Pa Daphale Garage,0
trip_191_6,191,WEEKDAY,Ma Na Pa Daphale Garage,0
trip_191_7,191,WEEKDAY,Ma Na Pa Daphale Garage,0
trip_191_8,191,WEEKDAY,Ma Na Pa Daphale Garage,0
trip_191_9,191,WEEKDAY,Ma Na Pa Daphale Garage,0
trip_191_10,191,WEEKDAY,Ma Na Pa Daphale Garage,0
trip_191_11,191,WEEKDAY,Ma Na Pa Daphale Garage,0
trip_191_12,191,WEEKDAY,Ma Na Pa Daphale Garage,0
trip_191_13,191,WEEKDAY,Ma Na Pa Daphale Garage,0
trip_191_14,191,WEEKDAY,Ma Na Pa Daphale Garage,0
trip_191_15,191,WEEKDAY,Ma Na Pa Daphale Garage,0
trip_191_16,191,WEEKDAY,Ma Na Pa Daphale Garage,0
trip_191_17,191,WEEKDAY,Ma Na Pa Daphale Garage,0
trip_191_18,191,WEEKDAY,Ma Na Pa Daphale Garage,0
trip_191_19,191,WEEKDAY,Ma Na Pa Daphale Garage,0
trip_191_20,191,WEEKDAY,Ma Na Pa Daphale Garage,0
trip_191_21,191,WEEKDAY,Ma Na Pa Daphale Garage,0
trip_191_22,191,WEEKDAY,Ma Na Pa Daphale Garage,0
trip_191_23,191,WEEKDAY,Ma Na Pa Daphale Garage,0
trip_191_24,191,WEEKDAY,Ma Na Pa Daphale Garage,0
trip_191_25,191,WEEKDAY,Ma Na Pa Daphale Garage,0
trip_191_26,191,WEEKDAY,Ma Na Pa Daphale Garage,0
trip_191_27,191,WEEKDAY,Ma Na Pa Daphale Garage,0
trip_191_28,191,WEEKDAY,Ma Na Pa Daphale Garage,0
trip_191_29,191,WEEKDAY,Ma Na Pa Daphale Garage,0
trip_191_30,191,WEEKDAY,Ma Na Pa Daphale Garage,0
trip_191_31,191,WEEKDAY,Ma Na Pa Daphale Garage,0
trip_191_32,191,WEEKDAY,Ma Na Pa Daphale Garage,0
trip_178_1,178,WEEKDAY,Hadapsar Gadital,0
trip_191_33,191,WEEKDAY,Ma Na Pa Daphale Garage,0
trip_178_2,178,WEEKDAY,Hadapsar Gadital,0
trip_191_34,191,WEEKDAY,Ma Na Pa Daphale Garage,0
trip_191_35,191,WEEKDAY,Ma Na Pa Daphale Garage,0
trip_178_3,178,WEEKDAY,Hadapsar Gadital,0
trip_191_36,191,WEEKDAY,Ma Na Pa Daphale Garage,0
trip_178_4,178,WEEKDAY,Hadapsar Gadital,0
trip_179_1,179,WEEKDAY,Nigdi Bhakti Shakti Stand,1
trip_178_5,178,WEEKDAY,Hadapsar Gadital,0
trip_179_2,179,WEEKDAY,Nigdi Bhakti Shakti Stand,1
trip_178_6,178,WEEKDAY,Hadapsar Gadital,0
trip_179_3,179,WEEKDAY,Nigdi Bhakti Shakti Stand,1
trip_178_7,178,WEEKDAY,Hadapsar Gadital,0
trip_179_4,179,WEEKDAY,Nigdi Bhakti Shakti Stand,1
trip_178_8,178,WEEKDAY,Hadapsar Gadital,0
trip_179_5,179,WEEKDAY,Nigdi Bhakti Shakti Stand,1
trip_178_9,178,WEEKDAY,Hadapsar Gadital,0
trip_179_6,179,WEEKDAY,Nigdi Bhakti Shakti Stand,1
trip_178_10,178,WEEKDAY,Hadapsar Gadital,0
trip_179_7,179,WEEKDAY,Nigdi Bhakti Shakti Stand,1
trip_178_11,178,WEEKDAY,Hadapsar Gadital,0
trip_179_8,179,WEEKDAY,Nigdi Bhakti Shakti Stand,1
trip_178_12,178,WEEKDAY,Hadapsar Gadital,0
trip_179_9,179,WEEKDAY,Nigdi Bhakti Shakti Stand,1
trip_178_13,178,WEEKDAY,Hadapsar Gadital,0
trip_179_10,179,WEEKDAY,Nigdi Bhakti Shakti Stand,1
trip_178_14,178,WEEKDAY,Hadapsar Gadital,0
trip_179_11,179,WEEKDAY,Nigdi Bhakti Shakti Stand,1
trip_178_15,178,WEEKDAY,Hadapsar Gadital,0
trip_179_12,179,WEEKDAY,Nigdi Bhakti Shakti Stand,1
trip_178_16,178,WEEKDAY,Hadapsar Gadital,0
trip_179_13,179,WEEKDAY,Nigdi Bhakti Shakti Stand,1
trip_178_17,178,WEEKDAY,Hadapsar Gadital,0
trip_179_14,179,WEEKDAY,Nigdi Bhakti Shakti Stand,1
trip_178_18,178,WEEKDAY,Hadapsar Gadital,0
trip_179_15,179,WEEKDAY,Nigdi Bhakti Shakti Stand,1
trip_178_19,178,WEEKDAY,Hadapsar Gadital,0
trip_179_16,179,WEEKDAY,Nigdi Bhakti Shakti Stand,1
trip_178_20,178,WEEKDAY,Hadapsar Gadital,0
trip_179_17,179,WEEKDAY,Nigdi Bhakti Shakti Stand,1
trip_178_21,178,WEEKDAY,Hadapsar Gadital,0
trip_179_18,179,WEEKDAY,Nigdi Bhakti Shakti Stand,1
trip_178_22,178,WEEKDAY,Hadapsar Gadital,0
trip_179_19,179,WEEKDAY,Nigdi Bhakti Shakti Stand,1
trip_178_23,178,WEEKDAY,Hadapsar Gadital,0
trip_179_20,179,WEEKDAY,Nigdi Bhakti Shakti Stand,1
trip_178_24,178,WEEKDAY,Hadapsar Gadital,0
trip_179_21,179,WEEKDAY,Nigdi Bhakti Shakti Stand,1
trip_178_25,178,WEEKDAY,Hadapsar Gadital,0
trip_179_22,179,WEEKDAY,Nigdi Bhakti Shakti Stand,1
trip_178_26,178,WEEKDAY,Hadapsar Gadital,0
trip_179_23,179,WEEKDAY,Nigdi Bhakti Shakti Stand,1
trip_178_27,178,WEEKDAY,Hadapsar Gadital,0
trip_179_24,179,WEEKDAY,Nigdi Bhakti Shakti Stand,1
trip_178_28,178,WEEKDAY,Hadapsar Gadital,0
trip_179_25,179,WEEKDAY,Nigdi Bhakti Shakti Stand,1
trip_178_29,178,WEEKDAY,Hadapsar Gadital,0
trip_179_26,179,WEEKDAY,Nigdi Bhakti Shakti Stand,1
trip_178_30,178,WEEKDAY,Hadapsar Gadital,0
trip_179_27,179,WEEKDAY,Nigdi Bhakti Shakti Stand,1
trip_178_31,178,WEEKDAY,Hadapsar Gadital,0
trip_179_28,179,WEEKDAY,Nigdi Bhakti Shakti Stand,1
trip_178_32,178,WEEKDAY,Hadapsar Gadital,0
trip_179_29,179,WEEKDAY,Nigdi Bhakti Shakti Stand,1
trip_178_33,178,WEEKDAY,Hadapsar Gadital,0
trip_179_30,179,WEEKDAY,Nigdi Bhakti Shakti Stand,1
trip_178_34,178,WEEKDAY,Hadapsar Gadital,0
trip_179_31,179,WEEKDAY,Nigdi Bhakti Shakti Stand,1
trip_178_35,178,WEEKDAY,Hadapsar Gadital,0
trip_179_32,179,WEEKDAY,Nigdi Bhakti Shakti Stand,1
trip_178_36,178,WEEKDAY,Hadapsar Gadital,0
trip_179_33,179,WEEKDAY,Nigdi Bhakti Shakti Stand,1
trip_178_37,178,WEEKDAY,Hadapsar Gadital,0
trip_179_34,179,WEEKDAY,Nigdi Bhakti Shakti Stand,1
trip_178_38,178,WEEKDAY,Hadapsar Gadital,0
trip_179_35,179,WEEKDAY,Nigdi Bhakti Shakti Stand,1
trip_178_39,178,WEEKDAY,Hadapsar Gadital,0
trip_179_36,179,WEEKDAY,Nigdi Bhakti Shakti Stand,1
trip_178_40,178,WEEKDAY,Hadapsar Gadital,0
trip_179_37,179,WEEKDAY,Nigdi Bhakti Shakti Stand,1
trip_178_41,178,WEEKDAY,Hadapsar Gadital,0
trip_179_38,179,WEEKDAY,Nigdi Bhakti Shakti Stand,1
trip_178_42,178,WEEKDAY,Hadapsar Gadital,0
trip_179_39,179,WEEKDAY,Nigdi Bhakti Shakti Stand,1
trip_178_43,178,WEEKDAY,Hadapsar Gadital,0
trip_179_40,179,WEEKDAY,Nigdi Bhakti Shakti Stand,1
trip_178_44,178,WEEKDAY,Hadapsar Gadital,0
trip_179_41,179,WEEKDAY,Nigdi Bhakti Shakti Stand,1
trip_178_45,178,WEEKDAY,Hadapsar Gadital,0
trip_179_42,179,WEEKDAY,Nigdi Bhakti Shakti Stand,1
trip_178_46,178,WEEKDAY,Hadapsar Gadital,0
trip_179_43,179,WEEKDAY,Nigdi Bhakti Shakti Stand,1
trip_178_47,178,WEEKDAY,Hadapsar Gadital,0
trip_179_44,179,WEEKDAY,Nigdi Bhakti Shakti Stand,1
trip_178_48,178,WEEKDAY,Hadapsar Gadital,0
trip_179_45,179,WEEKDAY,Nigdi Bhakti Shakti Stand,1
trip_178_49,178,WEEKDAY,Hadapsar Gadital,0
trip_179_46,179,WEEKDAY,Nigdi Bhakti Shakti Stand,1
trip_178_50,178,WEEKDAY,Hadapsar Gadital,0
trip_179_47,179,WEEKDAY,Nigdi Bhakti Shakti Stand,1
trip_178_51,178,WEEKDAY,Hadapsar Gadital,0
trip_179_48,179,WEEKDAY,Nigdi Bhakti Shakti Stand,1
trip_178_52,178,WEEKDAY,Hadapsar Gadital,0
trip_179_49,179,WEEKDAY,Nigdi Bhakti Shakti Stand,1
trip_178_53,178,WEEKDAY,Hadapsar Gadital,0
trip_179_50,179,WEEKDAY,Nigdi Bhakti Shakti Stand,1
trip_178_54,178,WEEKDAY,Hadapsar Gadital,0
trip_179_51,179,WEEKDAY,Nigdi Bhakti Shakti Stand,1
trip_178_55,178,WEEKDAY,Hadapsar Gadital,0
trip_179_52,179,WEEKDAY,Nigdi Bhakti Shakti Stand,1
trip_178_56,178,WEEKDAY,Hadapsar Gadital,0
trip_179_53,179,WEEKDAY,Nigdi Bhakti Shakti Stand,1
trip_178_57,178,WEEKDAY,Hadapsar Gadital,0
trip_179_54,179,WEEKDAY,Nigdi Bhakti Shakti Stand,1
trip_178_58,178,WEEKDAY,Hadapsar Gadital,0
trip_179_55,179,WEEKDAY,Nigdi Bhakti Shakti Stand,1
trip_178_59,178,WEEKDAY,Hadapsar Gadital,0
trip_179_56,179,WEEKDAY,Nigdi Bhakti Shakti Stand,1
trip_178_60,178,WEEKDAY,Hadapsar Gadital,0
trip_179_57,179,WEEKDAY,Nigdi Bhakti Shakti Stand,1
trip_178_61,178,WEEKDAY,Hadapsar Gadital,0
trip_179_58,179,WEEKDAY,Nigdi Bhakti Shakti Stand,1
trip_178_62,178,WEEKDAY,Hadapsar Gadital,0
trip_179_59,179,WEEKDAY,Nigdi Bhakti Shakti Stand,1
trip_178_63,178,WEEKDAY,Hadapsar Gadital,0
trip_179_60,179,WEEKDAY,Nigdi Bhakti Shakti Stand,1
trip_178_64,178,WEEKDAY,Hadapsar Gadital,0
trip_179_61,179,WEEKDAY,Nigdi Bhakti Shakti Stand,1
trip_178_65,178,WEEKDAY,Hadapsar Gadital,0
trip_179_62,179,WEEKDAY,Nigdi Bhakti Shakti Stand,1
trip_178_66,178,WEEKDAY,Hadapsar Gadital,0
trip_179_63,179,WEEKDAY,Nigdi Bhakti Shakti Stand,1
trip_178_67,178,WEEKDAY,Hadapsar Gadital,0
trip_179_64,179,WEEKDAY,Nigdi Bhakti Shakti Stand,1
trip_178_68,178,WEEKDAY,Hadapsar Gadital,0
trip_179_65,179,WEEKDAY,Nigdi Bhakti Shakti Stand,1
trip_178_69,178,WEEKDAY,Hadapsar Gadital,0
trip_179_66,179,WEEKDAY,Nigdi Bhakti Shakti Stand,1
trip_178_70,178,WEEKDAY,Hadapsar Gadital,0
trip_179_67,179,WEEKDAY,Nigdi Bhakti Shakti Stand,1
trip_178_71,178,WEEKDAY,Hadapsar Gadital,0
trip_179_68,179,WEEKDAY,Nigdi Bhakti Shakti Stand,1
trip_178_72,178,WEEKDAY,Hadapsar Gadital,0
trip_179_69,179,WEEKDAY,Nigdi Bhakti Shakti Stand,1
trip_178_73,178,WEEKDAY,Hadapsar Gadital,0
trip_179_70,179,WEEKDAY,Nigdi Bhakti Shakti Stand,1
trip_178_74,178,WEEKDAY,Hadapsar Gadital,0
trip_179_71,179,WEEKDAY,Nigdi Bhakti Shakti Stand,1
trip_178_75,178,WEEKDAY,Hadapsar Gadital,0
trip_179_72,179,WEEKDAY,Nigdi Bhakti Shakti Stand,1
trip_178_76,178,WEEKDAY,Hadapsar Gadital,0
trip_179_73,179,WEEKDAY,Nigdi Bhakti Shakti Stand,1
trip_178_77,178,WEEKDAY,Hadapsar Gadital,0
trip_178_78,178,WEEKDAY,Hadapsar Gadital,0
trip_179_74,179,WEEKDAY,Nigdi Bhakti Shakti Stand,1
trip_179_75,179,WEEKDAY,Nigdi Bhakti Shakti Stand,1
trip_179_76,179,WEEKDAY,Nigdi Bhakti Shakti Stand,1
trip_179_77,179,WEEKDAY,Nigdi Bhakti Shakti Stand,1
trip_178_79,178,WEEKDAY,Hadapsar Gadital,0
trip_194_0,194,WEEKDAY,Dimond Water Park,1
trip_179_78,179,WEEKDAY,Nigdi Bhakti Shakti Stand,1
trip_194_1,194,WEEKDAY,Dimond Water Park,1
trip_194_2,194,WEEKDAY,Dimond Water Park,1
trip_194_3,194,WEEKDAY,Dimond Water Park,1
trip_194_4,194,WEEKDAY,Dimond Water Park,1
trip_194_5,194,WEEKDAY,Dimond Water Park,1
trip_194_6,194,WEEKDAY,Dimond Water Park,1
trip_194_7,194,WEEKDAY,Dimond Water Park,1
trip_194_8,194,WEEKDAY,Dimond Water Park,1
trip_194_9,194,WEEKDAY,Dimond Water Park,1
trip_194_10,194,WEEKDAY,Dimond Water Park,1
trip_194_11,194,WEEKDAY,Dimond Water Park,1
trip_194_12,194,WEEKDAY,Dimond Water Park,1
trip_194_13,194,WEEKDAY,Dimond Water Park,1
trip_194_14,194,WEEKDAY,Dimond Water Park,1
trip_194_15,194,WEEKDAY,Dimond Water Park,1
trip_194_16,194,WEEKDAY,Dimond Water Park,1
trip_194_17,194,WEEKDAY,Dimond Water Park,1
trip_194_18,194,WEEKDAY,Dimond Water Park,1
trip_194_19,194,WEEKDAY,Dimond Water Park,1
trip_194_20,194,WEEKDAY,Dimond Water Park,1
trip_194_21,194,WEEKDAY,Dimond Water Park,1
trip_194_22,194,WEEKDAY,Dimond Water Park,1
trip_194_23,194,WEEKDAY,Dimond Water Park,1
trip_194_24,194,WEEKDAY,Dimond Water Park,1
trip_194_25,194,WEEKDAY,Dimond Water Park,1
trip_194_26,194,WEEKDAY,Dimond Water Park,1
trip_194_27,194,WEEKDAY,Dimond Water Park,1
trip_194_28,194,WEEKDAY,Dimond Water Park,1
trip_194_29,194,WEEKDAY,Dimond Water Park,1
trip_194_30,194,WEEKDAY,Dimond Water Park,1
trip_194_31,194,WEEKDAY,Dimond Water Park,1
trip_194_32,194,WEEKDAY,Dimond Water Park,1
trip_194_33,194,WEEKDAY,Dimond Water Park,1
trip_194_34,194,WEEKDAY,Dimond Water Park,1
trip_194_35,194,WEEKDAY,Dimond Water Park,1
trip_198_0,198,WEEKDAY,Dimond Water Park,1
trip_198_1,198,WEEKDAY,Dimond Water Park,1
trip_198_2,198,WEEKDAY,Dimond Water Park,1
trip_198_3,198,WEEKDAY,Dimond Water Park,1
trip_198_4,198,WEEKDAY,Dimond Water Park,1
trip_198_5,198,WEEKDAY,Dimond Water Park,1
trip_198_6,198,WEEKDAY,Dimond Water Park,1
trip_198_7,198,WEEKDAY,Dimond Water Park,1
trip_198_8,198,WEEKDAY,Dimond Water Park,1
trip_198_9,198,WEEKDAY,Dimond Water Park,1
trip_198_10,198,WEEKDAY,Dimond Water Park,1
trip_198_11,198,WEEKDAY,Dimond Water Park,1
trip_198_12,198,WEEKDAY,Dimond Water Park,1
trip_198_13,198,WEEKDAY,Dimond Water Park,1
trip_198_14,198,WEEKDAY,Dimond Water Park,1
trip_198_15,198,WEEKDAY,Dimond Water Park,1
trip_198_16,198,WEEKDAY,Dimond Water Park,1
trip_198_17,198,WEEKDAY,Dimond Water Park,1
trip_198_18,198,WEEKDAY,Dimond Water Park,1
trip_198_19,198,WEEKDAY,Dimond Water Park,1
trip_198_20,198,WEEKDAY,Dimond Water Park,1
trip_198_21,198,WEEKDAY,Dimond Water Park,1
trip_198_22,198,WEEKDAY,Dimond Water Park,1
trip_198_23,198,WEEKDAY,Dimond Water Park,1
trip_198_24,198,WEEKDAY,Dimond Water Park,1
trip_198_25,198,WEEKDAY,Dimond Water Park,1
trip_198_26,198,WEEKDAY,Dimond Water Park,1
trip_198_27,198,WEEKDAY,Dimond Water Park,1
trip_198_28,198,WEEKDAY,Dimond Water Park,1
trip_198_29,198,WEEKDAY,Dimond Water Park,1
trip_198_30,198,WEEKDAY,Dimond Water Park,1
trip_197_0,197,WEEKDAY,Pune Station Moledina Stand,0
trip_197_1,197,WEEKDAY,Pune Station Moledina Stand,0
trip_197_2,197,WEEKDAY,Pune Station Moledina Stand,0
trip_197_3,197,WEEKDAY,Pune Station Moledina Stand,0
trip_197_4,197,WEEKDAY,Pune Station Moledina Stand,0
trip_197_5,197,WEEKDAY,Pune Station Moledina Stand,0
trip_197_6,197,WEEKDAY,Pune Station Moledina Stand,0
trip_197_7,197,WEEKDAY,Pune Station Moledina Stand,0
trip_197_8,197,WEEKDAY,Pune Station Moledina Stand,0
trip_197_9,197,WEEKDAY,Pune Station Moledina Stand,0
trip_197_10,197,WEEKDAY,Pune Station Moledina Stand,0
trip_197_11,197,WEEKDAY,Pune Station Moledina Stand,0
trip_197_12,197,WEEKDAY,Pune Station Moledina Stand,0
trip_197_13,197,WEEKDAY,Pune Station Moledina Stand,0
trip_197_14,197,WEEKDAY,Pune Station Moledina Stand,0
trip_197_15,197,WEEKDAY,Pune Station Moledina Stand,0
trip_197_16,197,WEEKDAY,Pune Station Moledina Stand,0
trip_197_17,197,WEEKDAY,Pune Station Moledina Stand,0
trip_197_18,197,WEEKDAY,Pune Station Moledina Stand,0
trip_197_19,197,WEEKDAY,Pune Station Moledina Stand,0
trip_197_20,197,WEEKDAY,Pune Station Moledina Stand,0
trip_197_21,197,WEEKDAY,Pune Station Moledina Stand,0
trip_197_22,197,WEEKDAY,Pune Station Moledina Stand,0
trip_197_23,197,WEEKDAY,Pune Station Moledina Stand,0
trip_200_0,200,WEEKDAY,Dimond Water Park,1
trip_197_24,197,WEEKDAY,Pune Station Moledina Stand,0
trip_197_25,197,WEEKDAY,Pune Station Moledina Stand,0
trip_197_26,197,WEEKDAY,Pune Station Moledina Stand,0
trip_197_27,197,WEEKDAY,Pune Station Moledina Stand,0
trip_197_28,197,WEEKDAY,Pune Station Moledina Stand,0
trip_197_29,197,WEEKDAY,Pune Station Moledina Stand,0
trip_197_30,197,WEEKDAY,Pune Station Moledina Stand,0
trip_200_1,200,WEEKDAY,Dimond Water Park,1
trip_200_2,200,WEEKDAY,Dimond Water Park,1
trip_200_3,200,WEEKDAY,Dimond Water Park,1
trip_200_4,200,WEEKDAY,Dimond Water Park,1
trip_200_5,200,WEEKDAY,Dimond Water Park,1
trip_195_0,195,WEEKDAY,Kharadi Gaon,0
trip_200_6,200,WEEKDAY,Dimond Water Park,1
trip_200_7,200,WEEKDAY,Dimond Water Park,1
trip_200_8,200,WEEKDAY,Dimond Water Park,1
trip_200_9,200,WEEKDAY,Dimond Water Park,1
trip_200_10,200,WEEKDAY,Dimond Water Park,1
trip_200_11,200,WEEKDAY,Dimond Water Park,1
trip_200_12,200,WEEKDAY,Dimond Water Park,1
trip_200_13,200,WEEKDAY,Dimond Water Park,1
trip_200_14,200,WEEKDAY,Dimond Water Park,1
trip_200_15,200,WEEKDAY,Dimond Water Park,1
trip_200_16,200,WEEKDAY,Dimond Water Park,1
trip_200_17,200,WEEKDAY,Dimond Water Park,1
trip_200_18,200,WEEKDAY,Dimond Water Park,1
trip_200_19,200,WEEKDAY,Dimond Water Park,1
trip_200_20,200,WEEKDAY,Dimond Water Park,1
trip_200_21,200,WEEKDAY,Dimond Water Park,1
trip_200_22,200,WEEKDAY,Dimond Water Park,1
trip_200_23,200,WEEKDAY,Dimond Water Park,1
trip_200_24,200,WEEKDAY,Dimond Water Park,1
trip_199_0,199,WEEKDAY,Pune Station Moledina Stand,0
trip_200_25,200,WEEKDAY,Dimond Water Park,1
trip_200_26,200,WEEKDAY,Dimond Water Park,1
trip_200_27,200,WEEKDAY,Dimond Water Park,1
trip_200_28,200,WEEKDAY,Dimond Water Park,1
trip_200_29,200,WEEKDAY,Dimond Water Park,1
trip_200_30,200,WEEKDAY,Dimond Water Park,1
trip_200_31,200,WEEKDAY,Dimond Water Park,1
trip_200_32,200,WEEKDAY,Dimond Water Park,1
trip_200_33,200,WEEKDAY,Dimond Water Park,1
trip_195_1,195,WEEKDAY,Kharadi Gaon,0
trip_200_34,200,WEEKDAY,Dimond Water Park,1
trip_195_2,195,WEEKDAY,Kharadi Gaon,0
trip_195_3,195,WEEKDAY,Kharadi Gaon,0
trip_195_4,195,WEEKDAY,Kharadi Gaon,0
trip_195_5,195,WEEKDAY,Kharadi Gaon,0
trip_196_0,196,WEEKDAY,Alandi,1
trip_199_1,199,WEEKDAY,Pune Station Moledina Stand,0
trip_199_2,199,WEEKDAY,Pune Station Moledina Stand,0
trip_199_3,199,WEEKDAY,Pune Station Moledina Stand,0
trip_199_4,199,WEEKDAY,Pune Station Moledina Stand,0
trip_199_5,199,WEEKDAY,Pune Station Moledina Stand,0
trip_199_6,199,WEEKDAY,Pune Station Moledina Stand,0
trip_199_7,199,WEEKDAY,Pune Station Moledina Stand,0
trip_199_8,199,WEEKDAY,Pune Station Moledina Stand,0
trip_199_9,199,WEEKDAY,Pune Station Moledina Stand,0
trip_199_10,199,WEEKDAY,Pune Station Moledina Stand,0
trip_199_11,199,WEEKDAY,Pune Station Moledina Stand,0
trip_199_12,199,WEEKDAY,Pune Station Moledina Stand,0
trip_199_13,199,WEEKDAY,Pune Station Moledina Stand,0
trip_199_14,199,WEEKDAY,Pune Station Moledina Stand,0
trip_199_15,199,WEEKDAY,Pune Station Moledina Stand,0
trip_199_16,199,WEEKDAY,Pune Station Moledina Stand,0
trip_196_1,196,WEEKDAY,Alandi,1
trip_199_17,199,WEEKDAY,Pune Station Moledina Stand,0
trip_196_2,196,WEEKDAY,Alandi,1
trip_199_18,199,WEEKDAY,Pune Station Moledina Stand,0
trip_196_3,196,WEEKDAY,Alandi,1
trip_199_19,199,WEEKDAY,Pune Station Moledina Stand,0
trip_199_20,199,WEEKDAY,Pune Station Moledina Stand,0
trip_199_21,199,WEEKDAY,Pune Station Moledina Stand,0
trip_199_22,199,WEEKDAY,Pune Station Moledina Stand,0
trip_199_23,199,WEEKDAY,Pune Station Moledina Stand,0
trip_199_24,199,WEEKDAY,Pune Station Moledina Stand,0
trip_199_25,199,WEEKDAY,Pune Station Moledina Stand,0
trip_199_26,199,WEEKDAY,Pune Station Moledina Stand,0
trip_199_27,199,WEEKDAY,Pune Station Moledina Stand,0
trip_199_28,199,WEEKDAY,Pune Station Moledina Stand,0
trip_199_29,199,WEEKDAY,Pune Station Moledina Stand,0
trip_199_30,199,WEEKDAY,Pune Station Moledina Stand,0
trip_199_31,199,WEEKDAY,Pune Station Moledina Stand,0
trip_199_32,199,WEEKDAY,Pune Station Moledina Stand,0
trip_199_33,199,WEEKDAY,Pune Station Moledina Stand,0
trip_205_0,205,WEEKDAY,Ma Na Pa Shramik Bhavan,0
trip_205_1,205,WEEKDAY,Ma Na Pa Shramik Bhavan,0
trip_205_2,205,WEEKDAY,Ma Na Pa Shramik Bhavan,0
trip_205_3,205,WEEKDAY,Ma Na Pa Shramik Bhavan,0
trip_205_4,205,WEEKDAY,Ma Na Pa Shramik Bhavan,0
trip_205_5,205,WEEKDAY,Ma Na Pa Shramik Bhavan,0
trip_205_6,205,WEEKDAY,Ma Na Pa Shramik Bhavan,0
trip_207_0,207,WEEKDAY,Ma Na Pa Dengle Pul Nadikathi,0
trip_208_0,208,WEEKDAY,Dimond Water Park,1
trip_207_1,207,WEEKDAY,Ma Na Pa Dengle Pul Nadikathi,0
trip_207_2,207,WEEKDAY,Ma Na Pa Dengle Pul Nadikathi,0
trip_207_3,207,WEEKDAY,Ma Na Pa Dengle Pul Nadikathi,0
trip_207_4,207,WEEKDAY,Ma Na Pa Dengle Pul Nadikathi,0
trip_207_5,207,WEEKDAY,Ma Na Pa Dengle Pul Nadikathi,0
trip_207_6,207,WEEKDAY,Ma Na Pa Dengle Pul Nadikathi,0
trip_206_0,206,WEEKDAY,JSPM Vidhyapith Wagholi,1
trip_208_1,208,WEEKDAY,Dimond Water Park,1
trip_208_2,208,WEEKDAY,Dimond Water Park,1
trip_208_3,208,WEEKDAY,Dimond Water Park,1
trip_208_4,208,WEEKDAY,Dimond Water Park,1
trip_208_5,208,WEEKDAY,Dimond Water Park,1
trip_208_6,208,WEEKDAY,Dimond Water Park,1
trip_208_7,208,WEEKDAY,Dimond Water Park,1
trip_206_1,206,WEEKDAY,JSPM Vidhyapith Wagholi,1
trip_206_2,206,WEEKDAY,JSPM Vidhyapith Wagholi,1
trip_206_3,206,WEEKDAY,JSPM Vidhyapith Wagholi,1
trip_206_4,206,WEEKDAY,JSPM Vidhyapith Wagholi,1
trip_206_5,206,WEEKDAY,JSPM Vidhyapith Wagholi,1
trip_206_6,206,WEEKDAY,JSPM Vidhyapith Wagholi,1
trip_206_7,206,WEEKDAY,JSPM Vidhyapith Wagholi,1
trip_214_0,214,WEEKDAY,Pride World City Lohegaon,1
trip_213_0,213,WEEKDAY,Ma Na Pa Dengle Pul Nadikathi,0
trip_214_1,214,WEEKDAY,Pride World City Lohegaon,1
trip_214_2,214,WEEKDAY,Pride World City Lohegaon,1
trip_214_3,214,WEEKDAY,Pride World City Lohegaon,1
trip_214_4,214,WEEKDAY,Pride World City Lohegaon,1
trip_214_5,214,WEEKDAY,Pride World City Lohegaon,1
trip_214_6,214,WEEKDAY,Pride World City Lohegaon,1
trip_214_7,214,WEEKDAY,Pride World City Lohegaon,1
trip_214_8,214,WEEKDAY,Pride World City Lohegaon,1
trip_214_9,214,WEEKDAY,Pride World City Lohegaon,1
trip_214_10,214,WEEKDAY,Pride World City Lohegaon,1
trip_213_1,213,WEEKDAY,Ma Na Pa Dengle Pul Nadikathi,0
trip_214_11,214,WEEKDAY,Pride World City Lohegaon,1
trip_213_2,213,WEEKDAY,Ma Na Pa Dengle Pul Nadikathi,0
trip_214_12,214,WEEKDAY,Pride World City Lohegaon,1
trip_213_3,213,WEEKDAY,Ma Na Pa Dengle Pul Nadikathi,0
trip_214_13,214,WEEKDAY,Pride World City Lohegaon,1
trip_213_4,213,WEEKDAY,Ma Na Pa Dengle Pul Nadikathi,0
trip_214_14,214,WEEKDAY,Pride World City Lohegaon,1
trip_213_5,213,WEEKDAY,Ma Na Pa Dengle Pul Nadikathi,0
trip_214_15,214,WEEKDAY,Pride World City Lohegaon,1
trip_214_16,214,WEEKDAY,Pride World City Lohegaon,1
trip_213_6,213,WEEKDAY,Ma Na Pa Dengle Pul Nadikathi,0
trip_214_17,214,WEEKDAY,Pride World City Lohegaon,1
trip_213_7,213,WEEKDAY,Ma Na Pa Dengle Pul Nadikathi,0
trip_214_18,214,WEEKDAY,Pride World City Lohegaon,1
trip_213_8,213,WEEKDAY,Ma Na Pa Dengle Pul Nadikathi,0
trip_214_19,214,WEEKDAY,Pride World City Lohegaon,1
trip_213_9,213,WEEKDAY,Ma Na Pa Dengle Pul Nadikathi,0
trip_214_20,214,WEEKDAY,Pride World City Lohegaon,1
trip_213_10,213,WEEKDAY,Ma Na Pa Dengle Pul Nadikathi,0
trip_214_21,214,WEEKDAY,Pride World City Lohegaon,1
trip_213_11,213,WEEKDAY,Ma Na Pa Dengle Pul Nadikathi,0
trip_214_22,214,WEEKDAY,Pride World City Lohegaon,1
trip_213_12,213,WEEKDAY,Ma Na Pa Dengle Pul Nadikathi,0
trip_214_23,214,WEEKDAY,Pride World City Lohegaon,1
trip_213_13,213,WEEKDAY,Ma Na Pa Dengle Pul Nadikathi,0
trip_214_24,214,WEEKDAY,Pride World City Lohegaon,1
trip_213_14,213,WEEKDAY,Ma Na Pa Dengle Pul Nadikathi,0
trip_214_25,214,WEEKDAY,Pride World City Lohegaon,1
trip_213_15,213,WEEKDAY,Ma Na Pa Dengle Pul Nadikathi,0
trip_214_26,214,WEEKDAY,Pride World City Lohegaon,1
trip_213_16,213,WEEKDAY,Ma Na Pa Dengle Pul Nadikathi,0
trip_214_27,214,WEEKDAY,Pride World City Lohegaon,1
trip_213_17,213,WEEKDAY,Ma Na Pa Dengle Pul Nadikathi,0
trip_214_28,214,WEEKDAY,Pride World City Lohegaon,1
trip_213_18,213,WEEKDAY,Ma Na Pa Dengle Pul Nadikathi,0
trip_214_29,214,WEEKDAY,Pride World City Lohegaon,1
trip_213_19,213,WEEKDAY,Ma Na Pa Dengle Pul Nadikathi,0
trip_214_30,214,WEEKDAY,Pride World City Lohegaon,1
trip_213_20,213,WEEKDAY,Ma Na Pa Dengle Pul Nadikathi,0
trip_214_31,214,WEEKDAY,Pride World City Lohegaon,1
trip_213_21,213,WEEKDAY,Ma Na Pa Dengle Pul Nadikathi,0
trip_214_32,214,WEEKDAY,Pride World City Lohegaon,1
trip_213_22,213,WEEKDAY,Ma Na Pa Dengle Pul Nadikathi,0
trip_214_33,214,WEEKDAY,Pride World City Lohegaon,1
trip_213_23,213,WEEKDAY,Ma Na Pa Dengle Pul Nadikathi,0
trip_214_34,214,WEEKDAY,Pride World City Lohegaon,1
trip_213_24,213,WEEKDAY,Ma Na Pa Dengle Pul Nadikathi,0
trip_214_35,214,WEEKDAY,Pride World City Lohegaon,1
trip_213_25,213,WEEKDAY,Ma Na Pa Dengle Pul Nadikathi,0
trip_214_36,214,WEEKDAY,Pride World City Lohegaon,1
trip_213_26,213,WEEKDAY,Ma Na Pa Dengle Pul Nadikathi,0
trip_214_37,214,WEEKDAY,Pride World City Lohegaon,1
trip_213_27,213,WEEKDAY,Ma Na Pa Dengle Pul Nadikathi,0
trip_214_38,214,WEEKDAY,Pride World City Lohegaon,1
trip_213_28,213,WEEKDAY,Ma Na Pa Dengle Pul Nadikathi,0
trip_214_39,214,WEEKDAY,Pride World City Lohegaon,1
trip_213_29,213,WEEKDAY,Ma Na Pa Dengle Pul Nadikathi,0
trip_214_40,214,WEEKDAY,Pride World City Lohegaon,1
trip_213_30,213,WEEKDAY,Ma Na Pa Dengle Pul Nadikathi,0
trip_214_41,214,WEEKDAY,Pride World City Lohegaon,1
trip_213_31,213,WEEKDAY,Ma Na Pa Dengle Pul Nadikathi,0
trip_214_42,214,WEEKDAY,Pride World City Lohegaon,1
trip_213_32,213,WEEKDAY,Ma Na Pa Dengle Pul Nadikathi,0
trip_214_43,214,WEEKDAY,Pride World City Lohegaon,1
trip_213_33,213,WEEKDAY,Ma Na Pa Dengle Pul Nadikathi,0
trip_214_44,214,WEEKDAY,Pride World City Lohegaon,1
trip_213_34,213,WEEKDAY,Ma Na Pa Dengle Pul Nadikathi,0
trip_214_45,214,WEEKDAY,Pride World City Lohegaon,1
trip_213_35,213,WEEKDAY,Ma Na Pa Dengle Pul Nadikathi,0
trip_214_46,214,WEEKDAY,Pride World City Lohegaon,1
trip_214_47,214,WEEKDAY,Pride World City Lohegaon,1
trip_213_36,213,WEEKDAY,Ma Na Pa Dengle Pul Nadikathi,0
trip_213_37,213,WEEKDAY,Ma Na Pa Dengle Pul Nadikathi,0
trip_213_38,213,WEEKDAY,Ma Na Pa Dengle Pul Nadikathi,0
trip_213_39,213,WEEKDAY,Ma Na Pa Dengle Pul Nadikathi,0
trip_213_40,213,WEEKDAY,Ma Na Pa Dengle Pul Nadikathi,0
trip_213_41,213,WEEKDAY,Ma Na Pa Dengle Pul Nadikathi,0
trip_213_42,213,WEEKDAY,Ma Na Pa Dengle Pul Nadikathi,0
trip_213_43,213,WEEKDAY,Ma Na Pa Dengle Pul Nadikathi,0
trip_213_44,213,WEEKDAY,Ma Na Pa Dengle Pul Nadikathi,0
trip_213_45,213,WEEKDAY,Ma Na Pa Dengle Pul Nadikathi,0
trip_213_46,213,WEEKDAY,Ma Na Pa Dengle Pul Nadikathi,0
trip_225_0,225,WEEKDAY,Shaniwarwada Stand,0
trip_225_1,225,WEEKDAY,Shaniwarwada Stand,0
trip_225_2,225,WEEKDAY,Shaniwarwada Stand,0
trip_225_3,225,WEEKDAY,Shaniwarwada Stand,0
trip_225_4,225,WEEKDAY,Shaniwarwada Stand,0
trip_225_5,225,WEEKDAY,Shaniwarwada Stand,0
trip_225_6,225,WEEKDAY,Shaniwarwada Stand,0
trip_225_7,225,WEEKDAY,Shaniwarwada Stand,0
trip_225_8,225,WEEKDAY,Shaniwarwada Stand,0
trip_225_9,225,WEEKDAY,Shaniwarwada Stand,0
trip_225_10,225,WEEKDAY,Shaniwarwada Stand,0
trip_225_11,225,WEEKDAY,Shaniwarwada Stand,0
trip_225_12,225,WEEKDAY,Shaniwarwada Stand,0
trip_225_13,225,WEEKDAY,Shaniwarwada Stand,0
trip_225_14,225,WEEKDAY,Shaniwarwada Stand,0
trip_225_15,225,WEEKDAY,Shaniwarwada Stand,0
trip_226_0,226,WEEKDAY,Manjari Budruk,1
trip_226_1,226,WEEKDAY,Manjari Budruk,1
trip_226_2,226,WEEKDAY,Manjari Budruk,1
trip_226_3,226,WEEKDAY,Manjari Budruk,1
trip_226_4,226,WEEKDAY,Manjari Budruk,1
trip_226_5,226,WEEKDAY,Manjari Budruk,1
trip_226_6,226,WEEKDAY,Manjari Budruk,1
trip_226_7,226,WEEKDAY,Manjari Budruk,1
trip_226_8,226,WEEKDAY,Manjari Budruk,1
trip_226_9,226,WEEKDAY,Manjari Budruk,1
trip_226_10,226,WEEKDAY,Manjari Budruk,1
trip_226_11,226,WEEKDAY,Manjari Budruk,1
trip_226_12,226,WEEKDAY,Manjari Budruk,1
trip_226_13,226,WEEKDAY,Manjari Budruk,1
trip_226_14,226,WEEKDAY,Manjari Budruk,1
trip_226_15,226,WEEKDAY,Manjari Budruk,1
trip_224_0,224,WEEKDAY,Dsk Vishwa,1
trip_223_0,223,WEEKDAY,Bhekrai Nagar,0
trip_224_1,224,WEEKDAY,Dsk Vishwa,1
trip_224_2,224,WEEKDAY,Dsk Vishwa,1
trip_224_3,224,WEEKDAY,Dsk Vishwa,1
trip_223_1,223,WEEKDAY,Bhekrai Nagar,0
trip_224_4,224,WEEKDAY,Dsk Vishwa,1
trip_223_2,223,WEEKDAY,Bhekrai Nagar,0
trip_224_5,224,WEEKDAY,Dsk Vishwa,1
trip_223_3,223,WEEKDAY,Bhekrai Nagar,0
trip_224_6,224,WEEKDAY,Dsk Vishwa,1
trip_223_4,223,WEEKDAY,Bhekrai Nagar,0
trip_224_7,224,WEEKDAY,Dsk Vishwa,1
trip_223_5,223,WEEKDAY,Bhekrai Nagar,0
trip_224_8,224,WEEKDAY,Dsk Vishwa,1
trip_223_6,223,WEEKDAY,Bhekrai Nagar,0
trip_224_9,224,WEEKDAY,Dsk Vishwa,1
trip_223_7,223,WEEKDAY,Bhekrai Nagar,0
trip_224_10,224,WEEKDAY,Dsk Vishwa,1
trip_223_8,223,WEEKDAY,Bhekrai Nagar,0
trip_224_11,224,WEEKDAY,Dsk Vishwa,1
trip_223_9,223,WEEKDAY,Bhekrai Nagar,0
trip_224_12,224,WEEKDAY,Dsk Vishwa,1
trip_223_10,223,WEEKDAY,Bhekrai Nagar,0
trip_224_13,224,WEEKDAY,Dsk Vishwa,1
trip_223_11,223,WEEKDAY,Bhekrai Nagar,0
trip_224_14,224,WEEKDAY,Dsk Vishwa,1
trip_223_12,223,WEEKDAY,Bhekrai Nagar,0
trip_224_15,224,WEEKDAY,Dsk Vishwa,1
trip_223_13,223,WEEKDAY,Bhekrai Nagar,0
trip_224_16,224,WEEKDAY,Dsk Vishwa,1
trip_223_14,223,WEEKDAY,Bhekrai Nagar,0
trip_224_17,224,WEEKDAY,Dsk Vishwa,1
trip_223_15,223,WEEKDAY,Bhekrai Nagar,0
trip_224_18,224,WEEKDAY,Dsk Vishwa,1
trip_223_16,223,WEEKDAY,Bhekrai Nagar,0
trip_224_19,224,WEEKDAY,Dsk Vishwa,1
trip_223_17,223,WEEKDAY,Bhekrai Nagar,0
trip_224_20,224,WEEKDAY,Dsk Vishwa,1
trip_223_18,223,WEEKDAY,Bhekrai Nagar,0
trip_224_21,224,WEEKDAY,Dsk Vishwa,1
trip_223_19,223,WEEKDAY,Bhekrai Nagar,0
trip_224_22,224,WEEKDAY,Dsk Vishwa,1
trip_223_20,223,WEEKDAY,Bhekrai Nagar,0
trip_224_23,224,WEEKDAY,Dsk Vishwa,1
trip_223_21,223,WEEKDAY,Bhekrai Nagar,0
trip_224_24,224,WEEKDAY,Dsk Vishwa,1
trip_224_25,224,WEEKDAY,Dsk Vishwa,1
trip_223_22,223,WEEKDAY,Bhekrai Nagar,0
trip_224_26,224,WEEKDAY,Dsk Vishwa,1
trip_223_23,223,WEEKDAY,Bhekrai Nagar,0
trip_224_27,224,WEEKDAY,Dsk Vishwa,1
trip_223_24,223,WEEKDAY,Bhekrai Nagar,0
trip_224_28,224,WEEKDAY,Dsk Vishwa,1
trip_223_25,223,WEEKDAY,Bhekrai Nagar,0
trip_224_29,224,WEEKDAY,Dsk Vishwa,1
trip_223_26,223,WEEKDAY,Bhekrai Nagar,0
trip_224_30,224,WEEKDAY,Dsk Vishwa,1
trip_223_27,223,WEEKDAY,Bhekrai Nagar,0
trip_224_31,224,WEEKDAY,Dsk Vishwa,1
trip_223_28,223,WEEKDAY,Bhekrai Nagar,0
trip_224_32,224,WEEKDAY,Dsk Vishwa,1
trip_223_29,223,WEEKDAY,Bhekrai Nagar,0
trip_224_33,224,WEEKDAY,Dsk Vishwa,1
trip_223_30,223,WEEKDAY,Bhekrai Nagar,0
trip_224_34,224,WEEKDAY,Dsk Vishwa,1
trip_223_31,223,WEEKDAY,Bhekrai Nagar,0
trip_224_35,224,WEEKDAY,Dsk Vishwa,1
trip_223_32,223,WEEKDAY,Bhekrai Nagar,0
trip_224_36,224,WEEKDAY,Dsk Vishwa,1
trip_223_33,223,WEEKDAY,Bhekrai Nagar,0
trip_224_37,224,WEEKDAY,Dsk Vishwa,1
trip_223_34,223,WEEKDAY,Bhekrai Nagar,0
trip_224_38,224,WEEKDAY,Dsk Vishwa,1
trip_223_35,223,WEEKDAY,Bhekrai Nagar,0
trip_224_39,224,WEEKDAY,Dsk Vishwa,1
trip_223_36,223,WEEKDAY,Bhekrai Nagar,0
trip_224_40,224,WEEKDAY,Dsk Vishwa,1
trip_223_37,223,WEEKDAY,Bhekrai Nagar,0
trip_224_41,224,WEEKDAY,Dsk Vishwa,1
trip_223_38,223,WEEKDAY,Bhekrai Nagar,0
trip_224_42,224,WEEKDAY,Dsk Vishwa,1
trip_223_39,223,WEEKDAY,Bhekrai Nagar,0
trip_224_43,224,WEEKDAY,Dsk Vishwa,1
trip_223_40,223,WEEKDAY,Bhekrai Nagar,0
trip_223_41,223,WEEKDAY,Bhekrai Nagar,0
trip_223_42,223,WEEKDAY,Bhekrai Nagar,0
trip_223_43,223,WEEKDAY,Bhekrai Nagar,0
trip_223_44,223,WEEKDAY,Bhekrai Nagar,0
trip_223_45,223,WEEKDAY,Bhekrai Nagar,0
trip_222_0,222,WEEKDAY,Talegaon Dhamdhere Bazar,1
trip_221_0,221,WEEKDAY,Ma Na Pa Shramik Bhavan,0
trip_222_1,222,WEEKDAY,Talegaon Dhamdhere Bazar,1
trip_222_2,222,WEEKDAY,Talegaon Dhamdhere Bazar,1
trip_222_3,222,WEEKDAY,Talegaon Dhamdhere Bazar,1
trip_222_4,222,WEEKDAY,Talegaon Dhamdhere Bazar,1
trip_222_5,222,WEEKDAY,Talegaon Dhamdhere Bazar,1
trip_222_6,222,WEEKDAY,Talegaon Dhamdhere Bazar,1
trip_222_7,222,WEEKDAY,Talegaon Dhamdhere Bazar,1
trip_222_8,222,WEEKDAY,Talegaon Dhamdhere Bazar,1
trip_222_9,222,WEEKDAY,Talegaon Dhamdhere Bazar,1
trip_221_1,221,WEEKDAY,Ma Na Pa Shramik Bhavan,0
trip_222_10,222,WEEKDAY,Talegaon Dhamdhere Bazar,1
trip_221_2,221,WEEKDAY,Ma Na Pa Shramik Bhavan,0
trip_222_11,222,WEEKDAY,Talegaon Dhamdhere Bazar,1
trip_221_3,221,WEEKDAY,Ma Na Pa Shramik Bhavan,0
trip_222_12,222,WEEKDAY,Talegaon Dhamdhere Bazar,1
trip_221_4,221,WEEKDAY,Ma Na Pa Shramik Bhavan,0
trip_222_13,222,WEEKDAY,Talegaon Dhamdhere Bazar,1
trip_221_5,221,WEEKDAY,Ma Na Pa Shramik Bhavan,0
trip_222_14,222,WEEKDAY,Talegaon Dhamdhere Bazar,1
trip_221_6,221,WEEKDAY,Ma Na Pa Shramik Bhavan,0
trip_222_15,222,WEEKDAY,Talegaon Dhamdhere Bazar,1
trip_221_7,221,WEEKDAY,Ma Na Pa Shramik Bhavan,0
trip_222_16,222,WEEKDAY,Talegaon Dhamdhere Bazar,1
trip_221_8,221,WEEKDAY,Ma Na Pa Shramik Bhavan,0
trip_222_17,222,WEEKDAY,Talegaon Dhamdhere Bazar,1
trip_221_9,221,WEEKDAY,Ma Na Pa Shramik Bhavan,0
trip_222_18,222,WEEKDAY,Talegaon Dhamdhere Bazar,1
trip_221_10,221,WEEKDAY,Ma Na Pa Shramik Bhavan,0
trip_222_19,222,WEEKDAY,Talegaon Dhamdhere Bazar,1
trip_221_11,221,WEEKDAY,Ma Na Pa Shramik Bhavan,0
trip_222_20,222,WEEKDAY,Talegaon Dhamdhere Bazar,1
trip_221_12,221,WEEKDAY,Ma Na Pa Shramik Bhavan,0
trip_222_21,222,WEEKDAY,Talegaon Dhamdhere Bazar,1
trip_221_13,221,WEEKDAY,Ma Na Pa Shramik Bhavan,0
trip_222_22,222,WEEKDAY,Talegaon Dhamdhere Bazar,1
trip_221_14,221,WEEKDAY,Ma Na Pa Shramik Bhavan,0
trip_222_23,222,WEEKDAY,Talegaon Dhamdhere Bazar,1
trip_221_15,221,WEEKDAY,Ma Na Pa Shramik Bhavan,0
trip_222_24,222,WEEKDAY,Talegaon Dhamdhere Bazar,1
trip_221_16,221,WEEKDAY,Ma Na Pa Shramik Bhavan,0
trip_222_25,222,WEEKDAY,Talegaon Dhamdhere Bazar,1
trip_221_17,221,WEEKDAY,Ma Na Pa Shramik Bhavan,0
trip_222_26,222,WEEKDAY,Talegaon Dhamdhere Bazar,1
trip_221_18,221,WEEKDAY,Ma Na Pa Shramik Bhavan,0
trip_222_27,222,WEEKDAY,Talegaon Dhamdhere Bazar,1
trip_221_19,221,WEEKDAY,Ma Na Pa Shramik Bhavan,0
trip_222_28,222,WEEKDAY,Talegaon Dhamdhere Bazar,1
trip_221_20,221,WEEKDAY,Ma Na Pa Shramik Bhavan,0
trip_222_29,222,WEEKDAY,Talegaon Dhamdhere Bazar,1
trip_221_21,221,WEEKDAY,Ma Na Pa Shramik Bhavan,0
trip_222_30,222,WEEKDAY,Talegaon Dhamdhere Bazar,1
trip_221_22,221,WEEKDAY,Ma Na Pa Shramik Bhavan,0
trip_222_31,222,WEEKDAY,Talegaon Dhamdhere Bazar,1
trip_221_23,221,WEEKDAY,Ma Na Pa Shramik Bhavan,0
trip_222_32,222,WEEKDAY,Talegaon Dhamdhere Bazar,1
trip_221_24,221,WEEKDAY,Ma Na Pa Shramik Bhavan,0
trip_222_33,222,WEEKDAY,Talegaon Dhamdhere Bazar,1
trip_221_25,221,WEEKDAY,Ma Na Pa Shramik Bhavan,0
trip_222_34,222,WEEKDAY,Talegaon Dhamdhere Bazar,1
trip_221_26,221,WEEKDAY,Ma Na Pa Shramik Bhavan,0
trip_222_35,222,WEEKDAY,Talegaon Dhamdhere Bazar,1
trip_221_27,221,WEEKDAY,Ma Na Pa Shramik Bhavan,0
trip_222_36,222,WEEKDAY,Talegaon Dhamdhere Bazar,1
trip_221_28,221,WEEKDAY,Ma Na Pa Shramik Bhavan,0
trip_222_37,222,WEEKDAY,Talegaon Dhamdhere Bazar,1
trip_221_29,221,WEEKDAY,Ma Na Pa Shramik Bhavan,0
trip_222_38,222,WEEKDAY,Talegaon Dhamdhere Bazar,1
trip_221_30,221,WEEKDAY,Ma Na Pa Shramik Bhavan,0
trip_222_39,222,WEEKDAY,Talegaon Dhamdhere Bazar,1
trip_221_31,221,WEEKDAY,Ma Na Pa Shramik Bhavan,0
trip_222_40,222,WEEKDAY,Talegaon Dhamdhere Bazar,1
trip_221_32,221,WEEKDAY,Ma Na Pa Shramik Bhavan,0
trip_222_41,222,WEEKDAY,Talegaon Dhamdhere Bazar,1
trip_221_33,221,WEEKDAY,Ma Na Pa Shramik Bhavan,0
trip_222_42,222,WEEKDAY,Talegaon Dhamdhere Bazar,1
trip_221_34,221,WEEKDAY,Ma Na Pa Shramik Bhavan,0
trip_222_43,222,WEEKDAY,Talegaon Dhamdhere Bazar,1
trip_221_35,221,WEEKDAY,Ma Na Pa Shramik Bhavan,0
trip_222_44,222,WEEKDAY,Talegaon Dhamdhere Bazar,1
trip_221_36,221,WEEKDAY,Ma Na Pa Shramik Bhavan,0
trip_222_45,222,WEEKDAY,Talegaon Dhamdhere Bazar,1
trip_221_37,221,WEEKDAY,Ma Na Pa Shramik Bhavan,0
trip_222_46,222,WEEKDAY,Talegaon Dhamdhere Bazar,1
trip_221_38,221,WEEKDAY,Ma Na Pa Shramik Bhavan,0
trip_222_47,222,WEEKDAY,Talegaon Dhamdhere Bazar,1
trip_221_39,221,WEEKDAY,Ma Na Pa Shramik Bhavan,0
trip_222_48,222,WEEKDAY,Talegaon Dhamdhere Bazar,1
trip_221_40,221,WEEKDAY,Ma Na Pa Shramik Bhavan,0
trip_222_49,222,WEEKDAY,Talegaon Dhamdhere Bazar,1
trip_221_41,221,WEEKDAY,Ma Na Pa Shramik Bhavan,0
trip_222_50,222,WEEKDAY,Talegaon Dhamdhere Bazar,1
trip_221_42,221,WEEKDAY,Ma Na Pa Shramik Bhavan,0
trip_222_51,222,WEEKDAY,Talegaon Dhamdhere Bazar,1
trip_221_43,221,WEEKDAY,Ma Na Pa Shramik Bhavan,0
trip_222_52,222,WEEKDAY,Talegaon Dhamdhere Bazar,1
trip_221_44,221,WEEKDAY,Ma Na Pa Shramik Bhavan,0
trip_222_53,222,WEEKDAY,Talegaon Dhamdhere Bazar,1
trip_221_45,221,WEEKDAY,Ma Na Pa Shramik Bhavan,0
trip_222_54,222,WEEKDAY,Talegaon Dhamdhere Bazar,1
trip_221_46,221,WEEKDAY,Ma Na Pa Shramik Bhavan,0
trip_222_55,222,WEEKDAY,Talegaon Dhamdhere Bazar,1
trip_221_47,221,WEEKDAY,Ma Na Pa Shramik Bhavan,0
trip_222_56,222,WEEKDAY,Talegaon Dhamdhere Bazar,1
trip_221_48,221,WEEKDAY,Ma Na Pa Shramik Bhavan,0
trip_222_57,222,WEEKDAY,Talegaon Dhamdhere Bazar,1
trip_221_49,221,WEEKDAY,Ma Na Pa Shramik Bhavan,0
trip_222_58,222,WEEKDAY,Talegaon Dhamdhere Bazar,1
trip_221_50,221,WEEKDAY,Ma Na Pa Shramik Bhavan,0
trip_222_59,222,WEEKDAY,Talegaon Dhamdhere Bazar,1
trip_221_51,221,WEEKDAY,Ma Na Pa Shramik Bhavan,0
trip_222_60,222,WEEKDAY,Talegaon Dhamdhere Bazar,1
trip_221_52,221,WEEKDAY,Ma Na Pa Shramik Bhavan,0
trip_222_61,222,WEEKDAY,Talegaon Dhamdhere Bazar,1
trip_221_53,221,WEEKDAY,Ma Na Pa Shramik Bhavan,0
trip_222_62,222,WEEKDAY,Talegaon Dhamdhere Bazar,1
trip_221_54,221,WEEKDAY,Ma Na Pa Shramik Bhavan,0
trip_222_63,222,WEEKDAY,Talegaon Dhamdhere Bazar,1
trip_221_55,221,WEEKDAY,Ma Na Pa Shramik Bhavan,0
trip_222_64,222,WEEKDAY,Talegaon Dhamdhere Bazar,1
trip_221_56,221,WEEKDAY,Ma Na Pa Shramik Bhavan,0
trip_222_65,222,WEEKDAY,Talegaon Dhamdhere Bazar,1
trip_221_57,221,WEEKDAY,Ma Na Pa Shramik Bhavan,0
trip_222_66,222,WEEKDAY,Talegaon Dhamdhere Bazar,1
trip_221_58,221,WEEKDAY,Ma Na Pa Shramik Bhavan,0
trip_222_67,222,WEEKDAY,Talegaon Dhamdhere Bazar,1
trip_221_59,221,WEEKDAY,Ma Na Pa Shramik Bhavan,0
trip_222_68,222,WEEKDAY,Talegaon Dhamdhere Bazar,1
trip_221_60,221,WEEKDAY,Ma Na Pa Shramik Bhavan,0
trip_222_69,222,WEEKDAY,Talegaon Dhamdhere Bazar,1
trip_221_61,221,WEEKDAY,Ma Na Pa Shramik Bhavan,0
trip_222_70,222,WEEKDAY,Talegaon Dhamdhere Bazar,1
trip_221_62,221,WEEKDAY,Ma Na Pa Shramik Bhavan,0
trip_222_71,222,WEEKDAY,Talegaon Dhamdhere Bazar,1
trip_221_63,221,WEEKDAY,Ma Na Pa Shramik Bhavan,0
trip_222_72,222,WEEKDAY,Talegaon Dhamdhere Bazar,1
trip_221_64,221,WEEKDAY,Ma Na Pa Shramik Bhavan,0
trip_222_73,222,WEEKDAY,Talegaon Dhamdhere Bazar,1
trip_221_65,221,WEEKDAY,Ma Na Pa Shramik Bhavan,0
trip_222_74,222,WEEKDAY,Talegaon Dhamdhere Bazar,1
trip_221_66,221,WEEKDAY,Ma Na Pa Shramik Bhavan,0
trip_222_75,222,WEEKDAY,Talegaon Dhamdhere Bazar,1
trip_221_67,221,WEEKDAY,Ma Na Pa Shramik Bhavan,0
trip_222_76,222,WEEKDAY,Talegaon Dhamdhere Bazar,1
trip_221_68,221,WEEKDAY,Ma Na Pa Shramik Bhavan,0
trip_222_77,222,WEEKDAY,Talegaon Dhamdhere Bazar,1
trip_221_69,221,WEEKDAY,Ma Na Pa Shramik Bhavan,0
trip_222_78,222,WEEKDAY,Talegaon Dhamdhere Bazar,1
trip_221_70,221,WEEKDAY,Ma Na Pa Shramik Bhavan,0
trip_222_79,222,WEEKDAY,Talegaon Dhamdhere Bazar,1
trip_221_71,221,WEEKDAY,Ma Na Pa Shramik Bhavan,0
trip_222_80,222,WEEKDAY,Talegaon Dhamdhere Bazar,1
trip_242_0,242,WEEKDAY,Dhole Patil Collage,1
trip_234_0,234,WEEKDAY,Kesnand Phata Wagholi,0
trip_242_1,242,WEEKDAY,Dhole Patil Collage,1
trip_242_2,242,WEEKDAY,Dhole Patil Collage,1
trip_242_3,242,WEEKDAY,Dhole Patil Collage,1
trip_242_4,242,WEEKDAY,Dhole Patil Collage,1
trip_242_5,242,WEEKDAY,Dhole Patil Collage,1
trip_242_6,242,WEEKDAY,Dhole Patil Collage,1
trip_242_7,242,WEEKDAY,Dhole Patil Collage,1
trip_242_8,242,WEEKDAY,Dhole Patil Collage,1
trip_242_9,242,WEEKDAY,Dhole Patil Collage,1
trip_242_10,242,WEEKDAY,Dhole Patil Collage,1
trip_242_11,242,WEEKDAY,Dhole Patil Collage,1
trip_241_0,241,WEEKDAY,Pune Station Ambedkar Putala,0
trip_242_12,242,WEEKDAY,Dhole Patil Collage,1
trip_242_13,242,WEEKDAY,Dhole Patil Collage,1
trip_242_14,242,WEEKDAY,Dhole Patil Collage,1
trip_236_0,236,WEEKDAY,Zilla Parishad Shala Karegaon,1
trip_242_15,242,WEEKDAY,Dhole Patil Collage,1
trip_242_16,242,WEEKDAY,Dhole Patil Collage,1
trip_242_17,242,WEEKDAY,Dhole Patil Collage,1
trip_242_18,242,WEEKDAY,Dhole Patil Collage,1
trip_242_19,242,WEEKDAY,Dhole Patil Collage,1
trip_242_20,242,WEEKDAY,Dhole Patil Collage,1
trip_242_21,242,WEEKDAY,Dhole Patil Collage,1
trip_242_22,242,WEEKDAY,Dhole Patil Collage,1
trip_242_23,242,WEEKDAY,Dhole Patil Collage,1
trip_242_24,242,WEEKDAY,Dhole Patil Collage,1
trip_242_25,242,WEEKDAY,Dhole Patil Collage,1
trip_234_1,234,WEEKDAY,Kesnand Phata Wagholi,0
trip_242_26,242,WEEKDAY,Dhole Patil Collage,1
trip_242_27,242,WEEKDAY,Dhole Patil Collage,1
trip_234_2,234,WEEKDAY,Kesnand Phata Wagholi,0
trip_242_28,242,WEEKDAY,Dhole Patil Collage,1
trip_234_3,234,WEEKDAY,Kesnand Phata Wagholi,0
trip_242_29,242,WEEKDAY,Dhole Patil Collage,1
trip_234_4,234,WEEKDAY,Kesnand Phata Wagholi,0
trip_242_30,242,WEEKDAY,Dhole Patil Collage,1
trip_242_31,242,WEEKDAY,Dhole Patil Collage,1
trip_234_5,234,WEEKDAY,Kesnand Phata Wagholi,0
trip_242_32,242,WEEKDAY,Dhole Patil Collage,1
trip_234_6,234,WEEKDAY,Kesnand Phata Wagholi,0
trip_242_33,242,WEEKDAY,Dhole Patil Collage,1
trip_241_1,241,WEEKDAY,Pune Station Ambedkar Putala,0
trip_234_7,234,WEEKDAY,Kesnand Phata Wagholi,0
trip_242_34,242,WEEKDAY,Dhole Patil Collage,1
trip_241_2,241,WEEKDAY,Pune Station Ambedkar Putala,0
trip_242_35,242,WEEKDAY,Dhole Patil Collage,1
trip_234_8,234,WEEKDAY,Kesnand Phata Wagholi,0
trip_241_3,241,WEEKDAY,Pune Station Ambedkar Putala,0
trip_242_36,242,WEEKDAY,Dhole Patil Collage,1
trip_234_9,234,WEEKDAY,Kesnand Phata Wagholi,0
trip_241_4,241,WEEKDAY,Pune Station Ambedkar Putala,0
trip_242_37,242,WEEKDAY,Dhole Patil Collage,1
trip_234_10,234,WEEKDAY,Kesnand Phata Wagholi,0
trip_241_5,241,WEEKDAY,Pune Station Ambedkar Putala,0
trip_242_38,242,WEEKDAY,Dhole Patil Collage,1
trip_241_6,241,WEEKDAY,Pune Station Ambedkar Putala,0
trip_234_11,234,WEEKDAY,Kesnand Phata Wagholi,0
trip_242_39,242,WEEKDAY,Dhole Patil Collage,1
trip_241_7,241,WEEKDAY,Pune Station Ambedkar Putala,0
trip_242_40,242,WEEKDAY,Dhole Patil Collage,1
trip_241_8,241,WEEKDAY,Pune Station Ambedkar Putala,0
trip_242_41,242,WEEKDAY,Dhole Patil Collage,1
trip_241_9,241,WEEKDAY,Pune Station Ambedkar Putala,0
trip_242_42,242,WEEKDAY,Dhole Patil Collage,1
trip_241_10,241,WEEKDAY,Pune Station Ambedkar Putala,0
trip_242_43,242,WEEKDAY,Dhole Patil Collage,1
trip_241_11,241,WEEKDAY,Pune Station Ambedkar Putala,0
trip_242_44,242,WEEKDAY,Dhole Patil Collage,1
trip_241_12,241,WEEKDAY,Pune Station Ambedkar Putala,0
trip_242_45,242,WEEKDAY,Dhole Patil Collage,1
trip_241_13,241,WEEKDAY,Pune Station Ambedkar Putala,0
trip_242_46,242,WEEKDAY,Dhole Patil Collage,1
trip_241_14,241,WEEKDAY,Pune Station Ambedkar Putala,0
trip_242_47,242,WEEKDAY,Dhole Patil Collage,1
trip_241_15,241,WEEKDAY,Pune Station Ambedkar Putala,0
trip_241_16,241,WEEKDAY,Pune Station Ambedkar Putala,0
trip_236_1,236,WEEKDAY,Zilla Parishad Shala Karegaon,1
trip_241_17,241,WEEKDAY,Pune Station Ambedkar Putala,0
trip_236_2,236,WEEKDAY,Zilla Parishad Shala Karegaon,1
trip_241_18,241,WEEKDAY,Pune Station Ambedkar Putala,0
trip_236_3,236,WEEKDAY,Zilla Parishad Shala Karegaon,1
trip_241_19,241,WEEKDAY,Pune Station Ambedkar Putala,0
trip_236_4,236,WEEKDAY,Zilla Parishad Shala Karegaon,1
trip_241_20,241,WEEKDAY,Pune Station Ambedkar Putala,0
trip_236_5,236,WEEKDAY,Zilla Parishad Shala Karegaon,1
trip_241_21,241,WEEKDAY,Pune Station Ambedkar Putala,0
trip_241_22,241,WEEKDAY,Pune Station Ambedkar Putala,0
trip_236_6,236,WEEKDAY,Zilla Parishad Shala Karegaon,1
trip_241_23,241,WEEKDAY,Pune Station Ambedkar Putala,0
trip_236_7,236,WEEKDAY,Zilla Parishad Shala Karegaon,1
trip_241_24,241,WEEKDAY,Pune Station Ambedkar Putala,0
trip_236_8,236,WEEKDAY,Zilla Parishad Shala Karegaon,1
trip_241_25,241,WEEKDAY,Pune Station Ambedkar Putala,0
trip_241_26,241,WEEKDAY,Pune Station Ambedkar Putala,0
trip_236_9,236,WEEKDAY,Zilla Parishad Shala Karegaon,1
trip_241_27,241,WEEKDAY,Pune Station Ambedkar Putala,0
trip_241_28,241,WEEKDAY,Pune Station Ambedkar Putala,0
trip_241_29,241,WEEKDAY,Pune Station Ambedkar Putala,0
trip_241_30,241,WEEKDAY,Pune Station Ambedkar Putala,0
trip_241_31,241,WEEKDAY,Pune Station Ambedkar Putala,0
trip_241_32,241,WEEKDAY,Pune Station Ambedkar Putala,0
trip_241_33,241,WEEKDAY,Pune Station Ambedkar Putala,0
trip_241_34,241,WEEKDAY,Pune Station Ambedkar Putala,0
trip_241_35,241,WEEKDAY,Pune Station Ambedkar Putala,0
trip_241_36,241,WEEKDAY,Pune Station Ambedkar Putala,0
trip_241_37,241,WEEKDAY,Pune Station Ambedkar Putala,0
trip_241_38,241,WEEKDAY,Pune Station Ambedkar Putala,0
trip_241_39,241,WEEKDAY,Pune Station Ambedkar Putala,0
trip_241_40,241,WEEKDAY,Pune Station Ambedkar Putala,0
trip_241_41,241,WEEKDAY,Pune Station Ambedkar Putala,0
trip_241_42,241,WEEKDAY,Pune Station Ambedkar Putala,0
trip_241_43,241,WEEKDAY,Pune Station Ambedkar Putala,0
trip_241_44,241,WEEKDAY,Pune Station Ambedkar Putala,0
trip_241_45,241,WEEKDAY,Pune Station Ambedkar Putala,0
trip_241_46,241,WEEKDAY,Pune Station Ambedkar Putala,0
trip_241_47,241,WEEKDAY,Pune Station Ambedkar Putala,0
trip_241_48,241,WEEKDAY,Pune Station Ambedkar Putala,0
trip_218_0,218,WEEKDAY,Loni Dhamni,1
trip_217_0,217,WEEKDAY,Ma Na Pa Shramik Bhavan,0
trip_218_1,218,WEEKDAY,Loni Dhamni,1
trip_218_2,218,WEEKDAY,Loni Dhamni,1
trip_218_3,218,WEEKDAY,Loni Dhamni,1
trip_217_1,217,WEEKDAY,Ma Na Pa Shramik Bhavan,0
trip_217_2,217,WEEKDAY,Ma Na Pa Shramik Bhavan,0
trip_217_3,217,WEEKDAY,Ma Na Pa Shramik Bhavan,0
trip_217_4,217,WEEKDAY,Ma Na Pa Shramik Bhavan,0
trip_217_5,217,WEEKDAY,Ma Na Pa Shramik Bhavan,0
trip_248_0,248,WEEKDAY,Vadgaon Sheri,1
trip_247_0,247,WEEKDAY,Ma Na Pa Dengle Pul Nadikhathi,0
trip_248_1,248,WEEKDAY,Vadgaon Sheri,1
trip_248_2,248,WEEKDAY,Vadgaon Sheri,1
trip_248_3,248,WEEKDAY,Vadgaon Sheri,1
trip_248_4,248,WEEKDAY,Vadgaon Sheri,1
trip_248_5,248,WEEKDAY,Vadgaon Sheri,1
trip_248_6,248,WEEKDAY,Vadgaon Sheri,1
trip_248_7,248,WEEKDAY,Vadgaon Sheri,1
trip_248_8,248,WEEKDAY,Vadgaon Sheri,1
trip_248_9,248,WEEKDAY,Vadgaon Sheri,1
trip_248_10,248,WEEKDAY,Vadgaon Sheri,1
trip_247_1,247,WEEKDAY,Ma Na Pa Dengle Pul Nadikhathi,0
trip_248_11,248,WEEKDAY,Vadgaon Sheri,1
trip_247_2,247,WEEKDAY,Ma Na Pa Dengle Pul Nadikhathi,0
trip_248_12,248,WEEKDAY,Vadgaon Sheri,1
trip_247_3,247,WEEKDAY,Ma Na Pa Dengle Pul Nadikhathi,0
trip_248_13,248,WEEKDAY,Vadgaon Sheri,1
trip_247_4,247,WEEKDAY,Ma Na Pa Dengle Pul Nadikhathi,0
trip_248_14,248,WEEKDAY,Vadgaon Sheri,1
trip_247_5,247,WEEKDAY,Ma Na Pa Dengle Pul Nadikhathi,0
trip_248_15,248,WEEKDAY,Vadgaon Sheri,1
trip_247_6,247,WEEKDAY,Ma Na Pa Dengle Pul Nadikhathi,0
trip_248_16,248,WEEKDAY,Vadgaon Sheri,1
trip_247_7,247,WEEKDAY,Ma Na Pa Dengle Pul Nadikhathi,0
trip_248_17,248,WEEKDAY,Vadgaon Sheri,1
trip_247_8,247,WEEKDAY,Ma Na Pa Dengle Pul Nadikhathi,0
trip_248_18,248,WEEKDAY,Vadgaon Sheri,1
trip_247_9,247,WEEKDAY,Ma Na Pa Dengle Pul Nadikhathi,0
trip_248_19,248,WEEKDAY,Vadgaon Sheri,1
trip_247_10,247,WEEKDAY,Ma Na Pa Dengle Pul Nadikhathi,0
trip_248_20,248,WEEKDAY,Vadgaon Sheri,1
trip_247_11,247,WEEKDAY,Ma Na Pa Dengle Pul Nadikhathi,0
trip_248_21,248,WEEKDAY,Vadgaon Sheri,1
trip_247_12,247,WEEKDAY,Ma Na Pa Dengle Pul Nadikhathi,0
trip_248_22,248,WEEKDAY,Vadgaon Sheri,1
trip_247_13,247,WEEKDAY,Ma Na Pa Dengle Pul Nadikhathi,0
trip_248_23,248,WEEKDAY,Vadgaon Sheri,1
trip_247_14,247,WEEKDAY,Ma Na Pa Dengle Pul Nadikhathi,0
trip_248_24,248,WEEKDAY,Vadgaon Sheri,1
trip_247_15,247,WEEKDAY,Ma Na Pa Dengle Pul Nadikhathi,0
trip_248_25,248,WEEKDAY,Vadgaon Sheri,1
trip_247_16,247,WEEKDAY,Ma Na Pa Dengle Pul Nadikhathi,0
trip_248_26,248,WEEKDAY,Vadgaon Sheri,1
trip_247_17,247,WEEKDAY,Ma Na Pa Dengle Pul Nadikhathi,0
trip_248_27,248,WEEKDAY,Vadgaon Sheri,1
trip_247_18,247,WEEKDAY,Ma Na Pa Dengle Pul Nadikhathi,0
trip_248_28,248,WEEKDAY,Vadgaon Sheri,1
trip_247_19,247,WEEKDAY,Ma Na Pa Dengle Pul Nadikhathi,0
trip_248_29,248,WEEKDAY,Vadgaon Sheri,1
trip_247_20,247,WEEKDAY,Ma Na Pa Dengle Pul Nadikhathi,0
trip_248_30,248,WEEKDAY,Vadgaon Sheri,1
trip_247_21,247,WEEKDAY,Ma Na Pa Dengle Pul Nadikhathi,0
trip_248_31,248,WEEKDAY,Vadgaon Sheri,1
trip_247_22,247,WEEKDAY,Ma Na Pa Dengle Pul Nadikhathi,0
trip_248_32,248,WEEKDAY,Vadgaon Sheri,1
trip_247_23,247,WEEKDAY,Ma Na Pa Dengle Pul Nadikhathi,0
trip_248_33,248,WEEKDAY,Vadgaon Sheri,1
trip_247_24,247,WEEKDAY,Ma Na Pa Dengle Pul Nadikhathi,0
trip_248_34,248,WEEKDAY,Vadgaon Sheri,1
trip_247_25,247,WEEKDAY,Ma Na Pa Dengle Pul Nadikhathi,0
trip_248_35,248,WEEKDAY,Vadgaon Sheri,1
trip_248_36,248,WEEKDAY,Vadgaon Sheri,1
trip_247_26,247,WEEKDAY,Ma Na Pa Dengle Pul Nadikhathi,0
trip_248_37,248,WEEKDAY,Vadgaon Sheri,1
trip_247_27,247,WEEKDAY,Ma Na Pa Dengle Pul Nadikhathi,0
trip_248_38,248,WEEKDAY,Vadgaon Sheri,1
trip_247_28,247,WEEKDAY,Ma Na Pa Dengle Pul Nadikhathi,0
trip_248_39,248,WEEKDAY,Vadgaon Sheri,1
trip_247_29,247,WEEKDAY,Ma Na Pa Dengle Pul Nadikhathi,0
trip_248_40,248,WEEKDAY,Vadgaon Sheri,1
trip_247_30,247,WEEKDAY,Ma Na Pa Dengle Pul Nadikhathi,0
trip_248_41,248,WEEKDAY,Vadgaon Sheri,1
trip_247_31,247,WEEKDAY,Ma Na Pa Dengle Pul Nadikhathi,0
trip_248_42,248,WEEKDAY,Vadgaon Sheri,1
trip_247_32,247,WEEKDAY,Ma Na Pa Dengle Pul Nadikhathi,0
trip_248_43,248,WEEKDAY,Vadgaon Sheri,1
trip_247_33,247,WEEKDAY,Ma Na Pa Dengle Pul Nadikhathi,0
trip_248_44,248,WEEKDAY,Vadgaon Sheri,1
trip_247_34,247,WEEKDAY,Ma Na Pa Dengle Pul Nadikhathi,0
trip_248_45,248,WEEKDAY,Vadgaon Sheri,1
trip_247_35,247,WEEKDAY,Ma Na Pa Dengle Pul Nadikhathi,0
trip_248_46,248,WEEKDAY,Vadgaon Sheri,1
trip_247_36,247,WEEKDAY,Ma Na Pa Dengle Pul Nadikhathi,0
trip_248_47,248,WEEKDAY,Vadgaon Sheri,1
trip_247_37,247,WEEKDAY,Ma Na Pa Dengle Pul Nadikhathi,0
trip_248_48,248,WEEKDAY,Vadgaon Sheri,1
trip_247_38,247,WEEKDAY,Ma Na Pa Dengle Pul Nadikhathi,0
trip_247_39,247,WEEKDAY,Ma Na Pa Dengle Pul Nadikhathi,0
trip_247_40,247,WEEKDAY,Ma Na Pa Dengle Pul Nadikhathi,0
trip_247_41,247,WEEKDAY,Ma Na Pa Dengle Pul Nadikhathi,0
trip_247_42,247,WEEKDAY,Ma Na Pa Dengle Pul Nadikhathi,0
trip_247_43,247,WEEKDAY,Ma Na Pa Dengle Pul Nadikhathi,0
trip_247_44,247,WEEKDAY,Ma Na Pa Dengle Pul Nadikhathi,0
trip_247_45,247,WEEKDAY,Ma Na Pa Dengle Pul Nadikhathi,0
trip_255_0,255,WEEKDAY,Pune Station Ambedkar Putala,0
trip_255_1,255,WEEKDAY,Pune Station Ambedkar Putala,0
trip_255_2,255,WEEKDAY,Pune Station Ambedkar Putala,0
trip_255_3,255,WEEKDAY,Pune Station Ambedkar Putala,0
trip_255_4,255,WEEKDAY,Pune Station Ambedkar Putala,0
trip_255_5,255,WEEKDAY,Pune Station Ambedkar Putala,0
trip_255_6,255,WEEKDAY,Pune Station Ambedkar Putala,0
trip_255_7,255,WEEKDAY,Pune Station Ambedkar Putala,0
trip_255_8,255,WEEKDAY,Pune Station Ambedkar Putala,0
trip_255_9,255,WEEKDAY,Pune Station Ambedkar Putala,0
trip_255_10,255,WEEKDAY,Pune Station Ambedkar Putala,0
trip_255_11,255,WEEKDAY,Pune Station Ambedkar Putala,0
trip_255_12,255,WEEKDAY,Pune Station Ambedkar Putala,0
trip_255_13,255,WEEKDAY,Pune Station Ambedkar Putala,0
trip_255_14,255,WEEKDAY,Pune Station Ambedkar Putala,0
trip_255_15,255,WEEKDAY,Pune Station Ambedkar Putala,0
trip_256_0,256,WEEKDAY,Lohegaon Airport,1
trip_255_16,255,WEEKDAY,Pune Station Ambedkar Putala,0
trip_255_17,255,WEEKDAY,Pune Station Ambedkar Putala,0
trip_255_18,255,WEEKDAY,Pune Station Ambedkar Putala,0
trip_255_19,255,WEEKDAY,Pune Station Ambedkar Putala,0
trip_255_20,255,WEEKDAY,Pune Station Ambedkar Putala,0
trip_255_21,255,WEEKDAY,Pune Station Ambedkar Putala,0
trip_255_22,255,WEEKDAY,Pune Station Ambedkar Putala,0
trip_255_23,255,WEEKDAY,Pune Station Ambedkar Putala,0
trip_255_24,255,WEEKDAY,Pune Station Ambedkar Putala,0
trip_255_25,255,WEEKDAY,Pune Station Ambedkar Putala,0
trip_255_26,255,WEEKDAY,Pune Station Ambedkar Putala,0
trip_255_27,255,WEEKDAY,Pune Station Ambedkar Putala,0
trip_255_28,255,WEEKDAY,Pune Station Ambedkar Putala,0
trip_255_29,255,WEEKDAY,Pune Station Ambedkar Putala,0
trip_256_1,256,WEEKDAY,Lohegaon Airport,1
trip_256_2,256,WEEKDAY,Lohegaon Airport,1
trip_256_3,256,WEEKDAY,Lohegaon Airport,1
trip_256_4,256,WEEKDAY,Lohegaon Airport,1
trip_256_5,256,WEEKDAY,Lohegaon Airport,1
trip_256_6,256,WEEKDAY,Lohegaon Airport,1
trip_256_7,256,WEEKDAY,Lohegaon Airport,1
trip_256_8,256,WEEKDAY,Lohegaon Airport,1
trip_256_9,256,WEEKDAY,Lohegaon Airport,1
trip_256_10,256,WEEKDAY,Lohegaon Airport,1
trip_256_11,256,WEEKDAY,Lohegaon Airport,1
trip_256_12,256,WEEKDAY,Lohegaon Airport,1
trip_256_13,256,WEEKDAY,Lohegaon Airport,1
trip_256_14,256,WEEKDAY,Lohegaon Airport,1
trip_256_15,256,WEEKDAY,Lohegaon Airport,1
trip_256_16,256,WEEKDAY,Lohegaon Airport,1
trip_256_17,256,WEEKDAY,Lohegaon Airport,1
trip_256_18,256,WEEKDAY,Lohegaon Airport,1
trip_256_19,256,WEEKDAY,Lohegaon Airport,1
trip_256_20,256,WEEKDAY,Lohegaon Airport,1
trip_256_21,256,WEEKDAY,Lohegaon Airport,1
trip_256_22,256,WEEKDAY,Lohegaon Airport,1
trip_256_23,256,WEEKDAY,Lohegaon Airport,1
trip_256_24,256,WEEKDAY,Lohegaon Airport,1
trip_256_25,256,WEEKDAY,Lohegaon Airport,1
trip_256_26,256,WEEKDAY,Lohegaon Airport,1
trip_256_27,256,WEEKDAY,Lohegaon Airport,1
trip_256_28,256,WEEKDAY,Lohegaon Airport,1
trip_256_29,256,WEEKDAY,Lohegaon Airport,1
trip_256_30,256,WEEKDAY,Lohegaon Airport,1
trip_262_0,262,WEEKDAY,Wagholi Kesnand Phata,1
trip_262_1,262,WEEKDAY,Wagholi Kesnand Phata,1
trip_262_2,262,WEEKDAY,Wagholi Kesnand Phata,1
trip_262_3,262,WEEKDAY,Wagholi Kesnand Phata,1
trip_262_4,262,WEEKDAY,Wagholi Kesnand Phata,1
trip_262_5,262,WEEKDAY,Wagholi Kesnand Phata,1
trip_262_6,262,WEEKDAY,Wagholi Kesnand Phata,1
trip_262_7,262,WEEKDAY,Wagholi Kesnand Phata,1
trip_262_8,262,WEEKDAY,Wagholi Kesnand Phata,1
trip_262_9,262,WEEKDAY,Wagholi Kesnand Phata,1
trip_262_10,262,WEEKDAY,Wagholi Kesnand Phata,1
trip_262_11,262,WEEKDAY,Wagholi Kesnand Phata,1
trip_262_12,262,WEEKDAY,Wagholi Kesnand Phata,1
trip_262_13,262,WEEKDAY,Wagholi Kesnand Phata,1
trip_262_14,262,WEEKDAY,Wagholi Kesnand Phata,1
trip_262_15,262,WEEKDAY,Wagholi Kesnand Phata,1
trip_262_16,262,WEEKDAY,Wagholi Kesnand Phata,1
trip_262_17,262,WEEKDAY,Wagholi Kesnand Phata,1
trip_262_18,262,WEEKDAY,Wagholi Kesnand Phata,1
trip_262_19,262,WEEKDAY,Wagholi Kesnand Phata,1
trip_262_20,262,WEEKDAY,Wagholi Kesnand Phata,1
trip_262_21,262,WEEKDAY,Wagholi Kesnand Phata,1
trip_262_22,262,WEEKDAY,Wagholi Kesnand Phata,1
trip_262_23,262,WEEKDAY,Wagholi Kesnand Phata,1
trip_262_24,262,WEEKDAY,Wagholi Kesnand Phata,1
trip_262_25,262,WEEKDAY,Wagholi Kesnand Phata,1
trip_262_26,262,WEEKDAY,Wagholi Kesnand Phata,1
trip_262_27,262,WEEKDAY,Wagholi Kesnand Phata,1
trip_262_28,262,WEEKDAY,Wagholi Kesnand Phata,1
trip_262_29,262,WEEKDAY,Wagholi Kesnand Phata,1
trip_262_30,262,WEEKDAY,Wagholi Kesnand Phata,1
trip_262_31,262,WEEKDAY,Wagholi Kesnand Phata,1
trip_262_32,262,WEEKDAY,Wagholi Kesnand Phata,1
trip_262_33,262,WEEKDAY,Wagholi Kesnand Phata,1
trip_262_34,262,WEEKDAY,Wagholi Kesnand Phata,1
trip_262_35,262,WEEKDAY,Wagholi Kesnand Phata,1
trip_262_36,262,WEEKDAY,Wagholi Kesnand Phata,1
trip_262_37,262,WEEKDAY,Wagholi Kesnand Phata,1
trip_262_38,262,WEEKDAY,Wagholi Kesnand Phata,1
trip_262_39,262,WEEKDAY,Wagholi Kesnand Phata,1
trip_262_40,262,WEEKDAY,Wagholi Kesnand Phata,1
trip_262_41,262,WEEKDAY,Wagholi Kesnand Phata,1
trip_262_42,262,WEEKDAY,Wagholi Kesnand Phata,1
trip_262_43,262,WEEKDAY,Wagholi Kesnand Phata,1
trip_262_44,262,WEEKDAY,Wagholi Kesnand Phata,1
trip_262_45,262,WEEKDAY,Wagholi Kesnand Phata,1
trip_262_46,262,WEEKDAY,Wagholi Kesnand Phata,1
trip_262_47,262,WEEKDAY,Wagholi Kesnand Phata,1
trip_262_48,262,WEEKDAY,Wagholi Kesnand Phata,1
trip_262_49,262,WEEKDAY,Wagholi Kesnand Phata,1
trip_262_50,262,WEEKDAY,Wagholi Kesnand Phata,1
trip_262_51,262,WEEKDAY,Wagholi Kesnand Phata,1
trip_262_52,262,WEEKDAY,Wagholi Kesnand Phata,1
trip_262_53,262,WEEKDAY,Wagholi Kesnand Phata,1
trip_262_54,262,WEEKDAY,Wagholi Kesnand Phata,1
trip_262_55,262,WEEKDAY,Wagholi Kesnand Phata,1
trip_262_56,262,WEEKDAY,Wagholi Kesnand Phata,1
trip_262_57,262,WEEKDAY,Wagholi Kesnand Phata,1
trip_262_58,262,WEEKDAY,Wagholi Kesnand Phata,1
trip_262_59,262,WEEKDAY,Wagholi Kesnand Phata,1
trip_262_60,262,WEEKDAY,Wagholi Kesnand Phata,1
trip_262_61,262,WEEKDAY,Wagholi Kesnand Phata,1
trip_262_62,262,WEEKDAY,Wagholi Kesnand Phata,1
trip_262_63,262,WEEKDAY,Wagholi Kesnand Phata,1
trip_262_64,262,WEEKDAY,Wagholi Kesnand Phata,1
trip_262_65,262,WEEKDAY,Wagholi Kesnand Phata,1
trip_262_66,262,WEEKDAY,Wagholi Kesnand Phata,1
trip_262_67,262,WEEKDAY,Wagholi Kesnand Phata,1
trip_262_68,262,WEEKDAY,Wagholi Kesnand Phata,1
trip_262_69,262,WEEKDAY,Wagholi Kesnand Phata,1
trip_262_70,262,WEEKDAY,Wagholi Kesnand Phata,1
trip_262_71,262,WEEKDAY,Wagholi Kesnand Phata,1
trip_262_72,262,WEEKDAY,Wagholi Kesnand Phata,1
trip_262_73,262,WEEKDAY,Wagholi Kesnand Phata,1
trip_262_74,262,WEEKDAY,Wagholi Kesnand Phata,1
trip_262_75,262,WEEKDAY,Wagholi Kesnand Phata,1
trip_262_76,262,WEEKDAY,Wagholi Kesnand Phata,1
trip_262_77,262,WEEKDAY,Wagholi Kesnand Phata,1
trip_262_78,262,WEEKDAY,Wagholi Kesnand Phata,1
trip_262_79,262,WEEKDAY,Wagholi Kesnand Phata,1
trip_262_80,262,WEEKDAY,Wagholi Kesnand Phata,1
trip_262_81,262,WEEKDAY,Wagholi Kesnand Phata,1
trip_262_82,262,WEEKDAY,Wagholi Kesnand Phata,1
trip_262_83,262,WEEKDAY,Wagholi Kesnand Phata,1
trip_262_84,262,WEEKDAY,Wagholi Kesnand Phata,1
trip_262_85,262,WEEKDAY,Wagholi Kesnand Phata,1
trip_262_86,262,WEEKDAY,Wagholi Kesnand Phata,1
trip_262_87,262,WEEKDAY,Wagholi Kesnand Phata,1
trip_267_0,267,WEEKDAY,Shaniwarwada Stand,0
trip_262_88,262,WEEKDAY,Wagholi Kesnand Phata,1
trip_262_89,262,WEEKDAY,Wagholi Kesnand Phata,1
trip_262_90,262,WEEKDAY,Wagholi Kesnand Phata,1
trip_262_91,262,WEEKDAY,Wagholi Kesnand Phata,1
trip_262_92,262,WEEKDAY,Wagholi Kesnand Phata,1
trip_262_93,262,WEEKDAY,Wagholi Kesnand Phata,1
trip_267_1,267,WEEKDAY,Shaniwarwada Stand,0
trip_267_2,267,WEEKDAY,Shaniwarwada Stand,0
trip_267_3,267,WEEKDAY,Shaniwarwada Stand,0
trip_267_4,267,WEEKDAY,Shaniwarwada Stand,0
trip_267_5,267,WEEKDAY,Shaniwarwada Stand,0
trip_267_6,267,WEEKDAY,Shaniwarwada Stand,0
trip_267_7,267,WEEKDAY,Shaniwarwada Stand,0
trip_267_8,267,WEEKDAY,Shaniwarwada Stand,0
trip_267_9,267,WEEKDAY,Shaniwarwada Stand,0
trip_267_10,267,WEEKDAY,Shaniwarwada Stand,0
trip_267_11,267,WEEKDAY,Shaniwarwada Stand,0
trip_267_12,267,WEEKDAY,Shaniwarwada Stand,0
trip_267_13,267,WEEKDAY,Shaniwarwada Stand,0
trip_267_14,267,WEEKDAY,Shaniwarwada Stand,0
trip_267_15,267,WEEKDAY,Shaniwarwada Stand,0
trip_267_16,267,WEEKDAY,Shaniwarwada Stand,0
trip_267_17,267,WEEKDAY,Shaniwarwada Stand,0
trip_267_18,267,WEEKDAY,Shaniwarwada Stand,0
trip_267_19,267,WEEKDAY,Shaniwarwada Stand,0
trip_267_20,267,WEEKDAY,Shaniwarwada Stand,0
trip_267_21,267,WEEKDAY,Shaniwarwada Stand,0
trip_267_22,267,WEEKDAY,Shaniwarwada Stand,0
trip_267_23,267,WEEKDAY,Shaniwarwada Stand,0
trip_267_24,267,WEEKDAY,Shaniwarwada Stand,0
trip_267_25,267,WEEKDAY,Shaniwarwada Stand,0
trip_267_26,267,WEEKDAY,Shaniwarwada Stand,0
trip_267_27,267,WEEKDAY,Shaniwarwada Stand,0
trip_267_28,267,WEEKDAY,Shaniwarwada Stand,0
trip_270_0,270,WEEKDAY,Keshav Nagar,1
trip_267_29,267,WEEKDAY,Shaniwarwada Stand,0
trip_267_30,267,WEEKDAY,Shaniwarwada Stand,0
trip_267_31,267,WEEKDAY,Shaniwarwada Stand,0
trip_267_32,267,WEEKDAY,Shaniwarwada Stand,0
trip_267_33,267,WEEKDAY,Shaniwarwada Stand,0
trip_267_34,267,WEEKDAY,Shaniwarwada Stand,0
trip_267_35,267,WEEKDAY,Shaniwarwada Stand,0
trip_267_36,267,WEEKDAY,Shaniwarwada Stand,0
trip_267_37,267,WEEKDAY,Shaniwarwada Stand,0
trip_267_38,267,WEEKDAY,Shaniwarwada Stand,0
trip_267_39,267,WEEKDAY,Shaniwarwada Stand,0
trip_267_40,267,WEEKDAY,Shaniwarwada Stand,0
trip_267_41,267,WEEKDAY,Shaniwarwada Stand,0
trip_267_42,267,WEEKDAY,Shaniwarwada Stand,0
trip_267_43,267,WEEKDAY,Shaniwarwada Stand,0
trip_267_44,267,WEEKDAY,Shaniwarwada Stand,0
trip_270_1,270,WEEKDAY,Keshav Nagar,1
trip_267_45,267,WEEKDAY,Shaniwarwada Stand,0
trip_270_2,270,WEEKDAY,Keshav Nagar,1
trip_267_46,267,WEEKDAY,Shaniwarwada Stand,0
trip_270_3,270,WEEKDAY,Keshav Nagar,1
trip_270_4,270,WEEKDAY,Keshav Nagar,1
trip_270_5,270,WEEKDAY,Keshav Nagar,1
trip_270_6,270,WEEKDAY,Keshav Nagar,1
trip_270_7,270,WEEKDAY,Keshav Nagar,1
trip_270_8,270,WEEKDAY,Keshav Nagar,1
trip_270_9,270,WEEKDAY,Keshav Nagar,1
trip_259_0,259,WEEKDAY,Bhekrai Nagar,0
trip_270_10,270,WEEKDAY,Keshav Nagar,1
trip_270_11,270,WEEKDAY,Keshav Nagar,1
trip_270_12,270,WEEKDAY,Keshav Nagar,1
trip_270_13,270,WEEKDAY,Keshav Nagar,1
trip_270_14,270,WEEKDAY,Keshav Nagar,1
trip_270_15,270,WEEKDAY,Keshav Nagar,1
trip_266_0,266,WEEKDAY,Keshav Nagar,1
trip_270_16,270,WEEKDAY,Keshav Nagar,1
trip_270_17,270,WEEKDAY,Keshav Nagar,1
trip_270_18,270,WEEKDAY,Keshav Nagar,1
trip_270_19,270,WEEKDAY,Keshav Nagar,1
trip_270_20,270,WEEKDAY,Keshav Nagar,1
trip_270_21,270,WEEKDAY,Keshav Nagar,1
trip_270_22,270,WEEKDAY,Keshav Nagar,1
trip_265_0,265,WEEKDAY,Shaniwarwada Stand,0
trip_270_23,270,WEEKDAY,Keshav Nagar,1
trip_270_24,270,WEEKDAY,Keshav Nagar,1
trip_270_25,270,WEEKDAY,Keshav Nagar,1
trip_270_26,270,WEEKDAY,Keshav Nagar,1
trip_270_27,270,WEEKDAY,Keshav Nagar,1
trip_270_28,270,WEEKDAY,Keshav Nagar,1
trip_270_29,270,WEEKDAY,Keshav Nagar,1
trip_270_30,270,WEEKDAY,Keshav Nagar,1
trip_270_31,270,WEEKDAY,Keshav Nagar,1
trip_270_32,270,WEEKDAY,Keshav Nagar,1
trip_270_33,270,WEEKDAY,Keshav Nagar,1
trip_270_34,270,WEEKDAY,Keshav Nagar,1
trip_270_35,270,WEEKDAY,Keshav Nagar,1
trip_259_1,259,WEEKDAY,Bhekrai Nagar,0
trip_270_36,270,WEEKDAY,Keshav Nagar,1
trip_259_2,259,WEEKDAY,Bhekrai Nagar,0
trip_270_37,270,WEEKDAY,Keshav Nagar,1
trip_259_3,259,WEEKDAY,Bhekrai Nagar,0
trip_270_38,270,WEEKDAY,Keshav Nagar,1
trip_259_4,259,WEEKDAY,Bhekrai Nagar,0
trip_270_39,270,WEEKDAY,Keshav Nagar,1
trip_266_1,266,WEEKDAY,Keshav Nagar,1
trip_259_5,259,WEEKDAY,Bhekrai Nagar,0
trip_270_40,270,WEEKDAY,Keshav Nagar,1
trip_266_2,266,WEEKDAY,Keshav Nagar,1
trip_259_6,259,WEEKDAY,Bhekrai Nagar,0
trip_270_41,270,WEEKDAY,Keshav Nagar,1
trip_266_3,266,WEEKDAY,Keshav Nagar,1
trip_259_7,259,WEEKDAY,Bhekrai Nagar,0
trip_270_42,270,WEEKDAY,Keshav Nagar,1
trip_266_4,266,WEEKDAY,Keshav Nagar,1
trip_259_8,259,WEEKDAY,Bhekrai Nagar,0
trip_270_43,270,WEEKDAY,Keshav Nagar,1
trip_266_5,266,WEEKDAY,Keshav Nagar,1
trip_259_9,259,WEEKDAY,Bhekrai Nagar,0
trip_270_44,270,WEEKDAY,Keshav Nagar,1
trip_266_6,266,WEEKDAY,Keshav Nagar,1
trip_259_10,259,WEEKDAY,Bhekrai Nagar,0
trip_270_45,270,WEEKDAY,Keshav Nagar,1
trip_265_1,265,WEEKDAY,Shaniwarwada Stand,0
trip_266_7,266,WEEKDAY,Keshav Nagar,1
trip_259_11,259,WEEKDAY,Bhekrai Nagar,0
trip_270_46,270,WEEKDAY,Keshav Nagar,1
trip_266_8,266,WEEKDAY,Keshav Nagar,1
trip_265_2,265,WEEKDAY,Shaniwarwada Stand,0
trip_270_47,270,WEEKDAY,Keshav Nagar,1
trip_259_12,259,WEEKDAY,Bhekrai Nagar,0
trip_266_9,266,WEEKDAY,Keshav Nagar,1
trip_265_3,265,WEEKDAY,Shaniwarwada Stand,0
trip_259_13,259,WEEKDAY,Bhekrai Nagar,0
trip_270_48,270,WEEKDAY,Keshav Nagar,1
trip_266_10,266,WEEKDAY,Keshav Nagar,1
trip_265_4,265,WEEKDAY,Shaniwarwada Stand,0
trip_259_14,259,WEEKDAY,Bhekrai Nagar,0
trip_266_11,266,WEEKDAY,Keshav Nagar,1
trip_265_5,265,WEEKDAY,Shaniwarwada Stand,0
trip_259_15,259,WEEKDAY,Bhekrai Nagar,0
trip_266_12,266,WEEKDAY,Keshav Nagar,1
trip_265_6,265,WEEKDAY,Shaniwarwada Stand,0
trip_259_16,259,WEEKDAY,Bhekrai Nagar,0
trip_266_13,266,WEEKDAY,Keshav Nagar,1
trip_265_7,265,WEEKDAY,Shaniwarwada Stand,0
trip_259_17,259,WEEKDAY,Bhekrai Nagar,0
trip_266_14,266,WEEKDAY,Keshav Nagar,1
trip_265_8,265,WEEKDAY,Shaniwarwada Stand,0
trip_259_18,259,WEEKDAY,Bhekrai Nagar,0
trip_266_15,266,WEEKDAY,Keshav Nagar,1
trip_265_9,265,WEEKDAY,Shaniwarwada Stand,0
trip_259_19,259,WEEKDAY,Bhekrai Nagar,0
trip_266_16,266,WEEKDAY,Keshav Nagar,1
trip_265_10,265,WEEKDAY,Shaniwarwada Stand,0
trip_259_20,259,WEEKDAY,Bhekrai Nagar,0
trip_266_17,266,WEEKDAY,Keshav Nagar,1
trip_259_21,259,WEEKDAY,Bhekrai Nagar,0
trip_265_11,265,WEEKDAY,Shaniwarwada Stand,0
trip_259_22,259,WEEKDAY,Bhekrai Nagar,0
trip_265_12,265,WEEKDAY,Shaniwarwada Stand,0
trip_259_23,259,WEEKDAY,Bhekrai Nagar,0
trip_265_13,265,WEEKDAY,Shaniwarwada Stand,0
trip_259_24,259,WEEKDAY,Bhekrai Nagar,0
trip_265_14,265,WEEKDAY,Shaniwarwada Stand,0
trip_259_25,259,WEEKDAY,Bhekrai Nagar,0
trip_265_15,265,WEEKDAY,Shaniwarwada Stand,0
trip_259_26,259,WEEKDAY,Bhekrai Nagar,0
trip_265_16,265,WEEKDAY,Shaniwarwada Stand,0
trip_259_27,259,WEEKDAY,Bhekrai Nagar,0
trip_265_17,265,WEEKDAY,Shaniwarwada Stand,0
trip_259_28,259,WEEKDAY,Bhekrai Nagar,0
trip_259_29,259,WEEKDAY,Bhekrai Nagar,0
trip_259_30,259,WEEKDAY,Bhekrai Nagar,0
trip_259_31,259,WEEKDAY,Bhekrai Nagar,0
trip_259_32,259,WEEKDAY,Bhekrai Nagar,0
trip_259_33,259,WEEKDAY,Bhekrai Nagar,0
trip_259_34,259,WEEKDAY,Bhekrai Nagar,0
trip_259_35,259,WEEKDAY,Bhekrai Nagar,0
trip_259_36,259,WEEKDAY,Bhekrai Nagar,0
trip_259_37,259,WEEKDAY,Bhekrai Nagar,0
trip_259_38,259,WEEKDAY,Bhekrai Nagar,0
trip_259_39,259,WEEKDAY,Bhekrai Nagar,0
trip_259_40,259,WEEKDAY,Bhekrai Nagar,0
trip_259_41,259,WEEKDAY,Bhekrai Nagar,0
trip_259_42,259,WEEKDAY,Bhekrai Nagar,0
trip_259_43,259,WEEKDAY,Bhekrai Nagar,0
trip_259_44,259,WEEKDAY,Bhekrai Nagar,0
trip_259_45,259,WEEKDAY,Bhekrai Nagar,0
trip_259_46,259,WEEKDAY,Bhekrai Nagar,0
trip_259_47,259,WEEKDAY,Bhekrai Nagar,0
trip_259_48,259,WEEKDAY,Bhekrai Nagar,0
trip_259_49,259,WEEKDAY,Bhekrai Nagar,0
trip_259_50,259,WEEKDAY,Bhekrai Nagar,0
trip_259_51,259,WEEKDAY,Bhekrai Nagar,0
trip_259_52,259,WEEKDAY,Bhekrai Nagar,0
trip_259_53,259,WEEKDAY,Bhekrai Nagar,0
trip_259_54,259,WEEKDAY,Bhekrai Nagar,0
trip_259_55,259,WEEKDAY,Bhekrai Nagar,0
trip_259_56,259,WEEKDAY,Bhekrai Nagar,0
trip_259_57,259,WEEKDAY,Bhekrai Nagar,0
trip_259_58,259,WEEKDAY,Bhekrai Nagar,0
trip_259_59,259,WEEKDAY,Bhekrai Nagar,0
trip_259_60,259,WEEKDAY,Bhekrai Nagar,0
trip_259_61,259,WEEKDAY,Bhekrai Nagar,0
trip_259_62,259,WEEKDAY,Bhekrai Nagar,0
trip_259_63,259,WEEKDAY,Bhekrai Nagar,0
trip_259_64,259,WEEKDAY,Bhekrai Nagar,0
trip_259_65,259,WEEKDAY,Bhekrai Nagar,0
trip_259_66,259,WEEKDAY,Bhekrai Nagar,0
trip_259_67,259,WEEKDAY,Bhekrai Nagar,0
trip_259_68,259,WEEKDAY,Bhekrai Nagar,0
trip_259_69,259,WEEKDAY,Bhekrai Nagar,0
trip_259_70,259,WEEKDAY,Bhekrai Nagar,0
trip_259_71,259,WEEKDAY,Bhekrai Nagar,0
trip_259_72,259,WEEKDAY,Bhekrai Nagar,0
trip_259_73,259,WEEKDAY,Bhekrai Nagar,0
trip_259_74,259,WEEKDAY,Bhekrai Nagar,0
trip_259_75,259,WEEKDAY,Bhekrai Nagar,0
trip_259_76,259,WEEKDAY,Bhekrai Nagar,0
trip_259_77,259,WEEKDAY,Bhekrai Nagar,0
trip_259_78,259,WEEKDAY,Bhekrai Nagar,0
trip_259_79,259,WEEKDAY,Bhekrai Nagar,0
trip_259_80,259,WEEKDAY,Bhekrai Nagar,0
trip_259_81,259,WEEKDAY,Bhekrai Nagar,0
trip_259_82,259,WEEKDAY,Bhekrai Nagar,0
trip_259_83,259,WEEKDAY,Bhekrai Nagar,0
trip_259_84,259,WEEKDAY,Bhekrai Nagar,0
trip_259_85,259,WEEKDAY,Bhekrai Nagar,0
trip_259_86,259,WEEKDAY,Bhekrai Nagar,0
trip_259_87,259,WEEKDAY,Bhekrai Nagar,0
trip_259_88,259,WEEKDAY,Bhekrai Nagar,0
trip_259_89,259,WEEKDAY,Bhekrai Nagar,0
trip_259_90,259,WEEKDAY,Bhekrai Nagar,0
trip_259_91,259,WEEKDAY,Bhekrai Nagar,0
trip_259_92,259,WEEKDAY,Bhekrai Nagar,0
trip_259_93,259,WEEKDAY,Bhekrai Nagar,0
trip_259_94,259,WEEKDAY,Bhekrai Nagar,0
trip_259_95,259,WEEKDAY,Bhekrai Nagar,0
trip_259_96,259,WEEKDAY,Bhekrai Nagar,0
trip_259_97,259,WEEKDAY,Bhekrai Nagar,0
trip_237_0,237,WEEKDAY,Ma Na Pa Shramik Bhavan,0
trip_237_1,237,WEEKDAY,Ma Na Pa Shramik Bhavan,0
trip_237_2,237,WEEKDAY,Ma Na Pa Shramik Bhavan,0
trip_237_3,237,WEEKDAY,Ma Na Pa Shramik Bhavan,0
trip_237_4,237,WEEKDAY,Ma Na Pa Shramik Bhavan,0
trip_238_0,238,WEEKDAY,Pabal Gaon,1
trip_238_1,238,WEEKDAY,Pabal Gaon,1
trip_238_2,238,WEEKDAY,Pabal Gaon,1
trip_238_3,238,WEEKDAY,Pabal Gaon,1
trip_238_4,238,WEEKDAY,Pabal Gaon,1
trip_238_5,238,WEEKDAY,Pabal Gaon,1
trip_280_0,280,WEEKDAY,Pune Station Jayprakash Stand,1
trip_279_0,279,WEEKDAY,Yewalewadi,0
trip_280_1,280,WEEKDAY,Pune Station Jayprakash Stand,1
trip_280_2,280,WEEKDAY,Pune Station Jayprakash Stand,1
trip_280_3,280,WEEKDAY,Pune Station Jayprakash Stand,1
trip_280_4,280,WEEKDAY,Pune Station Jayprakash Stand,1
trip_280_5,280,WEEKDAY,Pune Station Jayprakash Stand,1
trip_280_6,280,WEEKDAY,Pune Station Jayprakash Stand,1
trip_279_1,279,WEEKDAY,Yewalewadi,0
trip_279_2,279,WEEKDAY,Yewalewadi,0
trip_279_3,279,WEEKDAY,Yewalewadi,0
trip_279_4,279,WEEKDAY,Yewalewadi,0
trip_279_5,279,WEEKDAY,Yewalewadi,0
trip_285_0,285,WEEKDAY,Shaniwarwada Stand,0
trip_245_0,245,WEEKDAY,Ma Na Pa Shramik Bhavan,0
trip_286_0,286,WEEKDAY,Hadapsar Gadital,1
trip_246_0,246,WEEKDAY,Nhavare,1
trip_286_1,286,WEEKDAY,Hadapsar Gadital,1
trip_245_1,245,WEEKDAY,Ma Na Pa Shramik Bhavan,0
trip_245_2,245,WEEKDAY,Ma Na Pa Shramik Bhavan,0
trip_245_3,245,WEEKDAY,Ma Na Pa Shramik Bhavan,0
trip_246_1,246,WEEKDAY,Nhavare,1
trip_246_2,246,WEEKDAY,Nhavare,1
trip_246_3,246,WEEKDAY,Nhavare,1
trip_282_0,282,WEEKDAY,Nda 10 No. Gate,1
trip_282_1,282,WEEKDAY,Nda 10 No. Gate,1
trip_282_2,282,WEEKDAY,Nda 10 No. Gate,1
trip_282_3,282,WEEKDAY,Nda 10 No. Gate,1
trip_282_4,282,WEEKDAY,Nda 10 No. Gate,1
trip_282_5,282,WEEKDAY,Nda 10 No. Gate,1
trip_282_6,282,WEEKDAY,Nda 10 No. Gate,1
trip_282_7,282,WEEKDAY,Nda 10 No. Gate,1
trip_282_8,282,WEEKDAY,Nda 10 No. Gate,1
trip_282_9,282,WEEKDAY,Nda 10 No. Gate,1
trip_282_10,282,WEEKDAY,Nda 10 No. Gate,1
trip_282_11,282,WEEKDAY,Nda 10 No. Gate,1
trip_282_12,282,WEEKDAY,Nda 10 No. Gate,1
trip_281_0,281,WEEKDAY,Pune Station Moledina Stand,0
trip_282_13,282,WEEKDAY,Nda 10 No. Gate,1
trip_282_14,282,WEEKDAY,Nda 10 No. Gate,1
trip_282_15,282,WEEKDAY,Nda 10 No. Gate,1
trip_282_16,282,WEEKDAY,Nda 10 No. Gate,1
trip_282_17,282,WEEKDAY,Nda 10 No. Gate,1
trip_282_18,282,WEEKDAY,Nda 10 No. Gate,1
trip_282_19,282,WEEKDAY,Nda 10 No. Gate,1
trip_282_20,282,WEEKDAY,Nda 10 No. Gate,1
trip_282_21,282,WEEKDAY,Nda 10 No. Gate,1
trip_282_22,282,WEEKDAY,Nda 10 No. Gate,1
trip_282_23,282,WEEKDAY,Nda 10 No. Gate,1
trip_287_0,287,WEEKDAY,Pune Station Depot,0
trip_282_24,282,WEEKDAY,Nda 10 No. Gate,1
trip_282_25,282,WEEKDAY,Nda 10 No. Gate,1
trip_282_26,282,WEEKDAY,Nda 10 No. Gate,1
trip_282_27,282,WEEKDAY,Nda 10 No. Gate,1
trip_282_28,282,WEEKDAY,Nda 10 No. Gate,1
trip_282_29,282,WEEKDAY,Nda 10 No. Gate,1
trip_282_30,282,WEEKDAY,Nda 10 No. Gate,1
trip_282_31,282,WEEKDAY,Nda 10 No. Gate,1
trip_282_32,282,WEEKDAY,Nda 10 No. Gate,1
trip_282_33,282,WEEKDAY,Nda 10 No. Gate,1
trip_282_34,282,WEEKDAY,Nda 10 No. Gate,1
trip_282_35,282,WEEKDAY,Nda 10 No. Gate,1
trip_282_36,282,WEEKDAY,Nda 10 No. Gate,1
trip_282_37,282,WEEKDAY,Nda 10 No. Gate,1
trip_282_38,282,WEEKDAY,Nda 10 No. Gate,1
trip_282_39,282,WEEKDAY,Nda 10 No. Gate,1
trip_282_40,282,WEEKDAY,Nda 10 No. Gate,1
trip_282_41,282,WEEKDAY,Nda 10 No. Gate,1
trip_282_42,282,WEEKDAY,Nda 10 No. Gate,1
trip_281_1,281,WEEKDAY,Pune Station Moledina Stand,0
trip_281_2,281,WEEKDAY,Pune Station Moledina Stand,0
trip_281_3,281,WEEKDAY,Pune Station Moledina Stand,0
trip_281_4,281,WEEKDAY,Pune Station Moledina Stand,0
trip_281_5,281,WEEKDAY,Pune Station Moledina Stand,0
trip_287_1,287,WEEKDAY,Pune Station Depot,0
trip_281_6,281,WEEKDAY,Pune Station Moledina Stand,0
trip_287_2,287,WEEKDAY,Pune Station Depot,0
trip_281_7,281,WEEKDAY,Pune Station Moledina Stand,0
trip_287_3,287,WEEKDAY,Pune Station Depot,0
trip_281_8,281,WEEKDAY,Pune Station Moledina Stand,0
trip_281_9,281,WEEKDAY,Pune Station Moledina Stand,0
trip_281_10,281,WEEKDAY,Pune Station Moledina Stand,0
trip_281_11,281,WEEKDAY,Pune Station Moledina Stand,0
trip_281_12,281,WEEKDAY,Pune Station Moledina Stand,0
trip_281_13,281,WEEKDAY,Pune Station Moledina Stand,0
trip_281_14,281,WEEKDAY,Pune Station Moledina Stand,0
trip_281_15,281,WEEKDAY,Pune Station Moledina Stand,0
trip_281_16,281,WEEKDAY,Pune Station Moledina Stand,0
trip_281_17,281,WEEKDAY,Pune Station Moledina Stand,0
trip_281_18,281,WEEKDAY,Pune Station Moledina Stand,0
trip_281_19,281,WEEKDAY,Pune Station Moledina Stand,0
trip_281_20,281,WEEKDAY,Pune Station Moledina Stand,0
trip_281_21,281,WEEKDAY,Pune Station Moledina Stand,0
trip_281_22,281,WEEKDAY,Pune Station Moledina Stand,0
trip_281_23,281,WEEKDAY,Pune Station Moledina Stand,0
trip_281_24,281,WEEKDAY,Pune Station Moledina Stand,0
trip_281_25,281,WEEKDAY,Pune Station Moledina Stand,0
trip_281_26,281,WEEKDAY,Pune Station Moledina Stand,0
trip_281_27,281,WEEKDAY,Pune Station Moledina Stand,0
trip_281_28,281,WEEKDAY,Pune Station Moledina Stand,0
trip_281_29,281,WEEKDAY,Pune Station Moledina Stand,0
trip_281_30,281,WEEKDAY,Pune Station Moledina Stand,0
trip_281_31,281,WEEKDAY,Pune Station Moledina Stand,0
trip_281_32,281,WEEKDAY,Pune Station Moledina Stand,0
trip_281_33,281,WEEKDAY,Pune Station Moledina Stand,0
trip_281_34,281,WEEKDAY,Pune Station Moledina Stand,0
trip_281_35,281,WEEKDAY,Pune Station Moledina Stand,0
trip_281_36,281,WEEKDAY,Pune Station Moledina Stand,0
trip_281_37,281,WEEKDAY,Pune Station Moledina Stand,0
trip_288_0,288,WEEKDAY,Vadachi Wadi,1
trip_288_1,288,WEEKDAY,Vadachi Wadi,1
trip_288_2,288,WEEKDAY,Vadachi Wadi,1
trip_288_3,288,WEEKDAY,Vadachi Wadi,1
trip_292_0,292,WEEKDAY,Bhangire Nagar Mahamadwadi,1
trip_291_0,291,WEEKDAY,Pune Station Depot,0
trip_292_1,292,WEEKDAY,Bhangire Nagar Mahamadwadi,1
trip_292_2,292,WEEKDAY,Bhangire Nagar Mahamadwadi,1
trip_292_3,292,WEEKDAY,Bhangire Nagar Mahamadwadi,1
trip_291_1,291,WEEKDAY,Pune Station Depot,0
trip_292_4,292,WEEKDAY,Bhangire Nagar Mahamadwadi,1
trip_291_2,291,WEEKDAY,Pune Station Depot,0
trip_292_5,292,WEEKDAY,Bhangire Nagar Mahamadwadi,1
trip_291_3,291,WEEKDAY,Pune Station Depot,0
trip_292_6,292,WEEKDAY,Bhangire Nagar Mahamadwadi,1
trip_291_4,291,WEEKDAY,Pune Station Depot,0
trip_292_7,292,WEEKDAY,Bhangire Nagar Mahamadwadi,1
trip_291_5,291,WEEKDAY,Pune Station Depot,0
trip_292_8,292,WEEKDAY,Bhangire Nagar Mahamadwadi,1
trip_291_6,291,WEEKDAY,Pune Station Depot,0
trip_292_9,292,WEEKDAY,Bhangire Nagar Mahamadwadi,1
trip_291_7,291,WEEKDAY,Pune Station Depot,0
trip_292_10,292,WEEKDAY,Bhangire Nagar Mahamadwadi,1
trip_291_8,291,WEEKDAY,Pune Station Depot,0
trip_292_11,292,WEEKDAY,Bhangire Nagar Mahamadwadi,1
trip_291_9,291,WEEKDAY,Pune Station Depot,0
trip_292_12,292,WEEKDAY,Bhangire Nagar Mahamadwadi,1
trip_291_10,291,WEEKDAY,Pune Station Depot,0
trip_292_13,292,WEEKDAY,Bhangire Nagar Mahamadwadi,1
trip_291_11,291,WEEKDAY,Pune Station Depot,0
trip_291_12,291,WEEKDAY,Pune Station Depot,0
trip_292_14,292,WEEKDAY,Bhangire Nagar Mahamadwadi,1
trip_291_13,291,WEEKDAY,Pune Station Depot,0
trip_292_15,292,WEEKDAY,Bhangire Nagar Mahamadwadi,1
trip_291_14,291,WEEKDAY,Pune Station Depot,0
trip_292_16,292,WEEKDAY,Bhangire Nagar Mahamadwadi,1
trip_291_15,291,WEEKDAY,Pune Station Depot,0
trip_292_17,292,WEEKDAY,Bhangire Nagar Mahamadwadi,1
trip_291_16,291,WEEKDAY,Pune Station Depot,0
trip_292_18,292,WEEKDAY,Bhangire Nagar Mahamadwadi,1
trip_291_17,291,WEEKDAY,Pune Station Depot,0
trip_292_19,292,WEEKDAY,Bhangire Nagar Mahamadwadi,1
trip_291_18,291,WEEKDAY,Pune Station Depot,0
trip_292_20,292,WEEKDAY,Bhangire Nagar Mahamadwadi,1
trip_291_19,291,WEEKDAY,Pune Station Depot,0
trip_292_21,292,WEEKDAY,Bhangire Nagar Mahamadwadi,1
trip_292_22,292,WEEKDAY,Bhangire Nagar Mahamadwadi,1
trip_291_20,291,WEEKDAY,Pune Station Depot,0
trip_292_23,292,WEEKDAY,Bhangire Nagar Mahamadwadi,1
trip_291_21,291,WEEKDAY,Pune Station Depot,0
trip_291_22,291,WEEKDAY,Pune Station Depot,0
trip_291_23,291,WEEKDAY,Pune Station Depot,0
trip_298_0,298,WEEKDAY,Narhegaon,1
trip_298_1,298,WEEKDAY,Narhegaon,1
trip_298_2,298,WEEKDAY,Narhegaon,1
trip_298_3,298,WEEKDAY,Narhegaon,1
trip_298_4,298,WEEKDAY,Narhegaon,1
trip_293_0,293,WEEKDAY,Hadapsar Gadital,0
trip_298_5,298,WEEKDAY,Narhegaon,1
trip_298_6,298,WEEKDAY,Narhegaon,1
trip_298_7,298,WEEKDAY,Narhegaon,1
trip_298_8,298,WEEKDAY,Narhegaon,1
trip_298_9,298,WEEKDAY,Narhegaon,1
trip_298_10,298,WEEKDAY,Narhegaon,1
trip_298_11,298,WEEKDAY,Narhegaon,1
trip_298_12,298,WEEKDAY,Narhegaon,1
trip_298_13,298,WEEKDAY,Narhegaon,1
trip_298_14,298,WEEKDAY,Narhegaon,1
trip_298_15,298,WEEKDAY,Narhegaon,1
trip_298_16,298,WEEKDAY,Narhegaon,1
trip_298_17,298,WEEKDAY,Narhegaon,1
trip_298_18,298,WEEKDAY,Narhegaon,1
trip_298_19,298,WEEKDAY,Narhegaon,1
trip_298_20,298,WEEKDAY,Narhegaon,1
trip_298_21,298,WEEKDAY,Narhegaon,1
trip_298_22,298,WEEKDAY,Narhegaon,1
trip_298_23,298,WEEKDAY,Narhegaon,1
trip_297_0,297,WEEKDAY,Shivaji Nagar,0
trip_298_24,298,WEEKDAY,Narhegaon,1
trip_298_25,298,WEEKDAY,Narhegaon,1
trip_298_26,298,WEEKDAY,Narhegaon,1
trip_298_27,298,WEEKDAY,Narhegaon,1
trip_298_28,298,WEEKDAY,Narhegaon,1
trip_298_29,298,WEEKDAY,Narhegaon,1
trip_293_1,293,WEEKDAY,Hadapsar Gadital,0
trip_298_30,298,WEEKDAY,Narhegaon,1
trip_293_2,293,WEEKDAY,Hadapsar Gadital,0
trip_298_31,298,WEEKDAY,Narhegaon,1
trip_293_3,293,WEEKDAY,Hadapsar Gadital,0
trip_298_32,298,WEEKDAY,Narhegaon,1
trip_293_4,293,WEEKDAY,Hadapsar Gadital,0
trip_298_33,298,WEEKDAY,Narhegaon,1
trip_293_5,293,WEEKDAY,Hadapsar Gadital,0
trip_298_34,298,WEEKDAY,Narhegaon,1
trip_293_6,293,WEEKDAY,Hadapsar Gadital,0
trip_297_1,297,WEEKDAY,Shivaji Nagar,0
trip_297_2,297,WEEKDAY,Shivaji Nagar,0
trip_297_3,297,WEEKDAY,Shivaji Nagar,0
trip_297_4,297,WEEKDAY,Shivaji Nagar,0
trip_300_0,300,WEEKDAY,Bhekrai Nagar,1
trip_297_5,297,WEEKDAY,Shivaji Nagar,0
trip_297_6,297,WEEKDAY,Shivaji Nagar,0
trip_297_7,297,WEEKDAY,Shivaji Nagar,0
trip_297_8,297,WEEKDAY,Shivaji Nagar,0
trip_297_9,297,WEEKDAY,Shivaji Nagar,0
trip_297_10,297,WEEKDAY,Shivaji Nagar,0
trip_297_11,297,WEEKDAY,Shivaji Nagar,0
trip_297_12,297,WEEKDAY,Shivaji Nagar,0
trip_297_13,297,WEEKDAY,Shivaji Nagar,0
trip_297_14,297,WEEKDAY,Shivaji Nagar,0
trip_299_0,299,WEEKDAY,Na Ta Wadi,0
trip_297_15,297,WEEKDAY,Shivaji Nagar,0
trip_297_16,297,WEEKDAY,Shivaji Nagar,0
trip_297_17,297,WEEKDAY,Shivaji Nagar,0
trip_297_18,297,WEEKDAY,Shivaji Nagar,0
trip_297_19,297,WEEKDAY,Shivaji Nagar,0
trip_297_20,297,WEEKDAY,Shivaji Nagar,0
trip_297_21,297,WEEKDAY,Shivaji Nagar,0
trip_297_22,297,WEEKDAY,Shivaji Nagar,0
trip_297_23,297,WEEKDAY,Shivaji Nagar,0
trip_300_1,300,WEEKDAY,Bhekrai Nagar,1
trip_297_24,297,WEEKDAY,Shivaji Nagar,0
trip_300_2,300,WEEKDAY,Bhekrai Nagar,1
trip_297_25,297,WEEKDAY,Shivaji Nagar,0
trip_300_3,300,WEEKDAY,Bhekrai Nagar,1
trip_297_26,297,WEEKDAY,Shivaji Nagar,0
trip_300_4,300,WEEKDAY,Bhekrai Nagar,1
trip_297_27,297,WEEKDAY,Shivaji Nagar,0
trip_300_5,300,WEEKDAY,Bhekrai Nagar,1
trip_300_6,300,WEEKDAY,Bhekrai Nagar,1
trip_297_28,297,WEEKDAY,Shivaji Nagar,0
trip_300_7,300,WEEKDAY,Bhekrai Nagar,1
trip_297_29,297,WEEKDAY,Shivaji Nagar,0
trip_300_8,300,WEEKDAY,Bhekrai Nagar,1
trip_297_30,297,WEEKDAY,Shivaji Nagar,0
trip_300_9,300,WEEKDAY,Bhekrai Nagar,1
trip_297_31,297,WEEKDAY,Shivaji Nagar,0
trip_300_10,300,WEEKDAY,Bhekrai Nagar,1
trip_297_32,297,WEEKDAY,Shivaji Nagar,0
trip_297_33,297,WEEKDAY,Shivaji Nagar,0
trip_299_1,299,WEEKDAY,Na Ta Wadi,0
trip_297_34,297,WEEKDAY,Shivaji Nagar,0
trip_299_2,299,WEEKDAY,Na Ta Wadi,0
trip_297_35,297,WEEKDAY,Shivaji Nagar,0
trip_299_3,299,WEEKDAY,Na Ta Wadi,0
trip_297_36,297,WEEKDAY,Shivaji Nagar,0
trip_299_4,299,WEEKDAY,Na Ta Wadi,0
trip_297_37,297,WEEKDAY,Shivaji Nagar,0
trip_299_5,299,WEEKDAY,Na Ta Wadi,0
trip_297_38,297,WEEKDAY,Shivaji Nagar,0
trip_299_6,299,WEEKDAY,Na Ta Wadi,0
trip_297_39,297,WEEKDAY,Shivaji Nagar,0
trip_299_7,299,WEEKDAY,Na Ta Wadi,0
trip_297_40,297,WEEKDAY,Shivaji Nagar,0
trip_299_8,299,WEEKDAY,Na Ta Wadi,0
trip_297_41,297,WEEKDAY,Shivaji Nagar,0
trip_299_9,299,WEEKDAY,Na Ta Wadi,0
trip_297_42,297,WEEKDAY,Shivaji Nagar,0
trip_299_10,299,WEEKDAY,Na Ta Wadi,0
trip_294_0,294,WEEKDAY,Lohegaon Khandoba Mal,1
trip_294_1,294,WEEKDAY,Lohegaon Khandoba Mal,1
trip_294_2,294,WEEKDAY,Lohegaon Khandoba Mal,1
trip_294_3,294,WEEKDAY,Lohegaon Khandoba Mal,1
trip_294_4,294,WEEKDAY,Lohegaon Khandoba Mal,1
trip_294_5,294,WEEKDAY,Lohegaon Khandoba Mal,1
trip_294_6,294,WEEKDAY,Lohegaon Khandoba Mal,1
trip_294_7,294,WEEKDAY,Lohegaon Khandoba Mal,1
trip_294_8,294,WEEKDAY,Lohegaon Khandoba Mal,1
trip_314_0,314,WEEKDAY,Ramdara,1
trip_313_0,313,WEEKDAY,Hadapsar Gadital Solapur Road,0
trip_314_1,314,WEEKDAY,Ramdara,1
trip_314_2,314,WEEKDAY,Ramdara,1
trip_314_3,314,WEEKDAY,Ramdara,1
trip_314_4,314,WEEKDAY,Ramdara,1
trip_314_5,314,WEEKDAY,Ramdara,1
trip_314_6,314,WEEKDAY,Ramdara,1
trip_314_7,314,WEEKDAY,Ramdara,1
trip_313_1,313,WEEKDAY,Hadapsar Gadital Solapur Road,0
trip_313_2,313,WEEKDAY,Hadapsar Gadital Solapur Road,0
trip_313_3,313,WEEKDAY,Hadapsar Gadital Solapur Road,0
trip_313_4,313,WEEKDAY,Hadapsar Gadital Solapur Road,0
trip_313_5,313,WEEKDAY,Hadapsar Gadital Solapur Road,0
trip_313_6,313,WEEKDAY,Hadapsar Gadital Solapur Road,0
trip_313_7,313,WEEKDAY,Hadapsar Gadital Solapur Road,0
trip_318_0,318,WEEKDAY,Jspm College,1
trip_318_1,318,WEEKDAY,Jspm College,1
trip_318_2,318,WEEKDAY,Jspm College,1
trip_318_3,318,WEEKDAY,Jspm College,1
trip_318_4,318,WEEKDAY,Jspm College,1
trip_318_5,318,WEEKDAY,Jspm College,1
trip_317_0,317,WEEKDAY,Hadapsar Gadital,0
trip_317_1,317,WEEKDAY,Hadapsar Gadital,0
trip_317_2,317,WEEKDAY,Hadapsar Gadital,0
trip_317_3,317,WEEKDAY,Hadapsar Gadital,0
trip_317_4,317,WEEKDAY,Hadapsar Gadital,0
trip_317_5,317,WEEKDAY,Hadapsar Gadital,0
trip_311_0,311,WEEKDAY,Hadapsar Gadital Solapur Road,0
trip_311_1,311,WEEKDAY,Hadapsar Gadital Solapur Road,0
trip_311_2,311,WEEKDAY,Hadapsar Gadital Solapur Road,0
trip_311_3,311,WEEKDAY,Hadapsar Gadital Solapur Road,0
trip_316_0,316,WEEKDAY,Wagholi Kesnand Phata,1
trip_311_4,311,WEEKDAY,Hadapsar Gadital Solapur Road,0
trip_311_5,311,WEEKDAY,Hadapsar Gadital Solapur Road,0
trip_311_6,311,WEEKDAY,Hadapsar Gadital Solapur Road,0
trip_311_7,311,WEEKDAY,Hadapsar Gadital Solapur Road,0
trip_311_8,311,WEEKDAY,Hadapsar Gadital Solapur Road,0
trip_311_9,311,WEEKDAY,Hadapsar Gadital Solapur Road,0
trip_315_0,315,WEEKDAY,Hadapsar Gadital Solapur Road,0
trip_311_10,311,WEEKDAY,Hadapsar Gadital Solapur Road,0
trip_311_11,311,WEEKDAY,Hadapsar Gadital Solapur Road,0
trip_311_12,311,WEEKDAY,Hadapsar Gadital Solapur Road,0
trip_311_13,311,WEEKDAY,Hadapsar Gadital Solapur Road,0
trip_311_14,311,WEEKDAY,Hadapsar Gadital Solapur Road,0
trip_311_15,311,WEEKDAY,Hadapsar Gadital Solapur Road,0
trip_311_16,311,WEEKDAY,Hadapsar Gadital Solapur Road,0
trip_311_17,311,WEEKDAY,Hadapsar Gadital Solapur Road,0
trip_316_1,316,WEEKDAY,Wagholi Kesnand Phata,1
trip_316_2,316,WEEKDAY,Wagholi Kesnand Phata,1
trip_316_3,316,WEEKDAY,Wagholi Kesnand Phata,1
trip_316_4,316,WEEKDAY,Wagholi Kesnand Phata,1
trip_316_5,316,WEEKDAY,Wagholi Kesnand Phata,1
trip_316_6,316,WEEKDAY,Wagholi Kesnand Phata,1
trip_316_7,316,WEEKDAY,Wagholi Kesnand Phata,1
trip_315_1,315,WEEKDAY,Hadapsar Gadital Solapur Road,0
trip_315_2,315,WEEKDAY,Hadapsar Gadital Solapur Road,0
trip_315_3,315,WEEKDAY,Hadapsar Gadital Solapur Road,0
trip_315_4,315,WEEKDAY,Hadapsar Gadital Solapur Road,0
trip_315_5,315,WEEKDAY,Hadapsar Gadital Solapur Road,0
trip_323_0,323,WEEKDAY,Hadapsar Gadital,0
trip_315_6,315,WEEKDAY,Hadapsar Gadital Solapur Road,0
trip_315_7,315,WEEKDAY,Hadapsar Gadital Solapur Road,0
trip_323_1,323,WEEKDAY,Hadapsar Gadital,0
trip_323_2,323,WEEKDAY,Hadapsar Gadital,0
trip_323_3,323,WEEKDAY,Hadapsar Gadital,0
trip_323_4,323,WEEKDAY,Hadapsar Gadital,0
trip_323_5,323,WEEKDAY,Hadapsar Gadital,0
trip_323_6,323,WEEKDAY,Hadapsar Gadital,0
trip_323_7,323,WEEKDAY,Hadapsar Gadital,0
trip_312_0,312,WEEKDAY,Wagholi Kesnand Phata,1
trip_323_8,323,WEEKDAY,Hadapsar Gadital,0
trip_323_9,323,WEEKDAY,Hadapsar Gadital,0
trip_323_10,323,WEEKDAY,Hadapsar Gadital,0
trip_324_0,324,WEEKDAY,Dhangar Vasti,1
trip_323_11,323,WEEKDAY,Hadapsar Gadital,0
trip_323_12,323,WEEKDAY,Hadapsar Gadital,0
trip_323_13,323,WEEKDAY,Hadapsar Gadital,0
trip_323_14,323,WEEKDAY,Hadapsar Gadital,0
trip_323_15,323,WEEKDAY,Hadapsar Gadital,0
trip_323_16,323,WEEKDAY,Hadapsar Gadital,0
trip_323_17,323,WEEKDAY,Hadapsar Gadital,0
trip_323_18,323,WEEKDAY,Hadapsar Gadital,0
trip_323_19,323,WEEKDAY,Hadapsar Gadital,0
trip_323_20,323,WEEKDAY,Hadapsar Gadital,0
trip_323_21,323,WEEKDAY,Hadapsar Gadital,0
trip_323_22,323,WEEKDAY,Hadapsar Gadital,0
trip_323_23,323,WEEKDAY,Hadapsar Gadital,0
trip_323_24,323,WEEKDAY,Hadapsar Gadital,0
trip_323_25,323,WEEKDAY,Hadapsar Gadital,0
trip_324_1,324,WEEKDAY,Dhangar Vasti,1
trip_323_26,323,WEEKDAY,Hadapsar Gadital,0
trip_324_2,324,WEEKDAY,Dhangar Vasti,1
trip_323_27,323,WEEKDAY,Hadapsar Gadital,0
trip_324_3,324,WEEKDAY,Dhangar Vasti,1
trip_323_28,323,WEEKDAY,Hadapsar Gadital,0
trip_324_4,324,WEEKDAY,Dhangar Vasti,1
trip_323_29,323,WEEKDAY,Hadapsar Gadital,0
trip_324_5,324,WEEKDAY,Dhangar Vasti,1
trip_323_30,323,WEEKDAY,Hadapsar Gadital,0
trip_324_6,324,WEEKDAY,Dhangar Vasti,1
trip_323_31,323,WEEKDAY,Hadapsar Gadital,0
trip_324_7,324,WEEKDAY,Dhangar Vasti,1
trip_323_32,323,WEEKDAY,Hadapsar Gadital,0
trip_324_8,324,WEEKDAY,Dhangar Vasti,1
trip_323_33,323,WEEKDAY,Hadapsar Gadital,0
trip_324_9,324,WEEKDAY,Dhangar Vasti,1
trip_323_34,323,WEEKDAY,Hadapsar Gadital,0
trip_324_10,324,WEEKDAY,Dhangar Vasti,1
trip_323_35,323,WEEKDAY,Hadapsar Gadital,0
trip_324_11,324,WEEKDAY,Dhangar Vasti,1
trip_323_36,323,WEEKDAY,Hadapsar Gadital,0
trip_324_12,324,WEEKDAY,Dhangar Vasti,1
trip_323_37,323,WEEKDAY,Hadapsar Gadital,0
trip_324_13,324,WEEKDAY,Dhangar Vasti,1
trip_323_38,323,WEEKDAY,Hadapsar Gadital,0
trip_324_14,324,WEEKDAY,Dhangar Vasti,1
trip_323_39,323,WEEKDAY,Hadapsar Gadital,0
trip_324_15,324,WEEKDAY,Dhangar Vasti,1
trip_323_40,323,WEEKDAY,Hadapsar Gadital,0
trip_312_1,312,WEEKDAY,Wagholi Kesnand Phata,1
trip_324_16,324,WEEKDAY,Dhangar Vasti,1
trip_323_41,323,WEEKDAY,Hadapsar Gadital,0
trip_324_17,324,WEEKDAY,Dhangar Vasti,1
trip_312_2,312,WEEKDAY,Wagholi Kesnand Phata,1
trip_323_42,323,WEEKDAY,Hadapsar Gadital,0
trip_324_18,324,WEEKDAY,Dhangar Vasti,1
trip_323_43,323,WEEKDAY,Hadapsar Gadital,0
trip_324_19,324,WEEKDAY,Dhangar Vasti,1
trip_312_3,312,WEEKDAY,Wagholi Kesnand Phata,1
trip_323_44,323,WEEKDAY,Hadapsar Gadital,0
trip_324_20,324,WEEKDAY,Dhangar Vasti,1
trip_323_45,323,WEEKDAY,Hadapsar Gadital,0
trip_312_4,312,WEEKDAY,Wagholi Kesnand Phata,1
trip_324_21,324,WEEKDAY,Dhangar Vasti,1
trip_323_46,323,WEEKDAY,Hadapsar Gadital,0
trip_324_22,324,WEEKDAY,Dhangar Vasti,1
trip_312_5,312,WEEKDAY,Wagholi Kesnand Phata,1
trip_323_47,323,WEEKDAY,Hadapsar Gadital,0
trip_324_23,324,WEEKDAY,Dhangar Vasti,1
trip_323_48,323,WEEKDAY,Hadapsar Gadital,0
trip_312_6,312,WEEKDAY,Wagholi Kesnand Phata,1
trip_324_24,324,WEEKDAY,Dhangar Vasti,1
trip_323_49,323,WEEKDAY,Hadapsar Gadital,0
trip_324_25,324,WEEKDAY,Dhangar Vasti,1
trip_312_7,312,WEEKDAY,Wagholi Kesnand Phata,1
trip_323_50,323,WEEKDAY,Hadapsar Gadital,0
trip_323_51,323,WEEKDAY,Hadapsar Gadital,0
trip_324_26,324,WEEKDAY,Dhangar Vasti,1
trip_312_8,312,WEEKDAY,Wagholi Kesnand Phata,1
trip_324_27,324,WEEKDAY,Dhangar Vasti,1
trip_324_28,324,WEEKDAY,Dhangar Vasti,1
trip_312_9,312,WEEKDAY,Wagholi Kesnand Phata,1
trip_324_29,324,WEEKDAY,Dhangar Vasti,1
trip_324_30,324,WEEKDAY,Dhangar Vasti,1
trip_312_10,312,WEEKDAY,Wagholi Kesnand Phata,1
trip_324_31,324,WEEKDAY,Dhangar Vasti,1
trip_324_32,324,WEEKDAY,Dhangar Vasti,1
trip_312_11,312,WEEKDAY,Wagholi Kesnand Phata,1
trip_324_33,324,WEEKDAY,Dhangar Vasti,1
trip_312_12,312,WEEKDAY,Wagholi Kesnand Phata,1
trip_324_34,324,WEEKDAY,Dhangar Vasti,1
trip_324_35,324,WEEKDAY,Dhangar Vasti,1
trip_312_13,312,WEEKDAY,Wagholi Kesnand Phata,1
trip_324_36,324,WEEKDAY,Dhangar Vasti,1
trip_324_37,324,WEEKDAY,Dhangar Vasti,1
trip_312_14,312,WEEKDAY,Wagholi Kesnand Phata,1
trip_324_38,324,WEEKDAY,Dhangar Vasti,1
trip_324_39,324,WEEKDAY,Dhangar Vasti,1
trip_312_15,312,WEEKDAY,Wagholi Kesnand Phata,1
trip_324_40,324,WEEKDAY,Dhangar Vasti,1
trip_324_41,324,WEEKDAY,Dhangar Vasti,1
trip_312_16,312,WEEKDAY,Wagholi Kesnand Phata,1
trip_324_42,324,WEEKDAY,Dhangar Vasti,1
trip_324_43,324,WEEKDAY,Dhangar Vasti,1
trip_312_17,312,WEEKDAY,Wagholi Kesnand Phata,1
trip_324_44,324,WEEKDAY,Dhangar Vasti,1
trip_324_45,324,WEEKDAY,Dhangar Vasti,1
trip_324_46,324,WEEKDAY,Dhangar Vasti,1
trip_324_47,324,WEEKDAY,Dhangar Vasti,1
trip_324_48,324,WEEKDAY,Dhangar Vasti,1
trip_324_49,324,WEEKDAY,Dhangar Vasti,1
trip_324_50,324,WEEKDAY,Dhangar Vasti,1
trip_324_51,324,WEEKDAY,Dhangar Vasti,1
trip_327_0,327,WEEKDAY,Hadapsar Gadital,0
trip_327_1,327,WEEKDAY,Hadapsar Gadital,0
trip_327_2,327,WEEKDAY,Hadapsar Gadital,0
trip_327_3,327,WEEKDAY,Hadapsar Gadital,0
trip_327_4,327,WEEKDAY,Hadapsar Gadital,0
trip_327_5,327,WEEKDAY,Hadapsar Gadital,0
trip_327_6,327,WEEKDAY,Hadapsar Gadital,0
trip_327_7,327,WEEKDAY,Hadapsar Gadital,0
trip_327_8,327,WEEKDAY,Hadapsar Gadital,0
trip_327_9,327,WEEKDAY,Hadapsar Gadital,0
trip_327_10,327,WEEKDAY,Hadapsar Gadital,0
trip_327_11,327,WEEKDAY,Hadapsar Gadital,0
trip_327_12,327,WEEKDAY,Hadapsar Gadital,0
trip_327_13,327,WEEKDAY,Hadapsar Gadital,0
trip_327_14,327,WEEKDAY,Hadapsar Gadital,0
trip_327_15,327,WEEKDAY,Hadapsar Gadital,0
trip_327_16,327,WEEKDAY,Hadapsar Gadital,0
trip_321_0,321,WEEKDAY,Hadapsar Gadital,0
trip_327_17,327,WEEKDAY,Hadapsar Gadital,0
trip_327_18,327,WEEKDAY,Hadapsar Gadital,0
trip_327_19,327,WEEKDAY,Hadapsar Gadital,0
trip_327_20,327,WEEKDAY,Hadapsar Gadital,0
trip_327_21,327,WEEKDAY,Hadapsar Gadital,0
trip_328_0,328,WEEKDAY,Vadachi Wadi,1
trip_327_22,327,WEEKDAY,Hadapsar Gadital,0
trip_327_23,327,WEEKDAY,Hadapsar Gadital,0
trip_327_24,327,WEEKDAY,Hadapsar Gadital,0
trip_327_25,327,WEEKDAY,Hadapsar Gadital,0
trip_327_26,327,WEEKDAY,Hadapsar Gadital,0
trip_327_27,327,WEEKDAY,Hadapsar Gadital,0
trip_327_28,327,WEEKDAY,Hadapsar Gadital,0
trip_327_29,327,WEEKDAY,Hadapsar Gadital,0
trip_327_30,327,WEEKDAY,Hadapsar Gadital,0
trip_327_31,327,WEEKDAY,Hadapsar Gadital,0
trip_327_32,327,WEEKDAY,Hadapsar Gadital,0
trip_327_33,327,WEEKDAY,Hadapsar Gadital,0
trip_327_34,327,WEEKDAY,Hadapsar Gadital,0
trip_328_1,328,WEEKDAY,Vadachi Wadi,1
trip_327_35,327,WEEKDAY,Hadapsar Gadital,0
trip_321_1,321,WEEKDAY,Hadapsar Gadital,0
trip_328_2,328,WEEKDAY,Vadachi Wadi,1
trip_327_36,327,WEEKDAY,Hadapsar Gadital,0
trip_328_3,328,WEEKDAY,Vadachi Wadi,1
trip_321_2,321,WEEKDAY,Hadapsar Gadital,0
trip_327_37,327,WEEKDAY,Hadapsar Gadital,0
trip_328_4,328,WEEKDAY,Vadachi Wadi,1
trip_321_3,321,WEEKDAY,Hadapsar Gadital,0
trip_327_38,327,WEEKDAY,Hadapsar Gadital,0
trip_328_5,328,WEEKDAY,Vadachi Wadi,1
trip_327_39,327,WEEKDAY,Hadapsar Gadital,0
trip_321_4,321,WEEKDAY,Hadapsar Gadital,0
trip_328_6,328,WEEKDAY,Vadachi Wadi,1
trip_327_40,327,WEEKDAY,Hadapsar Gadital,0
trip_321_5,321,WEEKDAY,Hadapsar Gadital,0
trip_328_7,328,WEEKDAY,Vadachi Wadi,1
trip_327_41,327,WEEKDAY,Hadapsar Gadital,0
trip_328_8,328,WEEKDAY,Vadachi Wadi,1
trip_321_6,321,WEEKDAY,Hadapsar Gadital,0
trip_328_9,328,WEEKDAY,Vadachi Wadi,1
trip_321_7,321,WEEKDAY,Hadapsar Gadital,0
trip_328_10,328,WEEKDAY,Vadachi Wadi,1
trip_328_11,328,WEEKDAY,Vadachi Wadi,1
trip_321_8,321,WEEKDAY,Hadapsar Gadital,0
trip_328_12,328,WEEKDAY,Vadachi Wadi,1
trip_321_9,321,WEEKDAY,Hadapsar Gadital,0
trip_328_13,328,WEEKDAY,Vadachi Wadi,1
trip_328_14,328,WEEKDAY,Vadachi Wadi,1
trip_321_10,321,WEEKDAY,Hadapsar Gadital,0
trip_328_15,328,WEEKDAY,Vadachi Wadi,1
trip_321_11,321,WEEKDAY,Hadapsar Gadital,0
trip_328_16,328,WEEKDAY,Vadachi Wadi,1
trip_321_12,321,WEEKDAY,Hadapsar Gadital,0
trip_328_17,328,WEEKDAY,Vadachi Wadi,1
trip_328_18,328,WEEKDAY,Vadachi Wadi,1
trip_321_13,321,WEEKDAY,Hadapsar Gadital,0
trip_328_19,328,WEEKDAY,Vadachi Wadi,1
trip_321_14,321,WEEKDAY,Hadapsar Gadital,0
trip_328_20,328,WEEKDAY,Vadachi Wadi,1
trip_328_21,328,WEEKDAY,Vadachi Wadi,1
trip_321_15,321,WEEKDAY,Hadapsar Gadital,0
trip_328_22,328,WEEKDAY,Vadachi Wadi,1
trip_321_16,321,WEEKDAY,Hadapsar Gadital,0
trip_328_23,328,WEEKDAY,Vadachi Wadi,1
trip_321_17,321,WEEKDAY,Hadapsar Gadital,0
trip_328_24,328,WEEKDAY,Vadachi Wadi,1
trip_328_25,328,WEEKDAY,Vadachi Wadi,1
trip_321_18,321,WEEKDAY,Hadapsar Gadital,0
trip_328_26,328,WEEKDAY,Vadachi Wadi,1
trip_321_19,321,WEEKDAY,Hadapsar Gadital,0
trip_328_27,328,WEEKDAY,Vadachi Wadi,1
trip_328_28,328,WEEKDAY,Vadachi Wadi,1
trip_321_20,321,WEEKDAY,Hadapsar Gadital,0
trip_328_29,328,WEEKDAY,Vadachi Wadi,1
trip_321_21,321,WEEKDAY,Hadapsar Gadital,0
trip_328_30,328,WEEKDAY,Vadachi Wadi,1
trip_328_31,328,WEEKDAY,Vadachi Wadi,1
trip_321_22,321,WEEKDAY,Hadapsar Gadital,0
trip_328_32,328,WEEKDAY,Vadachi Wadi,1
trip_321_23,321,WEEKDAY,Hadapsar Gadital,0
trip_328_33,328,WEEKDAY,Vadachi Wadi,1
trip_328_34,328,WEEKDAY,Vadachi Wadi,1
trip_321_24,321,WEEKDAY,Hadapsar Gadital,0
trip_328_35,328,WEEKDAY,Vadachi Wadi,1
trip_321_25,321,WEEKDAY,Hadapsar Gadital,0
trip_328_36,328,WEEKDAY,Vadachi Wadi,1
trip_322_0,322,WEEKDAY,Katraj Kondhwa Road,1
trip_321_26,321,WEEKDAY,Hadapsar Gadital,0
trip_328_37,328,WEEKDAY,Vadachi Wadi,1
trip_321_27,321,WEEKDAY,Hadapsar Gadital,0
trip_328_38,328,WEEKDAY,Vadachi Wadi,1
trip_328_39,328,WEEKDAY,Vadachi Wadi,1
trip_321_28,321,WEEKDAY,Hadapsar Gadital,0
trip_328_40,328,WEEKDAY,Vadachi Wadi,1
trip_321_29,321,WEEKDAY,Hadapsar Gadital,0
trip_321_30,321,WEEKDAY,Hadapsar Gadital,0
trip_321_31,321,WEEKDAY,Hadapsar Gadital,0
trip_321_32,321,WEEKDAY,Hadapsar Gadital,0
trip_322_1,322,WEEKDAY,Katraj Kondhwa Road,1
trip_321_33,321,WEEKDAY,Hadapsar Gadital,0
trip_322_2,322,WEEKDAY,Katraj Kondhwa Road,1
trip_321_34,321,WEEKDAY,Hadapsar Gadital,0
trip_322_3,322,WEEKDAY,Katraj Kondhwa Road,1
trip_321_35,321,WEEKDAY,Hadapsar Gadital,0
trip_322_4,322,WEEKDAY,Katraj Kondhwa Road,1
trip_321_36,321,WEEKDAY,Hadapsar Gadital,0
trip_322_5,322,WEEKDAY,Katraj Kondhwa Road,1
trip_321_37,321,WEEKDAY,Hadapsar Gadital,0
trip_322_6,322,WEEKDAY,Katraj Kondhwa Road,1
trip_321_38,321,WEEKDAY,Hadapsar Gadital,0
trip_322_7,322,WEEKDAY,Katraj Kondhwa Road,1
trip_321_39,321,WEEKDAY,Hadapsar Gadital,0
trip_322_8,322,WEEKDAY,Katraj Kondhwa Road,1
trip_321_40,321,WEEKDAY,Hadapsar Gadital,0
trip_322_9,322,WEEKDAY,Katraj Kondhwa Road,1
trip_321_41,321,WEEKDAY,Hadapsar Gadital,0
trip_322_10,322,WEEKDAY,Katraj Kondhwa Road,1
trip_321_42,321,WEEKDAY,Hadapsar Gadital,0
trip_322_11,322,WEEKDAY,Katraj Kondhwa Road,1
trip_321_43,321,WEEKDAY,Hadapsar Gadital,0
trip_321_44,321,WEEKDAY,Hadapsar Gadital,0
trip_322_12,322,WEEKDAY,Katraj Kondhwa Road,1
trip_321_45,321,WEEKDAY,Hadapsar Gadital,0
trip_322_13,322,WEEKDAY,Katraj Kondhwa Road,1
trip_321_46,321,WEEKDAY,Hadapsar Gadital,0
trip_322_14,322,WEEKDAY,Katraj Kondhwa Road,1
trip_321_47,321,WEEKDAY,Hadapsar Gadital,0
trip_322_15,322,WEEKDAY,Katraj Kondhwa Road,1
trip_321_48,321,WEEKDAY,Hadapsar Gadital,0
trip_322_16,322,WEEKDAY,Katraj Kondhwa Road,1
trip_321_49,321,WEEKDAY,Hadapsar Gadital,0
trip_322_17,322,WEEKDAY,Katraj Kondhwa Road,1
trip_321_50,321,WEEKDAY,Hadapsar Gadital,0
trip_322_18,322,WEEKDAY,Katraj Kondhwa Road,1
trip_321_51,321,WEEKDAY,Hadapsar Gadital,0
trip_322_19,322,WEEKDAY,Katraj Kondhwa Road,1
trip_321_52,321,WEEKDAY,Hadapsar Gadital,0
trip_322_20,322,WEEKDAY,Katraj Kondhwa Road,1
trip_321_53,321,WEEKDAY,Hadapsar Gadital,0
trip_322_21,322,WEEKDAY,Katraj Kondhwa Road,1
trip_321_54,321,WEEKDAY,Hadapsar Gadital,0
trip_322_22,322,WEEKDAY,Katraj Kondhwa Road,1
trip_321_55,321,WEEKDAY,Hadapsar Gadital,0
trip_322_23,322,WEEKDAY,Katraj Kondhwa Road,1
trip_321_56,321,WEEKDAY,Hadapsar Gadital,0
trip_322_24,322,WEEKDAY,Katraj Kondhwa Road,1
trip_321_57,321,WEEKDAY,Hadapsar Gadital,0
trip_322_25,322,WEEKDAY,Katraj Kondhwa Road,1
trip_322_26,322,WEEKDAY,Katraj Kondhwa Road,1
trip_321_58,321,WEEKDAY,Hadapsar Gadital,0
trip_322_27,322,WEEKDAY,Katraj Kondhwa Road,1
trip_321_59,321,WEEKDAY,Hadapsar Gadital,0
trip_322_28,322,WEEKDAY,Katraj Kondhwa Road,1
trip_321_60,321,WEEKDAY,Hadapsar Gadital,0
trip_322_29,322,WEEKDAY,Katraj Kondhwa Road,1
trip_322_30,322,WEEKDAY,Katraj Kondhwa Road,1
trip_322_31,322,WEEKDAY,Katraj Kondhwa Road,1
trip_322_32,322,WEEKDAY,Katraj Kondhwa Road,1
trip_322_33,322,WEEKDAY,Katraj Kondhwa Road,1
trip_322_34,322,WEEKDAY,Katraj Kondhwa Road,1
trip_322_35,322,WEEKDAY,Katraj Kondhwa Road,1
trip_322_36,322,WEEKDAY,Katraj Kondhwa Road,1
trip_322_37,322,WEEKDAY,Katraj Kondhwa Road,1
trip_322_38,322,WEEKDAY,Katraj Kondhwa Road,1
trip_322_39,322,WEEKDAY,Katraj Kondhwa Road,1
trip_322_40,322,WEEKDAY,Katraj Kondhwa Road,1
trip_322_41,322,WEEKDAY,Katraj Kondhwa Road,1
trip_322_42,322,WEEKDAY,Katraj Kondhwa Road,1
trip_322_43,322,WEEKDAY,Katraj Kondhwa Road,1
trip_322_44,322,WEEKDAY,Katraj Kondhwa Road,1
trip_322_45,322,WEEKDAY,Katraj Kondhwa Road,1
trip_322_46,322,WEEKDAY,Katraj Kondhwa Road,1
trip_322_47,322,WEEKDAY,Katraj Kondhwa Road,1
trip_322_48,322,WEEKDAY,Katraj Kondhwa Road,1
trip_322_49,322,WEEKDAY,Katraj Kondhwa Road,1
trip_322_50,322,WEEKDAY,Katraj Kondhwa Road,1
trip_322_51,322,WEEKDAY,Katraj Kondhwa Road,1
trip_322_52,322,WEEKDAY,Katraj Kondhwa Road,1
trip_322_53,322,WEEKDAY,Katraj Kondhwa Road,1
trip_322_54,322,WEEKDAY,Katraj Kondhwa Road,1
trip_322_55,322,WEEKDAY,Katraj Kondhwa Road,1
trip_322_56,322,WEEKDAY,Katraj Kondhwa Road,1
trip_322_57,322,WEEKDAY,Katraj Kondhwa Road,1
trip_322_58,322,WEEKDAY,Katraj Kondhwa Road,1
trip_322_59,322,WEEKDAY,Katraj Kondhwa Road,1
trip_348_0,348,WEEKDAY,Swargate,1
trip_348_1,348,WEEKDAY,Swargate,1
trip_348_2,348,WEEKDAY,Swargate,1
trip_348_3,348,WEEKDAY,Swargate,1
trip_348_4,348,WEEKDAY,Swargate,1
trip_348_5,348,WEEKDAY,Swargate,1
trip_348_6,348,WEEKDAY,Swargate,1
trip_348_7,348,WEEKDAY,Swargate,1
trip_348_8,348,WEEKDAY,Swargate,1
trip_351_0,351,WEEKDAY,Yewalewadi,0
trip_347_0,347,WEEKDAY,Yewalewadi,0
trip_351_1,351,WEEKDAY,Yewalewadi,0
trip_351_2,351,WEEKDAY,Yewalewadi,0
trip_351_3,351,WEEKDAY,Yewalewadi,0
trip_351_4,351,WEEKDAY,Yewalewadi,0
trip_351_5,351,WEEKDAY,Yewalewadi,0
trip_351_6,351,WEEKDAY,Yewalewadi,0
trip_351_7,351,WEEKDAY,Yewalewadi,0
trip_351_8,351,WEEKDAY,Yewalewadi,0
trip_351_9,351,WEEKDAY,Yewalewadi,0
trip_351_10,351,WEEKDAY,Yewalewadi,0
trip_351_11,351,WEEKDAY,Yewalewadi,0
trip_351_12,351,WEEKDAY,Yewalewadi,0
trip_351_13,351,WEEKDAY,Yewalewadi,0
trip_347_1,347,WEEKDAY,Yewalewadi,0
trip_351_14,351,WEEKDAY,Yewalewadi,0
trip_347_2,347,WEEKDAY,Yewalewadi,0
trip_351_15,351,WEEKDAY,Yewalewadi,0
trip_352_0,352,WEEKDAY,Swargate,1
trip_347_3,347,WEEKDAY,Yewalewadi,0
trip_351_16,351,WEEKDAY,Yewalewadi,0
trip_347_4,347,WEEKDAY,Yewalewadi,0
trip_351_17,351,WEEKDAY,Yewalewadi,0
trip_347_5,347,WEEKDAY,Yewalewadi,0
trip_351_18,351,WEEKDAY,Yewalewadi,0
trip_347_6,347,WEEKDAY,Yewalewadi,0
trip_351_19,351,WEEKDAY,Yewalewadi,0
trip_347_7,347,WEEKDAY,Yewalewadi,0
trip_351_20,351,WEEKDAY,Yewalewadi,0
trip_347_8,347,WEEKDAY,Yewalewadi,0
trip_351_21,351,WEEKDAY,Yewalewadi,0
trip_351_22,351,WEEKDAY,Yewalewadi,0
trip_351_23,351,WEEKDAY,Yewalewadi,0
trip_351_24,351,WEEKDAY,Yewalewadi,0
trip_351_25,351,WEEKDAY,Yewalewadi,0
trip_351_26,351,WEEKDAY,Yewalewadi,0
trip_351_27,351,WEEKDAY,Yewalewadi,0
trip_351_28,351,WEEKDAY,Yewalewadi,0
trip_351_29,351,WEEKDAY,Yewalewadi,0
trip_351_30,351,WEEKDAY,Yewalewadi,0
trip_351_31,351,WEEKDAY,Yewalewadi,0
trip_351_32,351,WEEKDAY,Yewalewadi,0
trip_351_33,351,WEEKDAY,Yewalewadi,0
trip_352_1,352,WEEKDAY,Swargate,1
trip_351_34,351,WEEKDAY,Yewalewadi,0
trip_352_2,352,WEEKDAY,Swargate,1
trip_351_35,351,WEEKDAY,Yewalewadi,0
trip_352_3,352,WEEKDAY,Swargate,1
trip_351_36,351,WEEKDAY,Yewalewadi,0
trip_352_4,352,WEEKDAY,Swargate,1
trip_351_37,351,WEEKDAY,Yewalewadi,0
trip_352_5,352,WEEKDAY,Swargate,1
trip_351_38,351,WEEKDAY,Yewalewadi,0
trip_352_6,352,WEEKDAY,Swargate,1
trip_352_7,352,WEEKDAY,Swargate,1
trip_352_8,352,WEEKDAY,Swargate,1
trip_352_9,352,WEEKDAY,Swargate,1
trip_352_10,352,WEEKDAY,Swargate,1
trip_352_11,352,WEEKDAY,Swargate,1
trip_352_12,352,WEEKDAY,Swargate,1
trip_352_13,352,WEEKDAY,Swargate,1
trip_352_14,352,WEEKDAY,Swargate,1
trip_352_15,352,WEEKDAY,Swargate,1
trip_352_16,352,WEEKDAY,Swargate,1
trip_352_17,352,WEEKDAY,Swargate,1
trip_352_18,352,WEEKDAY,Swargate,1
trip_352_19,352,WEEKDAY,Swargate,1
trip_352_20,352,WEEKDAY,Swargate,1
trip_352_21,352,WEEKDAY,Swargate,1
trip_352_22,352,WEEKDAY,Swargate,1
trip_352_23,352,WEEKDAY,Swargate,1
trip_352_24,352,WEEKDAY,Swargate,1
trip_352_25,352,WEEKDAY,Swargate,1
trip_352_26,352,WEEKDAY,Swargate,1
trip_352_27,352,WEEKDAY,Swargate,1
trip_352_28,352,WEEKDAY,Swargate,1
trip_352_29,352,WEEKDAY,Swargate,1
trip_352_30,352,WEEKDAY,Swargate,1
trip_352_31,352,WEEKDAY,Swargate,1
trip_352_32,352,WEEKDAY,Swargate,1
trip_352_33,352,WEEKDAY,Swargate,1
trip_352_34,352,WEEKDAY,Swargate,1
trip_352_35,352,WEEKDAY,Swargate,1
trip_359_0,359,WEEKDAY,Shewalewadi Depot,0
trip_359_1,359,WEEKDAY,Shewalewadi Depot,0
trip_359_2,359,WEEKDAY,Shewalewadi Depot,0
trip_364_0,364,WEEKDAY,Pune Station Moledina Stand,1
trip_359_3,359,WEEKDAY,Shewalewadi Depot,0
trip_359_4,359,WEEKDAY,Shewalewadi Depot,0
trip_359_5,359,WEEKDAY,Shewalewadi Depot,0
trip_359_6,359,WEEKDAY,Shewalewadi Depot,0
trip_359_7,359,WEEKDAY,Shewalewadi Depot,0
trip_359_8,359,WEEKDAY,Shewalewadi Depot,0
trip_359_9,359,WEEKDAY,Shewalewadi Depot,0
trip_359_10,359,WEEKDAY,Shewalewadi Depot,0
trip_359_11,359,WEEKDAY,Shewalewadi Depot,0
trip_359_12,359,WEEKDAY,Shewalewadi Depot,0
trip_359_13,359,WEEKDAY,Shewalewadi Depot,0
trip_359_14,359,WEEKDAY,Shewalewadi Depot,0
trip_359_15,359,WEEKDAY,Shewalewadi Depot,0
trip_359_16,359,WEEKDAY,Shewalewadi Depot,0
trip_364_1,364,WEEKDAY,Pune Station Moledina Stand,1
trip_359_17,359,WEEKDAY,Shewalewadi Depot,0
trip_364_2,364,WEEKDAY,Pune Station Moledina Stand,1
trip_364_3,364,WEEKDAY,Pune Station Moledina Stand,1
trip_359_18,359,WEEKDAY,Shewalewadi Depot,0
trip_364_4,364,WEEKDAY,Pune Station Moledina Stand,1
trip_359_19,359,WEEKDAY,Shewalewadi Depot,0
trip_364_5,364,WEEKDAY,Pune Station Moledina Stand,1
trip_359_20,359,WEEKDAY,Shewalewadi Depot,0
trip_364_6,364,WEEKDAY,Pune Station Moledina Stand,1
trip_359_21,359,WEEKDAY,Shewalewadi Depot,0
trip_364_7,364,WEEKDAY,Pune Station Moledina Stand,1
trip_359_22,359,WEEKDAY,Shewalewadi Depot,0
trip_364_8,364,WEEKDAY,Pune Station Moledina Stand,1
trip_359_23,359,WEEKDAY,Shewalewadi Depot,0
trip_364_9,364,WEEKDAY,Pune Station Moledina Stand,1
trip_364_10,364,WEEKDAY,Pune Station Moledina Stand,1
trip_359_24,359,WEEKDAY,Shewalewadi Depot,0
trip_364_11,364,WEEKDAY,Pune Station Moledina Stand,1
trip_359_25,359,WEEKDAY,Shewalewadi Depot,0
trip_359_26,359,WEEKDAY,Shewalewadi Depot,0
trip_359_27,359,WEEKDAY,Shewalewadi Depot,0
trip_359_28,359,WEEKDAY,Shewalewadi Depot,0
trip_359_29,359,WEEKDAY,Shewalewadi Depot,0
trip_359_30,359,WEEKDAY,Shewalewadi Depot,0
trip_359_31,359,WEEKDAY,Shewalewadi Depot,0
trip_359_32,359,WEEKDAY,Shewalewadi Depot,0
trip_359_33,359,WEEKDAY,Shewalewadi Depot,0
trip_359_34,359,WEEKDAY,Shewalewadi Depot,0
trip_359_35,359,WEEKDAY,Shewalewadi Depot,0
trip_359_36,359,WEEKDAY,Shewalewadi Depot,0
trip_359_37,359,WEEKDAY,Shewalewadi Depot,0
trip_359_38,359,WEEKDAY,Shewalewadi Depot,0
trip_359_39,359,WEEKDAY,Shewalewadi Depot,0
trip_359_40,359,WEEKDAY,Shewalewadi Depot,0
trip_359_41,359,WEEKDAY,Shewalewadi Depot,0
trip_360_0,360,WEEKDAY,Ganpati Matha,1
trip_360_1,360,WEEKDAY,Ganpati Matha,1
trip_360_2,360,WEEKDAY,Ganpati Matha,1
trip_360_3,360,WEEKDAY,Ganpati Matha,1
trip_360_4,360,WEEKDAY,Ganpati Matha,1
trip_360_5,360,WEEKDAY,Ganpati Matha,1
trip_360_6,360,WEEKDAY,Ganpati Matha,1
trip_360_7,360,WEEKDAY,Ganpati Matha,1
trip_360_8,360,WEEKDAY,Ganpati Matha,1
trip_360_9,360,WEEKDAY,Ganpati Matha,1
trip_360_10,360,WEEKDAY,Ganpati Matha,1
trip_360_11,360,WEEKDAY,Ganpati Matha,1
trip_360_12,360,WEEKDAY,Ganpati Matha,1
trip_360_13,360,WEEKDAY,Ganpati Matha,1
trip_360_14,360,WEEKDAY,Ganpati Matha,1
trip_360_15,360,WEEKDAY,Ganpati Matha,1
trip_360_16,360,WEEKDAY,Ganpati Matha,1
trip_360_17,360,WEEKDAY,Ganpati Matha,1
trip_360_18,360,WEEKDAY,Ganpati Matha,1
trip_360_19,360,WEEKDAY,Ganpati Matha,1
trip_360_20,360,WEEKDAY,Ganpati Matha,1
trip_360_21,360,WEEKDAY,Ganpati Matha,1
trip_360_22,360,WEEKDAY,Ganpati Matha,1
trip_360_23,360,WEEKDAY,Ganpati Matha,1
trip_360_24,360,WEEKDAY,Ganpati Matha,1
trip_360_25,360,WEEKDAY,Ganpati Matha,1
trip_360_26,360,WEEKDAY,Ganpati Matha,1
trip_360_27,360,WEEKDAY,Ganpati Matha,1
trip_360_28,360,WEEKDAY,Ganpati Matha,1
trip_360_29,360,WEEKDAY,Ganpati Matha,1
trip_360_30,360,WEEKDAY,Ganpati Matha,1
trip_360_31,360,WEEKDAY,Ganpati Matha,1
trip_360_32,360,WEEKDAY,Ganpati Matha,1
trip_360_33,360,WEEKDAY,Ganpati Matha,1
trip_360_34,360,WEEKDAY,Ganpati Matha,1
trip_360_35,360,WEEKDAY,Ganpati Matha,1
trip_360_36,360,WEEKDAY,Ganpati Matha,1
trip_360_37,360,WEEKDAY,Ganpati Matha,1
trip_360_38,360,WEEKDAY,Ganpati Matha,1
trip_357_0,357,WEEKDAY,Bhekrai Nagar,0
trip_358_0,358,WEEKDAY,Alandi,1
trip_357_1,357,WEEKDAY,Bhekrai Nagar,0
trip_357_2,357,WEEKDAY,Bhekrai Nagar,0
trip_357_3,357,WEEKDAY,Bhekrai Nagar,0
trip_357_4,357,WEEKDAY,Bhekrai Nagar,0
trip_357_5,357,WEEKDAY,Bhekrai Nagar,0
trip_357_6,357,WEEKDAY,Bhekrai Nagar,0
trip_357_7,357,WEEKDAY,Bhekrai Nagar,0
trip_357_8,357,WEEKDAY,Bhekrai Nagar,0
trip_357_9,357,WEEKDAY,Bhekrai Nagar,0
trip_357_10,357,WEEKDAY,Bhekrai Nagar,0
trip_357_11,357,WEEKDAY,Bhekrai Nagar,0
trip_357_12,357,WEEKDAY,Bhekrai Nagar,0
trip_357_13,357,WEEKDAY,Bhekrai Nagar,0
trip_357_14,357,WEEKDAY,Bhekrai Nagar,0
trip_357_15,357,WEEKDAY,Bhekrai Nagar,0
trip_357_16,357,WEEKDAY,Bhekrai Nagar,0
trip_357_17,357,WEEKDAY,Bhekrai Nagar,0
trip_357_18,357,WEEKDAY,Bhekrai Nagar,0
trip_357_19,357,WEEKDAY,Bhekrai Nagar,0
trip_357_20,357,WEEKDAY,Bhekrai Nagar,0
trip_357_21,357,WEEKDAY,Bhekrai Nagar,0
trip_357_22,357,WEEKDAY,Bhekrai Nagar,0
trip_357_23,357,WEEKDAY,Bhekrai Nagar,0
trip_357_24,357,WEEKDAY,Bhekrai Nagar,0
trip_358_1,358,WEEKDAY,Alandi,1
trip_357_25,357,WEEKDAY,Bhekrai Nagar,0
trip_358_2,358,WEEKDAY,Alandi,1
trip_357_26,357,WEEKDAY,Bhekrai Nagar,0
trip_358_3,358,WEEKDAY,Alandi,1
trip_357_27,357,WEEKDAY,Bhekrai Nagar,0
trip_358_4,358,WEEKDAY,Alandi,1
trip_357_28,357,WEEKDAY,Bhekrai Nagar,0
trip_358_5,358,WEEKDAY,Alandi,1
trip_357_29,357,WEEKDAY,Bhekrai Nagar,0
trip_358_6,358,WEEKDAY,Alandi,1
trip_357_30,357,WEEKDAY,Bhekrai Nagar,0
trip_358_7,358,WEEKDAY,Alandi,1
trip_357_31,357,WEEKDAY,Bhekrai Nagar,0
trip_358_8,358,WEEKDAY,Alandi,1
trip_357_32,357,WEEKDAY,Bhekrai Nagar,0
trip_358_9,358,WEEKDAY,Alandi,1
trip_357_33,357,WEEKDAY,Bhekrai Nagar,0
trip_358_10,358,WEEKDAY,Alandi,1
trip_357_34,357,WEEKDAY,Bhekrai Nagar,0
trip_355_0,355,WEEKDAY,Shewalewadi Depot,0
trip_358_11,358,WEEKDAY,Alandi,1
trip_356_0,356,WEEKDAY,Alandi,1
trip_357_35,357,WEEKDAY,Bhekrai Nagar,0
trip_358_12,358,WEEKDAY,Alandi,1
trip_357_36,357,WEEKDAY,Bhekrai Nagar,0
trip_358_13,358,WEEKDAY,Alandi,1
trip_357_37,357,WEEKDAY,Bhekrai Nagar,0
trip_357_38,357,WEEKDAY,Bhekrai Nagar,0
trip_358_14,358,WEEKDAY,Alandi,1
trip_357_39,357,WEEKDAY,Bhekrai Nagar,0
trip_358_15,358,WEEKDAY,Alandi,1
trip_357_40,357,WEEKDAY,Bhekrai Nagar,0
trip_358_16,358,WEEKDAY,Alandi,1
trip_357_41,357,WEEKDAY,Bhekrai Nagar,0
trip_358_17,358,WEEKDAY,Alandi,1
trip_357_42,357,WEEKDAY,Bhekrai Nagar,0
trip_358_18,358,WEEKDAY,Alandi,1
trip_357_43,357,WEEKDAY,Bhekrai Nagar,0
trip_358_19,358,WEEKDAY,Alandi,1
trip_357_44,357,WEEKDAY,Bhekrai Nagar,0
trip_358_20,358,WEEKDAY,Alandi,1
trip_357_45,357,WEEKDAY,Bhekrai Nagar,0
trip_358_21,358,WEEKDAY,Alandi,1
trip_358_22,358,WEEKDAY,Alandi,1
trip_358_23,358,WEEKDAY,Alandi,1
trip_358_24,358,WEEKDAY,Alandi,1
trip_358_25,358,WEEKDAY,Alandi,1
trip_358_26,358,WEEKDAY,Alandi,1
trip_358_27,358,WEEKDAY,Alandi,1
trip_358_28,358,WEEKDAY,Alandi,1
trip_358_29,358,WEEKDAY,Alandi,1
trip_358_30,358,WEEKDAY,Alandi,1
trip_358_31,358,WEEKDAY,Alandi,1
trip_358_32,358,WEEKDAY,Alandi,1
trip_358_33,358,WEEKDAY,Alandi,1
trip_358_34,358,WEEKDAY,Alandi,1
trip_358_35,358,WEEKDAY,Alandi,1
trip_358_36,358,WEEKDAY,Alandi,1
trip_358_37,358,WEEKDAY,Alandi,1
trip_358_38,358,WEEKDAY,Alandi,1
trip_358_39,358,WEEKDAY,Alandi,1
trip_358_40,358,WEEKDAY,Alandi,1
trip_355_1,355,WEEKDAY,Shewalewadi Depot,0
trip_358_41,358,WEEKDAY,Alandi,1
trip_355_2,355,WEEKDAY,Shewalewadi Depot,0
trip_358_42,358,WEEKDAY,Alandi,1
trip_355_3,355,WEEKDAY,Shewalewadi Depot,0
trip_358_43,358,WEEKDAY,Alandi,1
trip_355_4,355,WEEKDAY,Shewalewadi Depot,0
trip_356_1,356,WEEKDAY,Alandi,1
trip_358_44,358,WEEKDAY,Alandi,1
trip_355_5,355,WEEKDAY,Shewalewadi Depot,0
trip_356_2,356,WEEKDAY,Alandi,1
trip_355_6,355,WEEKDAY,Shewalewadi Depot,0
trip_356_3,356,WEEKDAY,Alandi,1
trip_355_7,355,WEEKDAY,Shewalewadi Depot,0
trip_356_4,356,WEEKDAY,Alandi,1
trip_355_8,355,WEEKDAY,Shewalewadi Depot,0
trip_356_5,356,WEEKDAY,Alandi,1
trip_355_9,355,WEEKDAY,Shewalewadi Depot,0
trip_356_6,356,WEEKDAY,Alandi,1
trip_355_10,355,WEEKDAY,Shewalewadi Depot,0
trip_356_7,356,WEEKDAY,Alandi,1
trip_355_11,355,WEEKDAY,Shewalewadi Depot,0
trip_356_8,356,WEEKDAY,Alandi,1
trip_355_12,355,WEEKDAY,Shewalewadi Depot,0
trip_356_9,356,WEEKDAY,Alandi,1
trip_355_13,355,WEEKDAY,Shewalewadi Depot,0
trip_356_10,356,WEEKDAY,Alandi,1
trip_355_14,355,WEEKDAY,Shewalewadi Depot,0
trip_356_11,356,WEEKDAY,Alandi,1
trip_355_15,355,WEEKDAY,Shewalewadi Depot,0
trip_356_12,356,WEEKDAY,Alandi,1
trip_355_16,355,WEEKDAY,Shewalewadi Depot,0
trip_356_13,356,WEEKDAY,Alandi,1
trip_355_17,355,WEEKDAY,Shewalewadi Depot,0
trip_356_14,356,WEEKDAY,Alandi,1
trip_355_18,355,WEEKDAY,Shewalewadi Depot,0
trip_356_15,356,WEEKDAY,Alandi,1
trip_355_19,355,WEEKDAY,Shewalewadi Depot,0
trip_356_16,356,WEEKDAY,Alandi,1
trip_355_20,355,WEEKDAY,Shewalewadi Depot,0
trip_356_17,356,WEEKDAY,Alandi,1
trip_355_21,355,WEEKDAY,Shewalewadi Depot,0
trip_356_18,356,WEEKDAY,Alandi,1
trip_355_22,355,WEEKDAY,Shewalewadi Depot,0
trip_356_19,356,WEEKDAY,Alandi,1
trip_355_23,355,WEEKDAY,Shewalewadi Depot,0
trip_356_20,356,WEEKDAY,Alandi,1
trip_355_24,355,WEEKDAY,Shewalewadi Depot,0
trip_356_21,356,WEEKDAY,Alandi,1
trip_355_25,355,WEEKDAY,Shewalewadi Depot,0
trip_356_22,356,WEEKDAY,Alandi,1
trip_355_26,355,WEEKDAY,Shewalewadi Depot,0
trip_356_23,356,WEEKDAY,Alandi,1
trip_355_27,355,WEEKDAY,Shewalewadi Depot,0
trip_356_24,356,WEEKDAY,Alandi,1
trip_355_28,355,WEEKDAY,Shewalewadi Depot,0
trip_356_25,356,WEEKDAY,Alandi,1
trip_355_29,355,WEEKDAY,Shewalewadi Depot,0
trip_356_26,356,WEEKDAY,Alandi,1
trip_355_30,355,WEEKDAY,Shewalewadi Depot,0
trip_356_27,356,WEEKDAY,Alandi,1
trip_356_28,356,WEEKDAY,Alandi,1
trip_356_29,356,WEEKDAY,Alandi,1
trip_356_30,356,WEEKDAY,Alandi,1
trip_356_31,356,WEEKDAY,Alandi,1
trip_356_32,356,WEEKDAY,Alandi,1
trip_367_0,367,WEEKDAY,Shewalewadi Depot,0
trip_367_1,367,WEEKDAY,Shewalewadi Depot,0
trip_367_2,367,WEEKDAY,Shewalewadi Depot,0
trip_367_3,367,WEEKDAY,Shewalewadi Depot,0
trip_367_4,367,WEEKDAY,Shewalewadi Depot,0
trip_367_5,367,WEEKDAY,Shewalewadi Depot,0
trip_367_6,367,WEEKDAY,Shewalewadi Depot,0
trip_367_7,367,WEEKDAY,Shewalewadi Depot,0
trip_367_8,367,WEEKDAY,Shewalewadi Depot,0
trip_367_9,367,WEEKDAY,Shewalewadi Depot,0
trip_367_10,367,WEEKDAY,Shewalewadi Depot,0
trip_367_11,367,WEEKDAY,Shewalewadi Depot,0
trip_367_12,367,WEEKDAY,Shewalewadi Depot,0
trip_367_13,367,WEEKDAY,Shewalewadi Depot,0
trip_367_14,367,WEEKDAY,Shewalewadi Depot,0
trip_367_15,367,WEEKDAY,Shewalewadi Depot,0
trip_366_0,366,WEEKDAY,Chinchwadgaon Aundh Road / Chinchwadgaon,1
trip_365_0,365,WEEKDAY,Bhekrai Nagar,0
trip_366_1,366,WEEKDAY,Chinchwadgaon Aundh Road / Chinchwadgaon,1
trip_366_2,366,WEEKDAY,Chinchwadgaon Aundh Road / Chinchwadgaon,1
trip_366_3,366,WEEKDAY,Chinchwadgaon Aundh Road / Chinchwadgaon,1
trip_366_4,366,WEEKDAY,Chinchwadgaon Aundh Road / Chinchwadgaon,1
trip_366_5,366,WEEKDAY,Chinchwadgaon Aundh Road / Chinchwadgaon,1
trip_366_6,366,WEEKDAY,Chinchwadgaon Aundh Road / Chinchwadgaon,1
trip_366_7,366,WEEKDAY,Chinchwadgaon Aundh Road / Chinchwadgaon,1
trip_366_8,366,WEEKDAY,Chinchwadgaon Aundh Road / Chinchwadgaon,1
trip_365_1,365,WEEKDAY,Bhekrai Nagar,0
trip_366_9,366,WEEKDAY,Chinchwadgaon Aundh Road / Chinchwadgaon,1
trip_365_2,365,WEEKDAY,Bhekrai Nagar,0
trip_366_10,366,WEEKDAY,Chinchwadgaon Aundh Road / Chinchwadgaon,1
trip_365_3,365,WEEKDAY,Bhekrai Nagar,0
trip_366_11,366,WEEKDAY,Chinchwadgaon Aundh Road / Chinchwadgaon,1
trip_365_4,365,WEEKDAY,Bhekrai Nagar,0
trip_366_12,366,WEEKDAY,Chinchwadgaon Aundh Road / Chinchwadgaon,1
trip_365_5,365,WEEKDAY,Bhekrai Nagar,0
trip_366_13,366,WEEKDAY,Chinchwadgaon Aundh Road / Chinchwadgaon,1
trip_365_6,365,WEEKDAY,Bhekrai Nagar,0
trip_366_14,366,WEEKDAY,Chinchwadgaon Aundh Road / Chinchwadgaon,1
trip_365_7,365,WEEKDAY,Bhekrai Nagar,0
trip_366_15,366,WEEKDAY,Chinchwadgaon Aundh Road / Chinchwadgaon,1
trip_365_8,365,WEEKDAY,Bhekrai Nagar,0
trip_366_16,366,WEEKDAY,Chinchwadgaon Aundh Road / Chinchwadgaon,1
trip_365_9,365,WEEKDAY,Bhekrai Nagar,0
trip_366_17,366,WEEKDAY,Chinchwadgaon Aundh Road / Chinchwadgaon,1
trip_365_10,365,WEEKDAY,Bhekrai Nagar,0
trip_366_18,366,WEEKDAY,Chinchwadgaon Aundh Road / Chinchwadgaon,1
trip_365_11,365,WEEKDAY,Bhekrai Nagar,0
trip_366_19,366,WEEKDAY,Chinchwadgaon Aundh Road / Chinchwadgaon,1
trip_365_12,365,WEEKDAY,Bhekrai Nagar,0
trip_366_20,366,WEEKDAY,Chinchwadgaon Aundh Road / Chinchwadgaon,1
trip_365_13,365,WEEKDAY,Bhekrai Nagar,0
trip_366_21,366,WEEKDAY,Chinchwadgaon Aundh Road / Chinchwadgaon,1
trip_365_14,365,WEEKDAY,Bhekrai Nagar,0
trip_366_22,366,WEEKDAY,Chinchwadgaon Aundh Road / Chinchwadgaon,1
trip_365_15,365,WEEKDAY,Bhekrai Nagar,0
trip_366_23,366,WEEKDAY,Chinchwadgaon Aundh Road / Chinchwadgaon,1
trip_365_16,365,WEEKDAY,Bhekrai Nagar,0
trip_366_24,366,WEEKDAY,Chinchwadgaon Aundh Road / Chinchwadgaon,1
trip_365_17,365,WEEKDAY,Bhekrai Nagar,0
trip_366_25,366,WEEKDAY,Chinchwadgaon Aundh Road / Chinchwadgaon,1
trip_365_18,365,WEEKDAY,Bhekrai Nagar,0
trip_366_26,366,WEEKDAY,Chinchwadgaon Aundh Road / Chinchwadgaon,1
trip_365_19,365,WEEKDAY,Bhekrai Nagar,0
trip_366_27,366,WEEKDAY,Chinchwadgaon Aundh Road / Chinchwadgaon,1
trip_365_20,365,WEEKDAY,Bhekrai Nagar,0
trip_366_28,366,WEEKDAY,Chinchwadgaon Aundh Road / Chinchwadgaon,1
trip_365_21,365,WEEKDAY,Bhekrai Nagar,0
trip_366_29,366,WEEKDAY,Chinchwadgaon Aundh Road / Chinchwadgaon,1
trip_365_22,365,WEEKDAY,Bhekrai Nagar,0
trip_366_30,366,WEEKDAY,Chinchwadgaon Aundh Road / Chinchwadgaon,1
trip_365_23,365,WEEKDAY,Bhekrai Nagar,0
trip_366_31,366,WEEKDAY,Chinchwadgaon Aundh Road / Chinchwadgaon,1
trip_365_24,365,WEEKDAY,Bhekrai Nagar,0
trip_366_32,366,WEEKDAY,Chinchwadgaon Aundh Road / Chinchwadgaon,1
trip_365_25,365,WEEKDAY,Bhekrai Nagar,0
trip_366_33,366,WEEKDAY,Chinchwadgaon Aundh Road / Chinchwadgaon,1
trip_365_26,365,WEEKDAY,Bhekrai Nagar,0
trip_366_34,366,WEEKDAY,Chinchwadgaon Aundh Road / Chinchwadgaon,1
trip_365_27,365,WEEKDAY,Bhekrai Nagar,0
trip_366_35,366,WEEKDAY,Chinchwadgaon Aundh Road / Chinchwadgaon,1
trip_365_28,365,WEEKDAY,Bhekrai Nagar,0
trip_366_36,366,WEEKDAY,Chinchwadgaon Aundh Road / Chinchwadgaon,1
trip_365_29,365,WEEKDAY,Bhekrai Nagar,0
trip_366_37,366,WEEKDAY,Chinchwadgaon Aundh Road / Chinchwadgaon,1
trip_365_30,365,WEEKDAY,Bhekrai Nagar,0
trip_366_38,366,WEEKDAY,Chinchwadgaon Aundh Road / Chinchwadgaon,1
trip_365_31,365,WEEKDAY,Bhekrai Nagar,0
trip_366_39,366,WEEKDAY,Chinchwadgaon Aundh Road / Chinchwadgaon,1
trip_365_32,365,WEEKDAY,Bhekrai Nagar,0
trip_366_40,366,WEEKDAY,Chinchwadgaon Aundh Road / Chinchwadgaon,1
trip_365_33,365,WEEKDAY,Bhekrai Nagar,0
trip_366_41,366,WEEKDAY,Chinchwadgaon Aundh Road / Chinchwadgaon,1
trip_365_34,365,WEEKDAY,Bhekrai Nagar,0
trip_366_42,366,WEEKDAY,Chinchwadgaon Aundh Road / Chinchwadgaon,1
trip_365_35,365,WEEKDAY,Bhekrai Nagar,0
trip_366_43,366,WEEKDAY,Chinchwadgaon Aundh Road / Chinchwadgaon,1
trip_365_36,365,WEEKDAY,Bhekrai Nagar,0
trip_366_44,366,WEEKDAY,Chinchwadgaon Aundh Road / Chinchwadgaon,1
trip_365_37,365,WEEKDAY,Bhekrai Nagar,0
trip_366_45,366,WEEKDAY,Chinchwadgaon Aundh Road / Chinchwadgaon,1
trip_365_38,365,WEEKDAY,Bhekrai Nagar,0
trip_366_46,366,WEEKDAY,Chinchwadgaon Aundh Road / Chinchwadgaon,1
trip_365_39,365,WEEKDAY,Bhekrai Nagar,0
trip_366_47,366,WEEKDAY,Chinchwadgaon Aundh Road / Chinchwadgaon,1
trip_365_40,365,WEEKDAY,Bhekrai Nagar,0
trip_366_48,366,WEEKDAY,Chinchwadgaon Aundh Road / Chinchwadgaon,1
trip_365_41,365,WEEKDAY,Bhekrai Nagar,0
trip_366_49,366,WEEKDAY,Chinchwadgaon Aundh Road / Chinchwadgaon,1
trip_365_42,365,WEEKDAY,Bhekrai Nagar,0
trip_366_50,366,WEEKDAY,Chinchwadgaon Aundh Road / Chinchwadgaon,1
trip_365_43,365,WEEKDAY,Bhekrai Nagar,0
trip_366_51,366,WEEKDAY,Chinchwadgaon Aundh Road / Chinchwadgaon,1
trip_365_44,365,WEEKDAY,Bhekrai Nagar,0
trip_366_52,366,WEEKDAY,Chinchwadgaon Aundh Road / Chinchwadgaon,1
trip_365_45,365,WEEKDAY,Bhekrai Nagar,0
trip_366_53,366,WEEKDAY,Chinchwadgaon Aundh Road / Chinchwadgaon,1
trip_365_46,365,WEEKDAY,Bhekrai Nagar,0
trip_366_54,366,WEEKDAY,Chinchwadgaon Aundh Road / Chinchwadgaon,1
trip_365_47,365,WEEKDAY,Bhekrai Nagar,0
trip_366_55,366,WEEKDAY,Chinchwadgaon Aundh Road / Chinchwadgaon,1
trip_365_48,365,WEEKDAY,Bhekrai Nagar,0
trip_366_56,366,WEEKDAY,Chinchwadgaon Aundh Road / Chinchwadgaon,1
trip_365_49,365,WEEKDAY,Bhekrai Nagar,0
trip_366_57,366,WEEKDAY,Chinchwadgaon Aundh Road / Chinchwadgaon,1
trip_365_50,365,WEEKDAY,Bhekrai Nagar,0
trip_366_58,366,WEEKDAY,Chinchwadgaon Aundh Road / Chinchwadgaon,1
trip_365_51,365,WEEKDAY,Bhekrai Nagar,0
trip_366_59,366,WEEKDAY,Chinchwadgaon Aundh Road / Chinchwadgaon,1
trip_365_52,365,WEEKDAY,Bhekrai Nagar,0
trip_366_60,366,WEEKDAY,Chinchwadgaon Aundh Road / Chinchwadgaon,1
trip_365_53,365,WEEKDAY,Bhekrai Nagar,0
trip_366_61,366,WEEKDAY,Chinchwadgaon Aundh Road / Chinchwadgaon,1
trip_365_54,365,WEEKDAY,Bhekrai Nagar,0
trip_366_62,366,WEEKDAY,Chinchwadgaon Aundh Road / Chinchwadgaon,1
trip_365_55,365,WEEKDAY,Bhekrai Nagar,0
trip_366_63,366,WEEKDAY,Chinchwadgaon Aundh Road / Chinchwadgaon,1
trip_365_56,365,WEEKDAY,Bhekrai Nagar,0
trip_365_57,365,WEEKDAY,Bhekrai Nagar,0
trip_365_58,365,WEEKDAY,Bhekrai Nagar,0
trip_365_59,365,WEEKDAY,Bhekrai Nagar,0
trip_365_60,365,WEEKDAY,Bhekrai Nagar,0
trip_365_61,365,WEEKDAY,Bhekrai Nagar,0
trip_365_62,365,WEEKDAY,Bhekrai Nagar,0
trip_365_63,365,WEEKDAY,Bhekrai Nagar,0
trip_365_64,365,WEEKDAY,Bhekrai Nagar,0
trip_365_65,365,WEEKDAY,Bhekrai Nagar,0
trip_371_0,371,WEEKDAY,Hadapsar Gadital,0
trip_371_1,371,WEEKDAY,Hadapsar Gadital,0
trip_371_2,371,WEEKDAY,Hadapsar Gadital,0
trip_371_3,371,WEEKDAY,Hadapsar Gadital,0
trip_371_4,371,WEEKDAY,Hadapsar Gadital,0
trip_371_5,371,WEEKDAY,Hadapsar Gadital,0
trip_371_6,371,WEEKDAY,Hadapsar Gadital,0
trip_371_7,371,WEEKDAY,Hadapsar Gadital,0
trip_371_8,371,WEEKDAY,Hadapsar Gadital,0
trip_371_9,371,WEEKDAY,Hadapsar Gadital,0
trip_371_10,371,WEEKDAY,Hadapsar Gadital,0
trip_371_11,371,WEEKDAY,Hadapsar Gadital,0
trip_371_12,371,WEEKDAY,Hadapsar Gadital,0
trip_371_13,371,WEEKDAY,Hadapsar Gadital,0
trip_371_14,371,WEEKDAY,Hadapsar Gadital,0
trip_371_15,371,WEEKDAY,Hadapsar Gadital,0
trip_371_16,371,WEEKDAY,Hadapsar Gadital,0
trip_371_17,371,WEEKDAY,Hadapsar Gadital,0
trip_371_18,371,WEEKDAY,Hadapsar Gadital,0
trip_371_19,371,WEEKDAY,Hadapsar Gadital,0
trip_371_20,371,WEEKDAY,Hadapsar Gadital,0
trip_371_21,371,WEEKDAY,Hadapsar Gadital,0
trip_371_22,371,WEEKDAY,Hadapsar Gadital,0
trip_371_23,371,WEEKDAY,Hadapsar Gadital,0
trip_371_24,371,WEEKDAY,Hadapsar Gadital,0
trip_371_25,371,WEEKDAY,Hadapsar Gadital,0
trip_371_26,371,WEEKDAY,Hadapsar Gadital,0
trip_371_27,371,WEEKDAY,Hadapsar Gadital,0
trip_371_28,371,WEEKDAY,Hadapsar Gadital,0
trip_371_29,371,WEEKDAY,Hadapsar Gadital,0
trip_371_30,371,WEEKDAY,Hadapsar Gadital,0
trip_371_31,371,WEEKDAY,Hadapsar Gadital,0
trip_371_32,371,WEEKDAY,Hadapsar Gadital,0
trip_371_33,371,WEEKDAY,Hadapsar Gadital,0
trip_371_34,371,WEEKDAY,Hadapsar Gadital,0
trip_371_35,371,WEEKDAY,Hadapsar Gadital,0
trip_371_36,371,WEEKDAY,Hadapsar Gadital,0
trip_371_37,371,WEEKDAY,Hadapsar Gadital,0
trip_371_38,371,WEEKDAY,Hadapsar Gadital,0
trip_371_39,371,WEEKDAY,Hadapsar Gadital,0
trip_371_40,371,WEEKDAY,Hadapsar Gadital,0
trip_371_41,371,WEEKDAY,Hadapsar Gadital,0
trip_371_42,371,WEEKDAY,Hadapsar Gadital,0
trip_371_43,371,WEEKDAY,Hadapsar Gadital,0
trip_371_44,371,WEEKDAY,Hadapsar Gadital,0
trip_371_45,371,WEEKDAY,Hadapsar Gadital,0
trip_371_46,371,WEEKDAY,Hadapsar Gadital,0
trip_371_47,371,WEEKDAY,Hadapsar Gadital,0
trip_371_48,371,WEEKDAY,Hadapsar Gadital,0
trip_371_49,371,WEEKDAY,Hadapsar Gadital,0
trip_371_50,371,WEEKDAY,Hadapsar Gadital,0
trip_371_51,371,WEEKDAY,Hadapsar Gadital,0
trip_372_0,372,WEEKDAY,Saswad,1
trip_372_1,372,WEEKDAY,Saswad,1
trip_372_2,372,WEEKDAY,Saswad,1
trip_372_3,372,WEEKDAY,Saswad,1
trip_372_4,372,WEEKDAY,Saswad,1
trip_372_5,372,WEEKDAY,Saswad,1
trip_372_6,372,WEEKDAY,Saswad,1
trip_372_7,372,WEEKDAY,Saswad,1
trip_372_8,372,WEEKDAY,Saswad,1
trip_372_9,372,WEEKDAY,Saswad,1
trip_372_10,372,WEEKDAY,Saswad,1
trip_372_11,372,WEEKDAY,Saswad,1
trip_372_12,372,WEEKDAY,Saswad,1
trip_372_13,372,WEEKDAY,Saswad,1
trip_372_14,372,WEEKDAY,Saswad,1
trip_372_15,372,WEEKDAY,Saswad,1
trip_372_16,372,WEEKDAY,Saswad,1
trip_372_17,372,WEEKDAY,Saswad,1
trip_372_18,372,WEEKDAY,Saswad,1
trip_372_19,372,WEEKDAY,Saswad,1
trip_372_20,372,WEEKDAY,Saswad,1
trip_372_21,372,WEEKDAY,Saswad,1
trip_372_22,372,WEEKDAY,Saswad,1
trip_372_23,372,WEEKDAY,Saswad,1
trip_372_24,372,WEEKDAY,Saswad,1
trip_372_25,372,WEEKDAY,Saswad,1
trip_372_26,372,WEEKDAY,Saswad,1
trip_372_27,372,WEEKDAY,Saswad,1
trip_372_28,372,WEEKDAY,Saswad,1
trip_372_29,372,WEEKDAY,Saswad,1
trip_372_30,372,WEEKDAY,Saswad,1
trip_372_31,372,WEEKDAY,Saswad,1
trip_372_32,372,WEEKDAY,Saswad,1
trip_372_33,372,WEEKDAY,Saswad,1
trip_372_34,372,WEEKDAY,Saswad,1
trip_372_35,372,WEEKDAY,Saswad,1
trip_372_36,372,WEEKDAY,Saswad,1
trip_372_37,372,WEEKDAY,Saswad,1
trip_372_38,372,WEEKDAY,Saswad,1
trip_372_39,372,WEEKDAY,Saswad,1
trip_372_40,372,WEEKDAY,Saswad,1
trip_372_41,372,WEEKDAY,Saswad,1
trip_372_42,372,WEEKDAY,Saswad,1
trip_372_43,372,WEEKDAY,Saswad,1
trip_372_44,372,WEEKDAY,Saswad,1
trip_372_45,372,WEEKDAY,Saswad,1
trip_372_46,372,WEEKDAY,Saswad,1
trip_372_47,372,WEEKDAY,Saswad,1
trip_372_48,372,WEEKDAY,Saswad,1
trip_372_49,372,WEEKDAY,Saswad,1
trip_372_50,372,WEEKDAY,Saswad,1
trip_372_51,372,WEEKDAY,Saswad,1
trip_372_52,372,WEEKDAY,Saswad,1
trip_368_0,368,WEEKDAY,Sangvi Vasantdada Putala,1
trip_368_1,368,WEEKDAY,Sangvi Vasantdada Putala,1
trip_368_2,368,WEEKDAY,Sangvi Vasantdada Putala,1
trip_368_3,368,WEEKDAY,Sangvi Vasantdada Putala,1
trip_368_4,368,WEEKDAY,Sangvi Vasantdada Putala,1
trip_368_5,368,WEEKDAY,Sangvi Vasantdada Putala,1
trip_368_6,368,WEEKDAY,Sangvi Vasantdada Putala,1
trip_368_7,368,WEEKDAY,Sangvi Vasantdada Putala,1
trip_368_8,368,WEEKDAY,Sangvi Vasantdada Putala,1
trip_368_9,368,WEEKDAY,Sangvi Vasantdada Putala,1
trip_368_10,368,WEEKDAY,Sangvi Vasantdada Putala,1
trip_368_11,368,WEEKDAY,Sangvi Vasantdada Putala,1
trip_368_12,368,WEEKDAY,Sangvi Vasantdada Putala,1
trip_368_13,368,WEEKDAY,Sangvi Vasantdada Putala,1
trip_368_14,368,WEEKDAY,Sangvi Vasantdada Putala,1
trip_368_15,368,WEEKDAY,Sangvi Vasantdada Putala,1
trip_368_16,368,WEEKDAY,Sangvi Vasantdada Putala,1
trip_373_0,373,WEEKDAY,Swargate,0
trip_373_1,373,WEEKDAY,Swargate,0
trip_373_2,373,WEEKDAY,Swargate,0
trip_373_3,373,WEEKDAY,Swargate,0
trip_373_4,373,WEEKDAY,Swargate,0
trip_373_5,373,WEEKDAY,Swargate,0
trip_373_6,373,WEEKDAY,Swargate,0
trip_373_7,373,WEEKDAY,Swargate,0
trip_373_8,373,WEEKDAY,Swargate,0
trip_373_9,373,WEEKDAY,Swargate,0
trip_373_10,373,WEEKDAY,Swargate,0
trip_373_11,373,WEEKDAY,Swargate,0
trip_379_0,379,WEEKDAY,Saswad,1
trip_379_1,379,WEEKDAY,Saswad,1
trip_379_2,379,WEEKDAY,Saswad,1
trip_379_3,379,WEEKDAY,Saswad,1
trip_379_4,379,WEEKDAY,Saswad,1
trip_379_5,379,WEEKDAY,Saswad,1
trip_379_6,379,WEEKDAY,Saswad,1
trip_379_7,379,WEEKDAY,Saswad,1
trip_379_8,379,WEEKDAY,Saswad,1
trip_379_9,379,WEEKDAY,Saswad,1
trip_379_10,379,WEEKDAY,Saswad,1
trip_386_0,386,WEEKDAY,Katraj Kondhwa Road,0
trip_386_1,386,WEEKDAY,Katraj Kondhwa Road,0
trip_386_2,386,WEEKDAY,Katraj Kondhwa Road,0
trip_386_3,386,WEEKDAY,Katraj Kondhwa Road,0
trip_382_0,382,WEEKDAY,Swargate,0
trip_386_4,386,WEEKDAY,Katraj Kondhwa Road,0
trip_386_5,386,WEEKDAY,Katraj Kondhwa Road,0
trip_386_6,386,WEEKDAY,Katraj Kondhwa Road,0
trip_386_7,386,WEEKDAY,Katraj Kondhwa Road,0
trip_386_8,386,WEEKDAY,Katraj Kondhwa Road,0
trip_386_9,386,WEEKDAY,Katraj Kondhwa Road,0
trip_386_10,386,WEEKDAY,Katraj Kondhwa Road,0
trip_386_11,386,WEEKDAY,Katraj Kondhwa Road,0
trip_386_12,386,WEEKDAY,Katraj Kondhwa Road,0
trip_386_13,386,WEEKDAY,Katraj Kondhwa Road,0
trip_386_14,386,WEEKDAY,Katraj Kondhwa Road,0
trip_386_15,386,WEEKDAY,Katraj Kondhwa Road,0
trip_386_16,386,WEEKDAY,Katraj Kondhwa Road,0
trip_386_17,386,WEEKDAY,Katraj Kondhwa Road,0
trip_386_18,386,WEEKDAY,Katraj Kondhwa Road,0
trip_386_19,386,WEEKDAY,Katraj Kondhwa Road,0
trip_386_20,386,WEEKDAY,Katraj Kondhwa Road,0
trip_386_21,386,WEEKDAY,Katraj Kondhwa Road,0
trip_386_22,386,WEEKDAY,Katraj Kondhwa Road,0
trip_386_23,386,WEEKDAY,Katraj Kondhwa Road,0
trip_386_24,386,WEEKDAY,Katraj Kondhwa Road,0
trip_386_25,386,WEEKDAY,Katraj Kondhwa Road,0
trip_386_26,386,WEEKDAY,Katraj Kondhwa Road,0
trip_386_27,386,WEEKDAY,Katraj Kondhwa Road,0
trip_386_28,386,WEEKDAY,Katraj Kondhwa Road,0
trip_386_29,386,WEEKDAY,Katraj Kondhwa Road,0
trip_386_30,386,WEEKDAY,Katraj Kondhwa Road,0
trip_386_31,386,WEEKDAY,Katraj Kondhwa Road,0
trip_386_32,386,WEEKDAY,Katraj Kondhwa Road,0
trip_386_33,386,WEEKDAY,Katraj Kondhwa Road,0
trip_386_34,386,WEEKDAY,Katraj Kondhwa Road,0
trip_386_35,386,WEEKDAY,Katraj Kondhwa Road,0
trip_386_36,386,WEEKDAY,Katraj Kondhwa Road,0
trip_382_1,382,WEEKDAY,Swargate,0
trip_386_37,386,WEEKDAY,Katraj Kondhwa Road,0
trip_382_2,382,WEEKDAY,Swargate,0
trip_386_38,386,WEEKDAY,Katraj Kondhwa Road,0
trip_382_3,382,WEEKDAY,Swargate,0
trip_386_39,386,WEEKDAY,Katraj Kondhwa Road,0
trip_386_40,386,WEEKDAY,Katraj Kondhwa Road,0
trip_386_41,386,WEEKDAY,Katraj Kondhwa Road,0
trip_386_42,386,WEEKDAY,Katraj Kondhwa Road,0
trip_386_43,386,WEEKDAY,Katraj Kondhwa Road,0
trip_386_44,386,WEEKDAY,Katraj Kondhwa Road,0
trip_386_45,386,WEEKDAY,Katraj Kondhwa Road,0
trip_386_46,386,WEEKDAY,Katraj Kondhwa Road,0
trip_386_47,386,WEEKDAY,Katraj Kondhwa Road,0
trip_386_48,386,WEEKDAY,Katraj Kondhwa Road,0
trip_386_49,386,WEEKDAY,Katraj Kondhwa Road,0
trip_386_50,386,WEEKDAY,Katraj Kondhwa Road,0
trip_386_51,386,WEEKDAY,Katraj Kondhwa Road,0
trip_386_52,386,WEEKDAY,Katraj Kondhwa Road,0
trip_386_53,386,WEEKDAY,Katraj Kondhwa Road,0
trip_387_0,387,WEEKDAY,Saswad,1
trip_383_0,383,WEEKDAY,Saswad,1
trip_387_1,387,WEEKDAY,Saswad,1
trip_387_2,387,WEEKDAY,Saswad,1
trip_387_3,387,WEEKDAY,Saswad,1
trip_387_4,387,WEEKDAY,Saswad,1
trip_387_5,387,WEEKDAY,Saswad,1
trip_387_6,387,WEEKDAY,Saswad,1
trip_387_7,387,WEEKDAY,Saswad,1
trip_387_8,387,WEEKDAY,Saswad,1
trip_387_9,387,WEEKDAY,Saswad,1
trip_387_10,387,WEEKDAY,Saswad,1
trip_387_11,387,WEEKDAY,Saswad,1
trip_387_12,387,WEEKDAY,Saswad,1
trip_387_13,387,WEEKDAY,Saswad,1
trip_383_1,383,WEEKDAY,Saswad,1
trip_387_14,387,WEEKDAY,Saswad,1
trip_383_2,383,WEEKDAY,Saswad,1
trip_387_15,387,WEEKDAY,Saswad,1
trip_383_3,383,WEEKDAY,Saswad,1
trip_387_16,387,WEEKDAY,Saswad,1
trip_387_17,387,WEEKDAY,Saswad,1
trip_387_18,387,WEEKDAY,Saswad,1
trip_387_19,387,WEEKDAY,Saswad,1
trip_387_20,387,WEEKDAY,Saswad,1
trip_387_21,387,WEEKDAY,Saswad,1
trip_387_22,387,WEEKDAY,Saswad,1
trip_387_23,387,WEEKDAY,Saswad,1
trip_380_0,380,WEEKDAY,Bhekrai Nagar,0
trip_387_24,387,WEEKDAY,Saswad,1
trip_387_25,387,WEEKDAY,Saswad,1
trip_387_26,387,WEEKDAY,Saswad,1
trip_387_27,387,WEEKDAY,Saswad,1
trip_387_28,387,WEEKDAY,Saswad,1
trip_387_29,387,WEEKDAY,Saswad,1
trip_387_30,387,WEEKDAY,Saswad,1
trip_387_31,387,WEEKDAY,Saswad,1
trip_387_32,387,WEEKDAY,Saswad,1
trip_387_33,387,WEEKDAY,Saswad,1
trip_387_34,387,WEEKDAY,Saswad,1
trip_387_35,387,WEEKDAY,Saswad,1
trip_387_36,387,WEEKDAY,Saswad,1
trip_387_37,387,WEEKDAY,Saswad,1
trip_387_38,387,WEEKDAY,Saswad,1
trip_387_39,387,WEEKDAY,Saswad,1
trip_381_0,381,WEEKDAY,Hinjawadi Maan Phase 3,1
trip_387_40,387,WEEKDAY,Saswad,1
trip_387_41,387,WEEKDAY,Saswad,1
trip_387_42,387,WEEKDAY,Saswad,1
trip_387_43,387,WEEKDAY,Saswad,1
trip_387_44,387,WEEKDAY,Saswad,1
trip_387_45,387,WEEKDAY,Saswad,1
trip_387_46,387,WEEKDAY,Saswad,1
trip_387_47,387,WEEKDAY,Saswad,1
trip_387_48,387,WEEKDAY,Saswad,1
trip_387_49,387,WEEKDAY,Saswad,1
trip_387_50,387,WEEKDAY,Saswad,1
trip_387_51,387,WEEKDAY,Saswad,1
trip_387_52,387,WEEKDAY,Saswad,1
trip_387_53,387,WEEKDAY,Saswad,1
trip_380_1,380,WEEKDAY,Bhekrai Nagar,0
trip_380_2,380,WEEKDAY,Bhekrai Nagar,0
trip_380_3,380,WEEKDAY,Bhekrai Nagar,0
trip_380_4,380,WEEKDAY,Bhekrai Nagar,0
trip_380_5,380,WEEKDAY,Bhekrai Nagar,0
trip_380_6,380,WEEKDAY,Bhekrai Nagar,0
trip_380_7,380,WEEKDAY,Bhekrai Nagar,0
trip_380_8,380,WEEKDAY,Bhekrai Nagar,0
trip_380_9,380,WEEKDAY,Bhekrai Nagar,0
trip_380_10,380,WEEKDAY,Bhekrai Nagar,0
trip_380_11,380,WEEKDAY,Bhekrai Nagar,0
trip_380_12,380,WEEKDAY,Bhekrai Nagar,0
trip_380_13,380,WEEKDAY,Bhekrai Nagar,0
trip_381_1,381,WEEKDAY,Hinjawadi Maan Phase 3,1
trip_380_14,380,WEEKDAY,Bhekrai Nagar,0
trip_381_2,381,WEEKDAY,Hinjawadi Maan Phase 3,1
trip_380_15,380,WEEKDAY,Bhekrai Nagar,0
trip_381_3,381,WEEKDAY,Hinjawadi Maan Phase 3,1
trip_381_4,381,WEEKDAY,Hinjawadi Maan Phase 3,1
trip_381_5,381,WEEKDAY,Hinjawadi Maan Phase 3,1
trip_381_6,381,WEEKDAY,Hinjawadi Maan Phase 3,1
trip_381_7,381,WEEKDAY,Hinjawadi Maan Phase 3,1
trip_381_8,381,WEEKDAY,Hinjawadi Maan Phase 3,1
trip_381_9,381,WEEKDAY,Hinjawadi Maan Phase 3,1
trip_381_10,381,WEEKDAY,Hinjawadi Maan Phase 3,1
trip_381_11,381,WEEKDAY,Hinjawadi Maan Phase 3,1
trip_381_12,381,WEEKDAY,Hinjawadi Maan Phase 3,1
trip_381_13,381,WEEKDAY,Hinjawadi Maan Phase 3,1
trip_381_14,381,WEEKDAY,Hinjawadi Maan Phase 3,1
trip_381_15,381,WEEKDAY,Hinjawadi Maan Phase 3,1
trip_381_16,381,WEEKDAY,Hinjawadi Maan Phase 3,1
trip_402_0,402,WEEKDAY,Katraj,0
trip_402_1,402,WEEKDAY,Katraj,0
trip_402_2,402,WEEKDAY,Katraj,0
trip_402_3,402,WEEKDAY,Katraj,0
trip_402_4,402,WEEKDAY,Katraj,0
trip_402_5,402,WEEKDAY,Katraj,0
trip_402_6,402,WEEKDAY,Katraj,0
trip_402_7,402,WEEKDAY,Katraj,0
trip_402_8,402,WEEKDAY,Katraj,0
trip_402_9,402,WEEKDAY,Katraj,0
trip_402_10,402,WEEKDAY,Katraj,0
trip_402_11,402,WEEKDAY,Katraj,0
trip_402_12,402,WEEKDAY,Katraj,0
trip_402_13,402,WEEKDAY,Katraj,0
trip_402_14,402,WEEKDAY,Katraj,0
trip_402_15,402,WEEKDAY,Katraj,0
trip_402_16,402,WEEKDAY,Katraj,0
trip_402_17,402,WEEKDAY,Katraj,0
trip_402_18,402,WEEKDAY,Katraj,0
trip_402_19,402,WEEKDAY,Katraj,0
trip_402_20,402,WEEKDAY,Katraj,0
trip_403_0,403,WEEKDAY,Shingad Collage Ambegaon,1
trip_403_1,403,WEEKDAY,Shingad Collage Ambegaon,1
trip_403_2,403,WEEKDAY,Shingad Collage Ambegaon,1
trip_403_3,403,WEEKDAY,Shingad Collage Ambegaon,1
trip_403_4,403,WEEKDAY,Shingad Collage Ambegaon,1
trip_403_5,403,WEEKDAY,Shingad Collage Ambegaon,1
trip_403_6,403,WEEKDAY,Shingad Collage Ambegaon,1
trip_403_7,403,WEEKDAY,Shingad Collage Ambegaon,1
trip_403_8,403,WEEKDAY,Shingad Collage Ambegaon,1
trip_403_9,403,WEEKDAY,Shingad Collage Ambegaon,1
trip_403_10,403,WEEKDAY,Shingad Collage Ambegaon,1
trip_403_11,403,WEEKDAY,Shingad Collage Ambegaon,1
trip_403_12,403,WEEKDAY,Shingad Collage Ambegaon,1
trip_403_13,403,WEEKDAY,Shingad Collage Ambegaon,1
trip_403_14,403,WEEKDAY,Shingad Collage Ambegaon,1
trip_403_15,403,WEEKDAY,Shingad Collage Ambegaon,1
trip_403_16,403,WEEKDAY,Shingad Collage Ambegaon,1
trip_403_17,403,WEEKDAY,Shingad Collage Ambegaon,1
trip_403_18,403,WEEKDAY,Shingad Collage Ambegaon,1
trip_403_19,403,WEEKDAY,Shingad Collage Ambegaon,1
trip_403_20,403,WEEKDAY,Shingad Collage Ambegaon,1
trip_1274_0,1274,WEEKDAY,Saswad,0
trip_1274_1,1274,WEEKDAY,Saswad,0
trip_1274_2,1274,WEEKDAY,Saswad,0
trip_1274_3,1274,WEEKDAY,Saswad,0
trip_1275_0,1275,WEEKDAY,Uruli Kanchan,1
trip_392_0,392,WEEKDAY,Hadapsar Gadital,0
trip_1275_1,1275,WEEKDAY,Uruli Kanchan,1
trip_1275_2,1275,WEEKDAY,Uruli Kanchan,1
trip_1275_3,1275,WEEKDAY,Uruli Kanchan,1
trip_1275_4,1275,WEEKDAY,Uruli Kanchan,1
trip_392_1,392,WEEKDAY,Hadapsar Gadital,0
trip_392_2,392,WEEKDAY,Hadapsar Gadital,0
trip_392_3,392,WEEKDAY,Hadapsar Gadital,0
trip_392_4,392,WEEKDAY,Hadapsar Gadital,0
trip_392_5,392,WEEKDAY,Hadapsar Gadital,0
trip_392_6,392,WEEKDAY,Hadapsar Gadital,0
trip_392_7,392,WEEKDAY,Hadapsar Gadital,0
trip_392_8,392,WEEKDAY,Hadapsar Gadital,0
trip_392_9,392,WEEKDAY,Hadapsar Gadital,0
trip_392_10,392,WEEKDAY,Hadapsar Gadital,0
trip_392_11,392,WEEKDAY,Hadapsar Gadital,0
trip_392_12,392,WEEKDAY,Hadapsar Gadital,0
trip_392_13,392,WEEKDAY,Hadapsar Gadital,0
trip_392_14,392,WEEKDAY,Hadapsar Gadital,0
trip_392_15,392,WEEKDAY,Hadapsar Gadital,0
trip_392_16,392,WEEKDAY,Hadapsar Gadital,0
trip_392_17,392,WEEKDAY,Hadapsar Gadital,0
trip_392_18,392,WEEKDAY,Hadapsar Gadital,0
trip_392_19,392,WEEKDAY,Hadapsar Gadital,0
trip_392_20,392,WEEKDAY,Hadapsar Gadital,0
trip_392_21,392,WEEKDAY,Hadapsar Gadital,0
trip_393_0,393,WEEKDAY,Midc Jejuri,1
trip_404_0,404,WEEKDAY,Chintamani Dnyanpith,0
trip_404_1,404,WEEKDAY,Chintamani Dnyanpith,0
trip_404_2,404,WEEKDAY,Chintamani Dnyanpith,0
trip_404_3,404,WEEKDAY,Chintamani Dnyanpith,0
trip_404_4,404,WEEKDAY,Chintamani Dnyanpith,0
trip_404_5,404,WEEKDAY,Chintamani Dnyanpith,0
trip_404_6,404,WEEKDAY,Chintamani Dnyanpith,0
trip_404_7,404,WEEKDAY,Chintamani Dnyanpith,0
trip_404_8,404,WEEKDAY,Chintamani Dnyanpith,0
trip_404_9,404,WEEKDAY,Chintamani Dnyanpith,0
trip_404_10,404,WEEKDAY,Chintamani Dnyanpith,0
trip_404_11,404,WEEKDAY,Chintamani Dnyanpith,0
trip_404_12,404,WEEKDAY,Chintamani Dnyanpith,0
trip_404_13,404,WEEKDAY,Chintamani Dnyanpith,0
trip_404_14,404,WEEKDAY,Chintamani Dnyanpith,0
trip_404_15,404,WEEKDAY,Chintamani Dnyanpith,0
trip_404_16,404,WEEKDAY,Chintamani Dnyanpith,0
trip_404_17,404,WEEKDAY,Chintamani Dnyanpith,0
trip_404_18,404,WEEKDAY,Chintamani Dnyanpith,0
trip_404_19,404,WEEKDAY,Chintamani Dnyanpith,0
trip_404_20,404,WEEKDAY,Chintamani Dnyanpith,0
trip_393_1,393,WEEKDAY,Midc Jejuri,1
trip_393_2,393,WEEKDAY,Midc Jejuri,1
trip_393_3,393,WEEKDAY,Midc Jejuri,1
trip_393_4,393,WEEKDAY,Midc Jejuri,1
trip_393_5,393,WEEKDAY,Midc Jejuri,1
trip_393_6,393,WEEKDAY,Midc Jejuri,1
trip_393_7,393,WEEKDAY,Midc Jejuri,1
trip_393_8,393,WEEKDAY,Midc Jejuri,1
trip_393_9,393,WEEKDAY,Midc Jejuri,1
trip_393_10,393,WEEKDAY,Midc Jejuri,1
trip_393_11,393,WEEKDAY,Midc Jejuri,1
trip_405_0,405,WEEKDAY,Swargate,1
trip_393_12,393,WEEKDAY,Midc Jejuri,1
trip_393_13,393,WEEKDAY,Midc Jejuri,1
trip_393_14,393,WEEKDAY,Midc Jejuri,1
trip_393_15,393,WEEKDAY,Midc Jejuri,1
trip_393_16,393,WEEKDAY,Midc Jejuri,1
trip_393_17,393,WEEKDAY,Midc Jejuri,1
trip_393_18,393,WEEKDAY,Midc Jejuri,1
trip_393_19,393,WEEKDAY,Midc Jejuri,1
trip_393_20,393,WEEKDAY,Midc Jejuri,1
trip_393_21,393,WEEKDAY,Midc Jejuri,1
trip_393_22,393,WEEKDAY,Midc Jejuri,1
trip_393_23,393,WEEKDAY,Midc Jejuri,1
trip_405_1,405,WEEKDAY,Swargate,1
trip_405_2,405,WEEKDAY,Swargate,1
trip_405_3,405,WEEKDAY,Swargate,1
trip_405_4,405,WEEKDAY,Swargate,1
trip_405_5,405,WEEKDAY,Swargate,1
trip_405_6,405,WEEKDAY,Swargate,1
trip_405_7,405,WEEKDAY,Swargate,1
trip_405_8,405,WEEKDAY,Swargate,1
trip_405_9,405,WEEKDAY,Swargate,1
trip_405_10,405,WEEKDAY,Swargate,1
trip_405_11,405,WEEKDAY,Swargate,1
trip_405_12,405,WEEKDAY,Swargate,1
trip_405_13,405,WEEKDAY,Swargate,1
trip_405_14,405,WEEKDAY,Swargate,1
trip_405_15,405,WEEKDAY,Swargate,1
trip_405_16,405,WEEKDAY,Swargate,1
trip_405_17,405,WEEKDAY,Swargate,1
trip_405_18,405,WEEKDAY,Swargate,1
trip_405_19,405,WEEKDAY,Swargate,1
trip_411_0,411,WEEKDAY,Shivaji Nagar,1
trip_410_0,410,WEEKDAY,Bharati Vidyapeeth,0
trip_411_1,411,WEEKDAY,Shivaji Nagar,1
trip_411_2,411,WEEKDAY,Shivaji Nagar,1
trip_411_3,411,WEEKDAY,Shivaji Nagar,1
trip_411_4,411,WEEKDAY,Shivaji Nagar,1
trip_411_5,411,WEEKDAY,Shivaji Nagar,1
trip_411_6,411,WEEKDAY,Shivaji Nagar,1
trip_411_7,411,WEEKDAY,Shivaji Nagar,1
trip_411_8,411,WEEKDAY,Shivaji Nagar,1
trip_411_9,411,WEEKDAY,Shivaji Nagar,1
trip_411_10,411,WEEKDAY,Shivaji Nagar,1
trip_411_11,411,WEEKDAY,Shivaji Nagar,1
trip_411_12,411,WEEKDAY,Shivaji Nagar,1
trip_411_13,411,WEEKDAY,Shivaji Nagar,1
trip_410_1,410,WEEKDAY,Bharati Vidyapeeth,0
trip_411_14,411,WEEKDAY,Shivaji Nagar,1
trip_410_2,410,WEEKDAY,Bharati Vidyapeeth,0
trip_411_15,411,WEEKDAY,Shivaji Nagar,1
trip_410_3,410,WEEKDAY,Bharati Vidyapeeth,0
trip_411_16,411,WEEKDAY,Shivaji Nagar,1
trip_410_4,410,WEEKDAY,Bharati Vidyapeeth,0
trip_411_17,411,WEEKDAY,Shivaji Nagar,1
trip_410_5,410,WEEKDAY,Bharati Vidyapeeth,0
trip_411_18,411,WEEKDAY,Shivaji Nagar,1
trip_410_6,410,WEEKDAY,Bharati Vidyapeeth,0
trip_411_19,411,WEEKDAY,Shivaji Nagar,1
trip_410_7,410,WEEKDAY,Bharati Vidyapeeth,0
trip_411_20,411,WEEKDAY,Shivaji Nagar,1
trip_410_8,410,WEEKDAY,Bharati Vidyapeeth,0
trip_411_21,411,WEEKDAY,Shivaji Nagar,1
trip_410_9,410,WEEKDAY,Bharati Vidyapeeth,0
trip_411_22,411,WEEKDAY,Shivaji Nagar,1
trip_410_10,410,WEEKDAY,Bharati Vidyapeeth,0
trip_411_23,411,WEEKDAY,Shivaji Nagar,1
trip_410_11,410,WEEKDAY,Bharati Vidyapeeth,0
trip_411_24,411,WEEKDAY,Shivaji Nagar,1
trip_410_12,410,WEEKDAY,Bharati Vidyapeeth,0
trip_411_25,411,WEEKDAY,Shivaji Nagar,1
trip_410_13,410,WEEKDAY,Bharati Vidyapeeth,0
trip_411_26,411,WEEKDAY,Shivaji Nagar,1
trip_411_27,411,WEEKDAY,Shivaji Nagar,1
trip_410_14,410,WEEKDAY,Bharati Vidyapeeth,0
trip_411_28,411,WEEKDAY,Shivaji Nagar,1
trip_410_15,410,WEEKDAY,Bharati Vidyapeeth,0
trip_411_29,411,WEEKDAY,Shivaji Nagar,1
trip_410_16,410,WEEKDAY,Bharati Vidyapeeth,0
trip_411_30,411,WEEKDAY,Shivaji Nagar,1
trip_410_17,410,WEEKDAY,Bharati Vidyapeeth,0
trip_411_31,411,WEEKDAY,Shivaji Nagar,1
trip_410_18,410,WEEKDAY,Bharati Vidyapeeth,0
trip_411_32,411,WEEKDAY,Shivaji Nagar,1
trip_410_19,410,WEEKDAY,Bharati Vidyapeeth,0
trip_411_33,411,WEEKDAY,Shivaji Nagar,1
trip_410_20,410,WEEKDAY,Bharati Vidyapeeth,0
trip_411_34,411,WEEKDAY,Shivaji Nagar,1
trip_410_21,410,WEEKDAY,Bharati Vidyapeeth,0
trip_411_35,411,WEEKDAY,Shivaji Nagar,1
trip_410_22,410,WEEKDAY,Bharati Vidyapeeth,0
trip_411_36,411,WEEKDAY,Shivaji Nagar,1
trip_410_23,410,WEEKDAY,Bharati Vidyapeeth,0
trip_411_37,411,WEEKDAY,Shivaji Nagar,1
trip_410_24,410,WEEKDAY,Bharati Vidyapeeth,0
trip_411_38,411,WEEKDAY,Shivaji Nagar,1
trip_410_25,410,WEEKDAY,Bharati Vidyapeeth,0
trip_411_39,411,WEEKDAY,Shivaji Nagar,1
trip_410_26,410,WEEKDAY,Bharati Vidyapeeth,0
trip_411_40,411,WEEKDAY,Shivaji Nagar,1
trip_410_27,410,WEEKDAY,Bharati Vidyapeeth,0
trip_411_41,411,WEEKDAY,Shivaji Nagar,1
trip_410_28,410,WEEKDAY,Bharati Vidyapeeth,0
trip_411_42,411,WEEKDAY,Shivaji Nagar,1
trip_410_29,410,WEEKDAY,Bharati Vidyapeeth,0
trip_410_30,410,WEEKDAY,Bharati Vidyapeeth,0
trip_410_31,410,WEEKDAY,Bharati Vidyapeeth,0
trip_410_32,410,WEEKDAY,Bharati Vidyapeeth,0
trip_410_33,410,WEEKDAY,Bharati Vidyapeeth,0
trip_410_34,410,WEEKDAY,Bharati Vidyapeeth,0
trip_410_35,410,WEEKDAY,Bharati Vidyapeeth,0
trip_410_36,410,WEEKDAY,Bharati Vidyapeeth,0
trip_410_37,410,WEEKDAY,Bharati Vidyapeeth,0
trip_410_38,410,WEEKDAY,Bharati Vidyapeeth,0
trip_410_39,410,WEEKDAY,Bharati Vidyapeeth,0
trip_410_40,410,WEEKDAY,Bharati Vidyapeeth,0
trip_422_0,422,WEEKDAY,Wagholi Kesnand Phata,0
trip_422_1,422,WEEKDAY,Wagholi Kesnand Phata,0
trip_422_2,422,WEEKDAY,Wagholi Kesnand Phata,0
trip_422_3,422,WEEKDAY,Wagholi Kesnand Phata,0
trip_422_4,422,WEEKDAY,Wagholi Kesnand Phata,0
trip_422_5,422,WEEKDAY,Wagholi Kesnand Phata,0
trip_422_6,422,WEEKDAY,Wagholi Kesnand Phata,0
trip_422_7,422,WEEKDAY,Wagholi Kesnand Phata,0
trip_422_8,422,WEEKDAY,Wagholi Kesnand Phata,0
trip_422_9,422,WEEKDAY,Wagholi Kesnand Phata,0
trip_422_10,422,WEEKDAY,Wagholi Kesnand Phata,0
trip_422_11,422,WEEKDAY,Wagholi Kesnand Phata,0
trip_422_12,422,WEEKDAY,Wagholi Kesnand Phata,0
trip_423_0,423,WEEKDAY,IV VILLA LANE NO. 1,1
trip_422_13,422,WEEKDAY,Wagholi Kesnand Phata,0
trip_422_14,422,WEEKDAY,Wagholi Kesnand Phata,0
trip_422_15,422,WEEKDAY,Wagholi Kesnand Phata,0
trip_423_1,423,WEEKDAY,IV VILLA LANE NO. 1,1
trip_423_2,423,WEEKDAY,IV VILLA LANE NO. 1,1
trip_423_3,423,WEEKDAY,IV VILLA LANE NO. 1,1
trip_423_4,423,WEEKDAY,IV VILLA LANE NO. 1,1
trip_423_5,423,WEEKDAY,IV VILLA LANE NO. 1,1
trip_423_6,423,WEEKDAY,IV VILLA LANE NO. 1,1
trip_423_7,423,WEEKDAY,IV VILLA LANE NO. 1,1
trip_423_8,423,WEEKDAY,IV VILLA LANE NO. 1,1
trip_423_9,423,WEEKDAY,IV VILLA LANE NO. 1,1
trip_423_10,423,WEEKDAY,IV VILLA LANE NO. 1,1
trip_423_11,423,WEEKDAY,IV VILLA LANE NO. 1,1
trip_423_12,423,WEEKDAY,IV VILLA LANE NO. 1,1
trip_423_13,423,WEEKDAY,IV VILLA LANE NO. 1,1
trip_423_14,423,WEEKDAY,IV VILLA LANE NO. 1,1
trip_423_15,423,WEEKDAY,IV VILLA LANE NO. 1,1
trip_419_0,419,WEEKDAY,Sangvi Vasantdada Putala,1
trip_418_0,418,WEEKDAY,Swargate,0
trip_419_1,419,WEEKDAY,Sangvi Vasantdada Putala,1
trip_419_2,419,WEEKDAY,Sangvi Vasantdada Putala,1
trip_419_3,419,WEEKDAY,Sangvi Vasantdada Putala,1
trip_419_4,419,WEEKDAY,Sangvi Vasantdada Putala,1
trip_419_5,419,WEEKDAY,Sangvi Vasantdada Putala,1
trip_419_6,419,WEEKDAY,Sangvi Vasantdada Putala,1
trip_419_7,419,WEEKDAY,Sangvi Vasantdada Putala,1
trip_419_8,419,WEEKDAY,Sangvi Vasantdada Putala,1
trip_419_9,419,WEEKDAY,Sangvi Vasantdada Putala,1
trip_419_10,419,WEEKDAY,Sangvi Vasantdada Putala,1
trip_419_11,419,WEEKDAY,Sangvi Vasantdada Putala,1
trip_419_12,419,WEEKDAY,Sangvi Vasantdada Putala,1
trip_419_13,419,WEEKDAY,Sangvi Vasantdada Putala,1
trip_419_14,419,WEEKDAY,Sangvi Vasantdada Putala,1
trip_419_15,419,WEEKDAY,Sangvi Vasantdada Putala,1
trip_419_16,419,WEEKDAY,Sangvi Vasantdada Putala,1
trip_419_17,419,WEEKDAY,Sangvi Vasantdada Putala,1
trip_418_1,418,WEEKDAY,Swargate,0
trip_419_18,419,WEEKDAY,Sangvi Vasantdada Putala,1
trip_418_2,418,WEEKDAY,Swargate,0
trip_419_19,419,WEEKDAY,Sangvi Vasantdada Putala,1
trip_418_3,418,WEEKDAY,Swargate,0
trip_419_20,419,WEEKDAY,Sangvi Vasantdada Putala,1
trip_418_4,418,WEEKDAY,Swargate,0
trip_419_21,419,WEEKDAY,Sangvi Vasantdada Putala,1
trip_418_5,418,WEEKDAY,Swargate,0
trip_419_22,419,WEEKDAY,Sangvi Vasantdada Putala,1
trip_418_6,418,WEEKDAY,Swargate,0
trip_419_23,419,WEEKDAY,Sangvi Vasantdada Putala,1
trip_418_7,418,WEEKDAY,Swargate,0
trip_419_24,419,WEEKDAY,Sangvi Vasantdada Putala,1
trip_418_8,418,WEEKDAY,Swargate,0
trip_419_25,419,WEEKDAY,Sangvi Vasantdada Putala,1
trip_418_9,418,WEEKDAY,Swargate,0
trip_419_26,419,WEEKDAY,Sangvi Vasantdada Putala,1
trip_418_10,418,WEEKDAY,Swargate,0
trip_419_27,419,WEEKDAY,Sangvi Vasantdada Putala,1
trip_418_11,418,WEEKDAY,Swargate,0
trip_419_28,419,WEEKDAY,Sangvi Vasantdada Putala,1
trip_418_12,418,WEEKDAY,Swargate,0
trip_419_29,419,WEEKDAY,Sangvi Vasantdada Putala,1
trip_418_13,418,WEEKDAY,Swargate,0
trip_419_30,419,WEEKDAY,Sangvi Vasantdada Putala,1
trip_418_14,418,WEEKDAY,Swargate,0
trip_419_31,419,WEEKDAY,Sangvi Vasantdada Putala,1
trip_418_15,418,WEEKDAY,Swargate,0
trip_419_32,419,WEEKDAY,Sangvi Vasantdada Putala,1
trip_418_16,418,WEEKDAY,Swargate,0
trip_419_33,419,WEEKDAY,Sangvi Vasantdada Putala,1
trip_418_17,418,WEEKDAY,Swargate,0
trip_419_34,419,WEEKDAY,Sangvi Vasantdada Putala,1
trip_418_18,418,WEEKDAY,Swargate,0
trip_419_35,419,WEEKDAY,Sangvi Vasantdada Putala,1
trip_418_19,418,WEEKDAY,Swargate,0
trip_419_36,419,WEEKDAY,Sangvi Vasantdada Putala,1
trip_418_20,418,WEEKDAY,Swargate,0
trip_419_37,419,WEEKDAY,Sangvi Vasantdada Putala,1
trip_418_21,418,WEEKDAY,Swargate,0
trip_419_38,419,WEEKDAY,Sangvi Vasantdada Putala,1
trip_418_22,418,WEEKDAY,Swargate,0
trip_419_39,419,WEEKDAY,Sangvi Vasantdada Putala,1
trip_418_23,418,WEEKDAY,Swargate,0
trip_418_24,418,WEEKDAY,Swargate,0
trip_418_25,418,WEEKDAY,Swargate,0
trip_418_26,418,WEEKDAY,Swargate,0
trip_418_27,418,WEEKDAY,Swargate,0
trip_418_28,418,WEEKDAY,Swargate,0
trip_418_29,418,WEEKDAY,Swargate,0
trip_418_30,418,WEEKDAY,Swargate,0
trip_418_31,418,WEEKDAY,Swargate,0
trip_418_32,418,WEEKDAY,Swargate,0
trip_418_33,418,WEEKDAY,Swargate,0
trip_418_34,418,WEEKDAY,Swargate,0
trip_418_35,418,WEEKDAY,Swargate,0
trip_414_0,414,WEEKDAY,Kothrud Depot,0
trip_415_0,415,WEEKDAY,Alandi,1
trip_415_1,415,WEEKDAY,Alandi,1
trip_396_0,396,WEEKDAY,Hadapsar Gadital,0
trip_397_0,397,WEEKDAY,Morgaon St Stand,1
trip_396_1,396,WEEKDAY,Hadapsar Gadital,0
trip_396_2,396,WEEKDAY,Hadapsar Gadital,0
trip_397_1,397,WEEKDAY,Morgaon St Stand,1
trip_397_2,397,WEEKDAY,Morgaon St Stand,1
trip_400_0,400,WEEKDAY,Hadapsar Gadital,0
trip_401_0,401,WEEKDAY,Nira,1
trip_400_1,400,WEEKDAY,Hadapsar Gadital,0
trip_400_2,400,WEEKDAY,Hadapsar Gadital,0
trip_400_3,400,WEEKDAY,Hadapsar Gadital,0
trip_400_4,400,WEEKDAY,Hadapsar Gadital,0
trip_400_5,400,WEEKDAY,Hadapsar Gadital,0
trip_400_6,400,WEEKDAY,Hadapsar Gadital,0
trip_400_7,400,WEEKDAY,Hadapsar Gadital,0
trip_400_8,400,WEEKDAY,Hadapsar Gadital,0
trip_400_9,400,WEEKDAY,Hadapsar Gadital,0
trip_400_10,400,WEEKDAY,Hadapsar Gadital,0
trip_400_11,400,WEEKDAY,Hadapsar Gadital,0
trip_400_12,400,WEEKDAY,Hadapsar Gadital,0
trip_401_1,401,WEEKDAY,Nira,1
trip_401_2,401,WEEKDAY,Nira,1
trip_401_3,401,WEEKDAY,Nira,1
trip_401_4,401,WEEKDAY,Nira,1
trip_401_5,401,WEEKDAY,Nira,1
trip_401_6,401,WEEKDAY,Nira,1
trip_401_7,401,WEEKDAY,Nira,1
trip_401_8,401,WEEKDAY,Nira,1
trip_401_9,401,WEEKDAY,Nira,1
trip_401_10,401,WEEKDAY,Nira,1
trip_401_11,401,WEEKDAY,Nira,1
trip_401_12,401,WEEKDAY,Nira,1
trip_424_0,424,WEEKDAY,Kharadi Gaon,0
trip_424_1,424,WEEKDAY,Kharadi Gaon,0
trip_425_0,425,WEEKDAY,Hinjawadi Maan Phase 3,1
trip_425_1,425,WEEKDAY,Hinjawadi Maan Phase 3,1
trip_425_2,425,WEEKDAY,Hinjawadi Maan Phase 3,1
trip_432_0,432,WEEKDAY,Marketyard Depot,0
trip_433_0,433,WEEKDAY,Mhasoba Mandir Kharawade,1
trip_432_1,432,WEEKDAY,Marketyard Depot,0
trip_432_2,432,WEEKDAY,Marketyard Depot,0
trip_432_3,432,WEEKDAY,Marketyard Depot,0
trip_432_4,432,WEEKDAY,Marketyard Depot,0
trip_432_5,432,WEEKDAY,Marketyard Depot,0
trip_433_1,433,WEEKDAY,Mhasoba Mandir Kharawade,1
trip_433_2,433,WEEKDAY,Mhasoba Mandir Kharawade,1
trip_433_3,433,WEEKDAY,Mhasoba Mandir Kharawade,1
trip_433_4,433,WEEKDAY,Mhasoba Mandir Kharawade,1
trip_433_5,433,WEEKDAY,Mhasoba Mandir Kharawade,1
trip_434_0,434,WEEKDAY,Marketyard Depot,0
trip_434_1,434,WEEKDAY,Marketyard Depot,0
trip_434_2,434,WEEKDAY,Marketyard Depot,0
trip_434_3,434,WEEKDAY,Marketyard Depot,0
trip_435_0,435,WEEKDAY,Marnewadi,1
trip_435_1,435,WEEKDAY,Marnewadi,1
trip_435_2,435,WEEKDAY,Marnewadi,1
trip_435_3,435,WEEKDAY,Marnewadi,1
trip_440_0,440,WEEKDAY,Katraj,0
trip_445_0,445,WEEKDAY,Vadgaon Mawal,1
trip_440_1,440,WEEKDAY,Katraj,0
trip_440_2,440,WEEKDAY,Katraj,0
trip_440_3,440,WEEKDAY,Katraj,0
trip_440_4,440,WEEKDAY,Katraj,0
trip_440_5,440,WEEKDAY,Katraj,0
trip_440_6,440,WEEKDAY,Katraj,0
trip_440_7,440,WEEKDAY,Katraj,0
trip_440_8,440,WEEKDAY,Katraj,0
trip_440_9,440,WEEKDAY,Katraj,0
trip_440_10,440,WEEKDAY,Katraj,0
trip_440_11,440,WEEKDAY,Katraj,0
trip_440_12,440,WEEKDAY,Katraj,0
trip_440_13,440,WEEKDAY,Katraj,0
trip_440_14,440,WEEKDAY,Katraj,0
trip_440_15,440,WEEKDAY,Katraj,0
trip_440_16,440,WEEKDAY,Katraj,0
trip_440_17,440,WEEKDAY,Katraj,0
trip_445_1,445,WEEKDAY,Vadgaon Mawal,1
trip_440_18,440,WEEKDAY,Katraj,0
trip_445_2,445,WEEKDAY,Vadgaon Mawal,1
trip_440_19,440,WEEKDAY,Katraj,0
trip_445_3,445,WEEKDAY,Vadgaon Mawal,1
trip_440_20,440,WEEKDAY,Katraj,0
trip_445_4,445,WEEKDAY,Vadgaon Mawal,1
trip_440_21,440,WEEKDAY,Katraj,0
trip_445_5,445,WEEKDAY,Vadgaon Mawal,1
trip_440_22,440,WEEKDAY,Katraj,0
trip_445_6,445,WEEKDAY,Vadgaon Mawal,1
trip_440_23,440,WEEKDAY,Katraj,0
trip_445_7,445,WEEKDAY,Vadgaon Mawal,1
trip_440_24,440,WEEKDAY,Katraj,0
trip_445_8,445,WEEKDAY,Vadgaon Mawal,1
trip_440_25,440,WEEKDAY,Katraj,0
trip_445_9,445,WEEKDAY,Vadgaon Mawal,1
trip_440_26,440,WEEKDAY,Katraj,0
trip_445_10,445,WEEKDAY,Vadgaon Mawal,1
trip_440_27,440,WEEKDAY,Katraj,0
trip_445_11,445,WEEKDAY,Vadgaon Mawal,1
trip_440_28,440,WEEKDAY,Katraj,0
trip_445_12,445,WEEKDAY,Vadgaon Mawal,1
trip_440_29,440,WEEKDAY,Katraj,0
trip_445_13,445,WEEKDAY,Vadgaon Mawal,1
trip_440_30,440,WEEKDAY,Katraj,0
trip_445_14,445,WEEKDAY,Vadgaon Mawal,1
trip_440_31,440,WEEKDAY,Katraj,0
trip_445_15,445,WEEKDAY,Vadgaon Mawal,1
trip_440_32,440,WEEKDAY,Katraj,0
trip_445_16,445,WEEKDAY,Vadgaon Mawal,1
trip_440_33,440,WEEKDAY,Katraj,0
trip_445_17,445,WEEKDAY,Vadgaon Mawal,1
trip_440_34,440,WEEKDAY,Katraj,0
trip_445_18,445,WEEKDAY,Vadgaon Mawal,1
trip_440_35,440,WEEKDAY,Katraj,0
trip_445_19,445,WEEKDAY,Vadgaon Mawal,1
trip_440_36,440,WEEKDAY,Katraj,0
trip_445_20,445,WEEKDAY,Vadgaon Mawal,1
trip_440_37,440,WEEKDAY,Katraj,0
trip_445_21,445,WEEKDAY,Vadgaon Mawal,1
trip_440_38,440,WEEKDAY,Katraj,0
trip_445_22,445,WEEKDAY,Vadgaon Mawal,1
trip_440_39,440,WEEKDAY,Katraj,0
trip_445_23,445,WEEKDAY,Vadgaon Mawal,1
trip_440_40,440,WEEKDAY,Katraj,0
trip_445_24,445,WEEKDAY,Vadgaon Mawal,1
trip_440_41,440,WEEKDAY,Katraj,0
trip_445_25,445,WEEKDAY,Vadgaon Mawal,1
trip_445_26,445,WEEKDAY,Vadgaon Mawal,1
trip_445_27,445,WEEKDAY,Vadgaon Mawal,1
trip_445_28,445,WEEKDAY,Vadgaon Mawal,1
trip_445_29,445,WEEKDAY,Vadgaon Mawal,1
trip_445_30,445,WEEKDAY,Vadgaon Mawal,1
trip_445_31,445,WEEKDAY,Vadgaon Mawal,1
trip_445_32,445,WEEKDAY,Vadgaon Mawal,1
trip_445_33,445,WEEKDAY,Vadgaon Mawal,1
trip_445_34,445,WEEKDAY,Vadgaon Mawal,1
trip_445_35,445,WEEKDAY,Vadgaon Mawal,1
trip_445_36,445,WEEKDAY,Vadgaon Mawal,1
trip_445_37,445,WEEKDAY,Vadgaon Mawal,1
trip_445_38,445,WEEKDAY,Vadgaon Mawal,1
trip_445_39,445,WEEKDAY,Vadgaon Mawal,1
trip_445_40,445,WEEKDAY,Vadgaon Mawal,1
trip_445_41,445,WEEKDAY,Vadgaon Mawal,1
trip_450_0,450,WEEKDAY,Marketyard Depot,0
trip_450_1,450,WEEKDAY,Marketyard Depot,0
trip_450_2,450,WEEKDAY,Marketyard Depot,0
trip_451_0,451,WEEKDAY,Gram Panchayat Belawade,1
trip_451_1,451,WEEKDAY,Gram Panchayat Belawade,1
trip_451_2,451,WEEKDAY,Gram Panchayat Belawade,1
trip_449_0,449,WEEKDAY,Shilim Gaon,1
trip_448_0,448,WEEKDAY,Marketyard Depot,0
trip_449_1,449,WEEKDAY,Shilim Gaon,1
trip_448_1,448,WEEKDAY,Marketyard Depot,0
trip_452_0,452,WEEKDAY,Marketyard Depot,0
trip_452_1,452,WEEKDAY,Marketyard Depot,0
trip_453_0,453,WEEKDAY,Kolwan Gaon,1
trip_452_2,452,WEEKDAY,Marketyard Depot,0
trip_452_3,452,WEEKDAY,Marketyard Depot,0
trip_452_4,452,WEEKDAY,Marketyard Depot,0
trip_454_0,454,WEEKDAY,Marketyard Depot,0
trip_452_5,452,WEEKDAY,Marketyard Depot,0
trip_452_6,452,WEEKDAY,Marketyard Depot,0
trip_452_7,452,WEEKDAY,Marketyard Depot,0
trip_452_8,452,WEEKDAY,Marketyard Depot,0
trip_454_1,454,WEEKDAY,Marketyard Depot,0
trip_453_1,453,WEEKDAY,Kolwan Gaon,1
trip_454_2,454,WEEKDAY,Marketyard Depot,0
trip_453_2,453,WEEKDAY,Kolwan Gaon,1
trip_453_3,453,WEEKDAY,Kolwan Gaon,1
trip_453_4,453,WEEKDAY,Kolwan Gaon,1
trip_453_5,453,WEEKDAY,Kolwan Gaon,1
trip_453_6,453,WEEKDAY,Kolwan Gaon,1
trip_453_7,453,WEEKDAY,Kolwan Gaon,1
trip_453_8,453,WEEKDAY,Kolwan Gaon,1
trip_453_9,453,WEEKDAY,Kolwan Gaon,1
trip_455_0,455,WEEKDAY,Bhadasgaon,1
trip_455_1,455,WEEKDAY,Bhadasgaon,1
trip_455_2,455,WEEKDAY,Bhadasgaon,1
trip_458_0,458,WEEKDAY,Ma Na Pa Shramik Bhavan,0
trip_458_1,458,WEEKDAY,Ma Na Pa Shramik Bhavan,0
trip_458_2,458,WEEKDAY,Ma Na Pa Shramik Bhavan,0
trip_458_3,458,WEEKDAY,Ma Na Pa Shramik Bhavan,0
trip_458_4,458,WEEKDAY,Ma Na Pa Shramik Bhavan,0
trip_458_5,458,WEEKDAY,Ma Na Pa Shramik Bhavan,0
trip_458_6,458,WEEKDAY,Ma Na Pa Shramik Bhavan,0
trip_458_7,458,WEEKDAY,Ma Na Pa Shramik Bhavan,0
trip_458_8,458,WEEKDAY,Ma Na Pa Shramik Bhavan,0
trip_458_9,458,WEEKDAY,Ma Na Pa Shramik Bhavan,0
trip_458_10,458,WEEKDAY,Ma Na Pa Shramik Bhavan,0
trip_458_11,458,WEEKDAY,Ma Na Pa Shramik Bhavan,0
trip_458_12,458,WEEKDAY,Ma Na Pa Shramik Bhavan,0
trip_458_13,458,WEEKDAY,Ma Na Pa Shramik Bhavan,0
trip_458_14,458,WEEKDAY,Ma Na Pa Shramik Bhavan,0
trip_458_15,458,WEEKDAY,Ma Na Pa Shramik Bhavan,0
trip_458_16,458,WEEKDAY,Ma Na Pa Shramik Bhavan,0
trip_458_17,458,WEEKDAY,Ma Na Pa Shramik Bhavan,0
trip_458_18,458,WEEKDAY,Ma Na Pa Shramik Bhavan,0
trip_458_19,458,WEEKDAY,Ma Na Pa Shramik Bhavan,0
trip_458_20,458,WEEKDAY,Ma Na Pa Shramik Bhavan,0
trip_458_21,458,WEEKDAY,Ma Na Pa Shramik Bhavan,0
trip_458_22,458,WEEKDAY,Ma Na Pa Shramik Bhavan,0
trip_458_23,458,WEEKDAY,Ma Na Pa Shramik Bhavan,0
trip_458_24,458,WEEKDAY,Ma Na Pa Shramik Bhavan,0
trip_458_25,458,WEEKDAY,Ma Na Pa Shramik Bhavan,0
trip_458_26,458,WEEKDAY,Ma Na Pa Shramik Bhavan,0
trip_459_0,459,WEEKDAY,Dhole Patil Collage,1
trip_459_1,459,WEEKDAY,Dhole Patil Collage,1
trip_459_2,459,WEEKDAY,Dhole Patil Collage,1
trip_459_3,459,WEEKDAY,Dhole Patil Collage,1
trip_459_4,459,WEEKDAY,Dhole Patil Collage,1
trip_459_5,459,WEEKDAY,Dhole Patil Collage,1
trip_459_6,459,WEEKDAY,Dhole Patil Collage,1
trip_459_7,459,WEEKDAY,Dhole Patil Collage,1
trip_459_8,459,WEEKDAY,Dhole Patil Collage,1
trip_459_9,459,WEEKDAY,Dhole Patil Collage,1
trip_459_10,459,WEEKDAY,Dhole Patil Collage,1
trip_459_11,459,WEEKDAY,Dhole Patil Collage,1
trip_459_12,459,WEEKDAY,Dhole Patil Collage,1
trip_459_13,459,WEEKDAY,Dhole Patil Collage,1
trip_459_14,459,WEEKDAY,Dhole Patil Collage,1
trip_459_15,459,WEEKDAY,Dhole Patil Collage,1
trip_459_16,459,WEEKDAY,Dhole Patil Collage,1
trip_459_17,459,WEEKDAY,Dhole Patil Collage,1
trip_459_18,459,WEEKDAY,Dhole Patil Collage,1
trip_459_19,459,WEEKDAY,Dhole Patil Collage,1
trip_459_20,459,WEEKDAY,Dhole Patil Collage,1
trip_459_21,459,WEEKDAY,Dhole Patil Collage,1
trip_459_22,459,WEEKDAY,Dhole Patil Collage,1
trip_459_23,459,WEEKDAY,Dhole Patil Collage,1
trip_459_24,459,WEEKDAY,Dhole Patil Collage,1
trip_459_25,459,WEEKDAY,Dhole Patil Collage,1
trip_459_26,459,WEEKDAY,Dhole Patil Collage,1
trip_459_27,459,WEEKDAY,Dhole Patil Collage,1
trip_459_28,459,WEEKDAY,Dhole Patil Collage,1
trip_456_0,456,WEEKDAY,Marketyard Depot,0
trip_456_1,456,WEEKDAY,Marketyard Depot,0
trip_456_2,456,WEEKDAY,Marketyard Depot,0
trip_456_3,456,WEEKDAY,Marketyard Depot,0
trip_456_4,456,WEEKDAY,Marketyard Depot,0
trip_456_5,456,WEEKDAY,Marketyard Depot,0
trip_456_6,456,WEEKDAY,Marketyard Depot,0
trip_456_7,456,WEEKDAY,Marketyard Depot,0
trip_456_8,456,WEEKDAY,Marketyard Depot,0
trip_456_9,456,WEEKDAY,Marketyard Depot,0
trip_456_10,456,WEEKDAY,Marketyard Depot,0
trip_456_11,456,WEEKDAY,Marketyard Depot,0
trip_457_0,457,WEEKDAY,Paud Shashkiy Vishram Gruh,1
trip_457_1,457,WEEKDAY,Paud Shashkiy Vishram Gruh,1
trip_457_2,457,WEEKDAY,Paud Shashkiy Vishram Gruh,1
trip_457_3,457,WEEKDAY,Paud Shashkiy Vishram Gruh,1
trip_457_4,457,WEEKDAY,Paud Shashkiy Vishram Gruh,1
trip_457_5,457,WEEKDAY,Paud Shashkiy Vishram Gruh,1
trip_457_6,457,WEEKDAY,Paud Shashkiy Vishram Gruh,1
trip_457_7,457,WEEKDAY,Paud Shashkiy Vishram Gruh,1
trip_457_8,457,WEEKDAY,Paud Shashkiy Vishram Gruh,1
trip_457_9,457,WEEKDAY,Paud Shashkiy Vishram Gruh,1
trip_457_10,457,WEEKDAY,Paud Shashkiy Vishram Gruh,1
trip_457_11,457,WEEKDAY,Paud Shashkiy Vishram Gruh,1
trip_457_12,457,WEEKDAY,Paud Shashkiy Vishram Gruh,1
trip_461_0,461,WEEKDAY,Kharadi Gaon,1
trip_460_0,460,WEEKDAY,Katraj,0
trip_460_1,460,WEEKDAY,Katraj,0
trip_461_1,461,WEEKDAY,Kharadi Gaon,1
trip_460_2,460,WEEKDAY,Katraj,0
trip_461_2,461,WEEKDAY,Kharadi Gaon,1
trip_460_3,460,WEEKDAY,Katraj,0
trip_461_3,461,WEEKDAY,Kharadi Gaon,1
trip_460_4,460,WEEKDAY,Katraj,0
trip_461_4,461,WEEKDAY,Kharadi Gaon,1
trip_460_5,460,WEEKDAY,Katraj,0
trip_461_5,461,WEEKDAY,Kharadi Gaon,1
trip_460_6,460,WEEKDAY,Katraj,0
trip_461_6,461,WEEKDAY,Kharadi Gaon,1
trip_460_7,460,WEEKDAY,Katraj,0
trip_461_7,461,WEEKDAY,Kharadi Gaon,1
trip_460_8,460,WEEKDAY,Katraj,0
trip_461_8,461,WEEKDAY,Kharadi Gaon,1
trip_460_9,460,WEEKDAY,Katraj,0
trip_461_9,461,WEEKDAY,Kharadi Gaon,1
trip_460_10,460,WEEKDAY,Katraj,0
trip_461_10,461,WEEKDAY,Kharadi Gaon,1
trip_460_11,460,WEEKDAY,Katraj,0
trip_461_11,461,WEEKDAY,Kharadi Gaon,1
trip_460_12,460,WEEKDAY,Katraj,0
trip_461_12,461,WEEKDAY,Kharadi Gaon,1
trip_460_13,460,WEEKDAY,Katraj,0
trip_461_13,461,WEEKDAY,Kharadi Gaon,1
trip_460_14,460,WEEKDAY,Katraj,0
trip_461_14,461,WEEKDAY,Kharadi Gaon,1
trip_460_15,460,WEEKDAY,Katraj,0
trip_461_15,461,WEEKDAY,Kharadi Gaon,1
trip_460_16,460,WEEKDAY,Katraj,0
trip_461_16,461,WEEKDAY,Kharadi Gaon,1
trip_460_17,460,WEEKDAY,Katraj,0
trip_461_17,461,WEEKDAY,Kharadi Gaon,1
trip_460_18,460,WEEKDAY,Katraj,0
trip_461_18,461,WEEKDAY,Kharadi Gaon,1
trip_460_19,460,WEEKDAY,Katraj,0
trip_461_19,461,WEEKDAY,Kharadi Gaon,1
trip_460_20,460,WEEKDAY,Katraj,0
trip_461_20,461,WEEKDAY,Kharadi Gaon,1
trip_460_21,460,WEEKDAY,Katraj,0
trip_461_21,461,WEEKDAY,Kharadi Gaon,1
trip_460_22,460,WEEKDAY,Katraj,0
trip_460_23,460,WEEKDAY,Katraj,0
trip_461_22,461,WEEKDAY,Kharadi Gaon,1
trip_460_24,460,WEEKDAY,Katraj,0
trip_461_23,461,WEEKDAY,Kharadi Gaon,1
trip_460_25,460,WEEKDAY,Katraj,0
trip_461_24,461,WEEKDAY,Kharadi Gaon,1
trip_460_26,460,WEEKDAY,Katraj,0
trip_461_25,461,WEEKDAY,Kharadi Gaon,1
trip_460_27,460,WEEKDAY,Katraj,0
trip_461_26,461,WEEKDAY,Kharadi Gaon,1
trip_460_28,460,WEEKDAY,Katraj,0
trip_461_27,461,WEEKDAY,Kharadi Gaon,1
trip_460_29,460,WEEKDAY,Katraj,0
trip_461_28,461,WEEKDAY,Kharadi Gaon,1
trip_460_30,460,WEEKDAY,Katraj,0
trip_461_29,461,WEEKDAY,Kharadi Gaon,1
trip_460_31,460,WEEKDAY,Katraj,0
trip_461_30,461,WEEKDAY,Kharadi Gaon,1
trip_460_32,460,WEEKDAY,Katraj,0
trip_461_31,461,WEEKDAY,Kharadi Gaon,1
trip_460_33,460,WEEKDAY,Katraj,0
trip_461_32,461,WEEKDAY,Kharadi Gaon,1
trip_460_34,460,WEEKDAY,Katraj,0
trip_461_33,461,WEEKDAY,Kharadi Gaon,1
trip_460_35,460,WEEKDAY,Katraj,0
trip_461_34,461,WEEKDAY,Kharadi Gaon,1
trip_460_36,460,WEEKDAY,Katraj,0
trip_461_35,461,WEEKDAY,Kharadi Gaon,1
trip_460_37,460,WEEKDAY,Katraj,0
trip_461_36,461,WEEKDAY,Kharadi Gaon,1
trip_460_38,460,WEEKDAY,Katraj,0
trip_461_37,461,WEEKDAY,Kharadi Gaon,1
trip_460_39,460,WEEKDAY,Katraj,0
trip_461_38,461,WEEKDAY,Kharadi Gaon,1
trip_460_40,460,WEEKDAY,Katraj,0
trip_461_39,461,WEEKDAY,Kharadi Gaon,1
trip_460_41,460,WEEKDAY,Katraj,0
trip_461_40,461,WEEKDAY,Kharadi Gaon,1
trip_460_42,460,WEEKDAY,Katraj,0
trip_461_41,461,WEEKDAY,Kharadi Gaon,1
trip_460_43,460,WEEKDAY,Katraj,0
trip_461_42,461,WEEKDAY,Kharadi Gaon,1
trip_460_44,460,WEEKDAY,Katraj,0
trip_461_43,461,WEEKDAY,Kharadi Gaon,1
trip_460_45,460,WEEKDAY,Katraj,0
trip_461_44,461,WEEKDAY,Kharadi Gaon,1
trip_460_46,460,WEEKDAY,Katraj,0
trip_461_45,461,WEEKDAY,Kharadi Gaon,1
trip_460_47,460,WEEKDAY,Katraj,0
trip_461_46,461,WEEKDAY,Kharadi Gaon,1
trip_460_48,460,WEEKDAY,Katraj,0
trip_461_47,461,WEEKDAY,Kharadi Gaon,1
trip_460_49,460,WEEKDAY,Katraj,0
trip_461_48,461,WEEKDAY,Kharadi Gaon,1
trip_461_49,461,WEEKDAY,Kharadi Gaon,1
trip_464_0,464,WEEKDAY,Katraj,0
trip_464_1,464,WEEKDAY,Katraj,0
trip_464_2,464,WEEKDAY,Katraj,0
trip_464_3,464,WEEKDAY,Katraj,0
trip_464_4,464,WEEKDAY,Katraj,0
trip_464_5,464,WEEKDAY,Katraj,0
trip_464_6,464,WEEKDAY,Katraj,0
trip_464_7,464,WEEKDAY,Katraj,0
trip_464_8,464,WEEKDAY,Katraj,0
trip_464_9,464,WEEKDAY,Katraj,0
trip_464_10,464,WEEKDAY,Katraj,0
trip_464_11,464,WEEKDAY,Katraj,0
trip_464_12,464,WEEKDAY,Katraj,0
trip_464_13,464,WEEKDAY,Katraj,0
trip_464_14,464,WEEKDAY,Katraj,0
trip_464_15,464,WEEKDAY,Katraj,0
trip_464_16,464,WEEKDAY,Katraj,0
trip_464_17,464,WEEKDAY,Katraj,0
trip_464_18,464,WEEKDAY,Katraj,0
trip_464_19,464,WEEKDAY,Katraj,0
trip_464_20,464,WEEKDAY,Katraj,0
trip_464_21,464,WEEKDAY,Katraj,0
trip_464_22,464,WEEKDAY,Katraj,0
trip_464_23,464,WEEKDAY,Katraj,0
trip_464_24,464,WEEKDAY,Katraj,0
trip_464_25,464,WEEKDAY,Katraj,0
trip_464_26,464,WEEKDAY,Katraj,0
trip_464_27,464,WEEKDAY,Katraj,0
trip_464_28,464,WEEKDAY,Katraj,0
trip_464_29,464,WEEKDAY,Katraj,0
trip_464_30,464,WEEKDAY,Katraj,0
trip_464_31,464,WEEKDAY,Katraj,0
trip_464_32,464,WEEKDAY,Katraj,0
trip_464_33,464,WEEKDAY,Katraj,0
trip_464_34,464,WEEKDAY,Katraj,0
trip_464_35,464,WEEKDAY,Katraj,0
trip_464_36,464,WEEKDAY,Katraj,0
trip_464_37,464,WEEKDAY,Katraj,0
trip_464_38,464,WEEKDAY,Katraj,0
trip_464_39,464,WEEKDAY,Katraj,0
trip_465_0,465,WEEKDAY,Lohegaon,1
trip_464_40,464,WEEKDAY,Katraj,0
trip_464_41,464,WEEKDAY,Katraj,0
trip_464_42,464,WEEKDAY,Katraj,0
trip_464_43,464,WEEKDAY,Katraj,0
trip_464_44,464,WEEKDAY,Katraj,0
trip_464_45,464,WEEKDAY,Katraj,0
trip_464_46,464,WEEKDAY,Katraj,0
trip_464_47,464,WEEKDAY,Katraj,0
trip_464_48,464,WEEKDAY,Katraj,0
trip_462_0,462,WEEKDAY,Katraj,0
trip_464_49,464,WEEKDAY,Katraj,0
trip_464_50,464,WEEKDAY,Katraj,0
trip_464_51,464,WEEKDAY,Katraj,0
trip_464_52,464,WEEKDAY,Katraj,0
trip_464_53,464,WEEKDAY,Katraj,0
trip_464_54,464,WEEKDAY,Katraj,0
trip_464_55,464,WEEKDAY,Katraj,0
trip_464_56,464,WEEKDAY,Katraj,0
trip_464_57,464,WEEKDAY,Katraj,0
trip_464_58,464,WEEKDAY,Katraj,0
trip_464_59,464,WEEKDAY,Katraj,0
trip_464_60,464,WEEKDAY,Katraj,0
trip_464_61,464,WEEKDAY,Katraj,0
trip_464_62,464,WEEKDAY,Katraj,0
trip_463_0,463,WEEKDAY,Wagholi Kesnand Phata,1
trip_464_63,464,WEEKDAY,Katraj,0
trip_465_1,465,WEEKDAY,Lohegaon,1
trip_464_64,464,WEEKDAY,Katraj,0
trip_465_2,465,WEEKDAY,Lohegaon,1
trip_464_65,464,WEEKDAY,Katraj,0
trip_465_3,465,WEEKDAY,Lohegaon,1
trip_464_66,464,WEEKDAY,Katraj,0
trip_464_67,464,WEEKDAY,Katraj,0
trip_465_4,465,WEEKDAY,Lohegaon,1
trip_464_68,464,WEEKDAY,Katraj,0
trip_465_5,465,WEEKDAY,Lohegaon,1
trip_464_69,464,WEEKDAY,Katraj,0
trip_465_6,465,WEEKDAY,Lohegaon,1
trip_464_70,464,WEEKDAY,Katraj,0
trip_465_7,465,WEEKDAY,Lohegaon,1
trip_464_71,464,WEEKDAY,Katraj,0
trip_465_8,465,WEEKDAY,Lohegaon,1
trip_465_9,465,WEEKDAY,Lohegaon,1
trip_464_72,464,WEEKDAY,Katraj,0
trip_465_10,465,WEEKDAY,Lohegaon,1
trip_464_73,464,WEEKDAY,Katraj,0
trip_465_11,465,WEEKDAY,Lohegaon,1
trip_465_12,465,WEEKDAY,Lohegaon,1
trip_465_13,465,WEEKDAY,Lohegaon,1
trip_465_14,465,WEEKDAY,Lohegaon,1
trip_465_15,465,WEEKDAY,Lohegaon,1
trip_465_16,465,WEEKDAY,Lohegaon,1
trip_465_17,465,WEEKDAY,Lohegaon,1
trip_465_18,465,WEEKDAY,Lohegaon,1
trip_465_19,465,WEEKDAY,Lohegaon,1
trip_462_1,462,WEEKDAY,Katraj,0
trip_465_20,465,WEEKDAY,Lohegaon,1
trip_462_2,462,WEEKDAY,Katraj,0
trip_465_21,465,WEEKDAY,Lohegaon,1
trip_462_3,462,WEEKDAY,Katraj,0
trip_465_22,465,WEEKDAY,Lohegaon,1
trip_462_4,462,WEEKDAY,Katraj,0
trip_465_23,465,WEEKDAY,Lohegaon,1
trip_462_5,462,WEEKDAY,Katraj,0
trip_465_24,465,WEEKDAY,Lohegaon,1
trip_462_6,462,WEEKDAY,Katraj,0
trip_465_25,465,WEEKDAY,Lohegaon,1
trip_462_7,462,WEEKDAY,Katraj,0
trip_465_26,465,WEEKDAY,Lohegaon,1
trip_462_8,462,WEEKDAY,Katraj,0
trip_465_27,465,WEEKDAY,Lohegaon,1
trip_462_9,462,WEEKDAY,Katraj,0
trip_465_28,465,WEEKDAY,Lohegaon,1
trip_462_10,462,WEEKDAY,Katraj,0
trip_465_29,465,WEEKDAY,Lohegaon,1
trip_462_11,462,WEEKDAY,Katraj,0
trip_465_30,465,WEEKDAY,Lohegaon,1
trip_462_12,462,WEEKDAY,Katraj,0
trip_465_31,465,WEEKDAY,Lohegaon,1
trip_463_1,463,WEEKDAY,Wagholi Kesnand Phata,1
trip_465_32,465,WEEKDAY,Lohegaon,1
trip_462_13,462,WEEKDAY,Katraj,0
trip_463_2,463,WEEKDAY,Wagholi Kesnand Phata,1
trip_465_33,465,WEEKDAY,Lohegaon,1
trip_462_14,462,WEEKDAY,Katraj,0
trip_463_3,463,WEEKDAY,Wagholi Kesnand Phata,1
trip_465_34,465,WEEKDAY,Lohegaon,1
trip_462_15,462,WEEKDAY,Katraj,0
trip_463_4,463,WEEKDAY,Wagholi Kesnand Phata,1
trip_465_35,465,WEEKDAY,Lohegaon,1
trip_462_16,462,WEEKDAY,Katraj,0
trip_463_5,463,WEEKDAY,Wagholi Kesnand Phata,1
trip_465_36,465,WEEKDAY,Lohegaon,1
trip_462_17,462,WEEKDAY,Katraj,0
trip_463_6,463,WEEKDAY,Wagholi Kesnand Phata,1
trip_465_37,465,WEEKDAY,Lohegaon,1
trip_462_18,462,WEEKDAY,Katraj,0
trip_463_7,463,WEEKDAY,Wagholi Kesnand Phata,1
trip_465_38,465,WEEKDAY,Lohegaon,1
trip_462_19,462,WEEKDAY,Katraj,0
trip_463_8,463,WEEKDAY,Wagholi Kesnand Phata,1
trip_465_39,465,WEEKDAY,Lohegaon,1
trip_462_20,462,WEEKDAY,Katraj,0
trip_463_9,463,WEEKDAY,Wagholi Kesnand Phata,1
trip_465_40,465,WEEKDAY,Lohegaon,1
trip_462_21,462,WEEKDAY,Katraj,0
trip_463_10,463,WEEKDAY,Wagholi Kesnand Phata,1
trip_462_22,462,WEEKDAY,Katraj,0
trip_465_41,465,WEEKDAY,Lohegaon,1
trip_463_11,463,WEEKDAY,Wagholi Kesnand Phata,1
trip_462_23,462,WEEKDAY,Katraj,0
trip_465_42,465,WEEKDAY,Lohegaon,1
trip_463_12,463,WEEKDAY,Wagholi Kesnand Phata,1
trip_462_24,462,WEEKDAY,Katraj,0
trip_465_43,465,WEEKDAY,Lohegaon,1
trip_463_13,463,WEEKDAY,Wagholi Kesnand Phata,1
trip_462_25,462,WEEKDAY,Katraj,0
trip_465_44,465,WEEKDAY,Lohegaon,1
trip_463_14,463,WEEKDAY,Wagholi Kesnand Phata,1
trip_462_26,462,WEEKDAY,Katraj,0
trip_465_45,465,WEEKDAY,Lohegaon,1
trip_463_15,463,WEEKDAY,Wagholi Kesnand Phata,1
trip_462_27,462,WEEKDAY,Katraj,0
trip_465_46,465,WEEKDAY,Lohegaon,1
trip_463_16,463,WEEKDAY,Wagholi Kesnand Phata,1
trip_462_28,462,WEEKDAY,Katraj,0
trip_465_47,465,WEEKDAY,Lohegaon,1
trip_463_17,463,WEEKDAY,Wagholi Kesnand Phata,1
trip_462_29,462,WEEKDAY,Katraj,0
trip_465_48,465,WEEKDAY,Lohegaon,1
trip_463_18,463,WEEKDAY,Wagholi Kesnand Phata,1
trip_462_30,462,WEEKDAY,Katraj,0
trip_465_49,465,WEEKDAY,Lohegaon,1
trip_463_19,463,WEEKDAY,Wagholi Kesnand Phata,1
trip_462_31,462,WEEKDAY,Katraj,0
trip_465_50,465,WEEKDAY,Lohegaon,1
trip_463_20,463,WEEKDAY,Wagholi Kesnand Phata,1
trip_462_32,462,WEEKDAY,Katraj,0
trip_465_51,465,WEEKDAY,Lohegaon,1
trip_463_21,463,WEEKDAY,Wagholi Kesnand Phata,1
trip_462_33,462,WEEKDAY,Katraj,0
trip_465_52,465,WEEKDAY,Lohegaon,1
trip_463_22,463,WEEKDAY,Wagholi Kesnand Phata,1
trip_462_34,462,WEEKDAY,Katraj,0
trip_465_53,465,WEEKDAY,Lohegaon,1
trip_463_23,463,WEEKDAY,Wagholi Kesnand Phata,1
trip_462_35,462,WEEKDAY,Katraj,0
trip_465_54,465,WEEKDAY,Lohegaon,1
trip_463_24,463,WEEKDAY,Wagholi Kesnand Phata,1
trip_465_55,465,WEEKDAY,Lohegaon,1
trip_463_25,463,WEEKDAY,Wagholi Kesnand Phata,1
trip_465_56,465,WEEKDAY,Lohegaon,1
trip_463_26,463,WEEKDAY,Wagholi Kesnand Phata,1
trip_465_57,465,WEEKDAY,Lohegaon,1
trip_463_27,463,WEEKDAY,Wagholi Kesnand Phata,1
trip_465_58,465,WEEKDAY,Lohegaon,1
trip_463_28,463,WEEKDAY,Wagholi Kesnand Phata,1
trip_465_59,465,WEEKDAY,Lohegaon,1
trip_463_29,463,WEEKDAY,Wagholi Kesnand Phata,1
trip_465_60,465,WEEKDAY,Lohegaon,1
trip_463_30,463,WEEKDAY,Wagholi Kesnand Phata,1
trip_465_61,465,WEEKDAY,Lohegaon,1
trip_463_31,463,WEEKDAY,Wagholi Kesnand Phata,1
trip_465_62,465,WEEKDAY,Lohegaon,1
trip_463_32,463,WEEKDAY,Wagholi Kesnand Phata,1
trip_465_63,465,WEEKDAY,Lohegaon,1
trip_463_33,463,WEEKDAY,Wagholi Kesnand Phata,1
trip_465_64,465,WEEKDAY,Lohegaon,1
trip_463_34,463,WEEKDAY,Wagholi Kesnand Phata,1
trip_465_65,465,WEEKDAY,Lohegaon,1
trip_465_66,465,WEEKDAY,Lohegaon,1
trip_465_67,465,WEEKDAY,Lohegaon,1
trip_465_68,465,WEEKDAY,Lohegaon,1
trip_465_69,465,WEEKDAY,Lohegaon,1
trip_465_70,465,WEEKDAY,Lohegaon,1
trip_465_71,465,WEEKDAY,Lohegaon,1
trip_465_72,465,WEEKDAY,Lohegaon,1
trip_465_73,465,WEEKDAY,Lohegaon,1
trip_465_74,465,WEEKDAY,Lohegaon,1
trip_465_75,465,WEEKDAY,Lohegaon,1
trip_465_76,465,WEEKDAY,Lohegaon,1
trip_465_77,465,WEEKDAY,Lohegaon,1
trip_465_78,465,WEEKDAY,Lohegaon,1
trip_465_79,465,WEEKDAY,Lohegaon,1
trip_465_80,465,WEEKDAY,Lohegaon,1
trip_465_81,465,WEEKDAY,Lohegaon,1
trip_465_82,465,WEEKDAY,Lohegaon,1
trip_465_83,465,WEEKDAY,Lohegaon,1
trip_468_0,468,WEEKDAY,Katraj,0
trip_468_1,468,WEEKDAY,Katraj,0
trip_468_2,468,WEEKDAY,Katraj,0
trip_468_3,468,WEEKDAY,Katraj,0
trip_468_4,468,WEEKDAY,Katraj,0
trip_468_5,468,WEEKDAY,Katraj,0
trip_468_6,468,WEEKDAY,Katraj,0
trip_468_7,468,WEEKDAY,Katraj,0
trip_468_8,468,WEEKDAY,Katraj,0
trip_468_9,468,WEEKDAY,Katraj,0
trip_468_10,468,WEEKDAY,Katraj,0
trip_468_11,468,WEEKDAY,Katraj,0
trip_468_12,468,WEEKDAY,Katraj,0
trip_468_13,468,WEEKDAY,Katraj,0
trip_468_14,468,WEEKDAY,Katraj,0
trip_468_15,468,WEEKDAY,Katraj,0
trip_468_16,468,WEEKDAY,Katraj,0
trip_468_17,468,WEEKDAY,Katraj,0
trip_468_18,468,WEEKDAY,Katraj,0
trip_468_19,468,WEEKDAY,Katraj,0
trip_468_20,468,WEEKDAY,Katraj,0
trip_468_21,468,WEEKDAY,Katraj,0
trip_468_22,468,WEEKDAY,Katraj,0
trip_468_23,468,WEEKDAY,Katraj,0
trip_469_0,469,WEEKDAY,Maharashtra Housing Board Samta Nagar,1
trip_468_24,468,WEEKDAY,Katraj,0
trip_469_1,469,WEEKDAY,Maharashtra Housing Board Samta Nagar,1
trip_469_2,469,WEEKDAY,Maharashtra Housing Board Samta Nagar,1
trip_469_3,469,WEEKDAY,Maharashtra Housing Board Samta Nagar,1
trip_469_4,469,WEEKDAY,Maharashtra Housing Board Samta Nagar,1
trip_469_5,469,WEEKDAY,Maharashtra Housing Board Samta Nagar,1
trip_469_6,469,WEEKDAY,Maharashtra Housing Board Samta Nagar,1
trip_469_7,469,WEEKDAY,Maharashtra Housing Board Samta Nagar,1
trip_469_8,469,WEEKDAY,Maharashtra Housing Board Samta Nagar,1
trip_469_9,469,WEEKDAY,Maharashtra Housing Board Samta Nagar,1
trip_469_10,469,WEEKDAY,Maharashtra Housing Board Samta Nagar,1
trip_469_11,469,WEEKDAY,Maharashtra Housing Board Samta Nagar,1
trip_469_12,469,WEEKDAY,Maharashtra Housing Board Samta Nagar,1
trip_469_13,469,WEEKDAY,Maharashtra Housing Board Samta Nagar,1
trip_469_14,469,WEEKDAY,Maharashtra Housing Board Samta Nagar,1
trip_469_15,469,WEEKDAY,Maharashtra Housing Board Samta Nagar,1
trip_469_16,469,WEEKDAY,Maharashtra Housing Board Samta Nagar,1
trip_469_17,469,WEEKDAY,Maharashtra Housing Board Samta Nagar,1
trip_469_18,469,WEEKDAY,Maharashtra Housing Board Samta Nagar,1
trip_472_0,472,WEEKDAY,Pune Station Moledina Stand,0
trip_469_19,469,WEEKDAY,Maharashtra Housing Board Samta Nagar,1
trip_469_20,469,WEEKDAY,Maharashtra Housing Board Samta Nagar,1
trip_469_21,469,WEEKDAY,Maharashtra Housing Board Samta Nagar,1
trip_469_22,469,WEEKDAY,Maharashtra Housing Board Samta Nagar,1
trip_469_23,469,WEEKDAY,Maharashtra Housing Board Samta Nagar,1
trip_469_24,469,WEEKDAY,Maharashtra Housing Board Samta Nagar,1
trip_469_25,469,WEEKDAY,Maharashtra Housing Board Samta Nagar,1
trip_469_26,469,WEEKDAY,Maharashtra Housing Board Samta Nagar,1
trip_472_1,472,WEEKDAY,Pune Station Moledina Stand,0
trip_472_2,472,WEEKDAY,Pune Station Moledina Stand,0
trip_472_3,472,WEEKDAY,Pune Station Moledina Stand,0
trip_472_4,472,WEEKDAY,Pune Station Moledina Stand,0
trip_472_5,472,WEEKDAY,Pune Station Moledina Stand,0
trip_472_6,472,WEEKDAY,Pune Station Moledina Stand,0
trip_472_7,472,WEEKDAY,Pune Station Moledina Stand,0
trip_472_8,472,WEEKDAY,Pune Station Moledina Stand,0
trip_472_9,472,WEEKDAY,Pune Station Moledina Stand,0
trip_472_10,472,WEEKDAY,Pune Station Moledina Stand,0
trip_472_11,472,WEEKDAY,Pune Station Moledina Stand,0
trip_472_12,472,WEEKDAY,Pune Station Moledina Stand,0
trip_472_13,472,WEEKDAY,Pune Station Moledina Stand,0
trip_472_14,472,WEEKDAY,Pune Station Moledina Stand,0
trip_472_15,472,WEEKDAY,Pune Station Moledina Stand,0
trip_472_16,472,WEEKDAY,Pune Station Moledina Stand,0
trip_472_17,472,WEEKDAY,Pune Station Moledina Stand,0
trip_472_18,472,WEEKDAY,Pune Station Moledina Stand,0
trip_472_19,472,WEEKDAY,Pune Station Moledina Stand,0
trip_472_20,472,WEEKDAY,Pune Station Moledina Stand,0
trip_472_21,472,WEEKDAY,Pune Station Moledina Stand,0
trip_472_22,472,WEEKDAY,Pune Station Moledina Stand,0
trip_472_23,472,WEEKDAY,Pune Station Moledina Stand,0
trip_472_24,472,WEEKDAY,Pune Station Moledina Stand,0
trip_472_25,472,WEEKDAY,Pune Station Moledina Stand,0
trip_472_26,472,WEEKDAY,Pune Station Moledina Stand,0
trip_472_27,472,WEEKDAY,Pune Station Moledina Stand,0
trip_472_28,472,WEEKDAY,Pune Station Moledina Stand,0
trip_472_29,472,WEEKDAY,Pune Station Moledina Stand,0
trip_472_30,472,WEEKDAY,Pune Station Moledina Stand,0
trip_472_31,472,WEEKDAY,Pune Station Moledina Stand,0
trip_472_32,472,WEEKDAY,Pune Station Moledina Stand,0
trip_472_33,472,WEEKDAY,Pune Station Moledina Stand,0
trip_472_34,472,WEEKDAY,Pune Station Moledina Stand,0
trip_472_35,472,WEEKDAY,Pune Station Moledina Stand,0
trip_472_36,472,WEEKDAY,Pune Station Moledina Stand,0
trip_472_37,472,WEEKDAY,Pune Station Moledina Stand,0
trip_472_38,472,WEEKDAY,Pune Station Moledina Stand,0
trip_472_39,472,WEEKDAY,Pune Station Moledina Stand,0
trip_472_40,472,WEEKDAY,Pune Station Moledina Stand,0
trip_1245_0,1245,WEEKDAY,Indian Oil Petrol Pump Tulapur,1
trip_1244_0,1244,WEEKDAY,Wagholi Kesnand Phata,0
trip_472_41,472,WEEKDAY,Pune Station Moledina Stand,0
trip_472_42,472,WEEKDAY,Pune Station Moledina Stand,0
trip_472_43,472,WEEKDAY,Pune Station Moledina Stand,0
trip_472_44,472,WEEKDAY,Pune Station Moledina Stand,0
trip_472_45,472,WEEKDAY,Pune Station Moledina Stand,0
trip_472_46,472,WEEKDAY,Pune Station Moledina Stand,0
trip_1245_1,1245,WEEKDAY,Indian Oil Petrol Pump Tulapur,1
trip_1244_1,1244,WEEKDAY,Wagholi Kesnand Phata,0
trip_1245_2,1245,WEEKDAY,Indian Oil Petrol Pump Tulapur,1
trip_1244_2,1244,WEEKDAY,Wagholi Kesnand Phata,0
trip_1245_3,1245,WEEKDAY,Indian Oil Petrol Pump Tulapur,1
trip_1244_3,1244,WEEKDAY,Wagholi Kesnand Phata,0
trip_1245_4,1245,WEEKDAY,Indian Oil Petrol Pump Tulapur,1
trip_1244_4,1244,WEEKDAY,Wagholi Kesnand Phata,0
trip_1245_5,1245,WEEKDAY,Indian Oil Petrol Pump Tulapur,1
trip_1244_5,1244,WEEKDAY,Wagholi Kesnand Phata,0
trip_1245_6,1245,WEEKDAY,Indian Oil Petrol Pump Tulapur,1
trip_1244_6,1244,WEEKDAY,Wagholi Kesnand Phata,0
trip_1245_7,1245,WEEKDAY,Indian Oil Petrol Pump Tulapur,1
trip_1244_7,1244,WEEKDAY,Wagholi Kesnand Phata,0
trip_1245_8,1245,WEEKDAY,Indian Oil Petrol Pump Tulapur,1
trip_1244_8,1244,WEEKDAY,Wagholi Kesnand Phata,0
trip_1245_9,1245,WEEKDAY,Indian Oil Petrol Pump Tulapur,1
trip_1244_9,1244,WEEKDAY,Wagholi Kesnand Phata,0
trip_1245_10,1245,WEEKDAY,Indian Oil Petrol Pump Tulapur,1
trip_1244_10,1244,WEEKDAY,Wagholi Kesnand Phata,0
trip_473_0,473,WEEKDAY,Balewadi Depot,1
trip_473_1,473,WEEKDAY,Balewadi Depot,1
trip_473_2,473,WEEKDAY,Balewadi Depot,1
trip_473_3,473,WEEKDAY,Balewadi Depot,1
trip_473_4,473,WEEKDAY,Balewadi Depot,1
trip_473_5,473,WEEKDAY,Balewadi Depot,1
trip_473_6,473,WEEKDAY,Balewadi Depot,1
trip_473_7,473,WEEKDAY,Balewadi Depot,1
trip_473_8,473,WEEKDAY,Balewadi Depot,1
trip_473_9,473,WEEKDAY,Balewadi Depot,1
trip_473_10,473,WEEKDAY,Balewadi Depot,1
trip_473_11,473,WEEKDAY,Balewadi Depot,1
trip_473_12,473,WEEKDAY,Balewadi Depot,1
trip_473_13,473,WEEKDAY,Balewadi Depot,1
trip_473_14,473,WEEKDAY,Balewadi Depot,1
trip_473_15,473,WEEKDAY,Balewadi Depot,1
trip_473_16,473,WEEKDAY,Balewadi Depot,1
trip_473_17,473,WEEKDAY,Balewadi Depot,1
trip_473_18,473,WEEKDAY,Balewadi Depot,1
trip_473_19,473,WEEKDAY,Balewadi Depot,1
trip_473_20,473,WEEKDAY,Balewadi Depot,1
trip_473_21,473,WEEKDAY,Balewadi Depot,1
trip_473_22,473,WEEKDAY,Balewadi Depot,1
trip_473_23,473,WEEKDAY,Balewadi Depot,1
trip_473_24,473,WEEKDAY,Balewadi Depot,1
trip_473_25,473,WEEKDAY,Balewadi Depot,1
trip_473_26,473,WEEKDAY,Balewadi Depot,1
trip_473_27,473,WEEKDAY,Balewadi Depot,1
trip_473_28,473,WEEKDAY,Balewadi Depot,1
trip_473_29,473,WEEKDAY,Balewadi Depot,1
trip_473_30,473,WEEKDAY,Balewadi Depot,1
trip_473_31,473,WEEKDAY,Balewadi Depot,1
trip_473_32,473,WEEKDAY,Balewadi Depot,1
trip_473_33,473,WEEKDAY,Balewadi Depot,1
trip_473_34,473,WEEKDAY,Balewadi Depot,1
trip_473_35,473,WEEKDAY,Balewadi Depot,1
trip_473_36,473,WEEKDAY,Balewadi Depot,1
trip_473_37,473,WEEKDAY,Balewadi Depot,1
trip_473_38,473,WEEKDAY,Balewadi Depot,1
trip_473_39,473,WEEKDAY,Balewadi Depot,1
trip_473_40,473,WEEKDAY,Balewadi Depot,1
trip_473_41,473,WEEKDAY,Balewadi Depot,1
trip_473_42,473,WEEKDAY,Balewadi Depot,1
trip_473_43,473,WEEKDAY,Balewadi Depot,1
trip_473_44,473,WEEKDAY,Balewadi Depot,1
trip_473_45,473,WEEKDAY,Balewadi Depot,1
trip_473_46,473,WEEKDAY,Balewadi Depot,1
trip_473_47,473,WEEKDAY,Balewadi Depot,1
trip_473_48,473,WEEKDAY,Balewadi Depot,1
trip_473_49,473,WEEKDAY,Balewadi Depot,1
trip_476_0,476,WEEKDAY,Panaychi Taki Markal,0
trip_476_1,476,WEEKDAY,Panaychi Taki Markal,0
trip_476_2,476,WEEKDAY,Panaychi Taki Markal,0
trip_476_3,476,WEEKDAY,Panaychi Taki Markal,0
trip_476_4,476,WEEKDAY,Panaychi Taki Markal,0
trip_476_5,476,WEEKDAY,Panaychi Taki Markal,0
trip_476_6,476,WEEKDAY,Panaychi Taki Markal,0
trip_476_7,476,WEEKDAY,Panaychi Taki Markal,0
trip_476_8,476,WEEKDAY,Panaychi Taki Markal,0
trip_476_9,476,WEEKDAY,Panaychi Taki Markal,0
trip_476_10,476,WEEKDAY,Panaychi Taki Markal,0
trip_476_11,476,WEEKDAY,Panaychi Taki Markal,0
trip_476_12,476,WEEKDAY,Panaychi Taki Markal,0
trip_476_13,476,WEEKDAY,Panaychi Taki Markal,0
trip_476_14,476,WEEKDAY,Panaychi Taki Markal,0
trip_476_15,476,WEEKDAY,Panaychi Taki Markal,0
trip_476_16,476,WEEKDAY,Panaychi Taki Markal,0
trip_476_17,476,WEEKDAY,Panaychi Taki Markal,0
trip_477_0,477,WEEKDAY,Alandi,1
trip_477_1,477,WEEKDAY,Alandi,1
trip_477_2,477,WEEKDAY,Alandi,1
trip_477_3,477,WEEKDAY,Alandi,1
trip_477_4,477,WEEKDAY,Alandi,1
trip_477_5,477,WEEKDAY,Alandi,1
trip_477_6,477,WEEKDAY,Alandi,1
trip_477_7,477,WEEKDAY,Alandi,1
trip_477_8,477,WEEKDAY,Alandi,1
trip_477_9,477,WEEKDAY,Alandi,1
trip_477_10,477,WEEKDAY,Alandi,1
trip_477_11,477,WEEKDAY,Alandi,1
trip_477_12,477,WEEKDAY,Alandi,1
trip_477_13,477,WEEKDAY,Alandi,1
trip_477_14,477,WEEKDAY,Alandi,1
trip_477_15,477,WEEKDAY,Alandi,1
trip_477_16,477,WEEKDAY,Alandi,1
trip_477_17,477,WEEKDAY,Alandi,1
trip_478_0,478,WEEKDAY,Ma Na Pa Main Gate,0
trip_478_1,478,WEEKDAY,Ma Na Pa Main Gate,0
trip_479_0,479,WEEKDAY,Nilanjan Society Soosgaon,1
trip_488_0,488,WEEKDAY,Dhankawadi,0
trip_488_1,488,WEEKDAY,Dhankawadi,0
trip_479_1,479,WEEKDAY,Nilanjan Society Soosgaon,1
trip_488_2,488,WEEKDAY,Dhankawadi,0
trip_488_3,488,WEEKDAY,Dhankawadi,0
trip_488_4,488,WEEKDAY,Dhankawadi,0
trip_488_5,488,WEEKDAY,Dhankawadi,0
trip_488_6,488,WEEKDAY,Dhankawadi,0
trip_489_0,489,WEEKDAY,Shivaji Nagar,1
trip_489_1,489,WEEKDAY,Shivaji Nagar,1
trip_489_2,489,WEEKDAY,Shivaji Nagar,1
trip_489_3,489,WEEKDAY,Shivaji Nagar,1
trip_489_4,489,WEEKDAY,Shivaji Nagar,1
trip_489_5,489,WEEKDAY,Shivaji Nagar,1
trip_489_6,489,WEEKDAY,Shivaji Nagar,1
trip_495_0,495,WEEKDAY,Chinchwadgaon Aundh Road / Chinchwadgaon,1
trip_494_0,494,WEEKDAY,Ganpati Matha,0
trip_495_1,495,WEEKDAY,Chinchwadgaon Aundh Road / Chinchwadgaon,1
trip_495_2,495,WEEKDAY,Chinchwadgaon Aundh Road / Chinchwadgaon,1
trip_495_3,495,WEEKDAY,Chinchwadgaon Aundh Road / Chinchwadgaon,1
trip_495_4,495,WEEKDAY,Chinchwadgaon Aundh Road / Chinchwadgaon,1
trip_495_5,495,WEEKDAY,Chinchwadgaon Aundh Road / Chinchwadgaon,1
trip_495_6,495,WEEKDAY,Chinchwadgaon Aundh Road / Chinchwadgaon,1
trip_494_1,494,WEEKDAY,Ganpati Matha,0
trip_495_7,495,WEEKDAY,Chinchwadgaon Aundh Road / Chinchwadgaon,1
trip_484_0,484,WEEKDAY,Pune Station Moledina Stand,0
trip_494_2,494,WEEKDAY,Ganpati Matha,0
trip_495_8,495,WEEKDAY,Chinchwadgaon Aundh Road / Chinchwadgaon,1
trip_494_3,494,WEEKDAY,Ganpati Matha,0
trip_495_9,495,WEEKDAY,Chinchwadgaon Aundh Road / Chinchwadgaon,1
trip_494_4,494,WEEKDAY,Ganpati Matha,0
trip_495_10,495,WEEKDAY,Chinchwadgaon Aundh Road / Chinchwadgaon,1
trip_494_5,494,WEEKDAY,Ganpati Matha,0
trip_495_11,495,WEEKDAY,Chinchwadgaon Aundh Road / Chinchwadgaon,1
trip_494_6,494,WEEKDAY,Ganpati Matha,0
trip_495_12,495,WEEKDAY,Chinchwadgaon Aundh Road / Chinchwadgaon,1
trip_494_7,494,WEEKDAY,Ganpati Matha,0
trip_495_13,495,WEEKDAY,Chinchwadgaon Aundh Road / Chinchwadgaon,1
trip_494_8,494,WEEKDAY,Ganpati Matha,0
trip_495_14,495,WEEKDAY,Chinchwadgaon Aundh Road / Chinchwadgaon,1
trip_494_9,494,WEEKDAY,Ganpati Matha,0
trip_495_15,495,WEEKDAY,Chinchwadgaon Aundh Road / Chinchwadgaon,1
trip_494_10,494,WEEKDAY,Ganpati Matha,0
trip_495_16,495,WEEKDAY,Chinchwadgaon Aundh Road / Chinchwadgaon,1
trip_494_11,494,WEEKDAY,Ganpati Matha,0
trip_495_17,495,WEEKDAY,Chinchwadgaon Aundh Road / Chinchwadgaon,1
trip_494_12,494,WEEKDAY,Ganpati Matha,0
trip_495_18,495,WEEKDAY,Chinchwadgaon Aundh Road / Chinchwadgaon,1
trip_494_13,494,WEEKDAY,Ganpati Matha,0
trip_495_19,495,WEEKDAY,Chinchwadgaon Aundh Road / Chinchwadgaon,1
trip_494_14,494,WEEKDAY,Ganpati Matha,0
trip_495_20,495,WEEKDAY,Chinchwadgaon Aundh Road / Chinchwadgaon,1
trip_494_15,494,WEEKDAY,Ganpati Matha,0
trip_495_21,495,WEEKDAY,Chinchwadgaon Aundh Road / Chinchwadgaon,1
trip_494_16,494,WEEKDAY,Ganpati Matha,0
trip_495_22,495,WEEKDAY,Chinchwadgaon Aundh Road / Chinchwadgaon,1
trip_494_17,494,WEEKDAY,Ganpati Matha,0
trip_495_23,495,WEEKDAY,Chinchwadgaon Aundh Road / Chinchwadgaon,1
trip_494_18,494,WEEKDAY,Ganpati Matha,0
trip_495_24,495,WEEKDAY,Chinchwadgaon Aundh Road / Chinchwadgaon,1
trip_494_19,494,WEEKDAY,Ganpati Matha,0
trip_495_25,495,WEEKDAY,Chinchwadgaon Aundh Road / Chinchwadgaon,1
trip_494_20,494,WEEKDAY,Ganpati Matha,0
trip_495_26,495,WEEKDAY,Chinchwadgaon Aundh Road / Chinchwadgaon,1
trip_494_21,494,WEEKDAY,Ganpati Matha,0
trip_495_27,495,WEEKDAY,Chinchwadgaon Aundh Road / Chinchwadgaon,1
trip_494_22,494,WEEKDAY,Ganpati Matha,0
trip_495_28,495,WEEKDAY,Chinchwadgaon Aundh Road / Chinchwadgaon,1
trip_494_23,494,WEEKDAY,Ganpati Matha,0
trip_494_24,494,WEEKDAY,Ganpati Matha,0
trip_494_25,494,WEEKDAY,Ganpati Matha,0
trip_494_26,494,WEEKDAY,Ganpati Matha,0
trip_494_27,494,WEEKDAY,Ganpati Matha,0
trip_484_1,484,WEEKDAY,Pune Station Moledina Stand,0
trip_484_2,484,WEEKDAY,Pune Station Moledina Stand,0
trip_484_3,484,WEEKDAY,Pune Station Moledina Stand,0
trip_484_4,484,WEEKDAY,Pune Station Moledina Stand,0
trip_484_5,484,WEEKDAY,Pune Station Moledina Stand,0
trip_485_0,485,WEEKDAY,Sant Tukaram Maharaj Krida Sankul Dehugaon,1
trip_485_1,485,WEEKDAY,Sant Tukaram Maharaj Krida Sankul Dehugaon,1
trip_485_2,485,WEEKDAY,Sant Tukaram Maharaj Krida Sankul Dehugaon,1
trip_485_3,485,WEEKDAY,Sant Tukaram Maharaj Krida Sankul Dehugaon,1
trip_485_4,485,WEEKDAY,Sant Tukaram Maharaj Krida Sankul Dehugaon,1
trip_485_5,485,WEEKDAY,Sant Tukaram Maharaj Krida Sankul Dehugaon,1
trip_496_0,496,WEEKDAY,Kothrud Depot,0
trip_497_0,497,WEEKDAY,Bhosari Terminal,1
trip_496_1,496,WEEKDAY,Kothrud Depot,0
trip_496_2,496,WEEKDAY,Kothrud Depot,0
trip_496_3,496,WEEKDAY,Kothrud Depot,0
trip_496_4,496,WEEKDAY,Kothrud Depot,0
trip_496_5,496,WEEKDAY,Kothrud Depot,0
trip_496_6,496,WEEKDAY,Kothrud Depot,0
trip_496_7,496,WEEKDAY,Kothrud Depot,0
trip_496_8,496,WEEKDAY,Kothrud Depot,0
trip_496_9,496,WEEKDAY,Kothrud Depot,0
trip_496_10,496,WEEKDAY,Kothrud Depot,0
trip_496_11,496,WEEKDAY,Kothrud Depot,0
trip_496_12,496,WEEKDAY,Kothrud Depot,0
trip_497_1,497,WEEKDAY,Bhosari Terminal,1
trip_497_2,497,WEEKDAY,Bhosari Terminal,1
trip_497_3,497,WEEKDAY,Bhosari Terminal,1
trip_497_4,497,WEEKDAY,Bhosari Terminal,1
trip_497_5,497,WEEKDAY,Bhosari Terminal,1
trip_497_6,497,WEEKDAY,Bhosari Terminal,1
trip_497_7,497,WEEKDAY,Bhosari Terminal,1
trip_497_8,497,WEEKDAY,Bhosari Terminal,1
trip_497_9,497,WEEKDAY,Bhosari Terminal,1
trip_497_10,497,WEEKDAY,Bhosari Terminal,1
trip_497_11,497,WEEKDAY,Bhosari Terminal,1
trip_497_12,497,WEEKDAY,Bhosari Terminal,1
trip_497_13,497,WEEKDAY,Bhosari Terminal,1
trip_486_0,486,WEEKDAY,Bhosari Pmt Chowk,0
trip_487_0,487,WEEKDAY,Pabal Gaon,1
trip_486_1,486,WEEKDAY,Bhosari Pmt Chowk,0
trip_486_2,486,WEEKDAY,Bhosari Pmt Chowk,0
trip_487_1,487,WEEKDAY,Pabal Gaon,1
trip_487_2,487,WEEKDAY,Pabal Gaon,1
trip_487_3,487,WEEKDAY,Pabal Gaon,1
trip_504_0,504,WEEKDAY,Kumbare Park,0
trip_504_1,504,WEEKDAY,Kumbare Park,0
trip_505_0,505,WEEKDAY,Pune Station Moledina Stand,1
trip_505_1,505,WEEKDAY,Pune Station Moledina Stand,1
trip_498_0,498,WEEKDAY,Marketyard Depot,0
trip_498_1,498,WEEKDAY,Marketyard Depot,0
trip_498_2,498,WEEKDAY,Marketyard Depot,0
trip_502_0,502,WEEKDAY,Ganpati Matha,0
trip_499_0,499,WEEKDAY,Katar Khadak,1
trip_502_1,502,WEEKDAY,Ganpati Matha,0
trip_502_2,502,WEEKDAY,Ganpati Matha,0
trip_502_3,502,WEEKDAY,Ganpati Matha,0
trip_502_4,502,WEEKDAY,Ganpati Matha,0
trip_502_5,502,WEEKDAY,Ganpati Matha,0
trip_502_6,502,WEEKDAY,Ganpati Matha,0
trip_502_7,502,WEEKDAY,Ganpati Matha,0
trip_502_8,502,WEEKDAY,Ganpati Matha,0
trip_502_9,502,WEEKDAY,Ganpati Matha,0
trip_502_10,502,WEEKDAY,Ganpati Matha,0
trip_502_11,502,WEEKDAY,Ganpati Matha,0
trip_502_12,502,WEEKDAY,Ganpati Matha,0
trip_502_13,502,WEEKDAY,Ganpati Matha,0
trip_502_14,502,WEEKDAY,Ganpati Matha,0
trip_502_15,502,WEEKDAY,Ganpati Matha,0
trip_502_16,502,WEEKDAY,Ganpati Matha,0
trip_502_17,502,WEEKDAY,Ganpati Matha,0
trip_502_18,502,WEEKDAY,Ganpati Matha,0
trip_502_19,502,WEEKDAY,Ganpati Matha,0
trip_502_20,502,WEEKDAY,Ganpati Matha,0
trip_502_21,502,WEEKDAY,Ganpati Matha,0
trip_502_22,502,WEEKDAY,Ganpati Matha,0
trip_502_23,502,WEEKDAY,Ganpati Matha,0
trip_502_24,502,WEEKDAY,Ganpati Matha,0
trip_502_25,502,WEEKDAY,Ganpati Matha,0
trip_502_26,502,WEEKDAY,Ganpati Matha,0
trip_502_27,502,WEEKDAY,Ganpati Matha,0
trip_499_1,499,WEEKDAY,Katar Khadak,1
trip_499_2,499,WEEKDAY,Katar Khadak,1
trip_499_3,499,WEEKDAY,Katar Khadak,1
trip_503_0,503,WEEKDAY,Bhosari Terminal,1
trip_500_0,500,WEEKDAY,Ganpati Matha,0
trip_503_1,503,WEEKDAY,Bhosari Terminal,1
trip_501_0,501,WEEKDAY,Nigdi Bhakti Shakti,1
trip_503_2,503,WEEKDAY,Bhosari Terminal,1
trip_503_3,503,WEEKDAY,Bhosari Terminal,1
trip_503_4,503,WEEKDAY,Bhosari Terminal,1
trip_503_5,503,WEEKDAY,Bhosari Terminal,1
trip_503_6,503,WEEKDAY,Bhosari Terminal,1
trip_500_1,500,WEEKDAY,Ganpati Matha,0
trip_503_7,503,WEEKDAY,Bhosari Terminal,1
trip_500_2,500,WEEKDAY,Ganpati Matha,0
trip_503_8,503,WEEKDAY,Bhosari Terminal,1
trip_500_3,500,WEEKDAY,Ganpati Matha,0
trip_503_9,503,WEEKDAY,Bhosari Terminal,1
trip_500_4,500,WEEKDAY,Ganpati Matha,0
trip_503_10,503,WEEKDAY,Bhosari Terminal,1
trip_500_5,500,WEEKDAY,Ganpati Matha,0
trip_503_11,503,WEEKDAY,Bhosari Terminal,1
trip_500_6,500,WEEKDAY,Ganpati Matha,0
trip_503_12,503,WEEKDAY,Bhosari Terminal,1
trip_500_7,500,WEEKDAY,Ganpati Matha,0
trip_503_13,503,WEEKDAY,Bhosari Terminal,1
trip_500_8,500,WEEKDAY,Ganpati Matha,0
trip_503_14,503,WEEKDAY,Bhosari Terminal,1
trip_500_9,500,WEEKDAY,Ganpati Matha,0
trip_503_15,503,WEEKDAY,Bhosari Terminal,1
trip_500_10,500,WEEKDAY,Ganpati Matha,0
trip_503_16,503,WEEKDAY,Bhosari Terminal,1
trip_500_11,500,WEEKDAY,Ganpati Matha,0
trip_503_17,503,WEEKDAY,Bhosari Terminal,1
trip_500_12,500,WEEKDAY,Ganpati Matha,0
trip_503_18,503,WEEKDAY,Bhosari Terminal,1
trip_500_13,500,WEEKDAY,Ganpati Matha,0
trip_503_19,503,WEEKDAY,Bhosari Terminal,1
trip_500_14,500,WEEKDAY,Ganpati Matha,0
trip_503_20,503,WEEKDAY,Bhosari Terminal,1
trip_500_15,500,WEEKDAY,Ganpati Matha,0
trip_503_21,503,WEEKDAY,Bhosari Terminal,1
trip_500_16,500,WEEKDAY,Ganpati Matha,0
trip_503_22,503,WEEKDAY,Bhosari Terminal,1
trip_500_17,500,WEEKDAY,Ganpati Matha,0
trip_503_23,503,WEEKDAY,Bhosari Terminal,1
trip_500_18,500,WEEKDAY,Ganpati Matha,0
trip_503_24,503,WEEKDAY,Bhosari Terminal,1
trip_500_19,500,WEEKDAY,Ganpati Matha,0
trip_503_25,503,WEEKDAY,Bhosari Terminal,1
trip_500_20,500,WEEKDAY,Ganpati Matha,0
trip_503_26,503,WEEKDAY,Bhosari Terminal,1
trip_500_21,500,WEEKDAY,Ganpati Matha,0
trip_500_22,500,WEEKDAY,Ganpati Matha,0
trip_500_23,500,WEEKDAY,Ganpati Matha,0
trip_511_0,511,WEEKDAY,Swargate,1
trip_500_24,500,WEEKDAY,Ganpati Matha,0
trip_500_25,500,WEEKDAY,Ganpati Matha,0
trip_510_0,510,WEEKDAY,Jambhulwadi,0
trip_501_1,501,WEEKDAY,Nigdi Bhakti Shakti,1
trip_501_2,501,WEEKDAY,Nigdi Bhakti Shakti,1
trip_501_3,501,WEEKDAY,Nigdi Bhakti Shakti,1
trip_501_4,501,WEEKDAY,Nigdi Bhakti Shakti,1
trip_501_5,501,WEEKDAY,Nigdi Bhakti Shakti,1
trip_501_6,501,WEEKDAY,Nigdi Bhakti Shakti,1
trip_501_7,501,WEEKDAY,Nigdi Bhakti Shakti,1
trip_501_8,501,WEEKDAY,Nigdi Bhakti Shakti,1
trip_501_9,501,WEEKDAY,Nigdi Bhakti Shakti,1
trip_511_1,511,WEEKDAY,Swargate,1
trip_501_10,501,WEEKDAY,Nigdi Bhakti Shakti,1
trip_511_2,511,WEEKDAY,Swargate,1
trip_501_11,501,WEEKDAY,Nigdi Bhakti Shakti,1
trip_511_3,511,WEEKDAY,Swargate,1
trip_501_12,501,WEEKDAY,Nigdi Bhakti Shakti,1
trip_511_4,511,WEEKDAY,Swargate,1
trip_510_1,510,WEEKDAY,Jambhulwadi,0
trip_511_5,511,WEEKDAY,Swargate,1
trip_501_13,501,WEEKDAY,Nigdi Bhakti Shakti,1
trip_510_2,510,WEEKDAY,Jambhulwadi,0
trip_511_6,511,WEEKDAY,Swargate,1
trip_510_3,510,WEEKDAY,Jambhulwadi,0
trip_501_14,501,WEEKDAY,Nigdi Bhakti Shakti,1
trip_511_7,511,WEEKDAY,Swargate,1
trip_510_4,510,WEEKDAY,Jambhulwadi,0
trip_501_15,501,WEEKDAY,Nigdi Bhakti Shakti,1
trip_510_5,510,WEEKDAY,Jambhulwadi,0
trip_511_8,511,WEEKDAY,Swargate,1
trip_511_9,511,WEEKDAY,Swargate,1
trip_510_6,510,WEEKDAY,Jambhulwadi,0
trip_501_16,501,WEEKDAY,Nigdi Bhakti Shakti,1
trip_511_10,511,WEEKDAY,Swargate,1
trip_510_7,510,WEEKDAY,Jambhulwadi,0
trip_501_17,501,WEEKDAY,Nigdi Bhakti Shakti,1
trip_511_11,511,WEEKDAY,Swargate,1
trip_510_8,510,WEEKDAY,Jambhulwadi,0
trip_511_12,511,WEEKDAY,Swargate,1
trip_510_9,510,WEEKDAY,Jambhulwadi,0
trip_501_18,501,WEEKDAY,Nigdi Bhakti Shakti,1
trip_511_13,511,WEEKDAY,Swargate,1
trip_510_10,510,WEEKDAY,Jambhulwadi,0
trip_511_14,511,WEEKDAY,Swargate,1
trip_501_19,501,WEEKDAY,Nigdi Bhakti Shakti,1
trip_510_11,510,WEEKDAY,Jambhulwadi,0
trip_511_15,511,WEEKDAY,Swargate,1
trip_501_20,501,WEEKDAY,Nigdi Bhakti Shakti,1
trip_510_12,510,WEEKDAY,Jambhulwadi,0
trip_511_16,511,WEEKDAY,Swargate,1
trip_510_13,510,WEEKDAY,Jambhulwadi,0
trip_501_21,501,WEEKDAY,Nigdi Bhakti Shakti,1
trip_511_17,511,WEEKDAY,Swargate,1
trip_510_14,510,WEEKDAY,Jambhulwadi,0
trip_501_22,501,WEEKDAY,Nigdi Bhakti Shakti,1
trip_511_18,511,WEEKDAY,Swargate,1
trip_510_15,510,WEEKDAY,Jambhulwadi,0
trip_511_19,511,WEEKDAY,Swargate,1
trip_501_23,501,WEEKDAY,Nigdi Bhakti Shakti,1
trip_510_16,510,WEEKDAY,Jambhulwadi,0
trip_511_20,511,WEEKDAY,Swargate,1
trip_510_17,510,WEEKDAY,Jambhulwadi,0
trip_511_21,511,WEEKDAY,Swargate,1
trip_501_24,501,WEEKDAY,Nigdi Bhakti Shakti,1
trip_510_18,510,WEEKDAY,Jambhulwadi,0
trip_511_22,511,WEEKDAY,Swargate,1
trip_510_19,510,WEEKDAY,Jambhulwadi,0
trip_511_23,511,WEEKDAY,Swargate,1
trip_510_20,510,WEEKDAY,Jambhulwadi,0
trip_511_24,511,WEEKDAY,Swargate,1
trip_510_21,510,WEEKDAY,Jambhulwadi,0
trip_511_25,511,WEEKDAY,Swargate,1
trip_510_22,510,WEEKDAY,Jambhulwadi,0
trip_511_26,511,WEEKDAY,Swargate,1
trip_510_23,510,WEEKDAY,Jambhulwadi,0
trip_511_27,511,WEEKDAY,Swargate,1
trip_510_24,510,WEEKDAY,Jambhulwadi,0
trip_511_28,511,WEEKDAY,Swargate,1
trip_510_25,510,WEEKDAY,Jambhulwadi,0
trip_511_29,511,WEEKDAY,Swargate,1
trip_511_30,511,WEEKDAY,Swargate,1
trip_510_26,510,WEEKDAY,Jambhulwadi,0
trip_511_31,511,WEEKDAY,Swargate,1
trip_510_27,510,WEEKDAY,Jambhulwadi,0
trip_511_32,511,WEEKDAY,Swargate,1
trip_510_28,510,WEEKDAY,Jambhulwadi,0
trip_511_33,511,WEEKDAY,Swargate,1
trip_510_29,510,WEEKDAY,Jambhulwadi,0
trip_511_34,511,WEEKDAY,Swargate,1
trip_510_30,510,WEEKDAY,Jambhulwadi,0
trip_511_35,511,WEEKDAY,Swargate,1
trip_510_31,510,WEEKDAY,Jambhulwadi,0
trip_511_36,511,WEEKDAY,Swargate,1
trip_510_32,510,WEEKDAY,Jambhulwadi,0
trip_511_37,511,WEEKDAY,Swargate,1
trip_510_33,510,WEEKDAY,Jambhulwadi,0
trip_511_38,511,WEEKDAY,Swargate,1
trip_510_34,510,WEEKDAY,Jambhulwadi,0
trip_511_39,511,WEEKDAY,Swargate,1
trip_510_35,510,WEEKDAY,Jambhulwadi,0
trip_511_40,511,WEEKDAY,Swargate,1
trip_510_36,510,WEEKDAY,Jambhulwadi,0
trip_511_41,511,WEEKDAY,Swargate,1
trip_510_37,510,WEEKDAY,Jambhulwadi,0
trip_511_42,511,WEEKDAY,Swargate,1
trip_510_38,510,WEEKDAY,Jambhulwadi,0
trip_511_43,511,WEEKDAY,Swargate,1
trip_510_39,510,WEEKDAY,Jambhulwadi,0
trip_511_44,511,WEEKDAY,Swargate,1
trip_510_40,510,WEEKDAY,Jambhulwadi,0
trip_511_45,511,WEEKDAY,Swargate,1
trip_510_41,510,WEEKDAY,Jambhulwadi,0
trip_511_46,511,WEEKDAY,Swargate,1
trip_510_42,510,WEEKDAY,Jambhulwadi,0
trip_511_47,511,WEEKDAY,Swargate,1
trip_510_43,510,WEEKDAY,Jambhulwadi,0
trip_511_48,511,WEEKDAY,Swargate,1
trip_510_44,510,WEEKDAY,Jambhulwadi,0
trip_510_45,510,WEEKDAY,Jambhulwadi,0
trip_510_46,510,WEEKDAY,Jambhulwadi,0
trip_512_0,512,WEEKDAY,Katraj Kondhwa Road,0
trip_513_0,513,WEEKDAY,Hadapsar Gadital,1
trip_512_1,512,WEEKDAY,Katraj Kondhwa Road,0
trip_512_2,512,WEEKDAY,Katraj Kondhwa Road,0
trip_512_3,512,WEEKDAY,Katraj Kondhwa Road,0
trip_512_4,512,WEEKDAY,Katraj Kondhwa Road,0
trip_512_5,512,WEEKDAY,Katraj Kondhwa Road,0
trip_512_6,512,WEEKDAY,Katraj Kondhwa Road,0
trip_512_7,512,WEEKDAY,Katraj Kondhwa Road,0
trip_512_8,512,WEEKDAY,Katraj Kondhwa Road,0
trip_512_9,512,WEEKDAY,Katraj Kondhwa Road,0
trip_512_10,512,WEEKDAY,Katraj Kondhwa Road,0
trip_512_11,512,WEEKDAY,Katraj Kondhwa Road,0
trip_512_12,512,WEEKDAY,Katraj Kondhwa Road,0
trip_512_13,512,WEEKDAY,Katraj Kondhwa Road,0
trip_512_14,512,WEEKDAY,Katraj Kondhwa Road,0
trip_512_15,512,WEEKDAY,Katraj Kondhwa Road,0
trip_513_1,513,WEEKDAY,Hadapsar Gadital,1
trip_512_16,512,WEEKDAY,Katraj Kondhwa Road,0
trip_513_2,513,WEEKDAY,Hadapsar Gadital,1
trip_512_17,512,WEEKDAY,Katraj Kondhwa Road,0
trip_513_3,513,WEEKDAY,Hadapsar Gadital,1
trip_512_18,512,WEEKDAY,Katraj Kondhwa Road,0
trip_513_4,513,WEEKDAY,Hadapsar Gadital,1
trip_512_19,512,WEEKDAY,Katraj Kondhwa Road,0
trip_513_5,513,WEEKDAY,Hadapsar Gadital,1
trip_512_20,512,WEEKDAY,Katraj Kondhwa Road,0
trip_513_6,513,WEEKDAY,Hadapsar Gadital,1
trip_512_21,512,WEEKDAY,Katraj Kondhwa Road,0
trip_513_7,513,WEEKDAY,Hadapsar Gadital,1
trip_512_22,512,WEEKDAY,Katraj Kondhwa Road,0
trip_513_8,513,WEEKDAY,Hadapsar Gadital,1
trip_512_23,512,WEEKDAY,Katraj Kondhwa Road,0
trip_513_9,513,WEEKDAY,Hadapsar Gadital,1
trip_512_24,512,WEEKDAY,Katraj Kondhwa Road,0
trip_513_10,513,WEEKDAY,Hadapsar Gadital,1
trip_512_25,512,WEEKDAY,Katraj Kondhwa Road,0
trip_513_11,513,WEEKDAY,Hadapsar Gadital,1
trip_512_26,512,WEEKDAY,Katraj Kondhwa Road,0
trip_513_12,513,WEEKDAY,Hadapsar Gadital,1
trip_512_27,512,WEEKDAY,Katraj Kondhwa Road,0
trip_513_13,513,WEEKDAY,Hadapsar Gadital,1
trip_512_28,512,WEEKDAY,Katraj Kondhwa Road,0
trip_513_14,513,WEEKDAY,Hadapsar Gadital,1
trip_512_29,512,WEEKDAY,Katraj Kondhwa Road,0
trip_513_15,513,WEEKDAY,Hadapsar Gadital,1
trip_512_30,512,WEEKDAY,Katraj Kondhwa Road,0
trip_513_16,513,WEEKDAY,Hadapsar Gadital,1
trip_512_31,512,WEEKDAY,Katraj Kondhwa Road,0
trip_513_17,513,WEEKDAY,Hadapsar Gadital,1
trip_512_32,512,WEEKDAY,Katraj Kondhwa Road,0
trip_513_18,513,WEEKDAY,Hadapsar Gadital,1
trip_512_33,512,WEEKDAY,Katraj Kondhwa Road,0
trip_513_19,513,WEEKDAY,Hadapsar Gadital,1
trip_512_34,512,WEEKDAY,Katraj Kondhwa Road,0
trip_513_20,513,WEEKDAY,Hadapsar Gadital,1
trip_512_35,512,WEEKDAY,Katraj Kondhwa Road,0
trip_513_21,513,WEEKDAY,Hadapsar Gadital,1
trip_512_36,512,WEEKDAY,Katraj Kondhwa Road,0
trip_513_22,513,WEEKDAY,Hadapsar Gadital,1
trip_512_37,512,WEEKDAY,Katraj Kondhwa Road,0
trip_513_23,513,WEEKDAY,Hadapsar Gadital,1
trip_512_38,512,WEEKDAY,Katraj Kondhwa Road,0
trip_513_24,513,WEEKDAY,Hadapsar Gadital,1
trip_512_39,512,WEEKDAY,Katraj Kondhwa Road,0
trip_513_25,513,WEEKDAY,Hadapsar Gadital,1
trip_512_40,512,WEEKDAY,Katraj Kondhwa Road,0
trip_513_26,513,WEEKDAY,Hadapsar Gadital,1
trip_512_41,512,WEEKDAY,Katraj Kondhwa Road,0
trip_513_27,513,WEEKDAY,Hadapsar Gadital,1
trip_512_42,512,WEEKDAY,Katraj Kondhwa Road,0
trip_513_28,513,WEEKDAY,Hadapsar Gadital,1
trip_512_43,512,WEEKDAY,Katraj Kondhwa Road,0
trip_513_29,513,WEEKDAY,Hadapsar Gadital,1
trip_512_44,512,WEEKDAY,Katraj Kondhwa Road,0
trip_513_30,513,WEEKDAY,Hadapsar Gadital,1
trip_512_45,512,WEEKDAY,Katraj Kondhwa Road,0
trip_513_31,513,WEEKDAY,Hadapsar Gadital,1
trip_512_46,512,WEEKDAY,Katraj Kondhwa Road,0
trip_513_32,513,WEEKDAY,Hadapsar Gadital,1
trip_512_47,512,WEEKDAY,Katraj Kondhwa Road,0
trip_513_33,513,WEEKDAY,Hadapsar Gadital,1
trip_512_48,512,WEEKDAY,Katraj Kondhwa Road,0
trip_513_34,513,WEEKDAY,Hadapsar Gadital,1
trip_512_49,512,WEEKDAY,Katraj Kondhwa Road,0
trip_513_35,513,WEEKDAY,Hadapsar Gadital,1
trip_512_50,512,WEEKDAY,Katraj Kondhwa Road,0
trip_513_36,513,WEEKDAY,Hadapsar Gadital,1
trip_512_51,512,WEEKDAY,Katraj Kondhwa Road,0
trip_513_37,513,WEEKDAY,Hadapsar Gadital,1
trip_512_52,512,WEEKDAY,Katraj Kondhwa Road,0
trip_513_38,513,WEEKDAY,Hadapsar Gadital,1
trip_512_53,512,WEEKDAY,Katraj Kondhwa Road,0
trip_513_39,513,WEEKDAY,Hadapsar Gadital,1
trip_512_54,512,WEEKDAY,Katraj Kondhwa Road,0
trip_513_40,513,WEEKDAY,Hadapsar Gadital,1
trip_512_55,512,WEEKDAY,Katraj Kondhwa Road,0
trip_513_41,513,WEEKDAY,Hadapsar Gadital,1
trip_512_56,512,WEEKDAY,Katraj Kondhwa Road,0
trip_513_42,513,WEEKDAY,Hadapsar Gadital,1
trip_512_57,512,WEEKDAY,Katraj Kondhwa Road,0
trip_513_43,513,WEEKDAY,Hadapsar Gadital,1
trip_512_58,512,WEEKDAY,Katraj Kondhwa Road,0
trip_513_44,513,WEEKDAY,Hadapsar Gadital,1
trip_512_59,512,WEEKDAY,Katraj Kondhwa Road,0
trip_513_45,513,WEEKDAY,Hadapsar Gadital,1
trip_513_46,513,WEEKDAY,Hadapsar Gadital,1
trip_512_60,512,WEEKDAY,Katraj Kondhwa Road,0
trip_513_47,513,WEEKDAY,Hadapsar Gadital,1
trip_512_61,512,WEEKDAY,Katraj Kondhwa Road,0
trip_513_48,513,WEEKDAY,Hadapsar Gadital,1
trip_512_62,512,WEEKDAY,Katraj Kondhwa Road,0
trip_513_49,513,WEEKDAY,Hadapsar Gadital,1
trip_512_63,512,WEEKDAY,Katraj Kondhwa Road,0
trip_513_50,513,WEEKDAY,Hadapsar Gadital,1
trip_512_64,512,WEEKDAY,Katraj Kondhwa Road,0
trip_513_51,513,WEEKDAY,Hadapsar Gadital,1
trip_512_65,512,WEEKDAY,Katraj Kondhwa Road,0
trip_513_52,513,WEEKDAY,Hadapsar Gadital,1
trip_512_66,512,WEEKDAY,Katraj Kondhwa Road,0
trip_513_53,513,WEEKDAY,Hadapsar Gadital,1
trip_512_67,512,WEEKDAY,Katraj Kondhwa Road,0
trip_513_54,513,WEEKDAY,Hadapsar Gadital,1
trip_512_68,512,WEEKDAY,Katraj Kondhwa Road,0
trip_513_55,513,WEEKDAY,Hadapsar Gadital,1
trip_512_69,512,WEEKDAY,Katraj Kondhwa Road,0
trip_513_56,513,WEEKDAY,Hadapsar Gadital,1
trip_512_70,512,WEEKDAY,Katraj Kondhwa Road,0
trip_513_57,513,WEEKDAY,Hadapsar Gadital,1
trip_512_71,512,WEEKDAY,Katraj Kondhwa Road,0
trip_513_58,513,WEEKDAY,Hadapsar Gadital,1
trip_512_72,512,WEEKDAY,Katraj Kondhwa Road,0
trip_513_59,513,WEEKDAY,Hadapsar Gadital,1
trip_512_73,512,WEEKDAY,Katraj Kondhwa Road,0
trip_513_60,513,WEEKDAY,Hadapsar Gadital,1
trip_512_74,512,WEEKDAY,Katraj Kondhwa Road,0
trip_513_61,513,WEEKDAY,Hadapsar Gadital,1
trip_512_75,512,WEEKDAY,Katraj Kondhwa Road,0
trip_513_62,513,WEEKDAY,Hadapsar Gadital,1
trip_512_76,512,WEEKDAY,Katraj Kondhwa Road,0
trip_513_63,513,WEEKDAY,Hadapsar Gadital,1
trip_512_77,512,WEEKDAY,Katraj Kondhwa Road,0
trip_513_64,513,WEEKDAY,Hadapsar Gadital,1
trip_512_78,512,WEEKDAY,Katraj Kondhwa Road,0
trip_513_65,513,WEEKDAY,Hadapsar Gadital,1
trip_512_79,512,WEEKDAY,Katraj Kondhwa Road,0
trip_513_66,513,WEEKDAY,Hadapsar Gadital,1
trip_512_80,512,WEEKDAY,Katraj Kondhwa Road,0
trip_513_67,513,WEEKDAY,Hadapsar Gadital,1
trip_512_81,512,WEEKDAY,Katraj Kondhwa Road,0
trip_513_68,513,WEEKDAY,Hadapsar Gadital,1
trip_512_82,512,WEEKDAY,Katraj Kondhwa Road,0
trip_513_69,513,WEEKDAY,Hadapsar Gadital,1
trip_512_83,512,WEEKDAY,Katraj Kondhwa Road,0
trip_513_70,513,WEEKDAY,Hadapsar Gadital,1
trip_512_84,512,WEEKDAY,Katraj Kondhwa Road,0
trip_513_71,513,WEEKDAY,Hadapsar Gadital,1
trip_512_85,512,WEEKDAY,Katraj Kondhwa Road,0
trip_513_72,513,WEEKDAY,Hadapsar Gadital,1
trip_512_86,512,WEEKDAY,Katraj Kondhwa Road,0
trip_513_73,513,WEEKDAY,Hadapsar Gadital,1
trip_512_87,512,WEEKDAY,Katraj Kondhwa Road,0
trip_513_74,513,WEEKDAY,Hadapsar Gadital,1
trip_513_75,513,WEEKDAY,Hadapsar Gadital,1
trip_513_76,513,WEEKDAY,Hadapsar Gadital,1
trip_513_77,513,WEEKDAY,Hadapsar Gadital,1
trip_513_78,513,WEEKDAY,Hadapsar Gadital,1
trip_513_79,513,WEEKDAY,Hadapsar Gadital,1
trip_513_80,513,WEEKDAY,Hadapsar Gadital,1
trip_513_81,513,WEEKDAY,Hadapsar Gadital,1
trip_513_82,513,WEEKDAY,Hadapsar Gadital,1
trip_513_83,513,WEEKDAY,Hadapsar Gadital,1
trip_513_84,513,WEEKDAY,Hadapsar Gadital,1
trip_513_85,513,WEEKDAY,Hadapsar Gadital,1
trip_513_86,513,WEEKDAY,Hadapsar Gadital,1
trip_513_87,513,WEEKDAY,Hadapsar Gadital,1
trip_523_0,523,WEEKDAY,Kondhanpur,1
trip_523_1,523,WEEKDAY,Kondhanpur,1
trip_523_2,523,WEEKDAY,Kondhanpur,1
trip_523_3,523,WEEKDAY,Kondhanpur,1
trip_523_4,523,WEEKDAY,Kondhanpur,1
trip_523_5,523,WEEKDAY,Kondhanpur,1
trip_523_6,523,WEEKDAY,Kondhanpur,1
trip_523_7,523,WEEKDAY,Kondhanpur,1
trip_523_8,523,WEEKDAY,Kondhanpur,1
trip_523_9,523,WEEKDAY,Kondhanpur,1
trip_523_10,523,WEEKDAY,Kondhanpur,1
trip_521_0,521,WEEKDAY,Balaji Nagar Corner Satara Road,0
trip_521_1,521,WEEKDAY,Balaji Nagar Corner Satara Road,0
trip_521_2,521,WEEKDAY,Balaji Nagar Corner Satara Road,0
trip_521_3,521,WEEKDAY,Balaji Nagar Corner Satara Road,0
trip_521_4,521,WEEKDAY,Balaji Nagar Corner Satara Road,0
trip_521_5,521,WEEKDAY,Balaji Nagar Corner Satara Road,0
trip_521_6,521,WEEKDAY,Balaji Nagar Corner Satara Road,0
trip_521_7,521,WEEKDAY,Balaji Nagar Corner Satara Road,0
trip_534_0,534,WEEKDAY,Rajas Society,0
trip_534_1,534,WEEKDAY,Rajas Society,0
trip_534_2,534,WEEKDAY,Rajas Society,0
trip_534_3,534,WEEKDAY,Rajas Society,0
trip_534_4,534,WEEKDAY,Rajas Society,0
trip_534_5,534,WEEKDAY,Rajas Society,0
trip_534_6,534,WEEKDAY,Rajas Society,0
trip_535_0,535,WEEKDAY,Shivaji Nagar,1
trip_535_1,535,WEEKDAY,Shivaji Nagar,1
trip_535_2,535,WEEKDAY,Shivaji Nagar,1
trip_535_3,535,WEEKDAY,Shivaji Nagar,1
trip_535_4,535,WEEKDAY,Shivaji Nagar,1
trip_535_5,535,WEEKDAY,Shivaji Nagar,1
trip_535_6,535,WEEKDAY,Shivaji Nagar,1
trip_530_0,530,WEEKDAY,Balaji Nagar Corner Satara Road,0
trip_524_0,524,WEEKDAY,Balaji Nagar Corner Satara Road,0
trip_531_0,531,WEEKDAY,Vangniwadi,1
trip_530_1,530,WEEKDAY,Balaji Nagar Corner Satara Road,0
trip_530_2,530,WEEKDAY,Balaji Nagar Corner Satara Road,0
trip_524_1,524,WEEKDAY,Balaji Nagar Corner Satara Road,0
trip_524_2,524,WEEKDAY,Balaji Nagar Corner Satara Road,0
trip_531_1,531,WEEKDAY,Vangniwadi,1
trip_531_2,531,WEEKDAY,Vangniwadi,1
trip_531_3,531,WEEKDAY,Vangniwadi,1
trip_525_0,525,WEEKDAY,Saswad,1
trip_525_1,525,WEEKDAY,Saswad,1
trip_525_2,525,WEEKDAY,Saswad,1
trip_540_0,540,WEEKDAY,Gujarwadi Pmt Bus Stand,0
trip_538_0,538,WEEKDAY,Gujarwadi Pmt Bus Stand,0
trip_539_0,539,WEEKDAY,Chinchwadgaon Aundh Road / Chinchwadgaon,1
trip_540_1,540,WEEKDAY,Gujarwadi Pmt Bus Stand,0
trip_540_2,540,WEEKDAY,Gujarwadi Pmt Bus Stand,0
trip_540_3,540,WEEKDAY,Gujarwadi Pmt Bus Stand,0
trip_540_4,540,WEEKDAY,Gujarwadi Pmt Bus Stand,0
trip_540_5,540,WEEKDAY,Gujarwadi Pmt Bus Stand,0
trip_540_6,540,WEEKDAY,Gujarwadi Pmt Bus Stand,0
trip_540_7,540,WEEKDAY,Gujarwadi Pmt Bus Stand,0
trip_538_1,538,WEEKDAY,Gujarwadi Pmt Bus Stand,0
trip_540_8,540,WEEKDAY,Gujarwadi Pmt Bus Stand,0
trip_538_2,538,WEEKDAY,Gujarwadi Pmt Bus Stand,0
trip_540_9,540,WEEKDAY,Gujarwadi Pmt Bus Stand,0
trip_538_3,538,WEEKDAY,Gujarwadi Pmt Bus Stand,0
trip_540_10,540,WEEKDAY,Gujarwadi Pmt Bus Stand,0
trip_538_4,538,WEEKDAY,Gujarwadi Pmt Bus Stand,0
trip_540_11,540,WEEKDAY,Gujarwadi Pmt Bus Stand,0
trip_539_1,539,WEEKDAY,Chinchwadgaon Aundh Road / Chinchwadgaon,1
trip_538_5,538,WEEKDAY,Gujarwadi Pmt Bus Stand,0
trip_540_12,540,WEEKDAY,Gujarwadi Pmt Bus Stand,0
trip_539_2,539,WEEKDAY,Chinchwadgaon Aundh Road / Chinchwadgaon,1
trip_538_6,538,WEEKDAY,Gujarwadi Pmt Bus Stand,0
trip_540_13,540,WEEKDAY,Gujarwadi Pmt Bus Stand,0
trip_539_3,539,WEEKDAY,Chinchwadgaon Aundh Road / Chinchwadgaon,1
trip_538_7,538,WEEKDAY,Gujarwadi Pmt Bus Stand,0
trip_540_14,540,WEEKDAY,Gujarwadi Pmt Bus Stand,0
trip_539_4,539,WEEKDAY,Chinchwadgaon Aundh Road / Chinchwadgaon,1
trip_538_8,538,WEEKDAY,Gujarwadi Pmt Bus Stand,0
trip_540_15,540,WEEKDAY,Gujarwadi Pmt Bus Stand,0
trip_539_5,539,WEEKDAY,Chinchwadgaon Aundh Road / Chinchwadgaon,1
trip_538_9,538,WEEKDAY,Gujarwadi Pmt Bus Stand,0
trip_540_16,540,WEEKDAY,Gujarwadi Pmt Bus Stand,0
trip_539_6,539,WEEKDAY,Chinchwadgaon Aundh Road / Chinchwadgaon,1
trip_538_10,538,WEEKDAY,Gujarwadi Pmt Bus Stand,0
trip_540_17,540,WEEKDAY,Gujarwadi Pmt Bus Stand,0
trip_539_7,539,WEEKDAY,Chinchwadgaon Aundh Road / Chinchwadgaon,1
trip_541_0,541,WEEKDAY,Bhosari Terminal,1
trip_538_11,538,WEEKDAY,Gujarwadi Pmt Bus Stand,0
trip_540_18,540,WEEKDAY,Gujarwadi Pmt Bus Stand,0
trip_539_8,539,WEEKDAY,Chinchwadgaon Aundh Road / Chinchwadgaon,1
trip_540_19,540,WEEKDAY,Gujarwadi Pmt Bus Stand,0
trip_538_12,538,WEEKDAY,Gujarwadi Pmt Bus Stand,0
trip_539_9,539,WEEKDAY,Chinchwadgaon Aundh Road / Chinchwadgaon,1
trip_540_20,540,WEEKDAY,Gujarwadi Pmt Bus Stand,0
trip_538_13,538,WEEKDAY,Gujarwadi Pmt Bus Stand,0
trip_539_10,539,WEEKDAY,Chinchwadgaon Aundh Road / Chinchwadgaon,1
trip_540_21,540,WEEKDAY,Gujarwadi Pmt Bus Stand,0
trip_538_14,538,WEEKDAY,Gujarwadi Pmt Bus Stand,0
trip_539_11,539,WEEKDAY,Chinchwadgaon Aundh Road / Chinchwadgaon,1
trip_540_22,540,WEEKDAY,Gujarwadi Pmt Bus Stand,0
trip_538_15,538,WEEKDAY,Gujarwadi Pmt Bus Stand,0
trip_539_12,539,WEEKDAY,Chinchwadgaon Aundh Road / Chinchwadgaon,1
trip_540_23,540,WEEKDAY,Gujarwadi Pmt Bus Stand,0
trip_538_16,538,WEEKDAY,Gujarwadi Pmt Bus Stand,0
trip_539_13,539,WEEKDAY,Chinchwadgaon Aundh Road / Chinchwadgaon,1
trip_538_17,538,WEEKDAY,Gujarwadi Pmt Bus Stand,0
trip_540_24,540,WEEKDAY,Gujarwadi Pmt Bus Stand,0
trip_539_14,539,WEEKDAY,Chinchwadgaon Aundh Road / Chinchwadgaon,1
trip_538_18,538,WEEKDAY,Gujarwadi Pmt Bus Stand,0
trip_540_25,540,WEEKDAY,Gujarwadi Pmt Bus Stand,0
trip_539_15,539,WEEKDAY,Chinchwadgaon Aundh Road / Chinchwadgaon,1
trip_538_19,538,WEEKDAY,Gujarwadi Pmt Bus Stand,0
trip_540_26,540,WEEKDAY,Gujarwadi Pmt Bus Stand,0
trip_539_16,539,WEEKDAY,Chinchwadgaon Aundh Road / Chinchwadgaon,1
trip_538_20,538,WEEKDAY,Gujarwadi Pmt Bus Stand,0
trip_540_27,540,WEEKDAY,Gujarwadi Pmt Bus Stand,0
trip_539_17,539,WEEKDAY,Chinchwadgaon Aundh Road / Chinchwadgaon,1
trip_540_28,540,WEEKDAY,Gujarwadi Pmt Bus Stand,0
trip_538_21,538,WEEKDAY,Gujarwadi Pmt Bus Stand,0
trip_539_18,539,WEEKDAY,Chinchwadgaon Aundh Road / Chinchwadgaon,1
trip_540_29,540,WEEKDAY,Gujarwadi Pmt Bus Stand,0
trip_538_22,538,WEEKDAY,Gujarwadi Pmt Bus Stand,0
trip_539_19,539,WEEKDAY,Chinchwadgaon Aundh Road / Chinchwadgaon,1
trip_540_30,540,WEEKDAY,Gujarwadi Pmt Bus Stand,0
trip_538_23,538,WEEKDAY,Gujarwadi Pmt Bus Stand,0
trip_539_20,539,WEEKDAY,Chinchwadgaon Aundh Road / Chinchwadgaon,1
trip_540_31,540,WEEKDAY,Gujarwadi Pmt Bus Stand,0
trip_538_24,538,WEEKDAY,Gujarwadi Pmt Bus Stand,0
trip_539_21,539,WEEKDAY,Chinchwadgaon Aundh Road / Chinchwadgaon,1
trip_540_32,540,WEEKDAY,Gujarwadi Pmt Bus Stand,0
trip_538_25,538,WEEKDAY,Gujarwadi Pmt Bus Stand,0
trip_539_22,539,WEEKDAY,Chinchwadgaon Aundh Road / Chinchwadgaon,1
trip_540_33,540,WEEKDAY,Gujarwadi Pmt Bus Stand,0
trip_538_26,538,WEEKDAY,Gujarwadi Pmt Bus Stand,0
trip_539_23,539,WEEKDAY,Chinchwadgaon Aundh Road / Chinchwadgaon,1
trip_540_34,540,WEEKDAY,Gujarwadi Pmt Bus Stand,0
trip_538_27,538,WEEKDAY,Gujarwadi Pmt Bus Stand,0
trip_539_24,539,WEEKDAY,Chinchwadgaon Aundh Road / Chinchwadgaon,1
trip_540_35,540,WEEKDAY,Gujarwadi Pmt Bus Stand,0
trip_538_28,538,WEEKDAY,Gujarwadi Pmt Bus Stand,0
trip_540_36,540,WEEKDAY,Gujarwadi Pmt Bus Stand,0
trip_539_25,539,WEEKDAY,Chinchwadgaon Aundh Road / Chinchwadgaon,1
trip_538_29,538,WEEKDAY,Gujarwadi Pmt Bus Stand,0
trip_540_37,540,WEEKDAY,Gujarwadi Pmt Bus Stand,0
trip_539_26,539,WEEKDAY,Chinchwadgaon Aundh Road / Chinchwadgaon,1
trip_538_30,538,WEEKDAY,Gujarwadi Pmt Bus Stand,0
trip_540_38,540,WEEKDAY,Gujarwadi Pmt Bus Stand,0
trip_539_27,539,WEEKDAY,Chinchwadgaon Aundh Road / Chinchwadgaon,1
trip_538_31,538,WEEKDAY,Gujarwadi Pmt Bus Stand,0
trip_540_39,540,WEEKDAY,Gujarwadi Pmt Bus Stand,0
trip_539_28,539,WEEKDAY,Chinchwadgaon Aundh Road / Chinchwadgaon,1
trip_538_32,538,WEEKDAY,Gujarwadi Pmt Bus Stand,0
trip_540_40,540,WEEKDAY,Gujarwadi Pmt Bus Stand,0
trip_539_29,539,WEEKDAY,Chinchwadgaon Aundh Road / Chinchwadgaon,1
trip_538_33,538,WEEKDAY,Gujarwadi Pmt Bus Stand,0
trip_540_41,540,WEEKDAY,Gujarwadi Pmt Bus Stand,0
trip_539_30,539,WEEKDAY,Chinchwadgaon Aundh Road / Chinchwadgaon,1
trip_541_1,541,WEEKDAY,Bhosari Terminal,1
trip_538_34,538,WEEKDAY,Gujarwadi Pmt Bus Stand,0
trip_540_42,540,WEEKDAY,Gujarwadi Pmt Bus Stand,0
trip_539_31,539,WEEKDAY,Chinchwadgaon Aundh Road / Chinchwadgaon,1
trip_541_2,541,WEEKDAY,Bhosari Terminal,1
trip_538_35,538,WEEKDAY,Gujarwadi Pmt Bus Stand,0
trip_540_43,540,WEEKDAY,Gujarwadi Pmt Bus Stand,0
trip_539_32,539,WEEKDAY,Chinchwadgaon Aundh Road / Chinchwadgaon,1
trip_541_3,541,WEEKDAY,Bhosari Terminal,1
trip_538_36,538,WEEKDAY,Gujarwadi Pmt Bus Stand,0
trip_540_44,540,WEEKDAY,Gujarwadi Pmt Bus Stand,0
trip_539_33,539,WEEKDAY,Chinchwadgaon Aundh Road / Chinchwadgaon,1
trip_541_4,541,WEEKDAY,Bhosari Terminal,1
trip_540_45,540,WEEKDAY,Gujarwadi Pmt Bus Stand,0
trip_538_37,538,WEEKDAY,Gujarwadi Pmt Bus Stand,0
trip_539_34,539,WEEKDAY,Chinchwadgaon Aundh Road / Chinchwadgaon,1
trip_541_5,541,WEEKDAY,Bhosari Terminal,1
trip_540_46,540,WEEKDAY,Gujarwadi Pmt Bus Stand,0
trip_538_38,538,WEEKDAY,Gujarwadi Pmt Bus Stand,0
trip_539_35,539,WEEKDAY,Chinchwadgaon Aundh Road / Chinchwadgaon,1
trip_541_6,541,WEEKDAY,Bhosari Terminal,1
trip_540_47,540,WEEKDAY,Gujarwadi Pmt Bus Stand,0
trip_538_39,538,WEEKDAY,Gujarwadi Pmt Bus Stand,0
trip_539_36,539,WEEKDAY,Chinchwadgaon Aundh Road / Chinchwadgaon,1
trip_541_7,541,WEEKDAY,Bhosari Terminal,1
trip_538_40,538,WEEKDAY,Gujarwadi Pmt Bus Stand,0
trip_540_48,540,WEEKDAY,Gujarwadi Pmt Bus Stand,0
trip_539_37,539,WEEKDAY,Chinchwadgaon Aundh Road / Chinchwadgaon,1
trip_541_8,541,WEEKDAY,Bhosari Terminal,1
trip_538_41,538,WEEKDAY,Gujarwadi Pmt Bus Stand,0
trip_540_49,540,WEEKDAY,Gujarwadi Pmt Bus Stand,0
trip_539_38,539,WEEKDAY,Chinchwadgaon Aundh Road / Chinchwadgaon,1
trip_541_9,541,WEEKDAY,Bhosari Terminal,1
trip_538_42,538,WEEKDAY,Gujarwadi Pmt Bus Stand,0
trip_540_50,540,WEEKDAY,Gujarwadi Pmt Bus Stand,0
trip_541_10,541,WEEKDAY,Bhosari Terminal,1
trip_539_39,539,WEEKDAY,Chinchwadgaon Aundh Road / Chinchwadgaon,1
trip_538_43,538,WEEKDAY,Gujarwadi Pmt Bus Stand,0
trip_540_51,540,WEEKDAY,Gujarwadi Pmt Bus Stand,0
trip_541_11,541,WEEKDAY,Bhosari Terminal,1
trip_539_40,539,WEEKDAY,Chinchwadgaon Aundh Road / Chinchwadgaon,1
trip_538_44,538,WEEKDAY,Gujarwadi Pmt Bus Stand,0
trip_540_52,540,WEEKDAY,Gujarwadi Pmt Bus Stand,0
trip_541_12,541,WEEKDAY,Bhosari Terminal,1
trip_539_41,539,WEEKDAY,Chinchwadgaon Aundh Road / Chinchwadgaon,1
trip_538_45,538,WEEKDAY,Gujarwadi Pmt Bus Stand,0
trip_540_53,540,WEEKDAY,Gujarwadi Pmt Bus Stand,0
trip_541_13,541,WEEKDAY,Bhosari Terminal,1
trip_539_42,539,WEEKDAY,Chinchwadgaon Aundh Road / Chinchwadgaon,1
trip_538_46,538,WEEKDAY,Gujarwadi Pmt Bus Stand,0
trip_540_54,540,WEEKDAY,Gujarwadi Pmt Bus Stand,0
trip_541_14,541,WEEKDAY,Bhosari Terminal,1
trip_539_43,539,WEEKDAY,Chinchwadgaon Aundh Road / Chinchwadgaon,1
trip_538_47,538,WEEKDAY,Gujarwadi Pmt Bus Stand,0
trip_540_55,540,WEEKDAY,Gujarwadi Pmt Bus Stand,0
trip_541_15,541,WEEKDAY,Bhosari Terminal,1
trip_539_44,539,WEEKDAY,Chinchwadgaon Aundh Road / Chinchwadgaon,1
trip_538_48,538,WEEKDAY,Gujarwadi Pmt Bus Stand,0
trip_540_56,540,WEEKDAY,Gujarwadi Pmt Bus Stand,0
trip_541_16,541,WEEKDAY,Bhosari Terminal,1
trip_539_45,539,WEEKDAY,Chinchwadgaon Aundh Road / Chinchwadgaon,1
trip_538_49,538,WEEKDAY,Gujarwadi Pmt Bus Stand,0
trip_540_57,540,WEEKDAY,Gujarwadi Pmt Bus Stand,0
trip_541_17,541,WEEKDAY,Bhosari Terminal,1
trip_539_46,539,WEEKDAY,Chinchwadgaon Aundh Road / Chinchwadgaon,1
trip_538_50,538,WEEKDAY,Gujarwadi Pmt Bus Stand,0
trip_540_58,540,WEEKDAY,Gujarwadi Pmt Bus Stand,0
trip_541_18,541,WEEKDAY,Bhosari Terminal,1
trip_539_47,539,WEEKDAY,Chinchwadgaon Aundh Road / Chinchwadgaon,1
trip_540_59,540,WEEKDAY,Gujarwadi Pmt Bus Stand,0
trip_538_51,538,WEEKDAY,Gujarwadi Pmt Bus Stand,0
trip_541_19,541,WEEKDAY,Bhosari Terminal,1
trip_539_48,539,WEEKDAY,Chinchwadgaon Aundh Road / Chinchwadgaon,1
trip_540_60,540,WEEKDAY,Gujarwadi Pmt Bus Stand,0
trip_538_52,538,WEEKDAY,Gujarwadi Pmt Bus Stand,0
trip_541_20,541,WEEKDAY,Bhosari Terminal,1
trip_539_49,539,WEEKDAY,Chinchwadgaon Aundh Road / Chinchwadgaon,1
trip_540_61,540,WEEKDAY,Gujarwadi Pmt Bus Stand,0
trip_541_21,541,WEEKDAY,Bhosari Terminal,1
trip_538_53,538,WEEKDAY,Gujarwadi Pmt Bus Stand,0
trip_539_50,539,WEEKDAY,Chinchwadgaon Aundh Road / Chinchwadgaon,1
trip_540_62,540,WEEKDAY,Gujarwadi Pmt Bus Stand,0
trip_541_22,541,WEEKDAY,Bhosari Terminal,1
trip_538_54,538,WEEKDAY,Gujarwadi Pmt Bus Stand,0
trip_539_51,539,WEEKDAY,Chinchwadgaon Aundh Road / Chinchwadgaon,1
trip_540_63,540,WEEKDAY,Gujarwadi Pmt Bus Stand,0
trip_541_23,541,WEEKDAY,Bhosari Terminal,1
trip_538_55,538,WEEKDAY,Gujarwadi Pmt Bus Stand,0
trip_539_52,539,WEEKDAY,Chinchwadgaon Aundh Road / Chinchwadgaon,1
trip_540_64,540,WEEKDAY,Gujarwadi Pmt Bus Stand,0
trip_541_24,541,WEEKDAY,Bhosari Terminal,1
trip_538_56,538,WEEKDAY,Gujarwadi Pmt Bus Stand,0
trip_539_53,539,WEEKDAY,Chinchwadgaon Aundh Road / Chinchwadgaon,1
trip_540_65,540,WEEKDAY,Gujarwadi Pmt Bus Stand,0
trip_541_25,541,WEEKDAY,Bhosari Terminal,1
trip_538_57,538,WEEKDAY,Gujarwadi Pmt Bus Stand,0
trip_539_54,539,WEEKDAY,Chinchwadgaon Aundh Road / Chinchwadgaon,1
trip_540_66,540,WEEKDAY,Gujarwadi Pmt Bus Stand,0
trip_541_26,541,WEEKDAY,Bhosari Terminal,1
trip_538_58,538,WEEKDAY,Gujarwadi Pmt Bus Stand,0
trip_539_55,539,WEEKDAY,Chinchwadgaon Aundh Road / Chinchwadgaon,1
trip_541_27,541,WEEKDAY,Bhosari Terminal,1
trip_539_56,539,WEEKDAY,Chinchwadgaon Aundh Road / Chinchwadgaon,1
trip_538_59,538,WEEKDAY,Gujarwadi Pmt Bus Stand,0
trip_541_28,541,WEEKDAY,Bhosari Terminal,1
trip_539_57,539,WEEKDAY,Chinchwadgaon Aundh Road / Chinchwadgaon,1
trip_538_60,538,WEEKDAY,Gujarwadi Pmt Bus Stand,0
trip_539_58,539,WEEKDAY,Chinchwadgaon Aundh Road / Chinchwadgaon,1
trip_541_29,541,WEEKDAY,Bhosari Terminal,1
trip_538_61,538,WEEKDAY,Gujarwadi Pmt Bus Stand,0
trip_539_59,539,WEEKDAY,Chinchwadgaon Aundh Road / Chinchwadgaon,1
trip_541_30,541,WEEKDAY,Bhosari Terminal,1
trip_539_60,539,WEEKDAY,Chinchwadgaon Aundh Road / Chinchwadgaon,1
trip_541_31,541,WEEKDAY,Bhosari Terminal,1
trip_539_61,539,WEEKDAY,Chinchwadgaon Aundh Road / Chinchwadgaon,1
trip_541_32,541,WEEKDAY,Bhosari Terminal,1
trip_541_33,541,WEEKDAY,Bhosari Terminal,1
trip_541_34,541,WEEKDAY,Bhosari Terminal,1
trip_541_35,541,WEEKDAY,Bhosari Terminal,1
trip_541_36,541,WEEKDAY,Bhosari Terminal,1
trip_541_37,541,WEEKDAY,Bhosari Terminal,1
trip_541_38,541,WEEKDAY,Bhosari Terminal,1
trip_541_39,541,WEEKDAY,Bhosari Terminal,1
trip_541_40,541,WEEKDAY,Bhosari Terminal,1
trip_541_41,541,WEEKDAY,Bhosari Terminal,1
trip_541_42,541,WEEKDAY,Bhosari Terminal,1
trip_541_43,541,WEEKDAY,Bhosari Terminal,1
trip_541_44,541,WEEKDAY,Bhosari Terminal,1
trip_541_45,541,WEEKDAY,Bhosari Terminal,1
trip_541_46,541,WEEKDAY,Bhosari Terminal,1
trip_541_47,541,WEEKDAY,Bhosari Terminal,1
trip_541_48,541,WEEKDAY,Bhosari Terminal,1
trip_541_49,541,WEEKDAY,Bhosari Terminal,1
trip_541_50,541,WEEKDAY,Bhosari Terminal,1
trip_541_51,541,WEEKDAY,Bhosari Terminal,1
trip_541_52,541,WEEKDAY,Bhosari Terminal,1
trip_541_53,541,WEEKDAY,Bhosari Terminal,1
trip_541_54,541,WEEKDAY,Bhosari Terminal,1
trip_541_55,541,WEEKDAY,Bhosari Terminal,1
trip_541_56,541,WEEKDAY,Bhosari Terminal,1
trip_541_57,541,WEEKDAY,Bhosari Terminal,1
trip_541_58,541,WEEKDAY,Bhosari Terminal,1
trip_541_59,541,WEEKDAY,Bhosari Terminal,1
trip_541_60,541,WEEKDAY,Bhosari Terminal,1
trip_541_61,541,WEEKDAY,Bhosari Terminal,1
trip_541_62,541,WEEKDAY,Bhosari Terminal,1
trip_541_63,541,WEEKDAY,Bhosari Terminal,1
trip_541_64,541,WEEKDAY,Bhosari Terminal,1
trip_541_65,541,WEEKDAY,Bhosari Terminal,1
trip_541_66,541,WEEKDAY,Bhosari Terminal,1
trip_533_0,533,WEEKDAY,Velhe,1
trip_532_0,532,WEEKDAY,Balaji Nagar Corner Satara Road,0
trip_546_0,546,WEEKDAY,Katraj,0
trip_551_0,551,WEEKDAY,Swargate,0
trip_551_1,551,WEEKDAY,Swargate,0
trip_551_2,551,WEEKDAY,Swargate,0
trip_551_3,551,WEEKDAY,Swargate,0
trip_551_4,551,WEEKDAY,Swargate,0
trip_551_5,551,WEEKDAY,Swargate,0
trip_551_6,551,WEEKDAY,Swargate,0
trip_551_7,551,WEEKDAY,Swargate,0
trip_551_8,551,WEEKDAY,Swargate,0
trip_551_9,551,WEEKDAY,Swargate,0
trip_552_0,552,WEEKDAY,Shivaji Nagar,1
trip_551_10,551,WEEKDAY,Swargate,0
trip_546_1,546,WEEKDAY,Katraj,0
trip_551_11,551,WEEKDAY,Swargate,0
trip_546_2,546,WEEKDAY,Katraj,0
trip_551_12,551,WEEKDAY,Swargate,0
trip_546_3,546,WEEKDAY,Katraj,0
trip_551_13,551,WEEKDAY,Swargate,0
trip_546_4,546,WEEKDAY,Katraj,0
trip_551_14,551,WEEKDAY,Swargate,0
trip_546_5,546,WEEKDAY,Katraj,0
trip_551_15,551,WEEKDAY,Swargate,0
trip_546_6,546,WEEKDAY,Katraj,0
trip_551_16,551,WEEKDAY,Swargate,0
trip_546_7,546,WEEKDAY,Katraj,0
trip_551_17,551,WEEKDAY,Swargate,0
trip_546_8,546,WEEKDAY,Katraj,0
trip_551_18,551,WEEKDAY,Swargate,0
trip_546_9,546,WEEKDAY,Katraj,0
trip_551_19,551,WEEKDAY,Swargate,0
trip_546_10,546,WEEKDAY,Katraj,0
trip_551_20,551,WEEKDAY,Swargate,0
trip_552_1,552,WEEKDAY,Shivaji Nagar,1
trip_546_11,546,WEEKDAY,Katraj,0
trip_551_21,551,WEEKDAY,Swargate,0
trip_552_2,552,WEEKDAY,Shivaji Nagar,1
trip_533_1,533,WEEKDAY,Velhe,1
trip_551_22,551,WEEKDAY,Swargate,0
trip_546_12,546,WEEKDAY,Katraj,0
trip_552_3,552,WEEKDAY,Shivaji Nagar,1
trip_551_23,551,WEEKDAY,Swargate,0
trip_546_13,546,WEEKDAY,Katraj,0
trip_552_4,552,WEEKDAY,Shivaji Nagar,1
trip_533_2,533,WEEKDAY,Velhe,1
trip_551_24,551,WEEKDAY,Swargate,0
trip_546_14,546,WEEKDAY,Katraj,0
trip_552_5,552,WEEKDAY,Shivaji Nagar,1
trip_551_25,551,WEEKDAY,Swargate,0
trip_546_15,546,WEEKDAY,Katraj,0
trip_552_6,552,WEEKDAY,Shivaji Nagar,1
trip_551_26,551,WEEKDAY,Swargate,0
trip_533_3,533,WEEKDAY,Velhe,1
trip_546_16,546,WEEKDAY,Katraj,0
trip_552_7,552,WEEKDAY,Shivaji Nagar,1
trip_551_27,551,WEEKDAY,Swargate,0
trip_546_17,546,WEEKDAY,Katraj,0
trip_552_8,552,WEEKDAY,Shivaji Nagar,1
trip_551_28,551,WEEKDAY,Swargate,0
trip_546_18,546,WEEKDAY,Katraj,0
trip_533_4,533,WEEKDAY,Velhe,1
trip_552_9,552,WEEKDAY,Shivaji Nagar,1
trip_551_29,551,WEEKDAY,Swargate,0
trip_546_19,546,WEEKDAY,Katraj,0
trip_552_10,552,WEEKDAY,Shivaji Nagar,1
trip_551_30,551,WEEKDAY,Swargate,0
trip_546_20,546,WEEKDAY,Katraj,0
trip_552_11,552,WEEKDAY,Shivaji Nagar,1
trip_533_5,533,WEEKDAY,Velhe,1
trip_551_31,551,WEEKDAY,Swargate,0
trip_552_12,552,WEEKDAY,Shivaji Nagar,1
trip_546_21,546,WEEKDAY,Katraj,0
trip_551_32,551,WEEKDAY,Swargate,0
trip_552_13,552,WEEKDAY,Shivaji Nagar,1
trip_546_22,546,WEEKDAY,Katraj,0
trip_551_33,551,WEEKDAY,Swargate,0
trip_533_6,533,WEEKDAY,Velhe,1
trip_552_14,552,WEEKDAY,Shivaji Nagar,1
trip_551_34,551,WEEKDAY,Swargate,0
trip_546_23,546,WEEKDAY,Katraj,0
trip_552_15,552,WEEKDAY,Shivaji Nagar,1
trip_551_35,551,WEEKDAY,Swargate,0
trip_546_24,546,WEEKDAY,Katraj,0
trip_533_7,533,WEEKDAY,Velhe,1
trip_552_16,552,WEEKDAY,Shivaji Nagar,1
trip_551_36,551,WEEKDAY,Swargate,0
trip_546_25,546,WEEKDAY,Katraj,0
trip_552_17,552,WEEKDAY,Shivaji Nagar,1
trip_551_37,551,WEEKDAY,Swargate,0
trip_552_18,552,WEEKDAY,Shivaji Nagar,1
trip_546_26,546,WEEKDAY,Katraj,0
trip_533_8,533,WEEKDAY,Velhe,1
trip_551_38,551,WEEKDAY,Swargate,0
trip_552_19,552,WEEKDAY,Shivaji Nagar,1
trip_546_27,546,WEEKDAY,Katraj,0
trip_551_39,551,WEEKDAY,Swargate,0
trip_552_20,552,WEEKDAY,Shivaji Nagar,1
trip_546_28,546,WEEKDAY,Katraj,0
trip_551_40,551,WEEKDAY,Swargate,0
trip_552_21,552,WEEKDAY,Shivaji Nagar,1
trip_533_9,533,WEEKDAY,Velhe,1
trip_546_29,546,WEEKDAY,Katraj,0
trip_551_41,551,WEEKDAY,Swargate,0
trip_552_22,552,WEEKDAY,Shivaji Nagar,1
trip_546_30,546,WEEKDAY,Katraj,0
trip_551_42,551,WEEKDAY,Swargate,0
trip_552_23,552,WEEKDAY,Shivaji Nagar,1
trip_551_43,551,WEEKDAY,Swargate,0
trip_546_31,546,WEEKDAY,Katraj,0
trip_533_10,533,WEEKDAY,Velhe,1
trip_552_24,552,WEEKDAY,Shivaji Nagar,1
trip_551_44,551,WEEKDAY,Swargate,0
trip_546_32,546,WEEKDAY,Katraj,0
trip_552_25,552,WEEKDAY,Shivaji Nagar,1
trip_551_45,551,WEEKDAY,Swargate,0
trip_546_33,546,WEEKDAY,Katraj,0
trip_552_26,552,WEEKDAY,Shivaji Nagar,1
trip_551_46,551,WEEKDAY,Swargate,0
trip_552_27,552,WEEKDAY,Shivaji Nagar,1
trip_546_34,546,WEEKDAY,Katraj,0
trip_551_47,551,WEEKDAY,Swargate,0
trip_552_28,552,WEEKDAY,Shivaji Nagar,1
trip_546_35,546,WEEKDAY,Katraj,0
trip_551_48,551,WEEKDAY,Swargate,0
trip_552_29,552,WEEKDAY,Shivaji Nagar,1
trip_546_36,546,WEEKDAY,Katraj,0
trip_551_49,551,WEEKDAY,Swargate,0
trip_552_30,552,WEEKDAY,Shivaji Nagar,1
trip_551_50,551,WEEKDAY,Swargate,0
trip_546_37,546,WEEKDAY,Katraj,0
trip_552_31,552,WEEKDAY,Shivaji Nagar,1
trip_551_51,551,WEEKDAY,Swargate,0
trip_546_38,546,WEEKDAY,Katraj,0
trip_552_32,552,WEEKDAY,Shivaji Nagar,1
trip_551_52,551,WEEKDAY,Swargate,0
trip_532_1,532,WEEKDAY,Balaji Nagar Corner Satara Road,0
trip_552_33,552,WEEKDAY,Shivaji Nagar,1
trip_546_39,546,WEEKDAY,Katraj,0
trip_551_53,551,WEEKDAY,Swargate,0
trip_552_34,552,WEEKDAY,Shivaji Nagar,1
trip_551_54,551,WEEKDAY,Swargate,0
trip_546_40,546,WEEKDAY,Katraj,0
trip_532_2,532,WEEKDAY,Balaji Nagar Corner Satara Road,0
trip_552_35,552,WEEKDAY,Shivaji Nagar,1
trip_551_55,551,WEEKDAY,Swargate,0
trip_546_41,546,WEEKDAY,Katraj,0
trip_552_36,552,WEEKDAY,Shivaji Nagar,1
trip_546_42,546,WEEKDAY,Katraj,0
trip_552_37,552,WEEKDAY,Shivaji Nagar,1
trip_532_3,532,WEEKDAY,Balaji Nagar Corner Satara Road,0
trip_552_38,552,WEEKDAY,Shivaji Nagar,1
trip_546_43,546,WEEKDAY,Katraj,0
trip_552_39,552,WEEKDAY,Shivaji Nagar,1
trip_546_44,546,WEEKDAY,Katraj,0
trip_552_40,552,WEEKDAY,Shivaji Nagar,1
trip_532_4,532,WEEKDAY,Balaji Nagar Corner Satara Road,0
trip_546_45,546,WEEKDAY,Katraj,0
trip_552_41,552,WEEKDAY,Shivaji Nagar,1
trip_546_46,546,WEEKDAY,Katraj,0
trip_552_42,552,WEEKDAY,Shivaji Nagar,1
trip_532_5,532,WEEKDAY,Balaji Nagar Corner Satara Road,0
trip_552_43,552,WEEKDAY,Shivaji Nagar,1
trip_546_47,546,WEEKDAY,Katraj,0
trip_552_44,552,WEEKDAY,Shivaji Nagar,1
trip_546_48,546,WEEKDAY,Katraj,0
trip_552_45,552,WEEKDAY,Shivaji Nagar,1
trip_532_6,532,WEEKDAY,Balaji Nagar Corner Satara Road,0
trip_546_49,546,WEEKDAY,Katraj,0
trip_552_46,552,WEEKDAY,Shivaji Nagar,1
trip_552_47,552,WEEKDAY,Shivaji Nagar,1
trip_546_50,546,WEEKDAY,Katraj,0
trip_552_48,552,WEEKDAY,Shivaji Nagar,1
trip_546_51,546,WEEKDAY,Katraj,0
trip_552_49,552,WEEKDAY,Shivaji Nagar,1
trip_532_7,532,WEEKDAY,Balaji Nagar Corner Satara Road,0
trip_552_50,552,WEEKDAY,Shivaji Nagar,1
trip_552_51,552,WEEKDAY,Shivaji Nagar,1
trip_532_8,532,WEEKDAY,Balaji Nagar Corner Satara Road,0
trip_552_52,552,WEEKDAY,Shivaji Nagar,1
trip_552_53,552,WEEKDAY,Shivaji Nagar,1
trip_552_54,552,WEEKDAY,Shivaji Nagar,1
trip_532_9,532,WEEKDAY,Balaji Nagar Corner Satara Road,0
trip_552_55,552,WEEKDAY,Shivaji Nagar,1
trip_547_0,547,WEEKDAY,Shivaji Nagar,1
trip_547_1,547,WEEKDAY,Shivaji Nagar,1
trip_547_2,547,WEEKDAY,Shivaji Nagar,1
trip_547_3,547,WEEKDAY,Shivaji Nagar,1
trip_547_4,547,WEEKDAY,Shivaji Nagar,1
trip_547_5,547,WEEKDAY,Shivaji Nagar,1
trip_547_6,547,WEEKDAY,Shivaji Nagar,1
trip_547_7,547,WEEKDAY,Shivaji Nagar,1
trip_547_8,547,WEEKDAY,Shivaji Nagar,1
trip_547_9,547,WEEKDAY,Shivaji Nagar,1
trip_547_10,547,WEEKDAY,Shivaji Nagar,1
trip_547_11,547,WEEKDAY,Shivaji Nagar,1
trip_547_12,547,WEEKDAY,Shivaji Nagar,1
trip_547_13,547,WEEKDAY,Shivaji Nagar,1
trip_547_14,547,WEEKDAY,Shivaji Nagar,1
trip_547_15,547,WEEKDAY,Shivaji Nagar,1
trip_547_16,547,WEEKDAY,Shivaji Nagar,1
trip_547_17,547,WEEKDAY,Shivaji Nagar,1
trip_547_18,547,WEEKDAY,Shivaji Nagar,1
trip_547_19,547,WEEKDAY,Shivaji Nagar,1
trip_547_20,547,WEEKDAY,Shivaji Nagar,1
trip_547_21,547,WEEKDAY,Shivaji Nagar,1
trip_547_22,547,WEEKDAY,Shivaji Nagar,1
trip_547_23,547,WEEKDAY,Shivaji Nagar,1
trip_547_24,547,WEEKDAY,Shivaji Nagar,1
trip_547_25,547,WEEKDAY,Shivaji Nagar,1
trip_547_26,547,WEEKDAY,Shivaji Nagar,1
trip_547_27,547,WEEKDAY,Shivaji Nagar,1
trip_547_28,547,WEEKDAY,Shivaji Nagar,1
trip_547_29,547,WEEKDAY,Shivaji Nagar,1
trip_547_30,547,WEEKDAY,Shivaji Nagar,1
trip_547_31,547,WEEKDAY,Shivaji Nagar,1
trip_547_32,547,WEEKDAY,Shivaji Nagar,1
trip_547_33,547,WEEKDAY,Shivaji Nagar,1
trip_547_34,547,WEEKDAY,Shivaji Nagar,1
trip_547_35,547,WEEKDAY,Shivaji Nagar,1
trip_547_36,547,WEEKDAY,Shivaji Nagar,1
trip_547_37,547,WEEKDAY,Shivaji Nagar,1
trip_547_38,547,WEEKDAY,Shivaji Nagar,1
trip_547_39,547,WEEKDAY,Shivaji Nagar,1
trip_547_40,547,WEEKDAY,Shivaji Nagar,1
trip_547_41,547,WEEKDAY,Shivaji Nagar,1
trip_547_42,547,WEEKDAY,Shivaji Nagar,1
trip_547_43,547,WEEKDAY,Shivaji Nagar,1
trip_547_44,547,WEEKDAY,Shivaji Nagar,1
trip_547_45,547,WEEKDAY,Shivaji Nagar,1
trip_547_46,547,WEEKDAY,Shivaji Nagar,1
trip_547_47,547,WEEKDAY,Shivaji Nagar,1
trip_547_48,547,WEEKDAY,Shivaji Nagar,1
trip_547_49,547,WEEKDAY,Shivaji Nagar,1
trip_547_50,547,WEEKDAY,Shivaji Nagar,1
trip_547_51,547,WEEKDAY,Shivaji Nagar,1
trip_547_52,547,WEEKDAY,Shivaji Nagar,1
trip_547_53,547,WEEKDAY,Shivaji Nagar,1
trip_565_0,565,WEEKDAY,Pimprigaon,0
trip_565_1,565,WEEKDAY,Pimprigaon,0
trip_565_2,565,WEEKDAY,Pimprigaon,0
trip_565_3,565,WEEKDAY,Pimprigaon,0
trip_565_4,565,WEEKDAY,Pimprigaon,0
trip_565_5,565,WEEKDAY,Pimprigaon,0
trip_565_6,565,WEEKDAY,Pimprigaon,0
trip_565_7,565,WEEKDAY,Pimprigaon,0
trip_565_8,565,WEEKDAY,Pimprigaon,0
trip_565_9,565,WEEKDAY,Pimprigaon,0
trip_565_10,565,WEEKDAY,Pimprigaon,0
trip_565_11,565,WEEKDAY,Pimprigaon,0
trip_565_12,565,WEEKDAY,Pimprigaon,0
trip_565_13,565,WEEKDAY,Pimprigaon,0
trip_565_14,565,WEEKDAY,Pimprigaon,0
trip_565_15,565,WEEKDAY,Pimprigaon,0
trip_565_16,565,WEEKDAY,Pimprigaon,0
trip_565_17,565,WEEKDAY,Pimprigaon,0
trip_565_18,565,WEEKDAY,Pimprigaon,0
trip_565_19,565,WEEKDAY,Pimprigaon,0
trip_565_20,565,WEEKDAY,Pimprigaon,0
trip_565_21,565,WEEKDAY,Pimprigaon,0
trip_565_22,565,WEEKDAY,Pimprigaon,0
trip_565_23,565,WEEKDAY,Pimprigaon,0
trip_565_24,565,WEEKDAY,Pimprigaon,0
trip_565_25,565,WEEKDAY,Pimprigaon,0
trip_565_26,565,WEEKDAY,Pimprigaon,0
trip_565_27,565,WEEKDAY,Pimprigaon,0
trip_565_28,565,WEEKDAY,Pimprigaon,0
trip_565_29,565,WEEKDAY,Pimprigaon,0
trip_565_30,565,WEEKDAY,Pimprigaon,0
trip_565_31,565,WEEKDAY,Pimprigaon,0
trip_544_0,544,WEEKDAY,Swargate,0
trip_565_32,565,WEEKDAY,Pimprigaon,0
trip_565_33,565,WEEKDAY,Pimprigaon,0
trip_565_34,565,WEEKDAY,Pimprigaon,0
trip_565_35,565,WEEKDAY,Pimprigaon,0
trip_565_36,565,WEEKDAY,Pimprigaon,0
trip_565_37,565,WEEKDAY,Pimprigaon,0
trip_565_38,565,WEEKDAY,Pimprigaon,0
trip_565_39,565,WEEKDAY,Pimprigaon,0
trip_565_40,565,WEEKDAY,Pimprigaon,0
trip_565_41,565,WEEKDAY,Pimprigaon,0
trip_565_42,565,WEEKDAY,Pimprigaon,0
trip_565_43,565,WEEKDAY,Pimprigaon,0
trip_565_44,565,WEEKDAY,Pimprigaon,0
trip_565_45,565,WEEKDAY,Pimprigaon,0
trip_565_46,565,WEEKDAY,Pimprigaon,0
trip_565_47,565,WEEKDAY,Pimprigaon,0
trip_565_48,565,WEEKDAY,Pimprigaon,0
trip_565_49,565,WEEKDAY,Pimprigaon,0
trip_565_50,565,WEEKDAY,Pimprigaon,0
trip_565_51,565,WEEKDAY,Pimprigaon,0
trip_565_52,565,WEEKDAY,Pimprigaon,0
trip_544_1,544,WEEKDAY,Swargate,0
trip_545_0,545,WEEKDAY,Alandi,1
trip_544_2,544,WEEKDAY,Swargate,0
trip_544_3,544,WEEKDAY,Swargate,0
trip_544_4,544,WEEKDAY,Swargate,0
trip_544_5,544,WEEKDAY,Swargate,0
trip_544_6,544,WEEKDAY,Swargate,0
trip_544_7,544,WEEKDAY,Swargate,0
trip_544_8,544,WEEKDAY,Swargate,0
trip_544_9,544,WEEKDAY,Swargate,0
trip_544_10,544,WEEKDAY,Swargate,0
trip_544_11,544,WEEKDAY,Swargate,0
trip_544_12,544,WEEKDAY,Swargate,0
trip_544_13,544,WEEKDAY,Swargate,0
trip_544_14,544,WEEKDAY,Swargate,0
trip_544_15,544,WEEKDAY,Swargate,0
trip_544_16,544,WEEKDAY,Swargate,0
trip_544_17,544,WEEKDAY,Swargate,0
trip_544_18,544,WEEKDAY,Swargate,0
trip_544_19,544,WEEKDAY,Swargate,0
trip_544_20,544,WEEKDAY,Swargate,0
trip_544_21,544,WEEKDAY,Swargate,0
trip_553_0,553,WEEKDAY,Katraj,0
trip_544_22,544,WEEKDAY,Swargate,0
trip_544_23,544,WEEKDAY,Swargate,0
trip_544_24,544,WEEKDAY,Swargate,0
trip_544_25,544,WEEKDAY,Swargate,0
trip_544_26,544,WEEKDAY,Swargate,0
trip_544_27,544,WEEKDAY,Swargate,0
trip_545_1,545,WEEKDAY,Alandi,1
trip_544_28,544,WEEKDAY,Swargate,0
trip_566_0,566,WEEKDAY,Bhosari Gavhane Vasti,1
trip_545_2,545,WEEKDAY,Alandi,1
trip_544_29,544,WEEKDAY,Swargate,0
trip_545_3,545,WEEKDAY,Alandi,1
trip_544_30,544,WEEKDAY,Swargate,0
trip_545_4,545,WEEKDAY,Alandi,1
trip_544_31,544,WEEKDAY,Swargate,0
trip_545_5,545,WEEKDAY,Alandi,1
trip_544_32,544,WEEKDAY,Swargate,0
trip_545_6,545,WEEKDAY,Alandi,1
trip_544_33,544,WEEKDAY,Swargate,0
trip_545_7,545,WEEKDAY,Alandi,1
trip_544_34,544,WEEKDAY,Swargate,0
trip_545_8,545,WEEKDAY,Alandi,1
trip_544_35,544,WEEKDAY,Swargate,0
trip_545_9,545,WEEKDAY,Alandi,1
trip_544_36,544,WEEKDAY,Swargate,0
trip_545_10,545,WEEKDAY,Alandi,1
trip_544_37,544,WEEKDAY,Swargate,0
trip_545_11,545,WEEKDAY,Alandi,1
trip_544_38,544,WEEKDAY,Swargate,0
trip_545_12,545,WEEKDAY,Alandi,1
trip_544_39,544,WEEKDAY,Swargate,0
trip_545_13,545,WEEKDAY,Alandi,1
trip_544_40,544,WEEKDAY,Swargate,0
trip_553_1,553,WEEKDAY,Katraj,0
trip_545_14,545,WEEKDAY,Alandi,1
trip_544_41,544,WEEKDAY,Swargate,0
trip_553_2,553,WEEKDAY,Katraj,0
trip_545_15,545,WEEKDAY,Alandi,1
trip_566_1,566,WEEKDAY,Bhosari Gavhane Vasti,1
trip_544_42,544,WEEKDAY,Swargate,0
trip_553_3,553,WEEKDAY,Katraj,0
trip_566_2,566,WEEKDAY,Bhosari Gavhane Vasti,1
trip_545_16,545,WEEKDAY,Alandi,1
trip_544_43,544,WEEKDAY,Swargate,0
trip_553_4,553,WEEKDAY,Katraj,0
trip_566_3,566,WEEKDAY,Bhosari Gavhane Vasti,1
trip_545_17,545,WEEKDAY,Alandi,1
trip_553_5,553,WEEKDAY,Katraj,0
trip_544_44,544,WEEKDAY,Swargate,0
trip_566_4,566,WEEKDAY,Bhosari Gavhane Vasti,1
trip_545_18,545,WEEKDAY,Alandi,1
trip_553_6,553,WEEKDAY,Katraj,0
trip_566_5,566,WEEKDAY,Bhosari Gavhane Vasti,1
trip_544_45,544,WEEKDAY,Swargate,0
trip_545_19,545,WEEKDAY,Alandi,1
trip_553_7,553,WEEKDAY,Katraj,0
trip_566_6,566,WEEKDAY,Bhosari Gavhane Vasti,1
trip_544_46,544,WEEKDAY,Swargate,0
trip_566_7,566,WEEKDAY,Bhosari Gavhane Vasti,1
trip_545_20,545,WEEKDAY,Alandi,1
trip_553_8,553,WEEKDAY,Katraj,0
trip_544_47,544,WEEKDAY,Swargate,0
trip_566_8,566,WEEKDAY,Bhosari Gavhane Vasti,1
trip_545_21,545,WEEKDAY,Alandi,1
trip_553_9,553,WEEKDAY,Katraj,0
trip_566_9,566,WEEKDAY,Bhosari Gavhane Vasti,1
trip_544_48,544,WEEKDAY,Swargate,0
trip_566_10,566,WEEKDAY,Bhosari Gavhane Vasti,1
trip_553_10,553,WEEKDAY,Katraj,0
trip_545_22,545,WEEKDAY,Alandi,1
trip_566_11,566,WEEKDAY,Bhosari Gavhane Vasti,1
trip_544_49,544,WEEKDAY,Swargate,0
trip_553_11,553,WEEKDAY,Katraj,0
trip_566_12,566,WEEKDAY,Bhosari Gavhane Vasti,1
trip_545_23,545,WEEKDAY,Alandi,1
trip_544_50,544,WEEKDAY,Swargate,0
trip_553_12,553,WEEKDAY,Katraj,0
trip_566_13,566,WEEKDAY,Bhosari Gavhane Vasti,1
trip_545_24,545,WEEKDAY,Alandi,1
trip_544_51,544,WEEKDAY,Swargate,0
trip_553_13,553,WEEKDAY,Katraj,0
trip_566_14,566,WEEKDAY,Bhosari Gavhane Vasti,1
trip_545_25,545,WEEKDAY,Alandi,1
trip_553_14,553,WEEKDAY,Katraj,0
trip_566_15,566,WEEKDAY,Bhosari Gavhane Vasti,1
trip_544_52,544,WEEKDAY,Swargate,0
trip_545_26,545,WEEKDAY,Alandi,1
trip_566_16,566,WEEKDAY,Bhosari Gavhane Vasti,1
trip_544_53,544,WEEKDAY,Swargate,0
trip_545_27,545,WEEKDAY,Alandi,1
trip_566_17,566,WEEKDAY,Bhosari Gavhane Vasti,1
trip_544_54,544,WEEKDAY,Swargate,0
trip_566_18,566,WEEKDAY,Bhosari Gavhane Vasti,1
trip_545_28,545,WEEKDAY,Alandi,1
trip_566_19,566,WEEKDAY,Bhosari Gavhane Vasti,1
trip_544_55,544,WEEKDAY,Swargate,0
trip_566_20,566,WEEKDAY,Bhosari Gavhane Vasti,1
trip_545_29,545,WEEKDAY,Alandi,1
trip_544_56,544,WEEKDAY,Swargate,0
trip_554_0,554,WEEKDAY,Bhekrai Nagar,1
trip_566_21,566,WEEKDAY,Bhosari Gavhane Vasti,1
trip_545_30,545,WEEKDAY,Alandi,1
trip_544_57,544,WEEKDAY,Swargate,0
trip_566_22,566,WEEKDAY,Bhosari Gavhane Vasti,1
trip_544_58,544,WEEKDAY,Swargate,0
trip_545_31,545,WEEKDAY,Alandi,1
trip_566_23,566,WEEKDAY,Bhosari Gavhane Vasti,1
trip_544_59,544,WEEKDAY,Swargate,0
trip_566_24,566,WEEKDAY,Bhosari Gavhane Vasti,1
trip_545_32,545,WEEKDAY,Alandi,1
trip_566_25,566,WEEKDAY,Bhosari Gavhane Vasti,1
trip_544_60,544,WEEKDAY,Swargate,0
trip_545_33,545,WEEKDAY,Alandi,1
trip_566_26,566,WEEKDAY,Bhosari Gavhane Vasti,1
trip_544_61,544,WEEKDAY,Swargate,0
trip_545_34,545,WEEKDAY,Alandi,1
trip_566_27,566,WEEKDAY,Bhosari Gavhane Vasti,1
trip_544_62,544,WEEKDAY,Swargate,0
trip_566_28,566,WEEKDAY,Bhosari Gavhane Vasti,1
trip_545_35,545,WEEKDAY,Alandi,1
trip_566_29,566,WEEKDAY,Bhosari Gavhane Vasti,1
trip_544_63,544,WEEKDAY,Swargate,0
trip_545_36,545,WEEKDAY,Alandi,1
trip_566_30,566,WEEKDAY,Bhosari Gavhane Vasti,1
trip_544_64,544,WEEKDAY,Swargate,0
trip_566_31,566,WEEKDAY,Bhosari Gavhane Vasti,1
trip_545_37,545,WEEKDAY,Alandi,1
trip_544_65,544,WEEKDAY,Swargate,0
trip_566_32,566,WEEKDAY,Bhosari Gavhane Vasti,1
trip_545_38,545,WEEKDAY,Alandi,1
trip_566_33,566,WEEKDAY,Bhosari Gavhane Vasti,1
trip_544_66,544,WEEKDAY,Swargate,0
trip_545_39,545,WEEKDAY,Alandi,1
trip_566_34,566,WEEKDAY,Bhosari Gavhane Vasti,1
trip_544_67,544,WEEKDAY,Swargate,0
trip_566_35,566,WEEKDAY,Bhosari Gavhane Vasti,1
trip_545_40,545,WEEKDAY,Alandi,1
trip_566_36,566,WEEKDAY,Bhosari Gavhane Vasti,1
trip_545_41,545,WEEKDAY,Alandi,1
trip_566_37,566,WEEKDAY,Bhosari Gavhane Vasti,1
trip_545_42,545,WEEKDAY,Alandi,1
trip_566_38,566,WEEKDAY,Bhosari Gavhane Vasti,1
trip_566_39,566,WEEKDAY,Bhosari Gavhane Vasti,1
trip_545_43,545,WEEKDAY,Alandi,1
trip_566_40,566,WEEKDAY,Bhosari Gavhane Vasti,1
trip_566_41,566,WEEKDAY,Bhosari Gavhane Vasti,1
trip_545_44,545,WEEKDAY,Alandi,1
trip_566_42,566,WEEKDAY,Bhosari Gavhane Vasti,1
trip_545_45,545,WEEKDAY,Alandi,1
trip_566_43,566,WEEKDAY,Bhosari Gavhane Vasti,1
trip_545_46,545,WEEKDAY,Alandi,1
trip_566_44,566,WEEKDAY,Bhosari Gavhane Vasti,1
trip_545_47,545,WEEKDAY,Alandi,1
trip_566_45,566,WEEKDAY,Bhosari Gavhane Vasti,1
trip_566_46,566,WEEKDAY,Bhosari Gavhane Vasti,1
trip_554_1,554,WEEKDAY,Bhekrai Nagar,1
trip_545_48,545,WEEKDAY,Alandi,1
trip_566_47,566,WEEKDAY,Bhosari Gavhane Vasti,1
trip_554_2,554,WEEKDAY,Bhekrai Nagar,1
trip_545_49,545,WEEKDAY,Alandi,1
trip_566_48,566,WEEKDAY,Bhosari Gavhane Vasti,1
trip_554_3,554,WEEKDAY,Bhekrai Nagar,1
trip_566_49,566,WEEKDAY,Bhosari Gavhane Vasti,1
trip_545_50,545,WEEKDAY,Alandi,1
trip_566_50,566,WEEKDAY,Bhosari Gavhane Vasti,1
trip_554_4,554,WEEKDAY,Bhekrai Nagar,1
trip_566_51,566,WEEKDAY,Bhosari Gavhane Vasti,1
trip_545_51,545,WEEKDAY,Alandi,1
trip_554_5,554,WEEKDAY,Bhekrai Nagar,1
trip_566_52,566,WEEKDAY,Bhosari Gavhane Vasti,1
trip_545_52,545,WEEKDAY,Alandi,1
trip_554_6,554,WEEKDAY,Bhekrai Nagar,1
trip_566_53,566,WEEKDAY,Bhosari Gavhane Vasti,1
trip_545_53,545,WEEKDAY,Alandi,1
trip_554_7,554,WEEKDAY,Bhekrai Nagar,1
trip_554_8,554,WEEKDAY,Bhekrai Nagar,1
trip_545_54,545,WEEKDAY,Alandi,1
trip_545_55,545,WEEKDAY,Alandi,1
trip_554_9,554,WEEKDAY,Bhekrai Nagar,1
trip_554_10,554,WEEKDAY,Bhekrai Nagar,1
trip_545_56,545,WEEKDAY,Alandi,1
trip_554_11,554,WEEKDAY,Bhekrai Nagar,1
trip_545_57,545,WEEKDAY,Alandi,1
trip_554_12,554,WEEKDAY,Bhekrai Nagar,1
trip_545_58,545,WEEKDAY,Alandi,1
trip_554_13,554,WEEKDAY,Bhekrai Nagar,1
trip_545_59,545,WEEKDAY,Alandi,1
trip_554_14,554,WEEKDAY,Bhekrai Nagar,1
trip_545_60,545,WEEKDAY,Alandi,1
trip_554_15,554,WEEKDAY,Bhekrai Nagar,1
trip_545_61,545,WEEKDAY,Alandi,1
trip_554_16,554,WEEKDAY,Bhekrai Nagar,1
trip_545_62,545,WEEKDAY,Alandi,1
trip_554_17,554,WEEKDAY,Bhekrai Nagar,1
trip_545_63,545,WEEKDAY,Alandi,1
trip_554_18,554,WEEKDAY,Bhekrai Nagar,1
trip_545_64,545,WEEKDAY,Alandi,1
trip_554_19,554,WEEKDAY,Bhekrai Nagar,1
trip_545_65,545,WEEKDAY,Alandi,1
trip_554_20,554,WEEKDAY,Bhekrai Nagar,1
trip_545_66,545,WEEKDAY,Alandi,1
trip_554_21,554,WEEKDAY,Bhekrai Nagar,1
trip_545_67,545,WEEKDAY,Alandi,1
trip_554_22,554,WEEKDAY,Bhekrai Nagar,1
trip_545_68,545,WEEKDAY,Alandi,1
trip_545_69,545,WEEKDAY,Alandi,1
trip_545_70,545,WEEKDAY,Alandi,1
trip_545_71,545,WEEKDAY,Alandi,1
trip_557_0,557,WEEKDAY,Katraj,0
trip_560_0,560,WEEKDAY,Shewalewadi Depot,1
trip_557_1,557,WEEKDAY,Katraj,0
trip_557_2,557,WEEKDAY,Katraj,0
trip_557_3,557,WEEKDAY,Katraj,0
trip_557_4,557,WEEKDAY,Katraj,0
trip_557_5,557,WEEKDAY,Katraj,0
trip_560_1,560,WEEKDAY,Shewalewadi Depot,1
trip_557_6,557,WEEKDAY,Katraj,0
trip_560_2,560,WEEKDAY,Shewalewadi Depot,1
trip_557_7,557,WEEKDAY,Katraj,0
trip_560_3,560,WEEKDAY,Shewalewadi Depot,1
trip_557_8,557,WEEKDAY,Katraj,0
trip_560_4,560,WEEKDAY,Shewalewadi Depot,1
trip_557_9,557,WEEKDAY,Katraj,0
trip_560_5,560,WEEKDAY,Shewalewadi Depot,1
trip_557_10,557,WEEKDAY,Katraj,0
trip_560_6,560,WEEKDAY,Shewalewadi Depot,1
trip_557_11,557,WEEKDAY,Katraj,0
trip_560_7,560,WEEKDAY,Shewalewadi Depot,1
trip_557_12,557,WEEKDAY,Katraj,0
trip_560_8,560,WEEKDAY,Shewalewadi Depot,1
trip_557_13,557,WEEKDAY,Katraj,0
trip_560_9,560,WEEKDAY,Shewalewadi Depot,1
trip_557_14,557,WEEKDAY,Katraj,0
trip_560_10,560,WEEKDAY,Shewalewadi Depot,1
trip_557_15,557,WEEKDAY,Katraj,0
trip_560_11,560,WEEKDAY,Shewalewadi Depot,1
trip_557_16,557,WEEKDAY,Katraj,0
trip_560_12,560,WEEKDAY,Shewalewadi Depot,1
trip_557_17,557,WEEKDAY,Katraj,0
trip_560_13,560,WEEKDAY,Shewalewadi Depot,1
trip_557_18,557,WEEKDAY,Katraj,0
trip_560_14,560,WEEKDAY,Shewalewadi Depot,1
trip_557_19,557,WEEKDAY,Katraj,0
trip_560_15,560,WEEKDAY,Shewalewadi Depot,1
trip_557_20,557,WEEKDAY,Katraj,0
trip_560_16,560,WEEKDAY,Shewalewadi Depot,1
trip_557_21,557,WEEKDAY,Katraj,0
trip_560_17,560,WEEKDAY,Shewalewadi Depot,1
trip_557_22,557,WEEKDAY,Katraj,0
trip_560_18,560,WEEKDAY,Shewalewadi Depot,1
trip_557_23,557,WEEKDAY,Katraj,0
trip_560_19,560,WEEKDAY,Shewalewadi Depot,1
trip_557_24,557,WEEKDAY,Katraj,0
trip_560_20,560,WEEKDAY,Shewalewadi Depot,1
trip_557_25,557,WEEKDAY,Katraj,0
trip_560_21,560,WEEKDAY,Shewalewadi Depot,1
trip_557_26,557,WEEKDAY,Katraj,0
trip_560_22,560,WEEKDAY,Shewalewadi Depot,1
trip_557_27,557,WEEKDAY,Katraj,0
trip_560_23,560,WEEKDAY,Shewalewadi Depot,1
trip_557_28,557,WEEKDAY,Katraj,0
trip_560_24,560,WEEKDAY,Shewalewadi Depot,1
trip_557_29,557,WEEKDAY,Katraj,0
trip_560_25,560,WEEKDAY,Shewalewadi Depot,1
trip_557_30,557,WEEKDAY,Katraj,0
trip_560_26,560,WEEKDAY,Shewalewadi Depot,1
trip_557_31,557,WEEKDAY,Katraj,0
trip_560_27,560,WEEKDAY,Shewalewadi Depot,1
trip_557_32,557,WEEKDAY,Katraj,0
trip_560_28,560,WEEKDAY,Shewalewadi Depot,1
trip_557_33,557,WEEKDAY,Katraj,0
trip_560_29,560,WEEKDAY,Shewalewadi Depot,1
trip_557_34,557,WEEKDAY,Katraj,0
trip_560_30,560,WEEKDAY,Shewalewadi Depot,1
trip_557_35,557,WEEKDAY,Katraj,0
trip_560_31,560,WEEKDAY,Shewalewadi Depot,1
trip_557_36,557,WEEKDAY,Katraj,0
trip_560_32,560,WEEKDAY,Shewalewadi Depot,1
trip_557_37,557,WEEKDAY,Katraj,0
trip_560_33,560,WEEKDAY,Shewalewadi Depot,1
trip_557_38,557,WEEKDAY,Katraj,0
trip_560_34,560,WEEKDAY,Shewalewadi Depot,1
trip_557_39,557,WEEKDAY,Katraj,0
trip_560_35,560,WEEKDAY,Shewalewadi Depot,1
trip_557_40,557,WEEKDAY,Katraj,0
trip_560_36,560,WEEKDAY,Shewalewadi Depot,1
trip_557_41,557,WEEKDAY,Katraj,0
trip_560_37,560,WEEKDAY,Shewalewadi Depot,1
trip_557_42,557,WEEKDAY,Katraj,0
trip_560_38,560,WEEKDAY,Shewalewadi Depot,1
trip_557_43,557,WEEKDAY,Katraj,0
trip_560_39,560,WEEKDAY,Shewalewadi Depot,1
trip_557_44,557,WEEKDAY,Katraj,0
trip_560_40,560,WEEKDAY,Shewalewadi Depot,1
trip_557_45,557,WEEKDAY,Katraj,0
trip_560_41,560,WEEKDAY,Shewalewadi Depot,1
trip_557_46,557,WEEKDAY,Katraj,0
trip_560_42,560,WEEKDAY,Shewalewadi Depot,1
trip_557_47,557,WEEKDAY,Katraj,0
trip_570_0,570,WEEKDAY,Akurdi Railway Station,1
trip_560_43,560,WEEKDAY,Shewalewadi Depot,1
trip_557_48,557,WEEKDAY,Katraj,0
trip_560_44,560,WEEKDAY,Shewalewadi Depot,1
trip_557_49,557,WEEKDAY,Katraj,0
trip_560_45,560,WEEKDAY,Shewalewadi Depot,1
trip_557_50,557,WEEKDAY,Katraj,0
trip_560_46,560,WEEKDAY,Shewalewadi Depot,1
trip_557_51,557,WEEKDAY,Katraj,0
trip_560_47,560,WEEKDAY,Shewalewadi Depot,1
trip_557_52,557,WEEKDAY,Katraj,0
trip_560_48,560,WEEKDAY,Shewalewadi Depot,1
trip_557_53,557,WEEKDAY,Katraj,0
trip_560_49,560,WEEKDAY,Shewalewadi Depot,1
trip_557_54,557,WEEKDAY,Katraj,0
trip_560_50,560,WEEKDAY,Shewalewadi Depot,1
trip_557_55,557,WEEKDAY,Katraj,0
trip_560_51,560,WEEKDAY,Shewalewadi Depot,1
trip_557_56,557,WEEKDAY,Katraj,0
trip_570_1,570,WEEKDAY,Akurdi Railway Station,1
trip_560_52,560,WEEKDAY,Shewalewadi Depot,1
trip_557_57,557,WEEKDAY,Katraj,0
trip_570_2,570,WEEKDAY,Akurdi Railway Station,1
trip_560_53,560,WEEKDAY,Shewalewadi Depot,1
trip_557_58,557,WEEKDAY,Katraj,0
trip_570_3,570,WEEKDAY,Akurdi Railway Station,1
trip_560_54,560,WEEKDAY,Shewalewadi Depot,1
trip_570_4,570,WEEKDAY,Akurdi Railway Station,1
trip_557_59,557,WEEKDAY,Katraj,0
trip_560_55,560,WEEKDAY,Shewalewadi Depot,1
trip_570_5,570,WEEKDAY,Akurdi Railway Station,1
trip_557_60,557,WEEKDAY,Katraj,0
trip_560_56,560,WEEKDAY,Shewalewadi Depot,1
trip_570_6,570,WEEKDAY,Akurdi Railway Station,1
trip_557_61,557,WEEKDAY,Katraj,0
trip_570_7,570,WEEKDAY,Akurdi Railway Station,1
trip_560_57,560,WEEKDAY,Shewalewadi Depot,1
trip_557_62,557,WEEKDAY,Katraj,0
trip_570_8,570,WEEKDAY,Akurdi Railway Station,1
trip_560_58,560,WEEKDAY,Shewalewadi Depot,1
trip_570_9,570,WEEKDAY,Akurdi Railway Station,1
trip_557_63,557,WEEKDAY,Katraj,0
trip_570_10,570,WEEKDAY,Akurdi Railway Station,1
trip_560_59,560,WEEKDAY,Shewalewadi Depot,1
trip_557_64,557,WEEKDAY,Katraj,0
trip_570_11,570,WEEKDAY,Akurdi Railway Station,1
trip_560_60,560,WEEKDAY,Shewalewadi Depot,1
trip_570_12,570,WEEKDAY,Akurdi Railway Station,1
trip_557_65,557,WEEKDAY,Katraj,0
trip_570_13,570,WEEKDAY,Akurdi Railway Station,1
trip_560_61,560,WEEKDAY,Shewalewadi Depot,1
trip_557_66,557,WEEKDAY,Katraj,0
trip_570_14,570,WEEKDAY,Akurdi Railway Station,1
trip_570_15,570,WEEKDAY,Akurdi Railway Station,1
trip_560_62,560,WEEKDAY,Shewalewadi Depot,1
trip_570_16,570,WEEKDAY,Akurdi Railway Station,1
trip_557_67,557,WEEKDAY,Katraj,0
trip_560_63,560,WEEKDAY,Shewalewadi Depot,1
trip_570_17,570,WEEKDAY,Akurdi Railway Station,1
trip_557_68,557,WEEKDAY,Katraj,0
trip_570_18,570,WEEKDAY,Akurdi Railway Station,1
trip_560_64,560,WEEKDAY,Shewalewadi Depot,1
trip_570_19,570,WEEKDAY,Akurdi Railway Station,1
trip_557_69,557,WEEKDAY,Katraj,0
trip_560_65,560,WEEKDAY,Shewalewadi Depot,1
trip_570_20,570,WEEKDAY,Akurdi Railway Station,1
trip_557_70,557,WEEKDAY,Katraj,0
trip_560_66,560,WEEKDAY,Shewalewadi Depot,1
trip_570_21,570,WEEKDAY,Akurdi Railway Station,1
trip_570_22,570,WEEKDAY,Akurdi Railway Station,1
trip_560_67,560,WEEKDAY,Shewalewadi Depot,1
trip_561_0,561,WEEKDAY,Pimprigaon,0
trip_557_71,557,WEEKDAY,Katraj,0
trip_570_23,570,WEEKDAY,Akurdi Railway Station,1
trip_560_68,560,WEEKDAY,Shewalewadi Depot,1
trip_557_72,557,WEEKDAY,Katraj,0
trip_570_24,570,WEEKDAY,Akurdi Railway Station,1
trip_560_69,560,WEEKDAY,Shewalewadi Depot,1
trip_569_0,569,WEEKDAY,Nigdi Pawale Chowk,0
trip_570_25,570,WEEKDAY,Akurdi Railway Station,1
trip_557_73,557,WEEKDAY,Katraj,0
trip_570_26,570,WEEKDAY,Akurdi Railway Station,1
trip_560_70,560,WEEKDAY,Shewalewadi Depot,1
trip_557_74,557,WEEKDAY,Katraj,0
trip_570_27,570,WEEKDAY,Akurdi Railway Station,1
trip_560_71,560,WEEKDAY,Shewalewadi Depot,1
trip_557_75,557,WEEKDAY,Katraj,0
trip_570_28,570,WEEKDAY,Akurdi Railway Station,1
trip_570_29,570,WEEKDAY,Akurdi Railway Station,1
trip_560_72,560,WEEKDAY,Shewalewadi Depot,1
trip_557_76,557,WEEKDAY,Katraj,0
trip_570_30,570,WEEKDAY,Akurdi Railway Station,1
trip_560_73,560,WEEKDAY,Shewalewadi Depot,1
trip_557_77,557,WEEKDAY,Katraj,0
trip_570_31,570,WEEKDAY,Akurdi Railway Station,1
trip_560_74,560,WEEKDAY,Shewalewadi Depot,1
trip_557_78,557,WEEKDAY,Katraj,0
trip_570_32,570,WEEKDAY,Akurdi Railway Station,1
trip_560_75,560,WEEKDAY,Shewalewadi Depot,1
trip_570_33,570,WEEKDAY,Akurdi Railway Station,1
trip_557_79,557,WEEKDAY,Katraj,0
trip_570_34,570,WEEKDAY,Akurdi Railway Station,1
trip_560_76,560,WEEKDAY,Shewalewadi Depot,1
trip_557_80,557,WEEKDAY,Katraj,0
trip_570_35,570,WEEKDAY,Akurdi Railway Station,1
trip_560_77,560,WEEKDAY,Shewalewadi Depot,1
trip_570_36,570,WEEKDAY,Akurdi Railway Station,1
trip_557_81,557,WEEKDAY,Katraj,0
trip_560_78,560,WEEKDAY,Shewalewadi Depot,1
trip_570_37,570,WEEKDAY,Akurdi Railway Station,1
trip_557_82,557,WEEKDAY,Katraj,0
trip_570_38,570,WEEKDAY,Akurdi Railway Station,1
trip_560_79,560,WEEKDAY,Shewalewadi Depot,1
trip_570_39,570,WEEKDAY,Akurdi Railway Station,1
trip_569_1,569,WEEKDAY,Nigdi Pawale Chowk,0
trip_557_83,557,WEEKDAY,Katraj,0
trip_560_80,560,WEEKDAY,Shewalewadi Depot,1
trip_569_2,569,WEEKDAY,Nigdi Pawale Chowk,0
trip_557_84,557,WEEKDAY,Katraj,0
trip_560_81,560,WEEKDAY,Shewalewadi Depot,1
trip_569_3,569,WEEKDAY,Nigdi Pawale Chowk,0
trip_557_85,557,WEEKDAY,Katraj,0
trip_560_82,560,WEEKDAY,Shewalewadi Depot,1
trip_569_4,569,WEEKDAY,Nigdi Pawale Chowk,0
trip_557_86,557,WEEKDAY,Katraj,0
trip_569_5,569,WEEKDAY,Nigdi Pawale Chowk,0
trip_560_83,560,WEEKDAY,Shewalewadi Depot,1
trip_569_6,569,WEEKDAY,Nigdi Pawale Chowk,0
trip_557_87,557,WEEKDAY,Katraj,0
trip_569_7,569,WEEKDAY,Nigdi Pawale Chowk,0
trip_560_84,560,WEEKDAY,Shewalewadi Depot,1
trip_562_0,562,WEEKDAY,Alandi,1
trip_569_8,569,WEEKDAY,Nigdi Pawale Chowk,0
trip_557_88,557,WEEKDAY,Katraj,0
trip_560_85,560,WEEKDAY,Shewalewadi Depot,1
trip_569_9,569,WEEKDAY,Nigdi Pawale Chowk,0
trip_560_86,560,WEEKDAY,Shewalewadi Depot,1
trip_557_89,557,WEEKDAY,Katraj,0
trip_569_10,569,WEEKDAY,Nigdi Pawale Chowk,0
trip_560_87,560,WEEKDAY,Shewalewadi Depot,1
trip_557_90,557,WEEKDAY,Katraj,0
trip_569_11,569,WEEKDAY,Nigdi Pawale Chowk,0
trip_569_12,569,WEEKDAY,Nigdi Pawale Chowk,0
trip_560_88,560,WEEKDAY,Shewalewadi Depot,1
trip_557_91,557,WEEKDAY,Katraj,0
trip_569_13,569,WEEKDAY,Nigdi Pawale Chowk,0
trip_560_89,560,WEEKDAY,Shewalewadi Depot,1
trip_569_14,569,WEEKDAY,Nigdi Pawale Chowk,0
trip_557_92,557,WEEKDAY,Katraj,0
trip_560_90,560,WEEKDAY,Shewalewadi Depot,1
trip_569_15,569,WEEKDAY,Nigdi Pawale Chowk,0
trip_557_93,557,WEEKDAY,Katraj,0
trip_569_16,569,WEEKDAY,Nigdi Pawale Chowk,0
trip_560_91,560,WEEKDAY,Shewalewadi Depot,1
trip_557_94,557,WEEKDAY,Katraj,0
trip_569_17,569,WEEKDAY,Nigdi Pawale Chowk,0
trip_560_92,560,WEEKDAY,Shewalewadi Depot,1
trip_569_18,569,WEEKDAY,Nigdi Pawale Chowk,0
trip_557_95,557,WEEKDAY,Katraj,0
trip_560_93,560,WEEKDAY,Shewalewadi Depot,1
trip_569_19,569,WEEKDAY,Nigdi Pawale Chowk,0
trip_557_96,557,WEEKDAY,Katraj,0
trip_569_20,569,WEEKDAY,Nigdi Pawale Chowk,0
trip_560_94,560,WEEKDAY,Shewalewadi Depot,1
trip_557_97,557,WEEKDAY,Katraj,0
trip_569_21,569,WEEKDAY,Nigdi Pawale Chowk,0
trip_561_1,561,WEEKDAY,Pimprigaon,0
trip_560_95,560,WEEKDAY,Shewalewadi Depot,1
trip_569_22,569,WEEKDAY,Nigdi Pawale Chowk,0
trip_560_96,560,WEEKDAY,Shewalewadi Depot,1
trip_569_23,569,WEEKDAY,Nigdi Pawale Chowk,0
trip_569_24,569,WEEKDAY,Nigdi Pawale Chowk,0
trip_560_97,560,WEEKDAY,Shewalewadi Depot,1
trip_569_25,569,WEEKDAY,Nigdi Pawale Chowk,0
trip_560_98,560,WEEKDAY,Shewalewadi Depot,1
trip_569_26,569,WEEKDAY,Nigdi Pawale Chowk,0
trip_560_99,560,WEEKDAY,Shewalewadi Depot,1
trip_569_27,569,WEEKDAY,Nigdi Pawale Chowk,0
trip_569_28,569,WEEKDAY,Nigdi Pawale Chowk,0
trip_569_29,569,WEEKDAY,Nigdi Pawale Chowk,0
trip_569_30,569,WEEKDAY,Nigdi Pawale Chowk,0
trip_569_31,569,WEEKDAY,Nigdi Pawale Chowk,0
trip_569_32,569,WEEKDAY,Nigdi Pawale Chowk,0
trip_569_33,569,WEEKDAY,Nigdi Pawale Chowk,0
trip_569_34,569,WEEKDAY,Nigdi Pawale Chowk,0
trip_569_35,569,WEEKDAY,Nigdi Pawale Chowk,0
trip_569_36,569,WEEKDAY,Nigdi Pawale Chowk,0
trip_569_37,569,WEEKDAY,Nigdi Pawale Chowk,0
trip_569_38,569,WEEKDAY,Nigdi Pawale Chowk,0
trip_562_1,562,WEEKDAY,Alandi,1
trip_572_0,572,WEEKDAY,Bhosari Gavhane Vasti,1
trip_572_1,572,WEEKDAY,Bhosari Gavhane Vasti,1
trip_572_2,572,WEEKDAY,Bhosari Gavhane Vasti,1
trip_572_3,572,WEEKDAY,Bhosari Gavhane Vasti,1
trip_572_4,572,WEEKDAY,Bhosari Gavhane Vasti,1
trip_572_5,572,WEEKDAY,Bhosari Gavhane Vasti,1
trip_572_6,572,WEEKDAY,Bhosari Gavhane Vasti,1
trip_572_7,572,WEEKDAY,Bhosari Gavhane Vasti,1
trip_572_8,572,WEEKDAY,Bhosari Gavhane Vasti,1
trip_572_9,572,WEEKDAY,Bhosari Gavhane Vasti,1
trip_572_10,572,WEEKDAY,Bhosari Gavhane Vasti,1
trip_572_11,572,WEEKDAY,Bhosari Gavhane Vasti,1
trip_572_12,572,WEEKDAY,Bhosari Gavhane Vasti,1
trip_572_13,572,WEEKDAY,Bhosari Gavhane Vasti,1
trip_572_14,572,WEEKDAY,Bhosari Gavhane Vasti,1
trip_572_15,572,WEEKDAY,Bhosari Gavhane Vasti,1
trip_572_16,572,WEEKDAY,Bhosari Gavhane Vasti,1
trip_572_17,572,WEEKDAY,Bhosari Gavhane Vasti,1
trip_572_18,572,WEEKDAY,Bhosari Gavhane Vasti,1
trip_572_19,572,WEEKDAY,Bhosari Gavhane Vasti,1
trip_572_20,572,WEEKDAY,Bhosari Gavhane Vasti,1
trip_572_21,572,WEEKDAY,Bhosari Gavhane Vasti,1
trip_572_22,572,WEEKDAY,Bhosari Gavhane Vasti,1
trip_572_23,572,WEEKDAY,Bhosari Gavhane Vasti,1
trip_572_24,572,WEEKDAY,Bhosari Gavhane Vasti,1
trip_572_25,572,WEEKDAY,Bhosari Gavhane Vasti,1
trip_572_26,572,WEEKDAY,Bhosari Gavhane Vasti,1
trip_572_27,572,WEEKDAY,Bhosari Gavhane Vasti,1
trip_572_28,572,WEEKDAY,Bhosari Gavhane Vasti,1
trip_572_29,572,WEEKDAY,Bhosari Gavhane Vasti,1
trip_572_30,572,WEEKDAY,Bhosari Gavhane Vasti,1
trip_567_0,567,WEEKDAY,Nigdi Pawale Chowk,0
trip_572_31,572,WEEKDAY,Bhosari Gavhane Vasti,1
trip_572_32,572,WEEKDAY,Bhosari Gavhane Vasti,1
trip_572_33,572,WEEKDAY,Bhosari Gavhane Vasti,1
trip_572_34,572,WEEKDAY,Bhosari Gavhane Vasti,1
trip_572_35,572,WEEKDAY,Bhosari Gavhane Vasti,1
trip_572_36,572,WEEKDAY,Bhosari Gavhane Vasti,1
trip_572_37,572,WEEKDAY,Bhosari Gavhane Vasti,1
trip_572_38,572,WEEKDAY,Bhosari Gavhane Vasti,1
trip_572_39,572,WEEKDAY,Bhosari Gavhane Vasti,1
trip_572_40,572,WEEKDAY,Bhosari Gavhane Vasti,1
trip_572_41,572,WEEKDAY,Bhosari Gavhane Vasti,1
trip_572_42,572,WEEKDAY,Bhosari Gavhane Vasti,1
trip_572_43,572,WEEKDAY,Bhosari Gavhane Vasti,1
trip_572_44,572,WEEKDAY,Bhosari Gavhane Vasti,1
trip_572_45,572,WEEKDAY,Bhosari Gavhane Vasti,1
trip_572_46,572,WEEKDAY,Bhosari Gavhane Vasti,1
trip_572_47,572,WEEKDAY,Bhosari Gavhane Vasti,1
trip_572_48,572,WEEKDAY,Bhosari Gavhane Vasti,1
trip_572_49,572,WEEKDAY,Bhosari Gavhane Vasti,1
trip_572_50,572,WEEKDAY,Bhosari Gavhane Vasti,1
trip_572_51,572,WEEKDAY,Bhosari Gavhane Vasti,1
trip_572_52,572,WEEKDAY,Bhosari Gavhane Vasti,1
trip_572_53,572,WEEKDAY,Bhosari Gavhane Vasti,1
trip_572_54,572,WEEKDAY,Bhosari Gavhane Vasti,1
trip_572_55,572,WEEKDAY,Bhosari Gavhane Vasti,1
trip_572_56,572,WEEKDAY,Bhosari Gavhane Vasti,1
trip_572_57,572,WEEKDAY,Bhosari Gavhane Vasti,1
trip_567_1,567,WEEKDAY,Nigdi Pawale Chowk,0
trip_572_58,572,WEEKDAY,Bhosari Gavhane Vasti,1
trip_567_2,567,WEEKDAY,Nigdi Pawale Chowk,0
trip_572_59,572,WEEKDAY,Bhosari Gavhane Vasti,1
trip_572_60,572,WEEKDAY,Bhosari Gavhane Vasti,1
trip_572_61,572,WEEKDAY,Bhosari Gavhane Vasti,1
trip_572_62,572,WEEKDAY,Bhosari Gavhane Vasti,1
trip_572_63,572,WEEKDAY,Bhosari Gavhane Vasti,1
trip_572_64,572,WEEKDAY,Bhosari Gavhane Vasti,1
trip_572_65,572,WEEKDAY,Bhosari Gavhane Vasti,1
trip_572_66,572,WEEKDAY,Bhosari Gavhane Vasti,1
trip_572_67,572,WEEKDAY,Bhosari Gavhane Vasti,1
trip_572_68,572,WEEKDAY,Bhosari Gavhane Vasti,1
trip_572_69,572,WEEKDAY,Bhosari Gavhane Vasti,1
trip_572_70,572,WEEKDAY,Bhosari Gavhane Vasti,1
trip_572_71,572,WEEKDAY,Bhosari Gavhane Vasti,1
trip_572_72,572,WEEKDAY,Bhosari Gavhane Vasti,1
trip_572_73,572,WEEKDAY,Bhosari Gavhane Vasti,1
trip_572_74,572,WEEKDAY,Bhosari Gavhane Vasti,1
trip_572_75,572,WEEKDAY,Bhosari Gavhane Vasti,1
trip_572_76,572,WEEKDAY,Bhosari Gavhane Vasti,1
trip_572_77,572,WEEKDAY,Bhosari Gavhane Vasti,1
trip_572_78,572,WEEKDAY,Bhosari Gavhane Vasti,1
trip_568_0,568,WEEKDAY,Gahunjegaon,1
trip_572_79,572,WEEKDAY,Bhosari Gavhane Vasti,1
trip_572_80,572,WEEKDAY,Bhosari Gavhane Vasti,1
trip_568_1,568,WEEKDAY,Gahunjegaon,1
trip_568_2,568,WEEKDAY,Gahunjegaon,1
trip_571_0,571,WEEKDAY,Chinchwadgaon,0
trip_571_1,571,WEEKDAY,Chinchwadgaon,0
trip_571_2,571,WEEKDAY,Chinchwadgaon,0
trip_571_3,571,WEEKDAY,Chinchwadgaon,0
trip_571_4,571,WEEKDAY,Chinchwadgaon,0
trip_571_5,571,WEEKDAY,Chinchwadgaon,0
trip_571_6,571,WEEKDAY,Chinchwadgaon,0
trip_571_7,571,WEEKDAY,Chinchwadgaon,0
trip_571_8,571,WEEKDAY,Chinchwadgaon,0
trip_571_9,571,WEEKDAY,Chinchwadgaon,0
trip_571_10,571,WEEKDAY,Chinchwadgaon,0
trip_571_11,571,WEEKDAY,Chinchwadgaon,0
trip_571_12,571,WEEKDAY,Chinchwadgaon,0
trip_571_13,571,WEEKDAY,Chinchwadgaon,0
trip_571_14,571,WEEKDAY,Chinchwadgaon,0
trip_571_15,571,WEEKDAY,Chinchwadgaon,0
trip_571_16,571,WEEKDAY,Chinchwadgaon,0
trip_571_17,571,WEEKDAY,Chinchwadgaon,0
trip_571_18,571,WEEKDAY,Chinchwadgaon,0
trip_571_19,571,WEEKDAY,Chinchwadgaon,0
trip_571_20,571,WEEKDAY,Chinchwadgaon,0
trip_571_21,571,WEEKDAY,Chinchwadgaon,0
trip_571_22,571,WEEKDAY,Chinchwadgaon,0
trip_571_23,571,WEEKDAY,Chinchwadgaon,0
trip_571_24,571,WEEKDAY,Chinchwadgaon,0
trip_571_25,571,WEEKDAY,Chinchwadgaon,0
trip_571_26,571,WEEKDAY,Chinchwadgaon,0
trip_571_27,571,WEEKDAY,Chinchwadgaon,0
trip_571_28,571,WEEKDAY,Chinchwadgaon,0
trip_571_29,571,WEEKDAY,Chinchwadgaon,0
trip_571_30,571,WEEKDAY,Chinchwadgaon,0
trip_571_31,571,WEEKDAY,Chinchwadgaon,0
trip_571_32,571,WEEKDAY,Chinchwadgaon,0
trip_571_33,571,WEEKDAY,Chinchwadgaon,0
trip_571_34,571,WEEKDAY,Chinchwadgaon,0
trip_571_35,571,WEEKDAY,Chinchwadgaon,0
trip_571_36,571,WEEKDAY,Chinchwadgaon,0
trip_571_37,571,WEEKDAY,Chinchwadgaon,0
trip_571_38,571,WEEKDAY,Chinchwadgaon,0
trip_571_39,571,WEEKDAY,Chinchwadgaon,0
trip_571_40,571,WEEKDAY,Chinchwadgaon,0
trip_571_41,571,WEEKDAY,Chinchwadgaon,0
trip_571_42,571,WEEKDAY,Chinchwadgaon,0
trip_571_43,571,WEEKDAY,Chinchwadgaon,0
trip_571_44,571,WEEKDAY,Chinchwadgaon,0
trip_571_45,571,WEEKDAY,Chinchwadgaon,0
trip_571_46,571,WEEKDAY,Chinchwadgaon,0
trip_571_47,571,WEEKDAY,Chinchwadgaon,0
trip_571_48,571,WEEKDAY,Chinchwadgaon,0
trip_571_49,571,WEEKDAY,Chinchwadgaon,0
trip_571_50,571,WEEKDAY,Chinchwadgaon,0
trip_571_51,571,WEEKDAY,Chinchwadgaon,0
trip_571_52,571,WEEKDAY,Chinchwadgaon,0
trip_571_53,571,WEEKDAY,Chinchwadgaon,0
trip_571_54,571,WEEKDAY,Chinchwadgaon,0
trip_571_55,571,WEEKDAY,Chinchwadgaon,0
trip_571_56,571,WEEKDAY,Chinchwadgaon,0
trip_571_57,571,WEEKDAY,Chinchwadgaon,0
trip_571_58,571,WEEKDAY,Chinchwadgaon,0
trip_571_59,571,WEEKDAY,Chinchwadgaon,0
trip_571_60,571,WEEKDAY,Chinchwadgaon,0
trip_571_61,571,WEEKDAY,Chinchwadgaon,0
trip_571_62,571,WEEKDAY,Chinchwadgaon,0
trip_571_63,571,WEEKDAY,Chinchwadgaon,0
trip_571_64,571,WEEKDAY,Chinchwadgaon,0
trip_571_65,571,WEEKDAY,Chinchwadgaon,0
trip_571_66,571,WEEKDAY,Chinchwadgaon,0
trip_571_67,571,WEEKDAY,Chinchwadgaon,0
trip_571_68,571,WEEKDAY,Chinchwadgaon,0
trip_571_69,571,WEEKDAY,Chinchwadgaon,0
trip_571_70,571,WEEKDAY,Chinchwadgaon,0
trip_571_71,571,WEEKDAY,Chinchwadgaon,0
trip_571_72,571,WEEKDAY,Chinchwadgaon,0
trip_571_73,571,WEEKDAY,Chinchwadgaon,0
trip_571_74,571,WEEKDAY,Chinchwadgaon,0
trip_571_75,571,WEEKDAY,Chinchwadgaon,0
trip_571_76,571,WEEKDAY,Chinchwadgaon,0
trip_571_77,571,WEEKDAY,Chinchwadgaon,0
trip_571_78,571,WEEKDAY,Chinchwadgaon,0
trip_571_79,571,WEEKDAY,Chinchwadgaon,0
trip_571_80,571,WEEKDAY,Chinchwadgaon,0
trip_581_0,581,WEEKDAY,Dange Chowk,0
trip_581_1,581,WEEKDAY,Dange Chowk,0
trip_581_2,581,WEEKDAY,Dange Chowk,0
trip_581_3,581,WEEKDAY,Dange Chowk,0
trip_581_4,581,WEEKDAY,Dange Chowk,0
trip_581_5,581,WEEKDAY,Dange Chowk,0
trip_581_6,581,WEEKDAY,Dange Chowk,0
trip_579_0,579,WEEKDAY,Dange Chowk,0
trip_579_1,579,WEEKDAY,Dange Chowk,0
trip_579_2,579,WEEKDAY,Dange Chowk,0
trip_579_3,579,WEEKDAY,Dange Chowk,0
trip_580_0,580,WEEKDAY,Hinjewadi Hills Dattawadi,1
trip_580_1,580,WEEKDAY,Hinjewadi Hills Dattawadi,1
trip_580_2,580,WEEKDAY,Hinjewadi Hills Dattawadi,1
trip_580_3,580,WEEKDAY,Hinjewadi Hills Dattawadi,1
trip_582_0,582,WEEKDAY,Megapolis Phase 3,1
trip_582_1,582,WEEKDAY,Megapolis Phase 3,1
trip_582_2,582,WEEKDAY,Megapolis Phase 3,1
trip_582_3,582,WEEKDAY,Megapolis Phase 3,1
trip_582_4,582,WEEKDAY,Megapolis Phase 3,1
trip_582_5,582,WEEKDAY,Megapolis Phase 3,1
trip_582_6,582,WEEKDAY,Megapolis Phase 3,1
trip_582_7,582,WEEKDAY,Megapolis Phase 3,1
trip_582_8,582,WEEKDAY,Megapolis Phase 3,1
trip_582_9,582,WEEKDAY,Megapolis Phase 3,1
trip_577_0,577,WEEKDAY,Nigdi Pawale Chowk,0
trip_582_10,582,WEEKDAY,Megapolis Phase 3,1
trip_578_0,578,WEEKDAY,Vadgaon Mawal,1
trip_577_1,577,WEEKDAY,Nigdi Pawale Chowk,0
trip_577_2,577,WEEKDAY,Nigdi Pawale Chowk,0
trip_577_3,577,WEEKDAY,Nigdi Pawale Chowk,0
trip_577_4,577,WEEKDAY,Nigdi Pawale Chowk,0
trip_577_5,577,WEEKDAY,Nigdi Pawale Chowk,0
trip_577_6,577,WEEKDAY,Nigdi Pawale Chowk,0
trip_578_1,578,WEEKDAY,Vadgaon Mawal,1
trip_577_7,577,WEEKDAY,Nigdi Pawale Chowk,0
trip_578_2,578,WEEKDAY,Vadgaon Mawal,1
trip_577_8,577,WEEKDAY,Nigdi Pawale Chowk,0
trip_578_3,578,WEEKDAY,Vadgaon Mawal,1
trip_577_9,577,WEEKDAY,Nigdi Pawale Chowk,0
trip_578_4,578,WEEKDAY,Vadgaon Mawal,1
trip_577_10,577,WEEKDAY,Nigdi Pawale Chowk,0
trip_578_5,578,WEEKDAY,Vadgaon Mawal,1
trip_577_11,577,WEEKDAY,Nigdi Pawale Chowk,0
trip_578_6,578,WEEKDAY,Vadgaon Mawal,1
trip_577_12,577,WEEKDAY,Nigdi Pawale Chowk,0
trip_578_7,578,WEEKDAY,Vadgaon Mawal,1
trip_577_13,577,WEEKDAY,Nigdi Pawale Chowk,0
trip_578_8,578,WEEKDAY,Vadgaon Mawal,1
trip_577_14,577,WEEKDAY,Nigdi Pawale Chowk,0
trip_578_9,578,WEEKDAY,Vadgaon Mawal,1
trip_577_15,577,WEEKDAY,Nigdi Pawale Chowk,0
trip_578_10,578,WEEKDAY,Vadgaon Mawal,1
trip_577_16,577,WEEKDAY,Nigdi Pawale Chowk,0
trip_578_11,578,WEEKDAY,Vadgaon Mawal,1
trip_577_17,577,WEEKDAY,Nigdi Pawale Chowk,0
trip_578_12,578,WEEKDAY,Vadgaon Mawal,1
trip_577_18,577,WEEKDAY,Nigdi Pawale Chowk,0
trip_578_13,578,WEEKDAY,Vadgaon Mawal,1
trip_577_19,577,WEEKDAY,Nigdi Pawale Chowk,0
trip_578_14,578,WEEKDAY,Vadgaon Mawal,1
trip_577_20,577,WEEKDAY,Nigdi Pawale Chowk,0
trip_578_15,578,WEEKDAY,Vadgaon Mawal,1
trip_577_21,577,WEEKDAY,Nigdi Pawale Chowk,0
trip_578_16,578,WEEKDAY,Vadgaon Mawal,1
trip_577_22,577,WEEKDAY,Nigdi Pawale Chowk,0
trip_578_17,578,WEEKDAY,Vadgaon Mawal,1
trip_577_23,577,WEEKDAY,Nigdi Pawale Chowk,0
trip_578_18,578,WEEKDAY,Vadgaon Mawal,1
trip_577_24,577,WEEKDAY,Nigdi Pawale Chowk,0
trip_578_19,578,WEEKDAY,Vadgaon Mawal,1
trip_577_25,577,WEEKDAY,Nigdi Pawale Chowk,0
trip_578_20,578,WEEKDAY,Vadgaon Mawal,1
trip_577_26,577,WEEKDAY,Nigdi Pawale Chowk,0
trip_578_21,578,WEEKDAY,Vadgaon Mawal,1
trip_577_27,577,WEEKDAY,Nigdi Pawale Chowk,0
trip_578_22,578,WEEKDAY,Vadgaon Mawal,1
trip_577_28,577,WEEKDAY,Nigdi Pawale Chowk,0
trip_578_23,578,WEEKDAY,Vadgaon Mawal,1
trip_577_29,577,WEEKDAY,Nigdi Pawale Chowk,0
trip_578_24,578,WEEKDAY,Vadgaon Mawal,1
trip_577_30,577,WEEKDAY,Nigdi Pawale Chowk,0
trip_578_25,578,WEEKDAY,Vadgaon Mawal,1
trip_577_31,577,WEEKDAY,Nigdi Pawale Chowk,0
trip_577_32,577,WEEKDAY,Nigdi Pawale Chowk,0
trip_578_26,578,WEEKDAY,Vadgaon Mawal,1
trip_577_33,577,WEEKDAY,Nigdi Pawale Chowk,0
trip_578_27,578,WEEKDAY,Vadgaon Mawal,1
trip_577_34,577,WEEKDAY,Nigdi Pawale Chowk,0
trip_578_28,578,WEEKDAY,Vadgaon Mawal,1
trip_577_35,577,WEEKDAY,Nigdi Pawale Chowk,0
trip_578_29,578,WEEKDAY,Vadgaon Mawal,1
trip_577_36,577,WEEKDAY,Nigdi Pawale Chowk,0
trip_578_30,578,WEEKDAY,Vadgaon Mawal,1
trip_577_37,577,WEEKDAY,Nigdi Pawale Chowk,0
trip_578_31,578,WEEKDAY,Vadgaon Mawal,1
trip_577_38,577,WEEKDAY,Nigdi Pawale Chowk,0
trip_578_32,578,WEEKDAY,Vadgaon Mawal,1
trip_577_39,577,WEEKDAY,Nigdi Pawale Chowk,0
trip_578_33,578,WEEKDAY,Vadgaon Mawal,1
trip_578_34,578,WEEKDAY,Vadgaon Mawal,1
trip_578_35,578,WEEKDAY,Vadgaon Mawal,1
trip_578_36,578,WEEKDAY,Vadgaon Mawal,1
trip_578_37,578,WEEKDAY,Vadgaon Mawal,1
trip_578_38,578,WEEKDAY,Vadgaon Mawal,1
trip_578_39,578,WEEKDAY,Vadgaon Mawal,1
trip_585_0,585,WEEKDAY,Nigdi Pawale Chowk,0
trip_583_0,583,WEEKDAY,Chinchwadgaon,0
trip_585_1,585,WEEKDAY,Nigdi Pawale Chowk,0
trip_585_2,585,WEEKDAY,Nigdi Pawale Chowk,0
trip_585_3,585,WEEKDAY,Nigdi Pawale Chowk,0
trip_585_4,585,WEEKDAY,Nigdi Pawale Chowk,0
trip_585_5,585,WEEKDAY,Nigdi Pawale Chowk,0
trip_585_6,585,WEEKDAY,Nigdi Pawale Chowk,0
trip_585_7,585,WEEKDAY,Nigdi Pawale Chowk,0
trip_585_8,585,WEEKDAY,Nigdi Pawale Chowk,0
trip_585_9,585,WEEKDAY,Nigdi Pawale Chowk,0
trip_585_10,585,WEEKDAY,Nigdi Pawale Chowk,0
trip_585_11,585,WEEKDAY,Nigdi Pawale Chowk,0
trip_583_1,583,WEEKDAY,Chinchwadgaon,0
trip_585_12,585,WEEKDAY,Nigdi Pawale Chowk,0
trip_585_13,585,WEEKDAY,Nigdi Pawale Chowk,0
trip_583_2,583,WEEKDAY,Chinchwadgaon,0
trip_585_14,585,WEEKDAY,Nigdi Pawale Chowk,0
trip_583_3,583,WEEKDAY,Chinchwadgaon,0
trip_585_15,585,WEEKDAY,Nigdi Pawale Chowk,0
trip_583_4,583,WEEKDAY,Chinchwadgaon,0
trip_585_16,585,WEEKDAY,Nigdi Pawale Chowk,0
trip_585_17,585,WEEKDAY,Nigdi Pawale Chowk,0
trip_585_18,585,WEEKDAY,Nigdi Pawale Chowk,0
trip_585_19,585,WEEKDAY,Nigdi Pawale Chowk,0
trip_586_0,586,WEEKDAY,Gharkul Vasahat Chikhali,1
trip_586_1,586,WEEKDAY,Gharkul Vasahat Chikhali,1
trip_586_2,586,WEEKDAY,Gharkul Vasahat Chikhali,1
trip_586_3,586,WEEKDAY,Gharkul Vasahat Chikhali,1
trip_586_4,586,WEEKDAY,Gharkul Vasahat Chikhali,1
trip_586_5,586,WEEKDAY,Gharkul Vasahat Chikhali,1
trip_586_6,586,WEEKDAY,Gharkul Vasahat Chikhali,1
trip_586_7,586,WEEKDAY,Gharkul Vasahat Chikhali,1
trip_586_8,586,WEEKDAY,Gharkul Vasahat Chikhali,1
trip_586_9,586,WEEKDAY,Gharkul Vasahat Chikhali,1
trip_586_10,586,WEEKDAY,Gharkul Vasahat Chikhali,1
trip_586_11,586,WEEKDAY,Gharkul Vasahat Chikhali,1
trip_586_12,586,WEEKDAY,Gharkul Vasahat Chikhali,1
trip_586_13,586,WEEKDAY,Gharkul Vasahat Chikhali,1
trip_586_14,586,WEEKDAY,Gharkul Vasahat Chikhali,1
trip_586_15,586,WEEKDAY,Gharkul Vasahat Chikhali,1
trip_586_16,586,WEEKDAY,Gharkul Vasahat Chikhali,1
trip_586_17,586,WEEKDAY,Gharkul Vasahat Chikhali,1
trip_586_18,586,WEEKDAY,Gharkul Vasahat Chikhali,1
trip_586_19,586,WEEKDAY,Gharkul Vasahat Chikhali,1
trip_584_0,584,WEEKDAY,ISKCON Mandir in Shindewasti Ravet,1
trip_584_1,584,WEEKDAY,ISKCON Mandir in Shindewasti Ravet,1
trip_584_2,584,WEEKDAY,ISKCON Mandir in Shindewasti Ravet,1
trip_584_3,584,WEEKDAY,ISKCON Mandir in Shindewasti Ravet,1
trip_584_4,584,WEEKDAY,ISKCON Mandir in Shindewasti Ravet,1
trip_574_0,574,WEEKDAY,Greenbase Industrial Park Navlakh Umbre,1
trip_573_0,573,WEEKDAY,Nigdi Pawale Chowk,0
trip_574_1,574,WEEKDAY,Greenbase Industrial Park Navlakh Umbre,1
trip_574_2,574,WEEKDAY,Greenbase Industrial Park Navlakh Umbre,1
trip_574_3,574,WEEKDAY,Greenbase Industrial Park Navlakh Umbre,1
trip_574_4,574,WEEKDAY,Greenbase Industrial Park Navlakh Umbre,1
trip_574_5,574,WEEKDAY,Greenbase Industrial Park Navlakh Umbre,1
trip_574_6,574,WEEKDAY,Greenbase Industrial Park Navlakh Umbre,1
trip_573_1,573,WEEKDAY,Nigdi Pawale Chowk,0
trip_574_7,574,WEEKDAY,Greenbase Industrial Park Navlakh Umbre,1
trip_573_2,573,WEEKDAY,Nigdi Pawale Chowk,0
trip_574_8,574,WEEKDAY,Greenbase Industrial Park Navlakh Umbre,1
trip_573_3,573,WEEKDAY,Nigdi Pawale Chowk,0
trip_574_9,574,WEEKDAY,Greenbase Industrial Park Navlakh Umbre,1
trip_573_4,573,WEEKDAY,Nigdi Pawale Chowk,0
trip_573_5,573,WEEKDAY,Nigdi Pawale Chowk,0
trip_573_6,573,WEEKDAY,Nigdi Pawale Chowk,0
trip_573_7,573,WEEKDAY,Nigdi Pawale Chowk,0
trip_573_8,573,WEEKDAY,Nigdi Pawale Chowk,0
trip_575_0,575,WEEKDAY,Nigdi Pawale Chowk,0
trip_576_0,576,WEEKDAY,Mindewadi Navlakh Umbre,1
trip_575_1,575,WEEKDAY,Nigdi Pawale Chowk,0
trip_575_2,575,WEEKDAY,Nigdi Pawale Chowk,0
trip_575_3,575,WEEKDAY,Nigdi Pawale Chowk,0
trip_576_1,576,WEEKDAY,Mindewadi Navlakh Umbre,1
trip_576_2,576,WEEKDAY,Mindewadi Navlakh Umbre,1
trip_576_3,576,WEEKDAY,Mindewadi Navlakh Umbre,1
trip_576_4,576,WEEKDAY,Mindewadi Navlakh Umbre,1
trip_576_5,576,WEEKDAY,Mindewadi Navlakh Umbre,1
trip_587_0,587,WEEKDAY,Alandi,0
trip_588_0,588,WEEKDAY,Sant Tukaram Maharaj Krida Sankul Dehugaon,1
trip_587_1,587,WEEKDAY,Alandi,0
trip_587_2,587,WEEKDAY,Alandi,0
trip_587_3,587,WEEKDAY,Alandi,0
trip_587_4,587,WEEKDAY,Alandi,0
trip_587_5,587,WEEKDAY,Alandi,0
trip_587_6,587,WEEKDAY,Alandi,0
trip_587_7,587,WEEKDAY,Alandi,0
trip_587_8,587,WEEKDAY,Alandi,0
trip_587_9,587,WEEKDAY,Alandi,0
trip_587_10,587,WEEKDAY,Alandi,0
trip_587_11,587,WEEKDAY,Alandi,0
trip_587_12,587,WEEKDAY,Alandi,0
trip_587_13,587,WEEKDAY,Alandi,0
trip_587_14,587,WEEKDAY,Alandi,0
trip_587_15,587,WEEKDAY,Alandi,0
trip_587_16,587,WEEKDAY,Alandi,0
trip_587_17,587,WEEKDAY,Alandi,0
trip_587_18,587,WEEKDAY,Alandi,0
trip_587_19,587,WEEKDAY,Alandi,0
trip_587_20,587,WEEKDAY,Alandi,0
trip_587_21,587,WEEKDAY,Alandi,0
trip_587_22,587,WEEKDAY,Alandi,0
trip_587_23,587,WEEKDAY,Alandi,0
trip_587_24,587,WEEKDAY,Alandi,0
trip_587_25,587,WEEKDAY,Alandi,0
trip_588_1,588,WEEKDAY,Sant Tukaram Maharaj Krida Sankul Dehugaon,1
trip_587_26,587,WEEKDAY,Alandi,0
trip_588_2,588,WEEKDAY,Sant Tukaram Maharaj Krida Sankul Dehugaon,1
trip_587_27,587,WEEKDAY,Alandi,0
trip_588_3,588,WEEKDAY,Sant Tukaram Maharaj Krida Sankul Dehugaon,1
trip_587_28,587,WEEKDAY,Alandi,0
trip_588_4,588,WEEKDAY,Sant Tukaram Maharaj Krida Sankul Dehugaon,1
trip_587_29,587,WEEKDAY,Alandi,0
trip_588_5,588,WEEKDAY,Sant Tukaram Maharaj Krida Sankul Dehugaon,1
trip_587_30,587,WEEKDAY,Alandi,0
trip_588_6,588,WEEKDAY,Sant Tukaram Maharaj Krida Sankul Dehugaon,1
trip_587_31,587,WEEKDAY,Alandi,0
trip_588_7,588,WEEKDAY,Sant Tukaram Maharaj Krida Sankul Dehugaon,1
trip_587_32,587,WEEKDAY,Alandi,0
trip_588_8,588,WEEKDAY,Sant Tukaram Maharaj Krida Sankul Dehugaon,1
trip_587_33,587,WEEKDAY,Alandi,0
trip_588_9,588,WEEKDAY,Sant Tukaram Maharaj Krida Sankul Dehugaon,1
trip_587_34,587,WEEKDAY,Alandi,0
trip_588_10,588,WEEKDAY,Sant Tukaram Maharaj Krida Sankul Dehugaon,1
trip_587_35,587,WEEKDAY,Alandi,0
trip_588_11,588,WEEKDAY,Sant Tukaram Maharaj Krida Sankul Dehugaon,1
trip_587_36,587,WEEKDAY,Alandi,0
trip_588_12,588,WEEKDAY,Sant Tukaram Maharaj Krida Sankul Dehugaon,1
trip_587_37,587,WEEKDAY,Alandi,0
trip_588_13,588,WEEKDAY,Sant Tukaram Maharaj Krida Sankul Dehugaon,1
trip_587_38,587,WEEKDAY,Alandi,0
trip_588_14,588,WEEKDAY,Sant Tukaram Maharaj Krida Sankul Dehugaon,1
trip_587_39,587,WEEKDAY,Alandi,0
trip_588_15,588,WEEKDAY,Sant Tukaram Maharaj Krida Sankul Dehugaon,1
trip_587_40,587,WEEKDAY,Alandi,0
trip_588_16,588,WEEKDAY,Sant Tukaram Maharaj Krida Sankul Dehugaon,1
trip_587_41,587,WEEKDAY,Alandi,0
trip_588_17,588,WEEKDAY,Sant Tukaram Maharaj Krida Sankul Dehugaon,1
trip_587_42,587,WEEKDAY,Alandi,0
trip_588_18,588,WEEKDAY,Sant Tukaram Maharaj Krida Sankul Dehugaon,1
trip_587_43,587,WEEKDAY,Alandi,0
trip_588_19,588,WEEKDAY,Sant Tukaram Maharaj Krida Sankul Dehugaon,1
trip_587_44,587,WEEKDAY,Alandi,0
trip_588_20,588,WEEKDAY,Sant Tukaram Maharaj Krida Sankul Dehugaon,1
trip_587_45,587,WEEKDAY,Alandi,0
trip_588_21,588,WEEKDAY,Sant Tukaram Maharaj Krida Sankul Dehugaon,1
trip_587_46,587,WEEKDAY,Alandi,0
trip_588_22,588,WEEKDAY,Sant Tukaram Maharaj Krida Sankul Dehugaon,1
trip_587_47,587,WEEKDAY,Alandi,0
trip_588_23,588,WEEKDAY,Sant Tukaram Maharaj Krida Sankul Dehugaon,1
trip_587_48,587,WEEKDAY,Alandi,0
trip_588_24,588,WEEKDAY,Sant Tukaram Maharaj Krida Sankul Dehugaon,1
trip_587_49,587,WEEKDAY,Alandi,0
trip_588_25,588,WEEKDAY,Sant Tukaram Maharaj Krida Sankul Dehugaon,1
trip_587_50,587,WEEKDAY,Alandi,0
trip_587_51,587,WEEKDAY,Alandi,0
trip_588_26,588,WEEKDAY,Sant Tukaram Maharaj Krida Sankul Dehugaon,1
trip_587_52,587,WEEKDAY,Alandi,0
trip_588_27,588,WEEKDAY,Sant Tukaram Maharaj Krida Sankul Dehugaon,1
trip_587_53,587,WEEKDAY,Alandi,0
trip_588_28,588,WEEKDAY,Sant Tukaram Maharaj Krida Sankul Dehugaon,1
trip_587_54,587,WEEKDAY,Alandi,0
trip_588_29,588,WEEKDAY,Sant Tukaram Maharaj Krida Sankul Dehugaon,1
trip_587_55,587,WEEKDAY,Alandi,0
trip_588_30,588,WEEKDAY,Sant Tukaram Maharaj Krida Sankul Dehugaon,1
trip_587_56,587,WEEKDAY,Alandi,0
trip_588_31,588,WEEKDAY,Sant Tukaram Maharaj Krida Sankul Dehugaon,1
trip_587_57,587,WEEKDAY,Alandi,0
trip_588_32,588,WEEKDAY,Sant Tukaram Maharaj Krida Sankul Dehugaon,1
trip_587_58,587,WEEKDAY,Alandi,0
trip_588_33,588,WEEKDAY,Sant Tukaram Maharaj Krida Sankul Dehugaon,1
trip_587_59,587,WEEKDAY,Alandi,0
trip_588_34,588,WEEKDAY,Sant Tukaram Maharaj Krida Sankul Dehugaon,1
trip_587_60,587,WEEKDAY,Alandi,0
trip_588_35,588,WEEKDAY,Sant Tukaram Maharaj Krida Sankul Dehugaon,1
trip_587_61,587,WEEKDAY,Alandi,0
trip_588_36,588,WEEKDAY,Sant Tukaram Maharaj Krida Sankul Dehugaon,1
trip_587_62,587,WEEKDAY,Alandi,0
trip_588_37,588,WEEKDAY,Sant Tukaram Maharaj Krida Sankul Dehugaon,1
trip_587_63,587,WEEKDAY,Alandi,0
trip_588_38,588,WEEKDAY,Sant Tukaram Maharaj Krida Sankul Dehugaon,1
trip_587_64,587,WEEKDAY,Alandi,0
trip_588_39,588,WEEKDAY,Sant Tukaram Maharaj Krida Sankul Dehugaon,1
trip_587_65,587,WEEKDAY,Alandi,0
trip_588_40,588,WEEKDAY,Sant Tukaram Maharaj Krida Sankul Dehugaon,1
trip_587_66,587,WEEKDAY,Alandi,0
trip_588_41,588,WEEKDAY,Sant Tukaram Maharaj Krida Sankul Dehugaon,1
trip_587_67,587,WEEKDAY,Alandi,0
trip_588_42,588,WEEKDAY,Sant Tukaram Maharaj Krida Sankul Dehugaon,1
trip_587_68,587,WEEKDAY,Alandi,0
trip_588_43,588,WEEKDAY,Sant Tukaram Maharaj Krida Sankul Dehugaon,1
trip_587_69,587,WEEKDAY,Alandi,0
trip_588_44,588,WEEKDAY,Sant Tukaram Maharaj Krida Sankul Dehugaon,1
trip_587_70,587,WEEKDAY,Alandi,0
trip_588_45,588,WEEKDAY,Sant Tukaram Maharaj Krida Sankul Dehugaon,1
trip_587_71,587,WEEKDAY,Alandi,0
trip_588_46,588,WEEKDAY,Sant Tukaram Maharaj Krida Sankul Dehugaon,1
trip_587_72,587,WEEKDAY,Alandi,0
trip_588_47,588,WEEKDAY,Sant Tukaram Maharaj Krida Sankul Dehugaon,1
trip_587_73,587,WEEKDAY,Alandi,0
trip_588_48,588,WEEKDAY,Sant Tukaram Maharaj Krida Sankul Dehugaon,1
trip_587_74,587,WEEKDAY,Alandi,0
trip_588_49,588,WEEKDAY,Sant Tukaram Maharaj Krida Sankul Dehugaon,1
trip_587_75,587,WEEKDAY,Alandi,0
trip_588_50,588,WEEKDAY,Sant Tukaram Maharaj Krida Sankul Dehugaon,1
trip_587_76,587,WEEKDAY,Alandi,0
trip_588_51,588,WEEKDAY,Sant Tukaram Maharaj Krida Sankul Dehugaon,1
trip_587_77,587,WEEKDAY,Alandi,0
trip_588_52,588,WEEKDAY,Sant Tukaram Maharaj Krida Sankul Dehugaon,1
trip_587_78,587,WEEKDAY,Alandi,0
trip_588_53,588,WEEKDAY,Sant Tukaram Maharaj Krida Sankul Dehugaon,1
trip_587_79,587,WEEKDAY,Alandi,0
trip_588_54,588,WEEKDAY,Sant Tukaram Maharaj Krida Sankul Dehugaon,1
trip_587_80,587,WEEKDAY,Alandi,0
trip_588_55,588,WEEKDAY,Sant Tukaram Maharaj Krida Sankul Dehugaon,1
trip_587_81,587,WEEKDAY,Alandi,0
trip_588_56,588,WEEKDAY,Sant Tukaram Maharaj Krida Sankul Dehugaon,1
trip_587_82,587,WEEKDAY,Alandi,0
trip_588_57,588,WEEKDAY,Sant Tukaram Maharaj Krida Sankul Dehugaon,1
trip_587_83,587,WEEKDAY,Alandi,0
trip_588_58,588,WEEKDAY,Sant Tukaram Maharaj Krida Sankul Dehugaon,1
trip_587_84,587,WEEKDAY,Alandi,0
trip_588_59,588,WEEKDAY,Sant Tukaram Maharaj Krida Sankul Dehugaon,1
trip_587_85,587,WEEKDAY,Alandi,0
trip_588_60,588,WEEKDAY,Sant Tukaram Maharaj Krida Sankul Dehugaon,1
trip_587_86,587,WEEKDAY,Alandi,0
trip_588_61,588,WEEKDAY,Sant Tukaram Maharaj Krida Sankul Dehugaon,1
trip_588_62,588,WEEKDAY,Sant Tukaram Maharaj Krida Sankul Dehugaon,1
trip_588_63,588,WEEKDAY,Sant Tukaram Maharaj Krida Sankul Dehugaon,1
trip_588_64,588,WEEKDAY,Sant Tukaram Maharaj Krida Sankul Dehugaon,1
trip_588_65,588,WEEKDAY,Sant Tukaram Maharaj Krida Sankul Dehugaon,1
trip_588_66,588,WEEKDAY,Sant Tukaram Maharaj Krida Sankul Dehugaon,1
trip_588_67,588,WEEKDAY,Sant Tukaram Maharaj Krida Sankul Dehugaon,1
trip_588_68,588,WEEKDAY,Sant Tukaram Maharaj Krida Sankul Dehugaon,1
trip_588_69,588,WEEKDAY,Sant Tukaram Maharaj Krida Sankul Dehugaon,1
trip_588_70,588,WEEKDAY,Sant Tukaram Maharaj Krida Sankul Dehugaon,1
trip_588_71,588,WEEKDAY,Sant Tukaram Maharaj Krida Sankul Dehugaon,1
trip_588_72,588,WEEKDAY,Sant Tukaram Maharaj Krida Sankul Dehugaon,1
trip_588_73,588,WEEKDAY,Sant Tukaram Maharaj Krida Sankul Dehugaon,1
trip_588_74,588,WEEKDAY,Sant Tukaram Maharaj Krida Sankul Dehugaon,1
trip_588_75,588,WEEKDAY,Sant Tukaram Maharaj Krida Sankul Dehugaon,1
trip_588_76,588,WEEKDAY,Sant Tukaram Maharaj Krida Sankul Dehugaon,1
trip_588_77,588,WEEKDAY,Sant Tukaram Maharaj Krida Sankul Dehugaon,1
trip_588_78,588,WEEKDAY,Sant Tukaram Maharaj Krida Sankul Dehugaon,1
trip_588_79,588,WEEKDAY,Sant Tukaram Maharaj Krida Sankul Dehugaon,1
trip_588_80,588,WEEKDAY,Sant Tukaram Maharaj Krida Sankul Dehugaon,1
trip_588_81,588,WEEKDAY,Sant Tukaram Maharaj Krida Sankul Dehugaon,1
trip_588_82,588,WEEKDAY,Sant Tukaram Maharaj Krida Sankul Dehugaon,1
trip_597_0,597,WEEKDAY,Pune Station Depot,0
trip_603_0,603,WEEKDAY,Chinchwadgaon,0
trip_597_1,597,WEEKDAY,Pune Station Depot,0
trip_597_2,597,WEEKDAY,Pune Station Depot,0
trip_597_3,597,WEEKDAY,Pune Station Depot,0
trip_597_4,597,WEEKDAY,Pune Station Depot,0
trip_597_5,597,WEEKDAY,Pune Station Depot,0
trip_597_6,597,WEEKDAY,Pune Station Depot,0
trip_603_1,603,WEEKDAY,Chinchwadgaon,0
trip_597_7,597,WEEKDAY,Pune Station Depot,0
trip_603_2,603,WEEKDAY,Chinchwadgaon,0
trip_597_8,597,WEEKDAY,Pune Station Depot,0
trip_603_3,603,WEEKDAY,Chinchwadgaon,0
trip_597_9,597,WEEKDAY,Pune Station Depot,0
trip_597_10,597,WEEKDAY,Pune Station Depot,0
trip_603_4,603,WEEKDAY,Chinchwadgaon,0
trip_597_11,597,WEEKDAY,Pune Station Depot,0
trip_603_5,603,WEEKDAY,Chinchwadgaon,0
trip_597_12,597,WEEKDAY,Pune Station Depot,0
trip_603_6,603,WEEKDAY,Chinchwadgaon,0
trip_597_13,597,WEEKDAY,Pune Station Depot,0
trip_603_7,603,WEEKDAY,Chinchwadgaon,0
trip_597_14,597,WEEKDAY,Pune Station Depot,0
trip_603_8,603,WEEKDAY,Chinchwadgaon,0
trip_604_0,604,WEEKDAY,Chandkhed,1
trip_597_15,597,WEEKDAY,Pune Station Depot,0
trip_603_9,603,WEEKDAY,Chinchwadgaon,0
trip_603_10,603,WEEKDAY,Chinchwadgaon,0
trip_597_16,597,WEEKDAY,Pune Station Depot,0
trip_603_11,603,WEEKDAY,Chinchwadgaon,0
trip_603_12,603,WEEKDAY,Chinchwadgaon,0
trip_603_13,603,WEEKDAY,Chinchwadgaon,0
trip_603_14,603,WEEKDAY,Chinchwadgaon,0
trip_603_15,603,WEEKDAY,Chinchwadgaon,0
trip_603_16,603,WEEKDAY,Chinchwadgaon,0
trip_598_0,598,WEEKDAY,Chinchwadgaon,1
trip_603_17,603,WEEKDAY,Chinchwadgaon,0
trip_603_18,603,WEEKDAY,Chinchwadgaon,0
trip_603_19,603,WEEKDAY,Chinchwadgaon,0
trip_603_20,603,WEEKDAY,Chinchwadgaon,0
trip_603_21,603,WEEKDAY,Chinchwadgaon,0
trip_603_22,603,WEEKDAY,Chinchwadgaon,0
trip_603_23,603,WEEKDAY,Chinchwadgaon,0
trip_603_24,603,WEEKDAY,Chinchwadgaon,0
trip_603_25,603,WEEKDAY,Chinchwadgaon,0
trip_603_26,603,WEEKDAY,Chinchwadgaon,0
trip_603_27,603,WEEKDAY,Chinchwadgaon,0
trip_603_28,603,WEEKDAY,Chinchwadgaon,0
trip_603_29,603,WEEKDAY,Chinchwadgaon,0
trip_603_30,603,WEEKDAY,Chinchwadgaon,0
trip_603_31,603,WEEKDAY,Chinchwadgaon,0
trip_603_32,603,WEEKDAY,Chinchwadgaon,0
trip_603_33,603,WEEKDAY,Chinchwadgaon,0
trip_604_1,604,WEEKDAY,Chandkhed,1
trip_603_34,603,WEEKDAY,Chinchwadgaon,0
trip_604_2,604,WEEKDAY,Chandkhed,1
trip_603_35,603,WEEKDAY,Chinchwadgaon,0
trip_604_3,604,WEEKDAY,Chandkhed,1
trip_603_36,603,WEEKDAY,Chinchwadgaon,0
trip_604_4,604,WEEKDAY,Chandkhed,1
trip_603_37,603,WEEKDAY,Chinchwadgaon,0
trip_604_5,604,WEEKDAY,Chandkhed,1
trip_603_38,603,WEEKDAY,Chinchwadgaon,0
trip_604_6,604,WEEKDAY,Chandkhed,1
trip_603_39,603,WEEKDAY,Chinchwadgaon,0
trip_604_7,604,WEEKDAY,Chandkhed,1
trip_603_40,603,WEEKDAY,Chinchwadgaon,0
trip_604_8,604,WEEKDAY,Chandkhed,1
trip_603_41,603,WEEKDAY,Chinchwadgaon,0
trip_604_9,604,WEEKDAY,Chandkhed,1
trip_598_1,598,WEEKDAY,Chinchwadgaon,1
trip_603_42,603,WEEKDAY,Chinchwadgaon,0
trip_604_10,604,WEEKDAY,Chandkhed,1
trip_603_43,603,WEEKDAY,Chinchwadgaon,0
trip_604_11,604,WEEKDAY,Chandkhed,1
trip_603_44,603,WEEKDAY,Chinchwadgaon,0
trip_604_12,604,WEEKDAY,Chandkhed,1
trip_604_13,604,WEEKDAY,Chandkhed,1
trip_604_14,604,WEEKDAY,Chandkhed,1
trip_604_15,604,WEEKDAY,Chandkhed,1
trip_604_16,604,WEEKDAY,Chandkhed,1
trip_604_17,604,WEEKDAY,Chandkhed,1
trip_604_18,604,WEEKDAY,Chandkhed,1
trip_604_19,604,WEEKDAY,Chandkhed,1
trip_604_20,604,WEEKDAY,Chandkhed,1
trip_604_21,604,WEEKDAY,Chandkhed,1
trip_604_22,604,WEEKDAY,Chandkhed,1
trip_604_23,604,WEEKDAY,Chandkhed,1
trip_604_24,604,WEEKDAY,Chandkhed,1
trip_604_25,604,WEEKDAY,Chandkhed,1
trip_604_26,604,WEEKDAY,Chandkhed,1
trip_604_27,604,WEEKDAY,Chandkhed,1
trip_604_28,604,WEEKDAY,Chandkhed,1
trip_604_29,604,WEEKDAY,Chandkhed,1
trip_604_30,604,WEEKDAY,Chandkhed,1
trip_604_31,604,WEEKDAY,Chandkhed,1
trip_604_32,604,WEEKDAY,Chandkhed,1
trip_604_33,604,WEEKDAY,Chandkhed,1
trip_604_34,604,WEEKDAY,Chandkhed,1
trip_604_35,604,WEEKDAY,Chandkhed,1
trip_604_36,604,WEEKDAY,Chandkhed,1
trip_604_37,604,WEEKDAY,Chandkhed,1
trip_604_38,604,WEEKDAY,Chandkhed,1
trip_604_39,604,WEEKDAY,Chandkhed,1
trip_604_40,604,WEEKDAY,Chandkhed,1
trip_604_41,604,WEEKDAY,Chandkhed,1
trip_604_42,604,WEEKDAY,Chandkhed,1
trip_604_43,604,WEEKDAY,Chandkhed,1
trip_605_0,605,WEEKDAY,Nigdi Pawale Chowk,0
trip_605_1,605,WEEKDAY,Nigdi Pawale Chowk,0
trip_605_2,605,WEEKDAY,Nigdi Pawale Chowk,0
trip_605_3,605,WEEKDAY,Nigdi Pawale Chowk,0
trip_605_4,605,WEEKDAY,Nigdi Pawale Chowk,0
trip_605_5,605,WEEKDAY,Nigdi Pawale Chowk,0
trip_605_6,605,WEEKDAY,Nigdi Pawale Chowk,0
trip_605_7,605,WEEKDAY,Nigdi Pawale Chowk,0
trip_605_8,605,WEEKDAY,Nigdi Pawale Chowk,0
trip_605_9,605,WEEKDAY,Nigdi Pawale Chowk,0
trip_605_10,605,WEEKDAY,Nigdi Pawale Chowk,0
trip_605_11,605,WEEKDAY,Nigdi Pawale Chowk,0
trip_605_12,605,WEEKDAY,Nigdi Pawale Chowk,0
trip_605_13,605,WEEKDAY,Nigdi Pawale Chowk,0
trip_605_14,605,WEEKDAY,Nigdi Pawale Chowk,0
trip_605_15,605,WEEKDAY,Nigdi Pawale Chowk,0
trip_605_16,605,WEEKDAY,Nigdi Pawale Chowk,0
trip_605_17,605,WEEKDAY,Nigdi Pawale Chowk,0
trip_605_18,605,WEEKDAY,Nigdi Pawale Chowk,0
trip_605_19,605,WEEKDAY,Nigdi Pawale Chowk,0
trip_605_20,605,WEEKDAY,Nigdi Pawale Chowk,0
trip_605_21,605,WEEKDAY,Nigdi Pawale Chowk,0
trip_605_22,605,WEEKDAY,Nigdi Pawale Chowk,0
trip_605_23,605,WEEKDAY,Nigdi Pawale Chowk,0
trip_605_24,605,WEEKDAY,Nigdi Pawale Chowk,0
trip_605_25,605,WEEKDAY,Nigdi Pawale Chowk,0
trip_605_26,605,WEEKDAY,Nigdi Pawale Chowk,0
trip_605_27,605,WEEKDAY,Nigdi Pawale Chowk,0
trip_605_28,605,WEEKDAY,Nigdi Pawale Chowk,0
trip_605_29,605,WEEKDAY,Nigdi Pawale Chowk,0
trip_605_30,605,WEEKDAY,Nigdi Pawale Chowk,0
trip_605_31,605,WEEKDAY,Nigdi Pawale Chowk,0
trip_605_32,605,WEEKDAY,Nigdi Pawale Chowk,0
trip_605_33,605,WEEKDAY,Nigdi Pawale Chowk,0
trip_605_34,605,WEEKDAY,Nigdi Pawale Chowk,0
trip_605_35,605,WEEKDAY,Nigdi Pawale Chowk,0
trip_605_36,605,WEEKDAY,Nigdi Pawale Chowk,0
trip_605_37,605,WEEKDAY,Nigdi Pawale Chowk,0
trip_605_38,605,WEEKDAY,Nigdi Pawale Chowk,0
trip_605_39,605,WEEKDAY,Nigdi Pawale Chowk,0
trip_589_0,589,WEEKDAY,Marketyard Depot,0
trip_590_0,590,WEEKDAY,Ghotawade Phata,1
trip_606_0,606,WEEKDAY,Chakan Ambethan Chowk,1
trip_589_1,589,WEEKDAY,Marketyard Depot,0
trip_589_2,589,WEEKDAY,Marketyard Depot,0
trip_589_3,589,WEEKDAY,Marketyard Depot,0
trip_589_4,589,WEEKDAY,Marketyard Depot,0
trip_589_5,589,WEEKDAY,Marketyard Depot,0
trip_589_6,589,WEEKDAY,Marketyard Depot,0
trip_589_7,589,WEEKDAY,Marketyard Depot,0
trip_589_8,589,WEEKDAY,Marketyard Depot,0
trip_589_9,589,WEEKDAY,Marketyard Depot,0
trip_589_10,589,WEEKDAY,Marketyard Depot,0
trip_589_11,589,WEEKDAY,Marketyard Depot,0
trip_589_12,589,WEEKDAY,Marketyard Depot,0
trip_589_13,589,WEEKDAY,Marketyard Depot,0
trip_606_1,606,WEEKDAY,Chakan Ambethan Chowk,1
trip_589_14,589,WEEKDAY,Marketyard Depot,0
trip_606_2,606,WEEKDAY,Chakan Ambethan Chowk,1
trip_589_15,589,WEEKDAY,Marketyard Depot,0
trip_606_3,606,WEEKDAY,Chakan Ambethan Chowk,1
trip_589_16,589,WEEKDAY,Marketyard Depot,0
trip_606_4,606,WEEKDAY,Chakan Ambethan Chowk,1
trip_589_17,589,WEEKDAY,Marketyard Depot,0
trip_590_1,590,WEEKDAY,Ghotawade Phata,1
trip_606_5,606,WEEKDAY,Chakan Ambethan Chowk,1
trip_590_2,590,WEEKDAY,Ghotawade Phata,1
trip_606_6,606,WEEKDAY,Chakan Ambethan Chowk,1
trip_590_3,590,WEEKDAY,Ghotawade Phata,1
trip_606_7,606,WEEKDAY,Chakan Ambethan Chowk,1
trip_590_4,590,WEEKDAY,Ghotawade Phata,1
trip_606_8,606,WEEKDAY,Chakan Ambethan Chowk,1
trip_590_5,590,WEEKDAY,Ghotawade Phata,1
trip_606_9,606,WEEKDAY,Chakan Ambethan Chowk,1
trip_590_6,590,WEEKDAY,Ghotawade Phata,1
trip_606_10,606,WEEKDAY,Chakan Ambethan Chowk,1
trip_590_7,590,WEEKDAY,Ghotawade Phata,1
trip_606_11,606,WEEKDAY,Chakan Ambethan Chowk,1
trip_590_8,590,WEEKDAY,Ghotawade Phata,1
trip_606_12,606,WEEKDAY,Chakan Ambethan Chowk,1
trip_590_9,590,WEEKDAY,Ghotawade Phata,1
trip_606_13,606,WEEKDAY,Chakan Ambethan Chowk,1
trip_590_10,590,WEEKDAY,Ghotawade Phata,1
trip_606_14,606,WEEKDAY,Chakan Ambethan Chowk,1
trip_606_15,606,WEEKDAY,Chakan Ambethan Chowk,1
trip_590_11,590,WEEKDAY,Ghotawade Phata,1
trip_606_16,606,WEEKDAY,Chakan Ambethan Chowk,1
trip_590_12,590,WEEKDAY,Ghotawade Phata,1
trip_606_17,606,WEEKDAY,Chakan Ambethan Chowk,1
trip_590_13,590,WEEKDAY,Ghotawade Phata,1
trip_606_18,606,WEEKDAY,Chakan Ambethan Chowk,1
trip_590_14,590,WEEKDAY,Ghotawade Phata,1
trip_606_19,606,WEEKDAY,Chakan Ambethan Chowk,1
trip_590_15,590,WEEKDAY,Ghotawade Phata,1
trip_606_20,606,WEEKDAY,Chakan Ambethan Chowk,1
trip_606_21,606,WEEKDAY,Chakan Ambethan Chowk,1
trip_590_16,590,WEEKDAY,Ghotawade Phata,1
trip_606_22,606,WEEKDAY,Chakan Ambethan Chowk,1
trip_590_17,590,WEEKDAY,Ghotawade Phata,1
trip_606_23,606,WEEKDAY,Chakan Ambethan Chowk,1
trip_590_18,590,WEEKDAY,Ghotawade Phata,1
trip_606_24,606,WEEKDAY,Chakan Ambethan Chowk,1
trip_590_19,590,WEEKDAY,Ghotawade Phata,1
trip_606_25,606,WEEKDAY,Chakan Ambethan Chowk,1
trip_590_20,590,WEEKDAY,Ghotawade Phata,1
trip_606_26,606,WEEKDAY,Chakan Ambethan Chowk,1
trip_606_27,606,WEEKDAY,Chakan Ambethan Chowk,1
trip_606_28,606,WEEKDAY,Chakan Ambethan Chowk,1
trip_606_29,606,WEEKDAY,Chakan Ambethan Chowk,1
trip_606_30,606,WEEKDAY,Chakan Ambethan Chowk,1
trip_606_31,606,WEEKDAY,Chakan Ambethan Chowk,1
trip_606_32,606,WEEKDAY,Chakan Ambethan Chowk,1
trip_606_33,606,WEEKDAY,Chakan Ambethan Chowk,1
trip_606_34,606,WEEKDAY,Chakan Ambethan Chowk,1
trip_606_35,606,WEEKDAY,Chakan Ambethan Chowk,1
trip_606_36,606,WEEKDAY,Chakan Ambethan Chowk,1
trip_606_37,606,WEEKDAY,Chakan Ambethan Chowk,1
trip_606_38,606,WEEKDAY,Chakan Ambethan Chowk,1
trip_606_39,606,WEEKDAY,Chakan Ambethan Chowk,1
trip_607_0,607,WEEKDAY,Pune Station Sassoon Road,0
trip_625_0,625,WEEKDAY,Neilsoft Company infosys Phase 3,0
trip_608_0,608,WEEKDAY,Bhosari Pmt Chowk,1
trip_625_1,625,WEEKDAY,Neilsoft Company infosys Phase 3,0
trip_625_2,625,WEEKDAY,Neilsoft Company infosys Phase 3,0
trip_625_3,625,WEEKDAY,Neilsoft Company infosys Phase 3,0
trip_625_4,625,WEEKDAY,Neilsoft Company infosys Phase 3,0
trip_625_5,625,WEEKDAY,Neilsoft Company infosys Phase 3,0
trip_607_1,607,WEEKDAY,Pune Station Sassoon Road,0
trip_607_2,607,WEEKDAY,Pune Station Sassoon Road,0
trip_607_3,607,WEEKDAY,Pune Station Sassoon Road,0
trip_607_4,607,WEEKDAY,Pune Station Sassoon Road,0
trip_608_1,608,WEEKDAY,Bhosari Pmt Chowk,1
trip_607_5,607,WEEKDAY,Pune Station Sassoon Road,0
trip_608_2,608,WEEKDAY,Bhosari Pmt Chowk,1
trip_607_6,607,WEEKDAY,Pune Station Sassoon Road,0
trip_608_3,608,WEEKDAY,Bhosari Pmt Chowk,1
trip_607_7,607,WEEKDAY,Pune Station Sassoon Road,0
trip_608_4,608,WEEKDAY,Bhosari Pmt Chowk,1
trip_607_8,607,WEEKDAY,Pune Station Sassoon Road,0
trip_608_5,608,WEEKDAY,Bhosari Pmt Chowk,1
trip_607_9,607,WEEKDAY,Pune Station Sassoon Road,0
trip_608_6,608,WEEKDAY,Bhosari Pmt Chowk,1
trip_607_10,607,WEEKDAY,Pune Station Sassoon Road,0
trip_608_7,608,WEEKDAY,Bhosari Pmt Chowk,1
trip_607_11,607,WEEKDAY,Pune Station Sassoon Road,0
trip_608_8,608,WEEKDAY,Bhosari Pmt Chowk,1
trip_607_12,607,WEEKDAY,Pune Station Sassoon Road,0
trip_608_9,608,WEEKDAY,Bhosari Pmt Chowk,1
trip_607_13,607,WEEKDAY,Pune Station Sassoon Road,0
trip_608_10,608,WEEKDAY,Bhosari Pmt Chowk,1
trip_607_14,607,WEEKDAY,Pune Station Sassoon Road,0
trip_608_11,608,WEEKDAY,Bhosari Pmt Chowk,1
trip_626_0,626,WEEKDAY,Megapolis Phase 3,1
trip_607_15,607,WEEKDAY,Pune Station Sassoon Road,0
trip_608_12,608,WEEKDAY,Bhosari Pmt Chowk,1
trip_607_16,607,WEEKDAY,Pune Station Sassoon Road,0
trip_608_13,608,WEEKDAY,Bhosari Pmt Chowk,1
trip_607_17,607,WEEKDAY,Pune Station Sassoon Road,0
trip_608_14,608,WEEKDAY,Bhosari Pmt Chowk,1
trip_607_18,607,WEEKDAY,Pune Station Sassoon Road,0
trip_608_15,608,WEEKDAY,Bhosari Pmt Chowk,1
trip_607_19,607,WEEKDAY,Pune Station Sassoon Road,0
trip_608_16,608,WEEKDAY,Bhosari Pmt Chowk,1
trip_607_20,607,WEEKDAY,Pune Station Sassoon Road,0
trip_608_17,608,WEEKDAY,Bhosari Pmt Chowk,1
trip_607_21,607,WEEKDAY,Pune Station Sassoon Road,0
trip_608_18,608,WEEKDAY,Bhosari Pmt Chowk,1
trip_607_22,607,WEEKDAY,Pune Station Sassoon Road,0
trip_608_19,608,WEEKDAY,Bhosari Pmt Chowk,1
trip_607_23,607,WEEKDAY,Pune Station Sassoon Road,0
trip_626_1,626,WEEKDAY,Megapolis Phase 3,1
trip_608_20,608,WEEKDAY,Bhosari Pmt Chowk,1
trip_626_2,626,WEEKDAY,Megapolis Phase 3,1
trip_607_24,607,WEEKDAY,Pune Station Sassoon Road,0
trip_608_21,608,WEEKDAY,Bhosari Pmt Chowk,1
trip_626_3,626,WEEKDAY,Megapolis Phase 3,1
trip_607_25,607,WEEKDAY,Pune Station Sassoon Road,0
trip_626_4,626,WEEKDAY,Megapolis Phase 3,1
trip_608_22,608,WEEKDAY,Bhosari Pmt Chowk,1
trip_626_5,626,WEEKDAY,Megapolis Phase 3,1
trip_607_26,607,WEEKDAY,Pune Station Sassoon Road,0
trip_608_23,608,WEEKDAY,Bhosari Pmt Chowk,1
trip_607_27,607,WEEKDAY,Pune Station Sassoon Road,0
trip_608_24,608,WEEKDAY,Bhosari Pmt Chowk,1
trip_607_28,607,WEEKDAY,Pune Station Sassoon Road,0
trip_608_25,608,WEEKDAY,Bhosari Pmt Chowk,1
trip_607_29,607,WEEKDAY,Pune Station Sassoon Road,0
trip_608_26,608,WEEKDAY,Bhosari Pmt Chowk,1
trip_607_30,607,WEEKDAY,Pune Station Sassoon Road,0
trip_608_27,608,WEEKDAY,Bhosari Pmt Chowk,1
trip_607_31,607,WEEKDAY,Pune Station Sassoon Road,0
trip_608_28,608,WEEKDAY,Bhosari Pmt Chowk,1
trip_607_32,607,WEEKDAY,Pune Station Sassoon Road,0
trip_608_29,608,WEEKDAY,Bhosari Pmt Chowk,1
trip_607_33,607,WEEKDAY,Pune Station Sassoon Road,0
trip_608_30,608,WEEKDAY,Bhosari Pmt Chowk,1
trip_607_34,607,WEEKDAY,Pune Station Sassoon Road,0
trip_608_31,608,WEEKDAY,Bhosari Pmt Chowk,1
trip_607_35,607,WEEKDAY,Pune Station Sassoon Road,0
trip_608_32,608,WEEKDAY,Bhosari Pmt Chowk,1
trip_607_36,607,WEEKDAY,Pune Station Sassoon Road,0
trip_608_33,608,WEEKDAY,Bhosari Pmt Chowk,1
trip_607_37,607,WEEKDAY,Pune Station Sassoon Road,0
trip_608_34,608,WEEKDAY,Bhosari Pmt Chowk,1
trip_607_38,607,WEEKDAY,Pune Station Sassoon Road,0
trip_608_35,608,WEEKDAY,Bhosari Pmt Chowk,1
trip_607_39,607,WEEKDAY,Pune Station Sassoon Road,0
trip_608_36,608,WEEKDAY,Bhosari Pmt Chowk,1
trip_607_40,607,WEEKDAY,Pune Station Sassoon Road,0
trip_608_37,608,WEEKDAY,Bhosari Pmt Chowk,1
trip_607_41,607,WEEKDAY,Pune Station Sassoon Road,0
trip_608_38,608,WEEKDAY,Bhosari Pmt Chowk,1
trip_607_42,607,WEEKDAY,Pune Station Sassoon Road,0
trip_608_39,608,WEEKDAY,Bhosari Pmt Chowk,1
trip_607_43,607,WEEKDAY,Pune Station Sassoon Road,0
trip_608_40,608,WEEKDAY,Bhosari Pmt Chowk,1
trip_607_44,607,WEEKDAY,Pune Station Sassoon Road,0
trip_608_41,608,WEEKDAY,Bhosari Pmt Chowk,1
trip_607_45,607,WEEKDAY,Pune Station Sassoon Road,0
trip_608_42,608,WEEKDAY,Bhosari Pmt Chowk,1
trip_607_46,607,WEEKDAY,Pune Station Sassoon Road,0
trip_608_43,608,WEEKDAY,Bhosari Pmt Chowk,1
trip_607_47,607,WEEKDAY,Pune Station Sassoon Road,0
trip_608_44,608,WEEKDAY,Bhosari Pmt Chowk,1
trip_607_48,607,WEEKDAY,Pune Station Sassoon Road,0
trip_608_45,608,WEEKDAY,Bhosari Pmt Chowk,1
trip_607_49,607,WEEKDAY,Pune Station Sassoon Road,0
trip_608_46,608,WEEKDAY,Bhosari Pmt Chowk,1
trip_607_50,607,WEEKDAY,Pune Station Sassoon Road,0
trip_608_47,608,WEEKDAY,Bhosari Pmt Chowk,1
trip_607_51,607,WEEKDAY,Pune Station Sassoon Road,0
trip_608_48,608,WEEKDAY,Bhosari Pmt Chowk,1
trip_607_52,607,WEEKDAY,Pune Station Sassoon Road,0
trip_608_49,608,WEEKDAY,Bhosari Pmt Chowk,1
trip_607_53,607,WEEKDAY,Pune Station Sassoon Road,0
trip_608_50,608,WEEKDAY,Bhosari Pmt Chowk,1
trip_607_54,607,WEEKDAY,Pune Station Sassoon Road,0
trip_608_51,608,WEEKDAY,Bhosari Pmt Chowk,1
trip_607_55,607,WEEKDAY,Pune Station Sassoon Road,0
trip_608_52,608,WEEKDAY,Bhosari Pmt Chowk,1
trip_607_56,607,WEEKDAY,Pune Station Sassoon Road,0
trip_608_53,608,WEEKDAY,Bhosari Pmt Chowk,1
trip_607_57,607,WEEKDAY,Pune Station Sassoon Road,0
trip_608_54,608,WEEKDAY,Bhosari Pmt Chowk,1
trip_607_58,607,WEEKDAY,Pune Station Sassoon Road,0
trip_608_55,608,WEEKDAY,Bhosari Pmt Chowk,1
trip_607_59,607,WEEKDAY,Pune Station Sassoon Road,0
trip_608_56,608,WEEKDAY,Bhosari Pmt Chowk,1
trip_607_60,607,WEEKDAY,Pune Station Sassoon Road,0
trip_608_57,608,WEEKDAY,Bhosari Pmt Chowk,1
trip_608_58,608,WEEKDAY,Bhosari Pmt Chowk,1
trip_607_61,607,WEEKDAY,Pune Station Sassoon Road,0
trip_608_59,608,WEEKDAY,Bhosari Pmt Chowk,1
trip_607_62,607,WEEKDAY,Pune Station Sassoon Road,0
trip_608_60,608,WEEKDAY,Bhosari Pmt Chowk,1
trip_607_63,607,WEEKDAY,Pune Station Sassoon Road,0
trip_608_61,608,WEEKDAY,Bhosari Pmt Chowk,1
trip_624_0,624,WEEKDAY,Hinjawadi Maan Phase 3,1
trip_624_1,624,WEEKDAY,Hinjawadi Maan Phase 3,1
trip_624_2,624,WEEKDAY,Hinjawadi Maan Phase 3,1
trip_623_0,623,WEEKDAY,Chinchwadgaon,0
trip_624_3,624,WEEKDAY,Hinjawadi Maan Phase 3,1
trip_624_4,624,WEEKDAY,Hinjawadi Maan Phase 3,1
trip_624_5,624,WEEKDAY,Hinjawadi Maan Phase 3,1
trip_624_6,624,WEEKDAY,Hinjawadi Maan Phase 3,1
trip_623_1,623,WEEKDAY,Chinchwadgaon,0
trip_623_2,623,WEEKDAY,Chinchwadgaon,0
trip_623_3,623,WEEKDAY,Chinchwadgaon,0
trip_623_4,623,WEEKDAY,Chinchwadgaon,0
trip_623_5,623,WEEKDAY,Chinchwadgaon,0
trip_613_0,613,WEEKDAY,Pune Station Depot,0
trip_613_1,613,WEEKDAY,Pune Station Depot,0
trip_613_2,613,WEEKDAY,Pune Station Depot,0
trip_613_3,613,WEEKDAY,Pune Station Depot,0
trip_613_4,613,WEEKDAY,Pune Station Depot,0
trip_613_5,613,WEEKDAY,Pune Station Depot,0
trip_613_6,613,WEEKDAY,Pune Station Depot,0
trip_613_7,613,WEEKDAY,Pune Station Depot,0
trip_613_8,613,WEEKDAY,Pune Station Depot,0
trip_613_9,613,WEEKDAY,Pune Station Depot,0
trip_613_10,613,WEEKDAY,Pune Station Depot,0
trip_613_11,613,WEEKDAY,Pune Station Depot,0
trip_613_12,613,WEEKDAY,Pune Station Depot,0
trip_613_13,613,WEEKDAY,Pune Station Depot,0
trip_613_14,613,WEEKDAY,Pune Station Depot,0
trip_613_15,613,WEEKDAY,Pune Station Depot,0
trip_613_16,613,WEEKDAY,Pune Station Depot,0
trip_614_0,614,WEEKDAY,Sambhaji Nagar,1
trip_614_1,614,WEEKDAY,Sambhaji Nagar,1
trip_614_2,614,WEEKDAY,Sambhaji Nagar,1
trip_614_3,614,WEEKDAY,Sambhaji Nagar,1
trip_614_4,614,WEEKDAY,Sambhaji Nagar,1
trip_614_5,614,WEEKDAY,Sambhaji Nagar,1
trip_614_6,614,WEEKDAY,Sambhaji Nagar,1
trip_614_7,614,WEEKDAY,Sambhaji Nagar,1
trip_614_8,614,WEEKDAY,Sambhaji Nagar,1
trip_614_9,614,WEEKDAY,Sambhaji Nagar,1
trip_614_10,614,WEEKDAY,Sambhaji Nagar,1
trip_614_11,614,WEEKDAY,Sambhaji Nagar,1
trip_614_12,614,WEEKDAY,Sambhaji Nagar,1
trip_614_13,614,WEEKDAY,Sambhaji Nagar,1
trip_614_14,614,WEEKDAY,Sambhaji Nagar,1
trip_614_15,614,WEEKDAY,Sambhaji Nagar,1
trip_614_16,614,WEEKDAY,Sambhaji Nagar,1
trip_609_0,609,WEEKDAY,Chinchwadgaon,0
trip_610_0,610,WEEKDAY,Katar Khadak,1
trip_609_1,609,WEEKDAY,Chinchwadgaon,0
trip_609_2,609,WEEKDAY,Chinchwadgaon,0
trip_609_3,609,WEEKDAY,Chinchwadgaon,0
trip_610_1,610,WEEKDAY,Katar Khadak,1
trip_610_2,610,WEEKDAY,Katar Khadak,1
trip_610_3,610,WEEKDAY,Katar Khadak,1
trip_628_0,628,WEEKDAY,Akurdi Railway Station,1
trip_628_1,628,WEEKDAY,Akurdi Railway Station,1
trip_627_0,627,WEEKDAY,Ma Na Pa Main Gate,0
trip_628_2,628,WEEKDAY,Akurdi Railway Station,1
trip_628_3,628,WEEKDAY,Akurdi Railway Station,1
trip_628_4,628,WEEKDAY,Akurdi Railway Station,1
trip_630_0,630,WEEKDAY,Akurdi Railway Station,1
trip_627_1,627,WEEKDAY,Ma Na Pa Main Gate,0
trip_627_2,627,WEEKDAY,Ma Na Pa Main Gate,0
trip_627_3,627,WEEKDAY,Ma Na Pa Main Gate,0
trip_627_4,627,WEEKDAY,Ma Na Pa Main Gate,0
trip_630_1,630,WEEKDAY,Akurdi Railway Station,1
trip_630_2,630,WEEKDAY,Akurdi Railway Station,1
trip_630_3,630,WEEKDAY,Akurdi Railway Station,1
trip_630_4,630,WEEKDAY,Akurdi Railway Station,1
trip_630_5,630,WEEKDAY,Akurdi Railway Station,1
trip_630_6,630,WEEKDAY,Akurdi Railway Station,1
trip_630_7,630,WEEKDAY,Akurdi Railway Station,1
trip_630_8,630,WEEKDAY,Akurdi Railway Station,1
trip_630_9,630,WEEKDAY,Akurdi Railway Station,1
trip_630_10,630,WEEKDAY,Akurdi Railway Station,1
trip_630_11,630,WEEKDAY,Akurdi Railway Station,1
trip_630_12,630,WEEKDAY,Akurdi Railway Station,1
trip_630_13,630,WEEKDAY,Akurdi Railway Station,1
trip_630_14,630,WEEKDAY,Akurdi Railway Station,1
trip_630_15,630,WEEKDAY,Akurdi Railway Station,1
trip_629_0,629,WEEKDAY,Ma Na Pa Main Gate,0
trip_630_16,630,WEEKDAY,Akurdi Railway Station,1
trip_630_17,630,WEEKDAY,Akurdi Railway Station,1
trip_630_18,630,WEEKDAY,Akurdi Railway Station,1
trip_630_19,630,WEEKDAY,Akurdi Railway Station,1
trip_630_20,630,WEEKDAY,Akurdi Railway Station,1
trip_630_21,630,WEEKDAY,Akurdi Railway Station,1
trip_630_22,630,WEEKDAY,Akurdi Railway Station,1
trip_630_23,630,WEEKDAY,Akurdi Railway Station,1
trip_630_24,630,WEEKDAY,Akurdi Railway Station,1
trip_630_25,630,WEEKDAY,Akurdi Railway Station,1
trip_630_26,630,WEEKDAY,Akurdi Railway Station,1
trip_630_27,630,WEEKDAY,Akurdi Railway Station,1
trip_630_28,630,WEEKDAY,Akurdi Railway Station,1
trip_630_29,630,WEEKDAY,Akurdi Railway Station,1
trip_630_30,630,WEEKDAY,Akurdi Railway Station,1
trip_630_31,630,WEEKDAY,Akurdi Railway Station,1
trip_630_32,630,WEEKDAY,Akurdi Railway Station,1
trip_630_33,630,WEEKDAY,Akurdi Railway Station,1
trip_630_34,630,WEEKDAY,Akurdi Railway Station,1
trip_630_35,630,WEEKDAY,Akurdi Railway Station,1
trip_630_36,630,WEEKDAY,Akurdi Railway Station,1
trip_630_37,630,WEEKDAY,Akurdi Railway Station,1
trip_630_38,630,WEEKDAY,Akurdi Railway Station,1
trip_630_39,630,WEEKDAY,Akurdi Railway Station,1
trip_630_40,630,WEEKDAY,Akurdi Railway Station,1
trip_630_41,630,WEEKDAY,Akurdi Railway Station,1
trip_630_42,630,WEEKDAY,Akurdi Railway Station,1
trip_630_43,630,WEEKDAY,Akurdi Railway Station,1
trip_629_1,629,WEEKDAY,Ma Na Pa Main Gate,0
trip_630_44,630,WEEKDAY,Akurdi Railway Station,1
trip_629_2,629,WEEKDAY,Ma Na Pa Main Gate,0
trip_630_45,630,WEEKDAY,Akurdi Railway Station,1
trip_629_3,629,WEEKDAY,Ma Na Pa Main Gate,0
trip_630_46,630,WEEKDAY,Akurdi Railway Station,1
trip_629_4,629,WEEKDAY,Ma Na Pa Main Gate,0
trip_630_47,630,WEEKDAY,Akurdi Railway Station,1
trip_629_5,629,WEEKDAY,Ma Na Pa Main Gate,0
trip_630_48,630,WEEKDAY,Akurdi Railway Station,1
trip_629_6,629,WEEKDAY,Ma Na Pa Main Gate,0
trip_630_49,630,WEEKDAY,Akurdi Railway Station,1
trip_629_7,629,WEEKDAY,Ma Na Pa Main Gate,0
trip_630_50,630,WEEKDAY,Akurdi Railway Station,1
trip_629_8,629,WEEKDAY,Ma Na Pa Main Gate,0
trip_630_51,630,WEEKDAY,Akurdi Railway Station,1
trip_629_9,629,WEEKDAY,Ma Na Pa Main Gate,0
trip_629_10,629,WEEKDAY,Ma Na Pa Main Gate,0
trip_629_11,629,WEEKDAY,Ma Na Pa Main Gate,0
trip_629_12,629,WEEKDAY,Ma Na Pa Main Gate,0
trip_629_13,629,WEEKDAY,Ma Na Pa Main Gate,0
trip_629_14,629,WEEKDAY,Ma Na Pa Main Gate,0
trip_629_15,629,WEEKDAY,Ma Na Pa Main Gate,0
trip_629_16,629,WEEKDAY,Ma Na Pa Main Gate,0
trip_629_17,629,WEEKDAY,Ma Na Pa Main Gate,0
trip_629_18,629,WEEKDAY,Ma Na Pa Main Gate,0
trip_629_19,629,WEEKDAY,Ma Na Pa Main Gate,0
trip_629_20,629,WEEKDAY,Ma Na Pa Main Gate,0
trip_629_21,629,WEEKDAY,Ma Na Pa Main Gate,0
trip_629_22,629,WEEKDAY,Ma Na Pa Main Gate,0
trip_629_23,629,WEEKDAY,Ma Na Pa Main Gate,0
trip_629_24,629,WEEKDAY,Ma Na Pa Main Gate,0
trip_632_0,632,WEEKDAY,Gharkul Vasahat Chikhali,1
trip_629_25,629,WEEKDAY,Ma Na Pa Main Gate,0
trip_629_26,629,WEEKDAY,Ma Na Pa Main Gate,0
trip_629_27,629,WEEKDAY,Ma Na Pa Main Gate,0
trip_629_28,629,WEEKDAY,Ma Na Pa Main Gate,0
trip_631_0,631,WEEKDAY,Ma Na Pa Main Stand,0
trip_629_29,629,WEEKDAY,Ma Na Pa Main Gate,0
trip_629_30,629,WEEKDAY,Ma Na Pa Main Gate,0
trip_629_31,629,WEEKDAY,Ma Na Pa Main Gate,0
trip_629_32,629,WEEKDAY,Ma Na Pa Main Gate,0
trip_629_33,629,WEEKDAY,Ma Na Pa Main Gate,0
trip_629_34,629,WEEKDAY,Ma Na Pa Main Gate,0
trip_629_35,629,WEEKDAY,Ma Na Pa Main Gate,0
trip_629_36,629,WEEKDAY,Ma Na Pa Main Gate,0
trip_629_37,629,WEEKDAY,Ma Na Pa Main Gate,0
trip_629_38,629,WEEKDAY,Ma Na Pa Main Gate,0
trip_629_39,629,WEEKDAY,Ma Na Pa Main Gate,0
trip_629_40,629,WEEKDAY,Ma Na Pa Main Gate,0
trip_629_41,629,WEEKDAY,Ma Na Pa Main Gate,0
trip_632_1,632,WEEKDAY,Gharkul Vasahat Chikhali,1
trip_629_42,629,WEEKDAY,Ma Na Pa Main Gate,0
trip_632_2,632,WEEKDAY,Gharkul Vasahat Chikhali,1
trip_629_43,629,WEEKDAY,Ma Na Pa Main Gate,0
trip_632_3,632,WEEKDAY,Gharkul Vasahat Chikhali,1
trip_629_44,629,WEEKDAY,Ma Na Pa Main Gate,0
trip_632_4,632,WEEKDAY,Gharkul Vasahat Chikhali,1
trip_629_45,629,WEEKDAY,Ma Na Pa Main Gate,0
trip_632_5,632,WEEKDAY,Gharkul Vasahat Chikhali,1
trip_629_46,629,WEEKDAY,Ma Na Pa Main Gate,0
trip_629_47,629,WEEKDAY,Ma Na Pa Main Gate,0
trip_629_48,629,WEEKDAY,Ma Na Pa Main Gate,0
trip_631_1,631,WEEKDAY,Ma Na Pa Main Stand,0
trip_629_49,629,WEEKDAY,Ma Na Pa Main Gate,0
trip_631_2,631,WEEKDAY,Ma Na Pa Main Stand,0
trip_629_50,629,WEEKDAY,Ma Na Pa Main Gate,0
trip_631_3,631,WEEKDAY,Ma Na Pa Main Stand,0
trip_631_4,631,WEEKDAY,Ma Na Pa Main Stand,0
trip_631_5,631,WEEKDAY,Ma Na Pa Main Stand,0
trip_633_0,633,WEEKDAY,Ma Na Pa Main Stand,0
trip_633_1,633,WEEKDAY,Ma Na Pa Main Stand,0
trip_633_2,633,WEEKDAY,Ma Na Pa Main Stand,0
trip_633_3,633,WEEKDAY,Ma Na Pa Main Stand,0
trip_633_4,633,WEEKDAY,Ma Na Pa Main Stand,0
trip_633_5,633,WEEKDAY,Ma Na Pa Main Stand,0
trip_633_6,633,WEEKDAY,Ma Na Pa Main Stand,0
trip_633_7,633,WEEKDAY,Ma Na Pa Main Stand,0
trip_633_8,633,WEEKDAY,Ma Na Pa Main Stand,0
trip_633_9,633,WEEKDAY,Ma Na Pa Main Stand,0
trip_633_10,633,WEEKDAY,Ma Na Pa Main Stand,0
trip_633_11,633,WEEKDAY,Ma Na Pa Main Stand,0
trip_633_12,633,WEEKDAY,Ma Na Pa Main Stand,0
trip_633_13,633,WEEKDAY,Ma Na Pa Main Stand,0
trip_633_14,633,WEEKDAY,Ma Na Pa Main Stand,0
trip_633_15,633,WEEKDAY,Ma Na Pa Main Stand,0
trip_633_16,633,WEEKDAY,Ma Na Pa Main Stand,0
trip_633_17,633,WEEKDAY,Ma Na Pa Main Stand,0
trip_633_18,633,WEEKDAY,Ma Na Pa Main Stand,0
trip_633_19,633,WEEKDAY,Ma Na Pa Main Stand,0
trip_633_20,633,WEEKDAY,Ma Na Pa Main Stand,0
trip_633_21,633,WEEKDAY,Ma Na Pa Main Stand,0
trip_633_22,633,WEEKDAY,Ma Na Pa Main Stand,0
trip_633_23,633,WEEKDAY,Ma Na Pa Main Stand,0
trip_633_24,633,WEEKDAY,Ma Na Pa Main Stand,0
trip_634_0,634,WEEKDAY,Nageshwar Vidyalaya Chikhli,1
trip_634_1,634,WEEKDAY,Nageshwar Vidyalaya Chikhli,1
trip_634_2,634,WEEKDAY,Nageshwar Vidyalaya Chikhli,1
trip_634_3,634,WEEKDAY,Nageshwar Vidyalaya Chikhli,1
trip_634_4,634,WEEKDAY,Nageshwar Vidyalaya Chikhli,1
trip_634_5,634,WEEKDAY,Nageshwar Vidyalaya Chikhli,1
trip_634_6,634,WEEKDAY,Nageshwar Vidyalaya Chikhli,1
trip_634_7,634,WEEKDAY,Nageshwar Vidyalaya Chikhli,1
trip_634_8,634,WEEKDAY,Nageshwar Vidyalaya Chikhli,1
trip_634_9,634,WEEKDAY,Nageshwar Vidyalaya Chikhli,1
trip_634_10,634,WEEKDAY,Nageshwar Vidyalaya Chikhli,1
trip_634_11,634,WEEKDAY,Nageshwar Vidyalaya Chikhli,1
trip_634_12,634,WEEKDAY,Nageshwar Vidyalaya Chikhli,1
trip_634_13,634,WEEKDAY,Nageshwar Vidyalaya Chikhli,1
trip_634_14,634,WEEKDAY,Nageshwar Vidyalaya Chikhli,1
trip_634_15,634,WEEKDAY,Nageshwar Vidyalaya Chikhli,1
trip_634_16,634,WEEKDAY,Nageshwar Vidyalaya Chikhli,1
trip_634_17,634,WEEKDAY,Nageshwar Vidyalaya Chikhli,1
trip_634_18,634,WEEKDAY,Nageshwar Vidyalaya Chikhli,1
trip_634_19,634,WEEKDAY,Nageshwar Vidyalaya Chikhli,1
trip_634_20,634,WEEKDAY,Nageshwar Vidyalaya Chikhli,1
trip_634_21,634,WEEKDAY,Nageshwar Vidyalaya Chikhli,1
trip_634_22,634,WEEKDAY,Nageshwar Vidyalaya Chikhli,1
trip_634_23,634,WEEKDAY,Nageshwar Vidyalaya Chikhli,1
trip_634_24,634,WEEKDAY,Nageshwar Vidyalaya Chikhli,1
trip_642_0,642,WEEKDAY,Nageshwar Vidyalaya Chikhli,1
trip_641_0,641,WEEKDAY,Pimprigaon,0
trip_642_1,642,WEEKDAY,Nageshwar Vidyalaya Chikhli,1
trip_642_2,642,WEEKDAY,Nageshwar Vidyalaya Chikhli,1
trip_642_3,642,WEEKDAY,Nageshwar Vidyalaya Chikhli,1
trip_642_4,642,WEEKDAY,Nageshwar Vidyalaya Chikhli,1
trip_642_5,642,WEEKDAY,Nageshwar Vidyalaya Chikhli,1
trip_642_6,642,WEEKDAY,Nageshwar Vidyalaya Chikhli,1
trip_642_7,642,WEEKDAY,Nageshwar Vidyalaya Chikhli,1
trip_642_8,642,WEEKDAY,Nageshwar Vidyalaya Chikhli,1
trip_642_9,642,WEEKDAY,Nageshwar Vidyalaya Chikhli,1
trip_641_1,641,WEEKDAY,Pimprigaon,0
trip_641_2,641,WEEKDAY,Pimprigaon,0
trip_641_3,641,WEEKDAY,Pimprigaon,0
trip_641_4,641,WEEKDAY,Pimprigaon,0
trip_641_5,641,WEEKDAY,Pimprigaon,0
trip_641_6,641,WEEKDAY,Pimprigaon,0
trip_641_7,641,WEEKDAY,Pimprigaon,0
trip_641_8,641,WEEKDAY,Pimprigaon,0
trip_635_0,635,WEEKDAY,Bhosari Terminal,0
trip_635_1,635,WEEKDAY,Bhosari Terminal,0
trip_635_2,635,WEEKDAY,Bhosari Terminal,0
trip_635_3,635,WEEKDAY,Bhosari Terminal,0
trip_635_4,635,WEEKDAY,Bhosari Terminal,0
trip_635_5,635,WEEKDAY,Bhosari Terminal,0
trip_635_6,635,WEEKDAY,Bhosari Terminal,0
trip_635_7,635,WEEKDAY,Bhosari Terminal,0
trip_635_8,635,WEEKDAY,Bhosari Terminal,0
trip_635_9,635,WEEKDAY,Bhosari Terminal,0
trip_635_10,635,WEEKDAY,Bhosari Terminal,0
trip_635_11,635,WEEKDAY,Bhosari Terminal,0
trip_635_12,635,WEEKDAY,Bhosari Terminal,0
trip_635_13,635,WEEKDAY,Bhosari Terminal,0
trip_635_14,635,WEEKDAY,Bhosari Terminal,0
trip_635_15,635,WEEKDAY,Bhosari Terminal,0
trip_635_16,635,WEEKDAY,Bhosari Terminal,0
trip_635_17,635,WEEKDAY,Bhosari Terminal,0
trip_635_18,635,WEEKDAY,Bhosari Terminal,0
trip_635_19,635,WEEKDAY,Bhosari Terminal,0
trip_635_20,635,WEEKDAY,Bhosari Terminal,0
trip_635_21,635,WEEKDAY,Bhosari Terminal,0
trip_635_22,635,WEEKDAY,Bhosari Terminal,0
trip_635_23,635,WEEKDAY,Bhosari Terminal,0
trip_635_24,635,WEEKDAY,Bhosari Terminal,0
trip_635_25,635,WEEKDAY,Bhosari Terminal,0
trip_635_26,635,WEEKDAY,Bhosari Terminal,0
trip_635_27,635,WEEKDAY,Bhosari Terminal,0
trip_635_28,635,WEEKDAY,Bhosari Terminal,0
trip_635_29,635,WEEKDAY,Bhosari Terminal,0
trip_636_0,636,WEEKDAY,Hinjawadi Maan Phase 3,1
trip_635_30,635,WEEKDAY,Bhosari Terminal,0
trip_635_31,635,WEEKDAY,Bhosari Terminal,0
trip_635_32,635,WEEKDAY,Bhosari Terminal,0
trip_635_33,635,WEEKDAY,Bhosari Terminal,0
trip_635_34,635,WEEKDAY,Bhosari Terminal,0
trip_635_35,635,WEEKDAY,Bhosari Terminal,0
trip_635_36,635,WEEKDAY,Bhosari Terminal,0
trip_635_37,635,WEEKDAY,Bhosari Terminal,0
trip_635_38,635,WEEKDAY,Bhosari Terminal,0
trip_635_39,635,WEEKDAY,Bhosari Terminal,0
trip_635_40,635,WEEKDAY,Bhosari Terminal,0
trip_635_41,635,WEEKDAY,Bhosari Terminal,0
trip_635_42,635,WEEKDAY,Bhosari Terminal,0
trip_635_43,635,WEEKDAY,Bhosari Terminal,0
trip_635_44,635,WEEKDAY,Bhosari Terminal,0
trip_635_45,635,WEEKDAY,Bhosari Terminal,0
trip_635_46,635,WEEKDAY,Bhosari Terminal,0
trip_635_47,635,WEEKDAY,Bhosari Terminal,0
trip_635_48,635,WEEKDAY,Bhosari Terminal,0
trip_635_49,635,WEEKDAY,Bhosari Terminal,0
trip_635_50,635,WEEKDAY,Bhosari Terminal,0
trip_635_51,635,WEEKDAY,Bhosari Terminal,0
trip_635_52,635,WEEKDAY,Bhosari Terminal,0
trip_635_53,635,WEEKDAY,Bhosari Terminal,0
trip_635_54,635,WEEKDAY,Bhosari Terminal,0
trip_636_1,636,WEEKDAY,Hinjawadi Maan Phase 3,1
trip_635_55,635,WEEKDAY,Bhosari Terminal,0
trip_636_2,636,WEEKDAY,Hinjawadi Maan Phase 3,1
trip_635_56,635,WEEKDAY,Bhosari Terminal,0
trip_636_3,636,WEEKDAY,Hinjawadi Maan Phase 3,1
trip_635_57,635,WEEKDAY,Bhosari Terminal,0
trip_636_4,636,WEEKDAY,Hinjawadi Maan Phase 3,1
trip_635_58,635,WEEKDAY,Bhosari Terminal,0
trip_636_5,636,WEEKDAY,Hinjawadi Maan Phase 3,1
trip_635_59,635,WEEKDAY,Bhosari Terminal,0
trip_636_6,636,WEEKDAY,Hinjawadi Maan Phase 3,1
trip_635_60,635,WEEKDAY,Bhosari Terminal,0
trip_636_7,636,WEEKDAY,Hinjawadi Maan Phase 3,1
trip_635_61,635,WEEKDAY,Bhosari Terminal,0
trip_636_8,636,WEEKDAY,Hinjawadi Maan Phase 3,1
trip_635_62,635,WEEKDAY,Bhosari Terminal,0
trip_636_9,636,WEEKDAY,Hinjawadi Maan Phase 3,1
trip_635_63,635,WEEKDAY,Bhosari Terminal,0
trip_636_10,636,WEEKDAY,Hinjawadi Maan Phase 3,1
trip_635_64,635,WEEKDAY,Bhosari Terminal,0
trip_636_11,636,WEEKDAY,Hinjawadi Maan Phase 3,1
trip_635_65,635,WEEKDAY,Bhosari Terminal,0
trip_636_12,636,WEEKDAY,Hinjawadi Maan Phase 3,1
trip_635_66,635,WEEKDAY,Bhosari Terminal,0
trip_636_13,636,WEEKDAY,Hinjawadi Maan Phase 3,1
trip_635_67,635,WEEKDAY,Bhosari Terminal,0
trip_636_14,636,WEEKDAY,Hinjawadi Maan Phase 3,1
trip_635_68,635,WEEKDAY,Bhosari Terminal,0
trip_636_15,636,WEEKDAY,Hinjawadi Maan Phase 3,1
trip_635_69,635,WEEKDAY,Bhosari Terminal,0
trip_635_70,635,WEEKDAY,Bhosari Terminal,0
trip_636_16,636,WEEKDAY,Hinjawadi Maan Phase 3,1
trip_635_71,635,WEEKDAY,Bhosari Terminal,0
trip_636_17,636,WEEKDAY,Hinjawadi Maan Phase 3,1
trip_636_18,636,WEEKDAY,Hinjawadi Maan Phase 3,1
trip_635_72,635,WEEKDAY,Bhosari Terminal,0
trip_636_19,636,WEEKDAY,Hinjawadi Maan Phase 3,1
trip_635_73,635,WEEKDAY,Bhosari Terminal,0
trip_636_20,636,WEEKDAY,Hinjawadi Maan Phase 3,1
trip_635_74,635,WEEKDAY,Bhosari Terminal,0
trip_636_21,636,WEEKDAY,Hinjawadi Maan Phase 3,1
trip_635_75,635,WEEKDAY,Bhosari Terminal,0
trip_636_22,636,WEEKDAY,Hinjawadi Maan Phase 3,1
trip_635_76,635,WEEKDAY,Bhosari Terminal,0
trip_636_23,636,WEEKDAY,Hinjawadi Maan Phase 3,1
trip_635_77,635,WEEKDAY,Bhosari Terminal,0
trip_636_24,636,WEEKDAY,Hinjawadi Maan Phase 3,1
trip_635_78,635,WEEKDAY,Bhosari Terminal,0
trip_636_25,636,WEEKDAY,Hinjawadi Maan Phase 3,1
trip_635_79,635,WEEKDAY,Bhosari Terminal,0
trip_636_26,636,WEEKDAY,Hinjawadi Maan Phase 3,1
trip_635_80,635,WEEKDAY,Bhosari Terminal,0
trip_636_27,636,WEEKDAY,Hinjawadi Maan Phase 3,1
trip_635_81,635,WEEKDAY,Bhosari Terminal,0
trip_636_28,636,WEEKDAY,Hinjawadi Maan Phase 3,1
trip_635_82,635,WEEKDAY,Bhosari Terminal,0
trip_636_29,636,WEEKDAY,Hinjawadi Maan Phase 3,1
trip_636_30,636,WEEKDAY,Hinjawadi Maan Phase 3,1
trip_636_31,636,WEEKDAY,Hinjawadi Maan Phase 3,1
trip_636_32,636,WEEKDAY,Hinjawadi Maan Phase 3,1
trip_636_33,636,WEEKDAY,Hinjawadi Maan Phase 3,1
trip_636_34,636,WEEKDAY,Hinjawadi Maan Phase 3,1
trip_636_35,636,WEEKDAY,Hinjawadi Maan Phase 3,1
trip_636_36,636,WEEKDAY,Hinjawadi Maan Phase 3,1
trip_636_37,636,WEEKDAY,Hinjawadi Maan Phase 3,1
trip_636_38,636,WEEKDAY,Hinjawadi Maan Phase 3,1
trip_636_39,636,WEEKDAY,Hinjawadi Maan Phase 3,1
trip_636_40,636,WEEKDAY,Hinjawadi Maan Phase 3,1
trip_636_41,636,WEEKDAY,Hinjawadi Maan Phase 3,1
trip_636_42,636,WEEKDAY,Hinjawadi Maan Phase 3,1
trip_636_43,636,WEEKDAY,Hinjawadi Maan Phase 3,1
trip_636_44,636,WEEKDAY,Hinjawadi Maan Phase 3,1
trip_636_45,636,WEEKDAY,Hinjawadi Maan Phase 3,1
trip_636_46,636,WEEKDAY,Hinjawadi Maan Phase 3,1
trip_636_47,636,WEEKDAY,Hinjawadi Maan Phase 3,1
trip_636_48,636,WEEKDAY,Hinjawadi Maan Phase 3,1
trip_636_49,636,WEEKDAY,Hinjawadi Maan Phase 3,1
trip_636_50,636,WEEKDAY,Hinjawadi Maan Phase 3,1
trip_636_51,636,WEEKDAY,Hinjawadi Maan Phase 3,1
trip_636_52,636,WEEKDAY,Hinjawadi Maan Phase 3,1
trip_636_53,636,WEEKDAY,Hinjawadi Maan Phase 3,1
trip_636_54,636,WEEKDAY,Hinjawadi Maan Phase 3,1
trip_636_55,636,WEEKDAY,Hinjawadi Maan Phase 3,1
trip_636_56,636,WEEKDAY,Hinjawadi Maan Phase 3,1
trip_636_57,636,WEEKDAY,Hinjawadi Maan Phase 3,1
trip_636_58,636,WEEKDAY,Hinjawadi Maan Phase 3,1
trip_636_59,636,WEEKDAY,Hinjawadi Maan Phase 3,1
trip_636_60,636,WEEKDAY,Hinjawadi Maan Phase 3,1
trip_636_61,636,WEEKDAY,Hinjawadi Maan Phase 3,1
trip_636_62,636,WEEKDAY,Hinjawadi Maan Phase 3,1
trip_636_63,636,WEEKDAY,Hinjawadi Maan Phase 3,1
trip_636_64,636,WEEKDAY,Hinjawadi Maan Phase 3,1
trip_636_65,636,WEEKDAY,Hinjawadi Maan Phase 3,1
trip_636_66,636,WEEKDAY,Hinjawadi Maan Phase 3,1
trip_636_67,636,WEEKDAY,Hinjawadi Maan Phase 3,1
trip_636_68,636,WEEKDAY,Hinjawadi Maan Phase 3,1
trip_636_69,636,WEEKDAY,Hinjawadi Maan Phase 3,1
trip_636_70,636,WEEKDAY,Hinjawadi Maan Phase 3,1
trip_636_71,636,WEEKDAY,Hinjawadi Maan Phase 3,1
trip_636_72,636,WEEKDAY,Hinjawadi Maan Phase 3,1
trip_636_73,636,WEEKDAY,Hinjawadi Maan Phase 3,1
trip_636_74,636,WEEKDAY,Hinjawadi Maan Phase 3,1
trip_636_75,636,WEEKDAY,Hinjawadi Maan Phase 3,1
trip_636_76,636,WEEKDAY,Hinjawadi Maan Phase 3,1
trip_636_77,636,WEEKDAY,Hinjawadi Maan Phase 3,1
trip_636_78,636,WEEKDAY,Hinjawadi Maan Phase 3,1
trip_636_79,636,WEEKDAY,Hinjawadi Maan Phase 3,1
trip_636_80,636,WEEKDAY,Hinjawadi Maan Phase 3,1
trip_636_81,636,WEEKDAY,Hinjawadi Maan Phase 3,1
trip_636_82,636,WEEKDAY,Hinjawadi Maan Phase 3,1
trip_636_83,636,WEEKDAY,Hinjawadi Maan Phase 3,1
trip_636_84,636,WEEKDAY,Hinjawadi Maan Phase 3,1
trip_636_85,636,WEEKDAY,Hinjawadi Maan Phase 3,1
trip_636_86,636,WEEKDAY,Hinjawadi Maan Phase 3,1
trip_654_0,654,WEEKDAY,Pimpri Road,0
trip_655_0,655,WEEKDAY,Siddhanta College Sudumbare,1
trip_654_1,654,WEEKDAY,Pimpri Road,0
trip_654_2,654,WEEKDAY,Pimpri Road,0
trip_654_3,654,WEEKDAY,Pimpri Road,0
trip_654_4,654,WEEKDAY,Pimpri Road,0
trip_654_5,654,WEEKDAY,Pimpri Road,0
trip_654_6,654,WEEKDAY,Pimpri Road,0
trip_654_7,654,WEEKDAY,Pimpri Road,0
trip_654_8,654,WEEKDAY,Pimpri Road,0
trip_654_9,654,WEEKDAY,Pimpri Road,0
trip_654_10,654,WEEKDAY,Pimpri Road,0
trip_654_11,654,WEEKDAY,Pimpri Road,0
trip_655_1,655,WEEKDAY,Siddhanta College Sudumbare,1
trip_654_12,654,WEEKDAY,Pimpri Road,0
trip_655_2,655,WEEKDAY,Siddhanta College Sudumbare,1
trip_654_13,654,WEEKDAY,Pimpri Road,0
trip_655_3,655,WEEKDAY,Siddhanta College Sudumbare,1
trip_654_14,654,WEEKDAY,Pimpri Road,0
trip_655_4,655,WEEKDAY,Siddhanta College Sudumbare,1
trip_654_15,654,WEEKDAY,Pimpri Road,0
trip_655_5,655,WEEKDAY,Siddhanta College Sudumbare,1
trip_654_16,654,WEEKDAY,Pimpri Road,0
trip_655_6,655,WEEKDAY,Siddhanta College Sudumbare,1
trip_654_17,654,WEEKDAY,Pimpri Road,0
trip_655_7,655,WEEKDAY,Siddhanta College Sudumbare,1
trip_655_8,655,WEEKDAY,Siddhanta College Sudumbare,1
trip_655_9,655,WEEKDAY,Siddhanta College Sudumbare,1
trip_655_10,655,WEEKDAY,Siddhanta College Sudumbare,1
trip_655_11,655,WEEKDAY,Siddhanta College Sudumbare,1
trip_655_12,655,WEEKDAY,Siddhanta College Sudumbare,1
trip_655_13,655,WEEKDAY,Siddhanta College Sudumbare,1
trip_655_14,655,WEEKDAY,Siddhanta College Sudumbare,1
trip_655_15,655,WEEKDAY,Siddhanta College Sudumbare,1
trip_661_0,661,WEEKDAY,Pimple Saudagar,1
trip_647_0,647,WEEKDAY,Alandi,0
trip_661_1,661,WEEKDAY,Pimple Saudagar,1
trip_659_0,659,WEEKDAY,Charholigaon Burde Vasti,0
trip_661_2,661,WEEKDAY,Pimple Saudagar,1
trip_661_3,661,WEEKDAY,Pimple Saudagar,1
trip_661_4,661,WEEKDAY,Pimple Saudagar,1
trip_659_1,659,WEEKDAY,Charholigaon Burde Vasti,0
trip_647_1,647,WEEKDAY,Alandi,0
trip_659_2,659,WEEKDAY,Charholigaon Burde Vasti,0
trip_647_2,647,WEEKDAY,Alandi,0
trip_659_3,659,WEEKDAY,Charholigaon Burde Vasti,0
trip_647_3,647,WEEKDAY,Alandi,0
trip_647_4,647,WEEKDAY,Alandi,0
trip_647_5,647,WEEKDAY,Alandi,0
trip_647_6,647,WEEKDAY,Alandi,0
trip_647_7,647,WEEKDAY,Alandi,0
trip_647_8,647,WEEKDAY,Alandi,0
trip_647_9,647,WEEKDAY,Alandi,0
trip_647_10,647,WEEKDAY,Alandi,0
trip_647_11,647,WEEKDAY,Alandi,0
trip_647_12,647,WEEKDAY,Alandi,0
trip_647_13,647,WEEKDAY,Alandi,0
trip_647_14,647,WEEKDAY,Alandi,0
trip_647_15,647,WEEKDAY,Alandi,0
trip_647_16,647,WEEKDAY,Alandi,0
trip_647_17,647,WEEKDAY,Alandi,0
trip_647_18,647,WEEKDAY,Alandi,0
trip_647_19,647,WEEKDAY,Alandi,0
trip_647_20,647,WEEKDAY,Alandi,0
trip_647_21,647,WEEKDAY,Alandi,0
trip_648_0,648,WEEKDAY,Hinjawadi Maan Phase 3,1
trip_647_22,647,WEEKDAY,Alandi,0
trip_647_23,647,WEEKDAY,Alandi,0
trip_647_24,647,WEEKDAY,Alandi,0
trip_647_25,647,WEEKDAY,Alandi,0
trip_647_26,647,WEEKDAY,Alandi,0
trip_647_27,647,WEEKDAY,Alandi,0
trip_656_0,656,WEEKDAY,Alandi,0
trip_662_0,662,WEEKDAY,Charholigaon,0
trip_648_1,648,WEEKDAY,Hinjawadi Maan Phase 3,1
trip_648_2,648,WEEKDAY,Hinjawadi Maan Phase 3,1
trip_648_3,648,WEEKDAY,Hinjawadi Maan Phase 3,1
trip_648_4,648,WEEKDAY,Hinjawadi Maan Phase 3,1
trip_648_5,648,WEEKDAY,Hinjawadi Maan Phase 3,1
trip_648_6,648,WEEKDAY,Hinjawadi Maan Phase 3,1
trip_648_7,648,WEEKDAY,Hinjawadi Maan Phase 3,1
trip_648_8,648,WEEKDAY,Hinjawadi Maan Phase 3,1
trip_648_9,648,WEEKDAY,Hinjawadi Maan Phase 3,1
trip_648_10,648,WEEKDAY,Hinjawadi Maan Phase 3,1
trip_648_11,648,WEEKDAY,Hinjawadi Maan Phase 3,1
trip_662_1,662,WEEKDAY,Charholigaon,0
trip_648_12,648,WEEKDAY,Hinjawadi Maan Phase 3,1
trip_662_2,662,WEEKDAY,Charholigaon,0
trip_648_13,648,WEEKDAY,Hinjawadi Maan Phase 3,1
trip_662_3,662,WEEKDAY,Charholigaon,0
trip_648_14,648,WEEKDAY,Hinjawadi Maan Phase 3,1
trip_662_4,662,WEEKDAY,Charholigaon,0
trip_648_15,648,WEEKDAY,Hinjawadi Maan Phase 3,1
trip_656_1,656,WEEKDAY,Alandi,0
trip_648_16,648,WEEKDAY,Hinjawadi Maan Phase 3,1
trip_648_17,648,WEEKDAY,Hinjawadi Maan Phase 3,1
trip_648_18,648,WEEKDAY,Hinjawadi Maan Phase 3,1
trip_657_0,657,WEEKDAY,Talegaon Dhabhade Maruti Mandir,1
trip_648_19,648,WEEKDAY,Hinjawadi Maan Phase 3,1
trip_666_0,666,WEEKDAY,Bhosari Gavhane Vasti,0
trip_648_20,648,WEEKDAY,Hinjawadi Maan Phase 3,1
trip_648_21,648,WEEKDAY,Hinjawadi Maan Phase 3,1
trip_648_22,648,WEEKDAY,Hinjawadi Maan Phase 3,1
trip_648_23,648,WEEKDAY,Hinjawadi Maan Phase 3,1
trip_648_24,648,WEEKDAY,Hinjawadi Maan Phase 3,1
trip_648_25,648,WEEKDAY,Hinjawadi Maan Phase 3,1
trip_648_26,648,WEEKDAY,Hinjawadi Maan Phase 3,1
trip_648_27,648,WEEKDAY,Hinjawadi Maan Phase 3,1
trip_667_0,667,WEEKDAY,Pimple Saudagar,1
trip_666_1,666,WEEKDAY,Bhosari Gavhane Vasti,0
trip_666_2,666,WEEKDAY,Bhosari Gavhane Vasti,0
trip_666_3,666,WEEKDAY,Bhosari Gavhane Vasti,0
trip_666_4,666,WEEKDAY,Bhosari Gavhane Vasti,0
trip_666_5,666,WEEKDAY,Bhosari Gavhane Vasti,0
trip_663_0,663,WEEKDAY,Pimple Saudagar,1
trip_666_6,666,WEEKDAY,Bhosari Gavhane Vasti,0
trip_666_7,666,WEEKDAY,Bhosari Gavhane Vasti,0
trip_666_8,666,WEEKDAY,Bhosari Gavhane Vasti,0
trip_666_9,666,WEEKDAY,Bhosari Gavhane Vasti,0
trip_666_10,666,WEEKDAY,Bhosari Gavhane Vasti,0
trip_666_11,666,WEEKDAY,Bhosari Gavhane Vasti,0
trip_666_12,666,WEEKDAY,Bhosari Gavhane Vasti,0
trip_666_13,666,WEEKDAY,Bhosari Gavhane Vasti,0
trip_666_14,666,WEEKDAY,Bhosari Gavhane Vasti,0
trip_667_1,667,WEEKDAY,Pimple Saudagar,1
trip_666_15,666,WEEKDAY,Bhosari Gavhane Vasti,0
trip_667_2,667,WEEKDAY,Pimple Saudagar,1
trip_666_16,666,WEEKDAY,Bhosari Gavhane Vasti,0
trip_667_3,667,WEEKDAY,Pimple Saudagar,1
trip_666_17,666,WEEKDAY,Bhosari Gavhane Vasti,0
trip_667_4,667,WEEKDAY,Pimple Saudagar,1
trip_666_18,666,WEEKDAY,Bhosari Gavhane Vasti,0
trip_667_5,667,WEEKDAY,Pimple Saudagar,1
trip_666_19,666,WEEKDAY,Bhosari Gavhane Vasti,0
trip_657_1,657,WEEKDAY,Talegaon Dhabhade Maruti Mandir,1
trip_667_6,667,WEEKDAY,Pimple Saudagar,1
trip_666_20,666,WEEKDAY,Bhosari Gavhane Vasti,0
trip_657_2,657,WEEKDAY,Talegaon Dhabhade Maruti Mandir,1
trip_667_7,667,WEEKDAY,Pimple Saudagar,1
trip_666_21,666,WEEKDAY,Bhosari Gavhane Vasti,0
trip_657_3,657,WEEKDAY,Talegaon Dhabhade Maruti Mandir,1
trip_667_8,667,WEEKDAY,Pimple Saudagar,1
trip_666_22,666,WEEKDAY,Bhosari Gavhane Vasti,0
trip_667_9,667,WEEKDAY,Pimple Saudagar,1
trip_666_23,666,WEEKDAY,Bhosari Gavhane Vasti,0
trip_667_10,667,WEEKDAY,Pimple Saudagar,1
trip_666_24,666,WEEKDAY,Bhosari Gavhane Vasti,0
trip_667_11,667,WEEKDAY,Pimple Saudagar,1
trip_666_25,666,WEEKDAY,Bhosari Gavhane Vasti,0
trip_667_12,667,WEEKDAY,Pimple Saudagar,1
trip_666_26,666,WEEKDAY,Bhosari Gavhane Vasti,0
trip_667_13,667,WEEKDAY,Pimple Saudagar,1
trip_666_27,666,WEEKDAY,Bhosari Gavhane Vasti,0
trip_667_14,667,WEEKDAY,Pimple Saudagar,1
trip_666_28,666,WEEKDAY,Bhosari Gavhane Vasti,0
trip_667_15,667,WEEKDAY,Pimple Saudagar,1
trip_666_29,666,WEEKDAY,Bhosari Gavhane Vasti,0
trip_667_16,667,WEEKDAY,Pimple Saudagar,1
trip_666_30,666,WEEKDAY,Bhosari Gavhane Vasti,0
trip_667_17,667,WEEKDAY,Pimple Saudagar,1
trip_666_31,666,WEEKDAY,Bhosari Gavhane Vasti,0
trip_667_18,667,WEEKDAY,Pimple Saudagar,1
trip_666_32,666,WEEKDAY,Bhosari Gavhane Vasti,0
trip_666_33,666,WEEKDAY,Bhosari Gavhane Vasti,0
trip_667_19,667,WEEKDAY,Pimple Saudagar,1
trip_666_34,666,WEEKDAY,Bhosari Gavhane Vasti,0
trip_667_20,667,WEEKDAY,Pimple Saudagar,1
trip_666_35,666,WEEKDAY,Bhosari Gavhane Vasti,0
trip_667_21,667,WEEKDAY,Pimple Saudagar,1
trip_666_36,666,WEEKDAY,Bhosari Gavhane Vasti,0
trip_667_22,667,WEEKDAY,Pimple Saudagar,1
trip_666_37,666,WEEKDAY,Bhosari Gavhane Vasti,0
trip_667_23,667,WEEKDAY,Pimple Saudagar,1
trip_666_38,666,WEEKDAY,Bhosari Gavhane Vasti,0
trip_667_24,667,WEEKDAY,Pimple Saudagar,1
trip_666_39,666,WEEKDAY,Bhosari Gavhane Vasti,0
trip_667_25,667,WEEKDAY,Pimple Saudagar,1
trip_666_40,666,WEEKDAY,Bhosari Gavhane Vasti,0
trip_667_26,667,WEEKDAY,Pimple Saudagar,1
trip_666_41,666,WEEKDAY,Bhosari Gavhane Vasti,0
trip_667_27,667,WEEKDAY,Pimple Saudagar,1
trip_666_42,666,WEEKDAY,Bhosari Gavhane Vasti,0
trip_667_28,667,WEEKDAY,Pimple Saudagar,1
trip_666_43,666,WEEKDAY,Bhosari Gavhane Vasti,0
trip_667_29,667,WEEKDAY,Pimple Saudagar,1
trip_666_44,666,WEEKDAY,Bhosari Gavhane Vasti,0
trip_663_1,663,WEEKDAY,Pimple Saudagar,1
trip_667_30,667,WEEKDAY,Pimple Saudagar,1
trip_666_45,666,WEEKDAY,Bhosari Gavhane Vasti,0
trip_667_31,667,WEEKDAY,Pimple Saudagar,1
trip_663_2,663,WEEKDAY,Pimple Saudagar,1
trip_666_46,666,WEEKDAY,Bhosari Gavhane Vasti,0
trip_667_32,667,WEEKDAY,Pimple Saudagar,1
trip_663_3,663,WEEKDAY,Pimple Saudagar,1
trip_666_47,666,WEEKDAY,Bhosari Gavhane Vasti,0
trip_667_33,667,WEEKDAY,Pimple Saudagar,1
trip_666_48,666,WEEKDAY,Bhosari Gavhane Vasti,0
trip_667_34,667,WEEKDAY,Pimple Saudagar,1
trip_666_49,666,WEEKDAY,Bhosari Gavhane Vasti,0
trip_667_35,667,WEEKDAY,Pimple Saudagar,1
trip_666_50,666,WEEKDAY,Bhosari Gavhane Vasti,0
trip_667_36,667,WEEKDAY,Pimple Saudagar,1
trip_666_51,666,WEEKDAY,Bhosari Gavhane Vasti,0
trip_667_37,667,WEEKDAY,Pimple Saudagar,1
trip_666_52,666,WEEKDAY,Bhosari Gavhane Vasti,0
trip_667_38,667,WEEKDAY,Pimple Saudagar,1
trip_666_53,666,WEEKDAY,Bhosari Gavhane Vasti,0
trip_667_39,667,WEEKDAY,Pimple Saudagar,1
trip_666_54,666,WEEKDAY,Bhosari Gavhane Vasti,0
trip_667_40,667,WEEKDAY,Pimple Saudagar,1
trip_666_55,666,WEEKDAY,Bhosari Gavhane Vasti,0
trip_667_41,667,WEEKDAY,Pimple Saudagar,1
trip_666_56,666,WEEKDAY,Bhosari Gavhane Vasti,0
trip_667_42,667,WEEKDAY,Pimple Saudagar,1
trip_666_57,666,WEEKDAY,Bhosari Gavhane Vasti,0
trip_667_43,667,WEEKDAY,Pimple Saudagar,1
trip_666_58,666,WEEKDAY,Bhosari Gavhane Vasti,0
trip_667_44,667,WEEKDAY,Pimple Saudagar,1
trip_666_59,666,WEEKDAY,Bhosari Gavhane Vasti,0
trip_667_45,667,WEEKDAY,Pimple Saudagar,1
trip_666_60,666,WEEKDAY,Bhosari Gavhane Vasti,0
trip_667_46,667,WEEKDAY,Pimple Saudagar,1
trip_666_61,666,WEEKDAY,Bhosari Gavhane Vasti,0
trip_666_62,666,WEEKDAY,Bhosari Gavhane Vasti,0
trip_667_47,667,WEEKDAY,Pimple Saudagar,1
trip_666_63,666,WEEKDAY,Bhosari Gavhane Vasti,0
trip_667_48,667,WEEKDAY,Pimple Saudagar,1
trip_666_64,666,WEEKDAY,Bhosari Gavhane Vasti,0
trip_667_49,667,WEEKDAY,Pimple Saudagar,1
trip_666_65,666,WEEKDAY,Bhosari Gavhane Vasti,0
trip_667_50,667,WEEKDAY,Pimple Saudagar,1
trip_666_66,666,WEEKDAY,Bhosari Gavhane Vasti,0
trip_667_51,667,WEEKDAY,Pimple Saudagar,1
trip_666_67,666,WEEKDAY,Bhosari Gavhane Vasti,0
trip_667_52,667,WEEKDAY,Pimple Saudagar,1
trip_666_68,666,WEEKDAY,Bhosari Gavhane Vasti,0
trip_667_53,667,WEEKDAY,Pimple Saudagar,1
trip_667_54,667,WEEKDAY,Pimple Saudagar,1
trip_666_69,666,WEEKDAY,Bhosari Gavhane Vasti,0
trip_667_55,667,WEEKDAY,Pimple Saudagar,1
trip_666_70,666,WEEKDAY,Bhosari Gavhane Vasti,0
trip_667_56,667,WEEKDAY,Pimple Saudagar,1
trip_666_71,666,WEEKDAY,Bhosari Gavhane Vasti,0
trip_667_57,667,WEEKDAY,Pimple Saudagar,1
trip_667_58,667,WEEKDAY,Pimple Saudagar,1
trip_667_59,667,WEEKDAY,Pimple Saudagar,1
trip_667_60,667,WEEKDAY,Pimple Saudagar,1
trip_667_61,667,WEEKDAY,Pimple Saudagar,1
trip_667_62,667,WEEKDAY,Pimple Saudagar,1
trip_667_63,667,WEEKDAY,Pimple Saudagar,1
trip_667_64,667,WEEKDAY,Pimple Saudagar,1
trip_667_65,667,WEEKDAY,Pimple Saudagar,1
trip_667_66,667,WEEKDAY,Pimple Saudagar,1
trip_667_67,667,WEEKDAY,Pimple Saudagar,1
trip_667_68,667,WEEKDAY,Pimple Saudagar,1
trip_667_69,667,WEEKDAY,Pimple Saudagar,1
trip_667_70,667,WEEKDAY,Pimple Saudagar,1
trip_673_0,673,WEEKDAY,Gharkul Vasahat Chikhali,1
trip_673_1,673,WEEKDAY,Gharkul Vasahat Chikhali,1
trip_673_2,673,WEEKDAY,Gharkul Vasahat Chikhali,1
trip_673_3,673,WEEKDAY,Gharkul Vasahat Chikhali,1
trip_672_0,672,WEEKDAY,Pimprigaon,0
trip_672_1,672,WEEKDAY,Pimprigaon,0
trip_672_2,672,WEEKDAY,Pimprigaon,0
trip_672_3,672,WEEKDAY,Pimprigaon,0
trip_1266_0,1266,WEEKDAY,Nigdi Pawale Chowk,0
trip_1267_0,1267,WEEKDAY,Tata Motors Bebadohal,1
trip_1266_1,1266,WEEKDAY,Nigdi Pawale Chowk,0
trip_1266_2,1266,WEEKDAY,Nigdi Pawale Chowk,0
trip_1266_3,1266,WEEKDAY,Nigdi Pawale Chowk,0
trip_1266_4,1266,WEEKDAY,Nigdi Pawale Chowk,0
trip_1266_5,1266,WEEKDAY,Nigdi Pawale Chowk,0
trip_1266_6,1266,WEEKDAY,Nigdi Pawale Chowk,0
trip_1267_1,1267,WEEKDAY,Tata Motors Bebadohal,1
trip_1267_2,1267,WEEKDAY,Tata Motors Bebadohal,1
trip_1267_3,1267,WEEKDAY,Tata Motors Bebadohal,1
trip_1267_4,1267,WEEKDAY,Tata Motors Bebadohal,1
trip_1267_5,1267,WEEKDAY,Tata Motors Bebadohal,1
trip_1267_6,1267,WEEKDAY,Tata Motors Bebadohal,1
trip_670_0,670,WEEKDAY,Pune Station Moledina Stand,0
trip_670_1,670,WEEKDAY,Pune Station Moledina Stand,0
trip_670_2,670,WEEKDAY,Pune Station Moledina Stand,0
trip_670_3,670,WEEKDAY,Pune Station Moledina Stand,0
trip_670_4,670,WEEKDAY,Pune Station Moledina Stand,0
trip_670_5,670,WEEKDAY,Pune Station Moledina Stand,0
trip_670_6,670,WEEKDAY,Pune Station Moledina Stand,0
trip_670_7,670,WEEKDAY,Pune Station Moledina Stand,0
trip_670_8,670,WEEKDAY,Pune Station Moledina Stand,0
trip_670_9,670,WEEKDAY,Pune Station Moledina Stand,0
trip_670_10,670,WEEKDAY,Pune Station Moledina Stand,0
trip_670_11,670,WEEKDAY,Pune Station Moledina Stand,0
trip_670_12,670,WEEKDAY,Pune Station Moledina Stand,0
trip_670_13,670,WEEKDAY,Pune Station Moledina Stand,0
trip_670_14,670,WEEKDAY,Pune Station Moledina Stand,0
trip_670_15,670,WEEKDAY,Pune Station Moledina Stand,0
trip_670_16,670,WEEKDAY,Pune Station Moledina Stand,0
trip_670_17,670,WEEKDAY,Pune Station Moledina Stand,0
trip_670_18,670,WEEKDAY,Pune Station Moledina Stand,0
trip_670_19,670,WEEKDAY,Pune Station Moledina Stand,0
trip_671_0,671,WEEKDAY,Hinjawadi Maan Phase 3,1
trip_679_0,679,WEEKDAY,Bhakti Shakti Stand,1
trip_671_1,671,WEEKDAY,Hinjawadi Maan Phase 3,1
trip_671_2,671,WEEKDAY,Hinjawadi Maan Phase 3,1
trip_671_3,671,WEEKDAY,Hinjawadi Maan Phase 3,1
trip_671_4,671,WEEKDAY,Hinjawadi Maan Phase 3,1
trip_671_5,671,WEEKDAY,Hinjawadi Maan Phase 3,1
trip_671_6,671,WEEKDAY,Hinjawadi Maan Phase 3,1
trip_671_7,671,WEEKDAY,Hinjawadi Maan Phase 3,1
trip_671_8,671,WEEKDAY,Hinjawadi Maan Phase 3,1
trip_678_0,678,WEEKDAY,Kesnand Phata Wagholi,0
trip_671_9,671,WEEKDAY,Hinjawadi Maan Phase 3,1
trip_671_10,671,WEEKDAY,Hinjawadi Maan Phase 3,1
trip_671_11,671,WEEKDAY,Hinjawadi Maan Phase 3,1
trip_671_12,671,WEEKDAY,Hinjawadi Maan Phase 3,1
trip_671_13,671,WEEKDAY,Hinjawadi Maan Phase 3,1
trip_679_1,679,WEEKDAY,Bhakti Shakti Stand,1
trip_671_14,671,WEEKDAY,Hinjawadi Maan Phase 3,1
trip_679_2,679,WEEKDAY,Bhakti Shakti Stand,1
trip_671_15,671,WEEKDAY,Hinjawadi Maan Phase 3,1
trip_679_3,679,WEEKDAY,Bhakti Shakti Stand,1
trip_671_16,671,WEEKDAY,Hinjawadi Maan Phase 3,1
trip_679_4,679,WEEKDAY,Bhakti Shakti Stand,1
trip_671_17,671,WEEKDAY,Hinjawadi Maan Phase 3,1
trip_679_5,679,WEEKDAY,Bhakti Shakti Stand,1
trip_671_18,671,WEEKDAY,Hinjawadi Maan Phase 3,1
trip_679_6,679,WEEKDAY,Bhakti Shakti Stand,1
trip_671_19,671,WEEKDAY,Hinjawadi Maan Phase 3,1
trip_679_7,679,WEEKDAY,Bhakti Shakti Stand,1
trip_679_8,679,WEEKDAY,Bhakti Shakti Stand,1
trip_671_20,671,WEEKDAY,Hinjawadi Maan Phase 3,1
trip_679_9,679,WEEKDAY,Bhakti Shakti Stand,1
trip_679_10,679,WEEKDAY,Bhakti Shakti Stand,1
trip_679_11,679,WEEKDAY,Bhakti Shakti Stand,1
trip_679_12,679,WEEKDAY,Bhakti Shakti Stand,1
trip_679_13,679,WEEKDAY,Bhakti Shakti Stand,1
trip_679_14,679,WEEKDAY,Bhakti Shakti Stand,1
trip_679_15,679,WEEKDAY,Bhakti Shakti Stand,1
trip_679_16,679,WEEKDAY,Bhakti Shakti Stand,1
trip_679_17,679,WEEKDAY,Bhakti Shakti Stand,1
trip_679_18,679,WEEKDAY,Bhakti Shakti Stand,1
trip_679_19,679,WEEKDAY,Bhakti Shakti Stand,1
trip_679_20,679,WEEKDAY,Bhakti Shakti Stand,1
trip_679_21,679,WEEKDAY,Bhakti Shakti Stand,1
trip_679_22,679,WEEKDAY,Bhakti Shakti Stand,1
trip_679_23,679,WEEKDAY,Bhakti Shakti Stand,1
trip_679_24,679,WEEKDAY,Bhakti Shakti Stand,1
trip_679_25,679,WEEKDAY,Bhakti Shakti Stand,1
trip_679_26,679,WEEKDAY,Bhakti Shakti Stand,1
trip_679_27,679,WEEKDAY,Bhakti Shakti Stand,1
trip_678_1,678,WEEKDAY,Kesnand Phata Wagholi,0
trip_679_28,679,WEEKDAY,Bhakti Shakti Stand,1
trip_678_2,678,WEEKDAY,Kesnand Phata Wagholi,0
trip_679_29,679,WEEKDAY,Bhakti Shakti Stand,1
trip_678_3,678,WEEKDAY,Kesnand Phata Wagholi,0
trip_679_30,679,WEEKDAY,Bhakti Shakti Stand,1
trip_678_4,678,WEEKDAY,Kesnand Phata Wagholi,0
trip_679_31,679,WEEKDAY,Bhakti Shakti Stand,1
trip_678_5,678,WEEKDAY,Kesnand Phata Wagholi,0
trip_679_32,679,WEEKDAY,Bhakti Shakti Stand,1
trip_678_6,678,WEEKDAY,Kesnand Phata Wagholi,0
trip_679_33,679,WEEKDAY,Bhakti Shakti Stand,1
trip_678_7,678,WEEKDAY,Kesnand Phata Wagholi,0
trip_679_34,679,WEEKDAY,Bhakti Shakti Stand,1
trip_678_8,678,WEEKDAY,Kesnand Phata Wagholi,0
trip_679_35,679,WEEKDAY,Bhakti Shakti Stand,1
trip_678_9,678,WEEKDAY,Kesnand Phata Wagholi,0
trip_679_36,679,WEEKDAY,Bhakti Shakti Stand,1
trip_678_10,678,WEEKDAY,Kesnand Phata Wagholi,0
trip_679_37,679,WEEKDAY,Bhakti Shakti Stand,1
trip_678_11,678,WEEKDAY,Kesnand Phata Wagholi,0
trip_679_38,679,WEEKDAY,Bhakti Shakti Stand,1
trip_678_12,678,WEEKDAY,Kesnand Phata Wagholi,0
trip_679_39,679,WEEKDAY,Bhakti Shakti Stand,1
trip_678_13,678,WEEKDAY,Kesnand Phata Wagholi,0
trip_679_40,679,WEEKDAY,Bhakti Shakti Stand,1
trip_678_14,678,WEEKDAY,Kesnand Phata Wagholi,0
trip_679_41,679,WEEKDAY,Bhakti Shakti Stand,1
trip_678_15,678,WEEKDAY,Kesnand Phata Wagholi,0
trip_679_42,679,WEEKDAY,Bhakti Shakti Stand,1
trip_678_16,678,WEEKDAY,Kesnand Phata Wagholi,0
trip_678_17,678,WEEKDAY,Kesnand Phata Wagholi,0
trip_678_18,678,WEEKDAY,Kesnand Phata Wagholi,0
trip_678_19,678,WEEKDAY,Kesnand Phata Wagholi,0
trip_678_20,678,WEEKDAY,Kesnand Phata Wagholi,0
trip_678_21,678,WEEKDAY,Kesnand Phata Wagholi,0
trip_678_22,678,WEEKDAY,Kesnand Phata Wagholi,0
trip_678_23,678,WEEKDAY,Kesnand Phata Wagholi,0
trip_678_24,678,WEEKDAY,Kesnand Phata Wagholi,0
trip_678_25,678,WEEKDAY,Kesnand Phata Wagholi,0
trip_678_26,678,WEEKDAY,Kesnand Phata Wagholi,0
trip_678_27,678,WEEKDAY,Kesnand Phata Wagholi,0
trip_678_28,678,WEEKDAY,Kesnand Phata Wagholi,0
trip_678_29,678,WEEKDAY,Kesnand Phata Wagholi,0
trip_678_30,678,WEEKDAY,Kesnand Phata Wagholi,0
trip_678_31,678,WEEKDAY,Kesnand Phata Wagholi,0
trip_678_32,678,WEEKDAY,Kesnand Phata Wagholi,0
trip_678_33,678,WEEKDAY,Kesnand Phata Wagholi,0
trip_678_34,678,WEEKDAY,Kesnand Phata Wagholi,0
trip_678_35,678,WEEKDAY,Kesnand Phata Wagholi,0
trip_678_36,678,WEEKDAY,Kesnand Phata Wagholi,0
trip_678_37,678,WEEKDAY,Kesnand Phata Wagholi,0
trip_678_38,678,WEEKDAY,Kesnand Phata Wagholi,0
trip_678_39,678,WEEKDAY,Kesnand Phata Wagholi,0
trip_678_40,678,WEEKDAY,Kesnand Phata Wagholi,0
trip_678_41,678,WEEKDAY,Kesnand Phata Wagholi,0
trip_1327_0,1327,WEEKDAY,Dsk Vishwa,1
trip_1326_0,1326,WEEKDAY,Nigdi Bhakti Shakti Stand,0
trip_1327_1,1327,WEEKDAY,Dsk Vishwa,1
trip_1327_2,1327,WEEKDAY,Dsk Vishwa,1
trip_1326_1,1326,WEEKDAY,Nigdi Bhakti Shakti Stand,0
trip_1327_3,1327,WEEKDAY,Dsk Vishwa,1
trip_1326_2,1326,WEEKDAY,Nigdi Bhakti Shakti Stand,0
trip_1327_4,1327,WEEKDAY,Dsk Vishwa,1
trip_1326_3,1326,WEEKDAY,Nigdi Bhakti Shakti Stand,0
trip_1327_5,1327,WEEKDAY,Dsk Vishwa,1
trip_1326_4,1326,WEEKDAY,Nigdi Bhakti Shakti Stand,0
trip_1327_6,1327,WEEKDAY,Dsk Vishwa,1
trip_1326_5,1326,WEEKDAY,Nigdi Bhakti Shakti Stand,0
trip_1327_7,1327,WEEKDAY,Dsk Vishwa,1
trip_1326_6,1326,WEEKDAY,Nigdi Bhakti Shakti Stand,0
trip_1326_7,1326,WEEKDAY,Nigdi Bhakti Shakti Stand,0
trip_684_0,684,WEEKDAY,Nigdi Pawale Chowk,0
trip_685_0,685,WEEKDAY,Alandi,1
trip_684_1,684,WEEKDAY,Nigdi Pawale Chowk,0
trip_684_2,684,WEEKDAY,Nigdi Pawale Chowk,0
trip_684_3,684,WEEKDAY,Nigdi Pawale Chowk,0
trip_684_4,684,WEEKDAY,Nigdi Pawale Chowk,0
trip_684_5,684,WEEKDAY,Nigdi Pawale Chowk,0
trip_684_6,684,WEEKDAY,Nigdi Pawale Chowk,0
trip_684_7,684,WEEKDAY,Nigdi Pawale Chowk,0
trip_684_8,684,WEEKDAY,Nigdi Pawale Chowk,0
trip_684_9,684,WEEKDAY,Nigdi Pawale Chowk,0
trip_684_10,684,WEEKDAY,Nigdi Pawale Chowk,0
trip_684_11,684,WEEKDAY,Nigdi Pawale Chowk,0
trip_684_12,684,WEEKDAY,Nigdi Pawale Chowk,0
trip_684_13,684,WEEKDAY,Nigdi Pawale Chowk,0
trip_684_14,684,WEEKDAY,Nigdi Pawale Chowk,0
trip_684_15,684,WEEKDAY,Nigdi Pawale Chowk,0
trip_684_16,684,WEEKDAY,Nigdi Pawale Chowk,0
trip_684_17,684,WEEKDAY,Nigdi Pawale Chowk,0
trip_684_18,684,WEEKDAY,Nigdi Pawale Chowk,0
trip_684_19,684,WEEKDAY,Nigdi Pawale Chowk,0
trip_684_20,684,WEEKDAY,Nigdi Pawale Chowk,0
trip_684_21,684,WEEKDAY,Nigdi Pawale Chowk,0
trip_685_1,685,WEEKDAY,Alandi,1
trip_685_2,685,WEEKDAY,Alandi,1
trip_685_3,685,WEEKDAY,Alandi,1
trip_685_4,685,WEEKDAY,Alandi,1
trip_685_5,685,WEEKDAY,Alandi,1
trip_685_6,685,WEEKDAY,Alandi,1
trip_685_7,685,WEEKDAY,Alandi,1
trip_685_8,685,WEEKDAY,Alandi,1
trip_685_9,685,WEEKDAY,Alandi,1
trip_685_10,685,WEEKDAY,Alandi,1
trip_685_11,685,WEEKDAY,Alandi,1
trip_685_12,685,WEEKDAY,Alandi,1
trip_685_13,685,WEEKDAY,Alandi,1
trip_685_14,685,WEEKDAY,Alandi,1
trip_685_15,685,WEEKDAY,Alandi,1
trip_685_16,685,WEEKDAY,Alandi,1
trip_685_17,685,WEEKDAY,Alandi,1
trip_685_18,685,WEEKDAY,Alandi,1
trip_685_19,685,WEEKDAY,Alandi,1
trip_685_20,685,WEEKDAY,Alandi,1
trip_685_21,685,WEEKDAY,Alandi,1
trip_685_22,685,WEEKDAY,Alandi,1
trip_682_0,682,WEEKDAY,Gujarwadi Pmt Bus Stand,0
trip_683_0,683,WEEKDAY,Sant Nagar Rto Office,1
trip_682_1,682,WEEKDAY,Gujarwadi Pmt Bus Stand,0
trip_682_2,682,WEEKDAY,Gujarwadi Pmt Bus Stand,0
trip_682_3,682,WEEKDAY,Gujarwadi Pmt Bus Stand,0
trip_683_1,683,WEEKDAY,Sant Nagar Rto Office,1
trip_683_2,683,WEEKDAY,Sant Nagar Rto Office,1
trip_683_3,683,WEEKDAY,Sant Nagar Rto Office,1
trip_683_4,683,WEEKDAY,Sant Nagar Rto Office,1
trip_688_0,688,WEEKDAY,Nigdi Pawale Chowk,0
trip_688_1,688,WEEKDAY,Nigdi Pawale Chowk,0
trip_688_2,688,WEEKDAY,Nigdi Pawale Chowk,0
trip_689_0,689,WEEKDAY,Vasudev Aashram Ursegaon,1
trip_689_1,689,WEEKDAY,Vasudev Aashram Ursegaon,1
trip_689_2,689,WEEKDAY,Vasudev Aashram Ursegaon,1
trip_686_0,686,WEEKDAY,Nigdi Pawale Chowk,0
trip_686_1,686,WEEKDAY,Nigdi Pawale Chowk,0
trip_686_2,686,WEEKDAY,Nigdi Pawale Chowk,0
trip_686_3,686,WEEKDAY,Nigdi Pawale Chowk,0
trip_686_4,686,WEEKDAY,Nigdi Pawale Chowk,0
trip_686_5,686,WEEKDAY,Nigdi Pawale Chowk,0
trip_686_6,686,WEEKDAY,Nigdi Pawale Chowk,0
trip_687_0,687,WEEKDAY,Urse Gaon Vasudev Aashram,1
trip_687_1,687,WEEKDAY,Urse Gaon Vasudev Aashram,1
trip_687_2,687,WEEKDAY,Urse Gaon Vasudev Aashram,1
trip_687_3,687,WEEKDAY,Urse Gaon Vasudev Aashram,1
trip_687_4,687,WEEKDAY,Urse Gaon Vasudev Aashram,1
trip_687_5,687,WEEKDAY,Urse Gaon Vasudev Aashram,1
trip_687_6,687,WEEKDAY,Urse Gaon Vasudev Aashram,1
trip_694_0,694,WEEKDAY,Chakan Ambethan Chowk,0
trip_694_1,694,WEEKDAY,Chakan Ambethan Chowk,0
trip_694_2,694,WEEKDAY,Chakan Ambethan Chowk,0
trip_694_3,694,WEEKDAY,Chakan Ambethan Chowk,0
trip_694_4,694,WEEKDAY,Chakan Ambethan Chowk,0
trip_694_5,694,WEEKDAY,Chakan Ambethan Chowk,0
trip_694_6,694,WEEKDAY,Chakan Ambethan Chowk,0
trip_694_7,694,WEEKDAY,Chakan Ambethan Chowk,0
trip_694_8,694,WEEKDAY,Chakan Ambethan Chowk,0
trip_695_0,695,WEEKDAY,Talegaon Dhabhade Maruti Mandir,1
trip_694_9,694,WEEKDAY,Chakan Ambethan Chowk,0
trip_694_10,694,WEEKDAY,Chakan Ambethan Chowk,0
trip_694_11,694,WEEKDAY,Chakan Ambethan Chowk,0
trip_694_12,694,WEEKDAY,Chakan Ambethan Chowk,0
trip_694_13,694,WEEKDAY,Chakan Ambethan Chowk,0
trip_694_14,694,WEEKDAY,Chakan Ambethan Chowk,0
trip_694_15,694,WEEKDAY,Chakan Ambethan Chowk,0
trip_694_16,694,WEEKDAY,Chakan Ambethan Chowk,0
trip_694_17,694,WEEKDAY,Chakan Ambethan Chowk,0
trip_694_18,694,WEEKDAY,Chakan Ambethan Chowk,0
trip_694_19,694,WEEKDAY,Chakan Ambethan Chowk,0
trip_694_20,694,WEEKDAY,Chakan Ambethan Chowk,0
trip_694_21,694,WEEKDAY,Chakan Ambethan Chowk,0
trip_694_22,694,WEEKDAY,Chakan Ambethan Chowk,0
trip_694_23,694,WEEKDAY,Chakan Ambethan Chowk,0
trip_694_24,694,WEEKDAY,Chakan Ambethan Chowk,0
trip_694_25,694,WEEKDAY,Chakan Ambethan Chowk,0
trip_695_1,695,WEEKDAY,Talegaon Dhabhade Maruti Mandir,1
trip_695_2,695,WEEKDAY,Talegaon Dhabhade Maruti Mandir,1
trip_695_3,695,WEEKDAY,Talegaon Dhabhade Maruti Mandir,1
trip_695_4,695,WEEKDAY,Talegaon Dhabhade Maruti Mandir,1
trip_695_5,695,WEEKDAY,Talegaon Dhabhade Maruti Mandir,1
trip_695_6,695,WEEKDAY,Talegaon Dhabhade Maruti Mandir,1
trip_695_7,695,WEEKDAY,Talegaon Dhabhade Maruti Mandir,1
trip_695_8,695,WEEKDAY,Talegaon Dhabhade Maruti Mandir,1
trip_695_9,695,WEEKDAY,Talegaon Dhabhade Maruti Mandir,1
trip_695_10,695,WEEKDAY,Talegaon Dhabhade Maruti Mandir,1
trip_695_11,695,WEEKDAY,Talegaon Dhabhade Maruti Mandir,1
trip_695_12,695,WEEKDAY,Talegaon Dhabhade Maruti Mandir,1
trip_695_13,695,WEEKDAY,Talegaon Dhabhade Maruti Mandir,1
trip_695_14,695,WEEKDAY,Talegaon Dhabhade Maruti Mandir,1
trip_695_15,695,WEEKDAY,Talegaon Dhabhade Maruti Mandir,1
trip_695_16,695,WEEKDAY,Talegaon Dhabhade Maruti Mandir,1
trip_695_17,695,WEEKDAY,Talegaon Dhabhade Maruti Mandir,1
trip_695_18,695,WEEKDAY,Talegaon Dhabhade Maruti Mandir,1
trip_695_19,695,WEEKDAY,Talegaon Dhabhade Maruti Mandir,1
trip_695_20,695,WEEKDAY,Talegaon Dhabhade Maruti Mandir,1
trip_695_21,695,WEEKDAY,Talegaon Dhabhade Maruti Mandir,1
trip_695_22,695,WEEKDAY,Talegaon Dhabhade Maruti Mandir,1
trip_695_23,695,WEEKDAY,Talegaon Dhabhade Maruti Mandir,1
trip_695_24,695,WEEKDAY,Talegaon Dhabhade Maruti Mandir,1
trip_695_25,695,WEEKDAY,Talegaon Dhabhade Maruti Mandir,1
trip_695_26,695,WEEKDAY,Talegaon Dhabhade Maruti Mandir,1
trip_698_0,698,WEEKDAY,Bhosari Terminal,0
trip_698_1,698,WEEKDAY,Bhosari Terminal,0
trip_698_2,698,WEEKDAY,Bhosari Terminal,0
trip_698_3,698,WEEKDAY,Bhosari Terminal,0
trip_698_4,698,WEEKDAY,Bhosari Terminal,0
trip_698_5,698,WEEKDAY,Bhosari Terminal,0
trip_698_6,698,WEEKDAY,Bhosari Terminal,0
trip_698_7,698,WEEKDAY,Bhosari Terminal,0
trip_698_8,698,WEEKDAY,Bhosari Terminal,0
trip_698_9,698,WEEKDAY,Bhosari Terminal,0
trip_698_10,698,WEEKDAY,Bhosari Terminal,0
trip_698_11,698,WEEKDAY,Bhosari Terminal,0
trip_698_12,698,WEEKDAY,Bhosari Terminal,0
trip_698_13,698,WEEKDAY,Bhosari Terminal,0
trip_698_14,698,WEEKDAY,Bhosari Terminal,0
trip_698_15,698,WEEKDAY,Bhosari Terminal,0
trip_699_0,699,WEEKDAY,Hinjawadi Maan Phase 3,1
trip_699_1,699,WEEKDAY,Hinjawadi Maan Phase 3,1
trip_699_2,699,WEEKDAY,Hinjawadi Maan Phase 3,1
trip_699_3,699,WEEKDAY,Hinjawadi Maan Phase 3,1
trip_699_4,699,WEEKDAY,Hinjawadi Maan Phase 3,1
trip_699_5,699,WEEKDAY,Hinjawadi Maan Phase 3,1
trip_699_6,699,WEEKDAY,Hinjawadi Maan Phase 3,1
trip_699_7,699,WEEKDAY,Hinjawadi Maan Phase 3,1
trip_699_8,699,WEEKDAY,Hinjawadi Maan Phase 3,1
trip_699_9,699,WEEKDAY,Hinjawadi Maan Phase 3,1
trip_699_10,699,WEEKDAY,Hinjawadi Maan Phase 3,1
trip_699_11,699,WEEKDAY,Hinjawadi Maan Phase 3,1
trip_699_12,699,WEEKDAY,Hinjawadi Maan Phase 3,1
trip_699_13,699,WEEKDAY,Hinjawadi Maan Phase 3,1
trip_699_14,699,WEEKDAY,Hinjawadi Maan Phase 3,1
trip_699_15,699,WEEKDAY,Hinjawadi Maan Phase 3,1
trip_697_0,697,WEEKDAY,Baner Depot,1
trip_696_0,696,WEEKDAY,Alandi,0
trip_697_1,697,WEEKDAY,Baner Depot,1
trip_697_2,697,WEEKDAY,Baner Depot,1
trip_697_3,697,WEEKDAY,Baner Depot,1
trip_697_4,697,WEEKDAY,Baner Depot,1
trip_697_5,697,WEEKDAY,Baner Depot,1
trip_697_6,697,WEEKDAY,Baner Depot,1
trip_697_7,697,WEEKDAY,Baner Depot,1
trip_697_8,697,WEEKDAY,Baner Depot,1
trip_697_9,697,WEEKDAY,Baner Depot,1
trip_697_10,697,WEEKDAY,Baner Depot,1
trip_697_11,697,WEEKDAY,Baner Depot,1
trip_697_12,697,WEEKDAY,Baner Depot,1
trip_696_1,696,WEEKDAY,Alandi,0
trip_696_2,696,WEEKDAY,Alandi,0
trip_696_3,696,WEEKDAY,Alandi,0
trip_696_4,696,WEEKDAY,Alandi,0
trip_696_5,696,WEEKDAY,Alandi,0
trip_696_6,696,WEEKDAY,Alandi,0
trip_696_7,696,WEEKDAY,Alandi,0
trip_696_8,696,WEEKDAY,Alandi,0
trip_696_9,696,WEEKDAY,Alandi,0
trip_696_10,696,WEEKDAY,Alandi,0
trip_696_11,696,WEEKDAY,Alandi,0
trip_696_12,696,WEEKDAY,Alandi,0
trip_696_13,696,WEEKDAY,Alandi,0
trip_700_0,700,WEEKDAY,Kesnand Phata Wagholi,0
trip_704_0,704,WEEKDAY,Pune Station Moledina Stand,0
trip_708_0,708,WEEKDAY,Nigdi Tilak Chowk,0
trip_700_1,700,WEEKDAY,Kesnand Phata Wagholi,0
trip_700_2,700,WEEKDAY,Kesnand Phata Wagholi,0
trip_700_3,700,WEEKDAY,Kesnand Phata Wagholi,0
trip_708_1,708,WEEKDAY,Nigdi Tilak Chowk,0
trip_708_2,708,WEEKDAY,Nigdi Tilak Chowk,0
trip_700_4,700,WEEKDAY,Kesnand Phata Wagholi,0
trip_708_3,708,WEEKDAY,Nigdi Tilak Chowk,0
trip_700_5,700,WEEKDAY,Kesnand Phata Wagholi,0
trip_708_4,708,WEEKDAY,Nigdi Tilak Chowk,0
trip_700_6,700,WEEKDAY,Kesnand Phata Wagholi,0
trip_708_5,708,WEEKDAY,Nigdi Tilak Chowk,0
trip_701_0,701,WEEKDAY,Bhosari Pmt Chowk,1
trip_700_7,700,WEEKDAY,Kesnand Phata Wagholi,0
trip_708_6,708,WEEKDAY,Nigdi Tilak Chowk,0
trip_708_7,708,WEEKDAY,Nigdi Tilak Chowk,0
trip_700_8,700,WEEKDAY,Kesnand Phata Wagholi,0
trip_708_8,708,WEEKDAY,Nigdi Tilak Chowk,0
trip_700_9,700,WEEKDAY,Kesnand Phata Wagholi,0
trip_708_9,708,WEEKDAY,Nigdi Tilak Chowk,0
trip_700_10,700,WEEKDAY,Kesnand Phata Wagholi,0
trip_708_10,708,WEEKDAY,Nigdi Tilak Chowk,0
trip_700_11,700,WEEKDAY,Kesnand Phata Wagholi,0
trip_708_11,708,WEEKDAY,Nigdi Tilak Chowk,0
trip_704_1,704,WEEKDAY,Pune Station Moledina Stand,0
trip_708_12,708,WEEKDAY,Nigdi Tilak Chowk,0
trip_700_12,700,WEEKDAY,Kesnand Phata Wagholi,0
trip_708_13,708,WEEKDAY,Nigdi Tilak Chowk,0
trip_704_2,704,WEEKDAY,Pune Station Moledina Stand,0
trip_700_13,700,WEEKDAY,Kesnand Phata Wagholi,0
trip_708_14,708,WEEKDAY,Nigdi Tilak Chowk,0
trip_704_3,704,WEEKDAY,Pune Station Moledina Stand,0
trip_708_15,708,WEEKDAY,Nigdi Tilak Chowk,0
trip_700_14,700,WEEKDAY,Kesnand Phata Wagholi,0
trip_704_4,704,WEEKDAY,Pune Station Moledina Stand,0
trip_708_16,708,WEEKDAY,Nigdi Tilak Chowk,0
trip_700_15,700,WEEKDAY,Kesnand Phata Wagholi,0
trip_704_5,704,WEEKDAY,Pune Station Moledina Stand,0
trip_708_17,708,WEEKDAY,Nigdi Tilak Chowk,0
trip_708_18,708,WEEKDAY,Nigdi Tilak Chowk,0
trip_704_6,704,WEEKDAY,Pune Station Moledina Stand,0
trip_700_16,700,WEEKDAY,Kesnand Phata Wagholi,0
trip_708_19,708,WEEKDAY,Nigdi Tilak Chowk,0
trip_704_7,704,WEEKDAY,Pune Station Moledina Stand,0
trip_700_17,700,WEEKDAY,Kesnand Phata Wagholi,0
trip_708_20,708,WEEKDAY,Nigdi Tilak Chowk,0
trip_708_21,708,WEEKDAY,Nigdi Tilak Chowk,0
trip_704_8,704,WEEKDAY,Pune Station Moledina Stand,0
trip_700_18,700,WEEKDAY,Kesnand Phata Wagholi,0
trip_708_22,708,WEEKDAY,Nigdi Tilak Chowk,0
trip_704_9,704,WEEKDAY,Pune Station Moledina Stand,0
trip_700_19,700,WEEKDAY,Kesnand Phata Wagholi,0
trip_708_23,708,WEEKDAY,Nigdi Tilak Chowk,0
trip_704_10,704,WEEKDAY,Pune Station Moledina Stand,0
trip_708_24,708,WEEKDAY,Nigdi Tilak Chowk,0
trip_700_20,700,WEEKDAY,Kesnand Phata Wagholi,0
trip_704_11,704,WEEKDAY,Pune Station Moledina Stand,0
trip_708_25,708,WEEKDAY,Nigdi Tilak Chowk,0
trip_700_21,700,WEEKDAY,Kesnand Phata Wagholi,0
trip_708_26,708,WEEKDAY,Nigdi Tilak Chowk,0
trip_704_12,704,WEEKDAY,Pune Station Moledina Stand,0
trip_708_27,708,WEEKDAY,Nigdi Tilak Chowk,0
trip_700_22,700,WEEKDAY,Kesnand Phata Wagholi,0
trip_704_13,704,WEEKDAY,Pune Station Moledina Stand,0
trip_708_28,708,WEEKDAY,Nigdi Tilak Chowk,0
trip_700_23,700,WEEKDAY,Kesnand Phata Wagholi,0
trip_704_14,704,WEEKDAY,Pune Station Moledina Stand,0
trip_708_29,708,WEEKDAY,Nigdi Tilak Chowk,0
trip_700_24,700,WEEKDAY,Kesnand Phata Wagholi,0
trip_708_30,708,WEEKDAY,Nigdi Tilak Chowk,0
trip_704_15,704,WEEKDAY,Pune Station Moledina Stand,0
trip_708_31,708,WEEKDAY,Nigdi Tilak Chowk,0
trip_700_25,700,WEEKDAY,Kesnand Phata Wagholi,0
trip_704_16,704,WEEKDAY,Pune Station Moledina Stand,0
trip_708_32,708,WEEKDAY,Nigdi Tilak Chowk,0
trip_700_26,700,WEEKDAY,Kesnand Phata Wagholi,0
trip_704_17,704,WEEKDAY,Pune Station Moledina Stand,0
trip_708_33,708,WEEKDAY,Nigdi Tilak Chowk,0
trip_700_27,700,WEEKDAY,Kesnand Phata Wagholi,0
trip_708_34,708,WEEKDAY,Nigdi Tilak Chowk,0
trip_704_18,704,WEEKDAY,Pune Station Moledina Stand,0
trip_708_35,708,WEEKDAY,Nigdi Tilak Chowk,0
trip_700_28,700,WEEKDAY,Kesnand Phata Wagholi,0
trip_704_19,704,WEEKDAY,Pune Station Moledina Stand,0
trip_708_36,708,WEEKDAY,Nigdi Tilak Chowk,0
trip_708_37,708,WEEKDAY,Nigdi Tilak Chowk,0
trip_700_29,700,WEEKDAY,Kesnand Phata Wagholi,0
trip_704_20,704,WEEKDAY,Pune Station Moledina Stand,0
trip_708_38,708,WEEKDAY,Nigdi Tilak Chowk,0
trip_704_21,704,WEEKDAY,Pune Station Moledina Stand,0
trip_708_39,708,WEEKDAY,Nigdi Tilak Chowk,0
trip_704_22,704,WEEKDAY,Pune Station Moledina Stand,0
trip_708_40,708,WEEKDAY,Nigdi Tilak Chowk,0
trip_704_23,704,WEEKDAY,Pune Station Moledina Stand,0
trip_708_41,708,WEEKDAY,Nigdi Tilak Chowk,0
trip_701_1,701,WEEKDAY,Bhosari Pmt Chowk,1
trip_704_24,704,WEEKDAY,Pune Station Moledina Stand,0
trip_708_42,708,WEEKDAY,Nigdi Tilak Chowk,0
trip_701_2,701,WEEKDAY,Bhosari Pmt Chowk,1
trip_708_43,708,WEEKDAY,Nigdi Tilak Chowk,0
trip_704_25,704,WEEKDAY,Pune Station Moledina Stand,0
trip_708_44,708,WEEKDAY,Nigdi Tilak Chowk,0
trip_701_3,701,WEEKDAY,Bhosari Pmt Chowk,1
trip_704_26,704,WEEKDAY,Pune Station Moledina Stand,0
trip_708_45,708,WEEKDAY,Nigdi Tilak Chowk,0
trip_708_46,708,WEEKDAY,Nigdi Tilak Chowk,0
trip_701_4,701,WEEKDAY,Bhosari Pmt Chowk,1
trip_704_27,704,WEEKDAY,Pune Station Moledina Stand,0
trip_708_47,708,WEEKDAY,Nigdi Tilak Chowk,0
trip_701_5,701,WEEKDAY,Bhosari Pmt Chowk,1
trip_704_28,704,WEEKDAY,Pune Station Moledina Stand,0
trip_708_48,708,WEEKDAY,Nigdi Tilak Chowk,0
trip_701_6,701,WEEKDAY,Bhosari Pmt Chowk,1
trip_704_29,704,WEEKDAY,Pune Station Moledina Stand,0
trip_708_49,708,WEEKDAY,Nigdi Tilak Chowk,0
trip_701_7,701,WEEKDAY,Bhosari Pmt Chowk,1
trip_704_30,704,WEEKDAY,Pune Station Moledina Stand,0
trip_708_50,708,WEEKDAY,Nigdi Tilak Chowk,0
trip_701_8,701,WEEKDAY,Bhosari Pmt Chowk,1
trip_704_31,704,WEEKDAY,Pune Station Moledina Stand,0
trip_708_51,708,WEEKDAY,Nigdi Tilak Chowk,0
trip_701_9,701,WEEKDAY,Bhosari Pmt Chowk,1
trip_704_32,704,WEEKDAY,Pune Station Moledina Stand,0
trip_708_52,708,WEEKDAY,Nigdi Tilak Chowk,0
trip_708_53,708,WEEKDAY,Nigdi Tilak Chowk,0
trip_704_33,704,WEEKDAY,Pune Station Moledina Stand,0
trip_701_10,701,WEEKDAY,Bhosari Pmt Chowk,1
trip_708_54,708,WEEKDAY,Nigdi Tilak Chowk,0
trip_704_34,704,WEEKDAY,Pune Station Moledina Stand,0
trip_708_55,708,WEEKDAY,Nigdi Tilak Chowk,0
trip_701_11,701,WEEKDAY,Bhosari Pmt Chowk,1
trip_704_35,704,WEEKDAY,Pune Station Moledina Stand,0
trip_708_56,708,WEEKDAY,Nigdi Tilak Chowk,0
trip_701_12,701,WEEKDAY,Bhosari Pmt Chowk,1
trip_704_36,704,WEEKDAY,Pune Station Moledina Stand,0
trip_708_57,708,WEEKDAY,Nigdi Tilak Chowk,0
trip_701_13,701,WEEKDAY,Bhosari Pmt Chowk,1
trip_708_58,708,WEEKDAY,Nigdi Tilak Chowk,0
trip_704_37,704,WEEKDAY,Pune Station Moledina Stand,0
trip_708_59,708,WEEKDAY,Nigdi Tilak Chowk,0
trip_704_38,704,WEEKDAY,Pune Station Moledina Stand,0
trip_701_14,701,WEEKDAY,Bhosari Pmt Chowk,1
trip_708_60,708,WEEKDAY,Nigdi Tilak Chowk,0
trip_704_39,704,WEEKDAY,Pune Station Moledina Stand,0
trip_701_15,701,WEEKDAY,Bhosari Pmt Chowk,1
trip_708_61,708,WEEKDAY,Nigdi Tilak Chowk,0
trip_704_40,704,WEEKDAY,Pune Station Moledina Stand,0
trip_708_62,708,WEEKDAY,Nigdi Tilak Chowk,0
trip_701_16,701,WEEKDAY,Bhosari Pmt Chowk,1
trip_708_63,708,WEEKDAY,Nigdi Tilak Chowk,0
trip_704_41,704,WEEKDAY,Pune Station Moledina Stand,0
trip_708_64,708,WEEKDAY,Nigdi Tilak Chowk,0
trip_701_17,701,WEEKDAY,Bhosari Pmt Chowk,1
trip_704_42,704,WEEKDAY,Pune Station Moledina Stand,0
trip_708_65,708,WEEKDAY,Nigdi Tilak Chowk,0
trip_701_18,701,WEEKDAY,Bhosari Pmt Chowk,1
trip_708_66,708,WEEKDAY,Nigdi Tilak Chowk,0
trip_704_43,704,WEEKDAY,Pune Station Moledina Stand,0
trip_701_19,701,WEEKDAY,Bhosari Pmt Chowk,1
trip_708_67,708,WEEKDAY,Nigdi Tilak Chowk,0
trip_704_44,704,WEEKDAY,Pune Station Moledina Stand,0
trip_708_68,708,WEEKDAY,Nigdi Tilak Chowk,0
trip_701_20,701,WEEKDAY,Bhosari Pmt Chowk,1
trip_704_45,704,WEEKDAY,Pune Station Moledina Stand,0
trip_708_69,708,WEEKDAY,Nigdi Tilak Chowk,0
trip_701_21,701,WEEKDAY,Bhosari Pmt Chowk,1
trip_704_46,704,WEEKDAY,Pune Station Moledina Stand,0
trip_708_70,708,WEEKDAY,Nigdi Tilak Chowk,0
trip_701_22,701,WEEKDAY,Bhosari Pmt Chowk,1
trip_704_47,704,WEEKDAY,Pune Station Moledina Stand,0
trip_708_71,708,WEEKDAY,Nigdi Tilak Chowk,0
trip_701_23,701,WEEKDAY,Bhosari Pmt Chowk,1
trip_708_72,708,WEEKDAY,Nigdi Tilak Chowk,0
trip_704_48,704,WEEKDAY,Pune Station Moledina Stand,0
trip_708_73,708,WEEKDAY,Nigdi Tilak Chowk,0
trip_701_24,701,WEEKDAY,Bhosari Pmt Chowk,1
trip_708_74,708,WEEKDAY,Nigdi Tilak Chowk,0
trip_701_25,701,WEEKDAY,Bhosari Pmt Chowk,1
trip_708_75,708,WEEKDAY,Nigdi Tilak Chowk,0
trip_701_26,701,WEEKDAY,Bhosari Pmt Chowk,1
trip_708_76,708,WEEKDAY,Nigdi Tilak Chowk,0
trip_708_77,708,WEEKDAY,Nigdi Tilak Chowk,0
trip_701_27,701,WEEKDAY,Bhosari Pmt Chowk,1
trip_708_78,708,WEEKDAY,Nigdi Tilak Chowk,0
trip_709_0,709,WEEKDAY,Sant Tukaram Maharaj Krida Sankul Dehugaon,1
trip_701_28,701,WEEKDAY,Bhosari Pmt Chowk,1
trip_708_79,708,WEEKDAY,Nigdi Tilak Chowk,0
trip_708_80,708,WEEKDAY,Nigdi Tilak Chowk,0
trip_701_29,701,WEEKDAY,Bhosari Pmt Chowk,1
trip_708_81,708,WEEKDAY,Nigdi Tilak Chowk,0
trip_708_82,708,WEEKDAY,Nigdi Tilak Chowk,0
trip_708_83,708,WEEKDAY,Nigdi Tilak Chowk,0
trip_708_84,708,WEEKDAY,Nigdi Tilak Chowk,0
trip_708_85,708,WEEKDAY,Nigdi Tilak Chowk,0
trip_708_86,708,WEEKDAY,Nigdi Tilak Chowk,0
trip_708_87,708,WEEKDAY,Nigdi Tilak Chowk,0
trip_708_88,708,WEEKDAY,Nigdi Tilak Chowk,0
trip_708_89,708,WEEKDAY,Nigdi Tilak Chowk,0
trip_709_1,709,WEEKDAY,Sant Tukaram Maharaj Krida Sankul Dehugaon,1
trip_709_2,709,WEEKDAY,Sant Tukaram Maharaj Krida Sankul Dehugaon,1
trip_709_3,709,WEEKDAY,Sant Tukaram Maharaj Krida Sankul Dehugaon,1
trip_709_4,709,WEEKDAY,Sant Tukaram Maharaj Krida Sankul Dehugaon,1
trip_709_5,709,WEEKDAY,Sant Tukaram Maharaj Krida Sankul Dehugaon,1
trip_709_6,709,WEEKDAY,Sant Tukaram Maharaj Krida Sankul Dehugaon,1
trip_709_7,709,WEEKDAY,Sant Tukaram Maharaj Krida Sankul Dehugaon,1
trip_709_8,709,WEEKDAY,Sant Tukaram Maharaj Krida Sankul Dehugaon,1
trip_709_9,709,WEEKDAY,Sant Tukaram Maharaj Krida Sankul Dehugaon,1
trip_709_10,709,WEEKDAY,Sant Tukaram Maharaj Krida Sankul Dehugaon,1
trip_709_11,709,WEEKDAY,Sant Tukaram Maharaj Krida Sankul Dehugaon,1
trip_705_0,705,WEEKDAY,Nigdi Bhakti Shakti,1
trip_706_0,706,WEEKDAY,Aundhgaon,0
trip_709_12,709,WEEKDAY,Sant Tukaram Maharaj Krida Sankul Dehugaon,1
trip_709_13,709,WEEKDAY,Sant Tukaram Maharaj Krida Sankul Dehugaon,1
trip_709_14,709,WEEKDAY,Sant Tukaram Maharaj Krida Sankul Dehugaon,1
trip_709_15,709,WEEKDAY,Sant Tukaram Maharaj Krida Sankul Dehugaon,1
trip_709_16,709,WEEKDAY,Sant Tukaram Maharaj Krida Sankul Dehugaon,1
trip_709_17,709,WEEKDAY,Sant Tukaram Maharaj Krida Sankul Dehugaon,1
trip_709_18,709,WEEKDAY,Sant Tukaram Maharaj Krida Sankul Dehugaon,1
trip_709_19,709,WEEKDAY,Sant Tukaram Maharaj Krida Sankul Dehugaon,1
trip_709_20,709,WEEKDAY,Sant Tukaram Maharaj Krida Sankul Dehugaon,1
trip_709_21,709,WEEKDAY,Sant Tukaram Maharaj Krida Sankul Dehugaon,1
trip_709_22,709,WEEKDAY,Sant Tukaram Maharaj Krida Sankul Dehugaon,1
trip_709_23,709,WEEKDAY,Sant Tukaram Maharaj Krida Sankul Dehugaon,1
trip_709_24,709,WEEKDAY,Sant Tukaram Maharaj Krida Sankul Dehugaon,1
trip_709_25,709,WEEKDAY,Sant Tukaram Maharaj Krida Sankul Dehugaon,1
trip_709_26,709,WEEKDAY,Sant Tukaram Maharaj Krida Sankul Dehugaon,1
trip_709_27,709,WEEKDAY,Sant Tukaram Maharaj Krida Sankul Dehugaon,1
trip_709_28,709,WEEKDAY,Sant Tukaram Maharaj Krida Sankul Dehugaon,1
trip_709_29,709,WEEKDAY,Sant Tukaram Maharaj Krida Sankul Dehugaon,1
trip_709_30,709,WEEKDAY,Sant Tukaram Maharaj Krida Sankul Dehugaon,1
trip_709_31,709,WEEKDAY,Sant Tukaram Maharaj Krida Sankul Dehugaon,1
trip_709_32,709,WEEKDAY,Sant Tukaram Maharaj Krida Sankul Dehugaon,1
trip_706_1,706,WEEKDAY,Aundhgaon,0
trip_709_33,709,WEEKDAY,Sant Tukaram Maharaj Krida Sankul Dehugaon,1
trip_706_2,706,WEEKDAY,Aundhgaon,0
trip_709_34,709,WEEKDAY,Sant Tukaram Maharaj Krida Sankul Dehugaon,1
trip_706_3,706,WEEKDAY,Aundhgaon,0
trip_709_35,709,WEEKDAY,Sant Tukaram Maharaj Krida Sankul Dehugaon,1
trip_706_4,706,WEEKDAY,Aundhgaon,0
trip_709_36,709,WEEKDAY,Sant Tukaram Maharaj Krida Sankul Dehugaon,1
trip_706_5,706,WEEKDAY,Aundhgaon,0
trip_709_37,709,WEEKDAY,Sant Tukaram Maharaj Krida Sankul Dehugaon,1
trip_706_6,706,WEEKDAY,Aundhgaon,0
trip_709_38,709,WEEKDAY,Sant Tukaram Maharaj Krida Sankul Dehugaon,1
trip_706_7,706,WEEKDAY,Aundhgaon,0
trip_709_39,709,WEEKDAY,Sant Tukaram Maharaj Krida Sankul Dehugaon,1
trip_706_8,706,WEEKDAY,Aundhgaon,0
trip_709_40,709,WEEKDAY,Sant Tukaram Maharaj Krida Sankul Dehugaon,1
trip_706_9,706,WEEKDAY,Aundhgaon,0
trip_709_41,709,WEEKDAY,Sant Tukaram Maharaj Krida Sankul Dehugaon,1
trip_709_42,709,WEEKDAY,Sant Tukaram Maharaj Krida Sankul Dehugaon,1
trip_709_43,709,WEEKDAY,Sant Tukaram Maharaj Krida Sankul Dehugaon,1
trip_709_44,709,WEEKDAY,Sant Tukaram Maharaj Krida Sankul Dehugaon,1
trip_705_1,705,WEEKDAY,Nigdi Bhakti Shakti,1
trip_709_45,709,WEEKDAY,Sant Tukaram Maharaj Krida Sankul Dehugaon,1
trip_705_2,705,WEEKDAY,Nigdi Bhakti Shakti,1
trip_709_46,709,WEEKDAY,Sant Tukaram Maharaj Krida Sankul Dehugaon,1
trip_705_3,705,WEEKDAY,Nigdi Bhakti Shakti,1
trip_709_47,709,WEEKDAY,Sant Tukaram Maharaj Krida Sankul Dehugaon,1
trip_705_4,705,WEEKDAY,Nigdi Bhakti Shakti,1
trip_709_48,709,WEEKDAY,Sant Tukaram Maharaj Krida Sankul Dehugaon,1
trip_709_49,709,WEEKDAY,Sant Tukaram Maharaj Krida Sankul Dehugaon,1
trip_705_5,705,WEEKDAY,Nigdi Bhakti Shakti,1
trip_709_50,709,WEEKDAY,Sant Tukaram Maharaj Krida Sankul Dehugaon,1
trip_705_6,705,WEEKDAY,Nigdi Bhakti Shakti,1
trip_709_51,709,WEEKDAY,Sant Tukaram Maharaj Krida Sankul Dehugaon,1
trip_705_7,705,WEEKDAY,Nigdi Bhakti Shakti,1
trip_709_52,709,WEEKDAY,Sant Tukaram Maharaj Krida Sankul Dehugaon,1
trip_705_8,705,WEEKDAY,Nigdi Bhakti Shakti,1
trip_709_53,709,WEEKDAY,Sant Tukaram Maharaj Krida Sankul Dehugaon,1
trip_705_9,705,WEEKDAY,Nigdi Bhakti Shakti,1
trip_709_54,709,WEEKDAY,Sant Tukaram Maharaj Krida Sankul Dehugaon,1
trip_709_55,709,WEEKDAY,Sant Tukaram Maharaj Krida Sankul Dehugaon,1
trip_705_10,705,WEEKDAY,Nigdi Bhakti Shakti,1
trip_709_56,709,WEEKDAY,Sant Tukaram Maharaj Krida Sankul Dehugaon,1
trip_705_11,705,WEEKDAY,Nigdi Bhakti Shakti,1
trip_709_57,709,WEEKDAY,Sant Tukaram Maharaj Krida Sankul Dehugaon,1
trip_705_12,705,WEEKDAY,Nigdi Bhakti Shakti,1
trip_709_58,709,WEEKDAY,Sant Tukaram Maharaj Krida Sankul Dehugaon,1
trip_709_59,709,WEEKDAY,Sant Tukaram Maharaj Krida Sankul Dehugaon,1
trip_705_13,705,WEEKDAY,Nigdi Bhakti Shakti,1
trip_709_60,709,WEEKDAY,Sant Tukaram Maharaj Krida Sankul Dehugaon,1
trip_705_14,705,WEEKDAY,Nigdi Bhakti Shakti,1
trip_709_61,709,WEEKDAY,Sant Tukaram Maharaj Krida Sankul Dehugaon,1
trip_705_15,705,WEEKDAY,Nigdi Bhakti Shakti,1
trip_709_62,709,WEEKDAY,Sant Tukaram Maharaj Krida Sankul Dehugaon,1
trip_705_16,705,WEEKDAY,Nigdi Bhakti Shakti,1
trip_709_63,709,WEEKDAY,Sant Tukaram Maharaj Krida Sankul Dehugaon,1
trip_705_17,705,WEEKDAY,Nigdi Bhakti Shakti,1
trip_709_64,709,WEEKDAY,Sant Tukaram Maharaj Krida Sankul Dehugaon,1
trip_707_0,707,WEEKDAY,Nigdi Pawale Chowk,1
trip_709_65,709,WEEKDAY,Sant Tukaram Maharaj Krida Sankul Dehugaon,1
trip_705_18,705,WEEKDAY,Nigdi Bhakti Shakti,1
trip_709_66,709,WEEKDAY,Sant Tukaram Maharaj Krida Sankul Dehugaon,1
trip_705_19,705,WEEKDAY,Nigdi Bhakti Shakti,1
trip_709_67,709,WEEKDAY,Sant Tukaram Maharaj Krida Sankul Dehugaon,1
trip_705_20,705,WEEKDAY,Nigdi Bhakti Shakti,1
trip_709_68,709,WEEKDAY,Sant Tukaram Maharaj Krida Sankul Dehugaon,1
trip_705_21,705,WEEKDAY,Nigdi Bhakti Shakti,1
trip_709_69,709,WEEKDAY,Sant Tukaram Maharaj Krida Sankul Dehugaon,1
trip_709_70,709,WEEKDAY,Sant Tukaram Maharaj Krida Sankul Dehugaon,1
trip_705_22,705,WEEKDAY,Nigdi Bhakti Shakti,1
trip_709_71,709,WEEKDAY,Sant Tukaram Maharaj Krida Sankul Dehugaon,1
trip_705_23,705,WEEKDAY,Nigdi Bhakti Shakti,1
trip_709_72,709,WEEKDAY,Sant Tukaram Maharaj Krida Sankul Dehugaon,1
trip_705_24,705,WEEKDAY,Nigdi Bhakti Shakti,1
trip_709_73,709,WEEKDAY,Sant Tukaram Maharaj Krida Sankul Dehugaon,1
trip_709_74,709,WEEKDAY,Sant Tukaram Maharaj Krida Sankul Dehugaon,1
trip_705_25,705,WEEKDAY,Nigdi Bhakti Shakti,1
trip_709_75,709,WEEKDAY,Sant Tukaram Maharaj Krida Sankul Dehugaon,1
trip_705_26,705,WEEKDAY,Nigdi Bhakti Shakti,1
trip_709_76,709,WEEKDAY,Sant Tukaram Maharaj Krida Sankul Dehugaon,1
trip_705_27,705,WEEKDAY,Nigdi Bhakti Shakti,1
trip_709_77,709,WEEKDAY,Sant Tukaram Maharaj Krida Sankul Dehugaon,1
trip_705_28,705,WEEKDAY,Nigdi Bhakti Shakti,1
trip_709_78,709,WEEKDAY,Sant Tukaram Maharaj Krida Sankul Dehugaon,1
trip_705_29,705,WEEKDAY,Nigdi Bhakti Shakti,1
trip_709_79,709,WEEKDAY,Sant Tukaram Maharaj Krida Sankul Dehugaon,1
trip_705_30,705,WEEKDAY,Nigdi Bhakti Shakti,1
trip_709_80,709,WEEKDAY,Sant Tukaram Maharaj Krida Sankul Dehugaon,1
trip_709_81,709,WEEKDAY,Sant Tukaram Maharaj Krida Sankul Dehugaon,1
trip_705_31,705,WEEKDAY,Nigdi Bhakti Shakti,1
trip_709_82,709,WEEKDAY,Sant Tukaram Maharaj Krida Sankul Dehugaon,1
trip_705_32,705,WEEKDAY,Nigdi Bhakti Shakti,1
trip_709_83,709,WEEKDAY,Sant Tukaram Maharaj Krida Sankul Dehugaon,1
trip_705_33,705,WEEKDAY,Nigdi Bhakti Shakti,1
trip_709_84,709,WEEKDAY,Sant Tukaram Maharaj Krida Sankul Dehugaon,1
trip_707_1,707,WEEKDAY,Nigdi Pawale Chowk,1
trip_705_34,705,WEEKDAY,Nigdi Bhakti Shakti,1
trip_709_85,709,WEEKDAY,Sant Tukaram Maharaj Krida Sankul Dehugaon,1
trip_707_2,707,WEEKDAY,Nigdi Pawale Chowk,1
trip_709_86,709,WEEKDAY,Sant Tukaram Maharaj Krida Sankul Dehugaon,1
trip_705_35,705,WEEKDAY,Nigdi Bhakti Shakti,1
trip_707_3,707,WEEKDAY,Nigdi Pawale Chowk,1
trip_709_87,709,WEEKDAY,Sant Tukaram Maharaj Krida Sankul Dehugaon,1
trip_705_36,705,WEEKDAY,Nigdi Bhakti Shakti,1
trip_707_4,707,WEEKDAY,Nigdi Pawale Chowk,1
trip_709_88,709,WEEKDAY,Sant Tukaram Maharaj Krida Sankul Dehugaon,1
trip_705_37,705,WEEKDAY,Nigdi Bhakti Shakti,1
trip_707_5,707,WEEKDAY,Nigdi Pawale Chowk,1
trip_707_6,707,WEEKDAY,Nigdi Pawale Chowk,1
trip_705_38,705,WEEKDAY,Nigdi Bhakti Shakti,1
trip_707_7,707,WEEKDAY,Nigdi Pawale Chowk,1
trip_705_39,705,WEEKDAY,Nigdi Bhakti Shakti,1
trip_707_8,707,WEEKDAY,Nigdi Pawale Chowk,1
trip_705_40,705,WEEKDAY,Nigdi Bhakti Shakti,1
trip_707_9,707,WEEKDAY,Nigdi Pawale Chowk,1
trip_705_41,705,WEEKDAY,Nigdi Bhakti Shakti,1
trip_705_42,705,WEEKDAY,Nigdi Bhakti Shakti,1
trip_705_43,705,WEEKDAY,Nigdi Bhakti Shakti,1
trip_705_44,705,WEEKDAY,Nigdi Bhakti Shakti,1
trip_705_45,705,WEEKDAY,Nigdi Bhakti Shakti,1
trip_705_46,705,WEEKDAY,Nigdi Bhakti Shakti,1
trip_705_47,705,WEEKDAY,Nigdi Bhakti Shakti,1
trip_705_48,705,WEEKDAY,Nigdi Bhakti Shakti,1
trip_705_49,705,WEEKDAY,Nigdi Bhakti Shakti,1
trip_705_50,705,WEEKDAY,Nigdi Bhakti Shakti,1
trip_705_51,705,WEEKDAY,Nigdi Bhakti Shakti,1
trip_728_0,728,WEEKDAY,Radha Hotel,0
trip_728_1,728,WEEKDAY,Radha Hotel,0
trip_728_2,728,WEEKDAY,Radha Hotel,0
trip_728_3,728,WEEKDAY,Radha Hotel,0
trip_728_4,728,WEEKDAY,Radha Hotel,0
trip_728_5,728,WEEKDAY,Radha Hotel,0
trip_728_6,728,WEEKDAY,Radha Hotel,0
trip_728_7,728,WEEKDAY,Radha Hotel,0
trip_728_8,728,WEEKDAY,Radha Hotel,0
trip_728_9,728,WEEKDAY,Radha Hotel,0
trip_728_10,728,WEEKDAY,Radha Hotel,0
trip_728_11,728,WEEKDAY,Radha Hotel,0
trip_728_12,728,WEEKDAY,Radha Hotel,0
trip_728_13,728,WEEKDAY,Radha Hotel,0
trip_728_14,728,WEEKDAY,Radha Hotel,0
trip_728_15,728,WEEKDAY,Radha Hotel,0
trip_728_16,728,WEEKDAY,Radha Hotel,0
trip_728_17,728,WEEKDAY,Radha Hotel,0
trip_728_18,728,WEEKDAY,Radha Hotel,0
trip_728_19,728,WEEKDAY,Radha Hotel,0
trip_728_20,728,WEEKDAY,Radha Hotel,0
trip_728_21,728,WEEKDAY,Radha Hotel,0
trip_728_22,728,WEEKDAY,Radha Hotel,0
trip_729_0,729,WEEKDAY,Nageshwar Vidyalaya Chikhli,1
trip_729_1,729,WEEKDAY,Nageshwar Vidyalaya Chikhli,1
trip_729_2,729,WEEKDAY,Nageshwar Vidyalaya Chikhli,1
trip_729_3,729,WEEKDAY,Nageshwar Vidyalaya Chikhli,1
trip_729_4,729,WEEKDAY,Nageshwar Vidyalaya Chikhli,1
trip_729_5,729,WEEKDAY,Nageshwar Vidyalaya Chikhli,1
trip_729_6,729,WEEKDAY,Nageshwar Vidyalaya Chikhli,1
trip_729_7,729,WEEKDAY,Nageshwar Vidyalaya Chikhli,1
trip_729_8,729,WEEKDAY,Nageshwar Vidyalaya Chikhli,1
trip_729_9,729,WEEKDAY,Nageshwar Vidyalaya Chikhli,1
trip_729_10,729,WEEKDAY,Nageshwar Vidyalaya Chikhli,1
trip_729_11,729,WEEKDAY,Nageshwar Vidyalaya Chikhli,1
trip_729_12,729,WEEKDAY,Nageshwar Vidyalaya Chikhli,1
trip_729_13,729,WEEKDAY,Nageshwar Vidyalaya Chikhli,1
trip_729_14,729,WEEKDAY,Nageshwar Vidyalaya Chikhli,1
trip_729_15,729,WEEKDAY,Nageshwar Vidyalaya Chikhli,1
trip_729_16,729,WEEKDAY,Nageshwar Vidyalaya Chikhli,1
trip_729_17,729,WEEKDAY,Nageshwar Vidyalaya Chikhli,1
trip_729_18,729,WEEKDAY,Nageshwar Vidyalaya Chikhli,1
trip_729_19,729,WEEKDAY,Nageshwar Vidyalaya Chikhli,1
trip_712_0,712,WEEKDAY,Alandi,0
trip_723_0,723,WEEKDAY,Shikrapur Phata,1
trip_722_0,722,WEEKDAY,Chakan Ambethan Chowk,0
trip_713_0,713,WEEKDAY,Jambe,1
trip_723_1,723,WEEKDAY,Shikrapur Phata,1
trip_723_2,723,WEEKDAY,Shikrapur Phata,1
trip_723_3,723,WEEKDAY,Shikrapur Phata,1
trip_723_4,723,WEEKDAY,Shikrapur Phata,1
trip_712_1,712,WEEKDAY,Alandi,0
trip_723_5,723,WEEKDAY,Shikrapur Phata,1
trip_712_2,712,WEEKDAY,Alandi,0
trip_723_6,723,WEEKDAY,Shikrapur Phata,1
trip_712_3,712,WEEKDAY,Alandi,0
trip_723_7,723,WEEKDAY,Shikrapur Phata,1
trip_723_8,723,WEEKDAY,Shikrapur Phata,1
trip_722_1,722,WEEKDAY,Chakan Ambethan Chowk,0
trip_723_9,723,WEEKDAY,Shikrapur Phata,1
trip_722_2,722,WEEKDAY,Chakan Ambethan Chowk,0
trip_723_10,723,WEEKDAY,Shikrapur Phata,1
trip_722_3,722,WEEKDAY,Chakan Ambethan Chowk,0
trip_723_11,723,WEEKDAY,Shikrapur Phata,1
trip_722_4,722,WEEKDAY,Chakan Ambethan Chowk,0
trip_722_5,722,WEEKDAY,Chakan Ambethan Chowk,0
trip_722_6,722,WEEKDAY,Chakan Ambethan Chowk,0
trip_722_7,722,WEEKDAY,Chakan Ambethan Chowk,0
trip_722_8,722,WEEKDAY,Chakan Ambethan Chowk,0
trip_722_9,722,WEEKDAY,Chakan Ambethan Chowk,0
trip_722_10,722,WEEKDAY,Chakan Ambethan Chowk,0
trip_722_11,722,WEEKDAY,Chakan Ambethan Chowk,0
trip_722_12,722,WEEKDAY,Chakan Ambethan Chowk,0
trip_713_1,713,WEEKDAY,Jambe,1
trip_726_0,726,WEEKDAY,Marketyard Depot,0
trip_727_0,727,WEEKDAY,Pimprigaon,1
trip_726_1,726,WEEKDAY,Marketyard Depot,0
trip_726_2,726,WEEKDAY,Marketyard Depot,0
trip_726_3,726,WEEKDAY,Marketyard Depot,0
trip_726_4,726,WEEKDAY,Marketyard Depot,0
trip_726_5,726,WEEKDAY,Marketyard Depot,0
trip_726_6,726,WEEKDAY,Marketyard Depot,0
trip_726_7,726,WEEKDAY,Marketyard Depot,0
trip_726_8,726,WEEKDAY,Marketyard Depot,0
trip_726_9,726,WEEKDAY,Marketyard Depot,0
trip_726_10,726,WEEKDAY,Marketyard Depot,0
trip_727_1,727,WEEKDAY,Pimprigaon,1
trip_726_11,726,WEEKDAY,Marketyard Depot,0
trip_727_2,727,WEEKDAY,Pimprigaon,1
trip_726_12,726,WEEKDAY,Marketyard Depot,0
trip_727_3,727,WEEKDAY,Pimprigaon,1
trip_726_13,726,WEEKDAY,Marketyard Depot,0
trip_727_4,727,WEEKDAY,Pimprigaon,1
trip_726_14,726,WEEKDAY,Marketyard Depot,0
trip_727_5,727,WEEKDAY,Pimprigaon,1
trip_726_15,726,WEEKDAY,Marketyard Depot,0
trip_727_6,727,WEEKDAY,Pimprigaon,1
trip_726_16,726,WEEKDAY,Marketyard Depot,0
trip_727_7,727,WEEKDAY,Pimprigaon,1
trip_726_17,726,WEEKDAY,Marketyard Depot,0
trip_727_8,727,WEEKDAY,Pimprigaon,1
trip_726_18,726,WEEKDAY,Marketyard Depot,0
trip_727_9,727,WEEKDAY,Pimprigaon,1
trip_726_19,726,WEEKDAY,Marketyard Depot,0
trip_727_10,727,WEEKDAY,Pimprigaon,1
trip_727_11,727,WEEKDAY,Pimprigaon,1
trip_727_12,727,WEEKDAY,Pimprigaon,1
trip_727_13,727,WEEKDAY,Pimprigaon,1
trip_727_14,727,WEEKDAY,Pimprigaon,1
trip_727_15,727,WEEKDAY,Pimprigaon,1
trip_727_16,727,WEEKDAY,Pimprigaon,1
trip_727_17,727,WEEKDAY,Pimprigaon,1
trip_727_18,727,WEEKDAY,Pimprigaon,1
trip_727_19,727,WEEKDAY,Pimprigaon,1
trip_714_0,714,WEEKDAY,Pune Station Sassoon Road,0
trip_737_0,737,WEEKDAY,Sector no. 12 PM Awas Yojana Bhosari,1
trip_736_0,736,WEEKDAY,Nashik Phata Metro Station,0
trip_737_1,737,WEEKDAY,Sector no. 12 PM Awas Yojana Bhosari,1
trip_737_2,737,WEEKDAY,Sector no. 12 PM Awas Yojana Bhosari,1
trip_737_3,737,WEEKDAY,Sector no. 12 PM Awas Yojana Bhosari,1
trip_737_4,737,WEEKDAY,Sector no. 12 PM Awas Yojana Bhosari,1
trip_737_5,737,WEEKDAY,Sector no. 12 PM Awas Yojana Bhosari,1
trip_714_1,714,WEEKDAY,Pune Station Sassoon Road,0
trip_737_6,737,WEEKDAY,Sector no. 12 PM Awas Yojana Bhosari,1
trip_736_1,736,WEEKDAY,Nashik Phata Metro Station,0
trip_736_2,736,WEEKDAY,Nashik Phata Metro Station,0
trip_736_3,736,WEEKDAY,Nashik Phata Metro Station,0
trip_736_4,736,WEEKDAY,Nashik Phata Metro Station,0
trip_736_5,736,WEEKDAY,Nashik Phata Metro Station,0
trip_736_6,736,WEEKDAY,Nashik Phata Metro Station,0
trip_731_0,731,WEEKDAY,Dange Chowk,0
trip_715_0,715,WEEKDAY,Rajguru Nagar Low Collage,1
trip_731_1,731,WEEKDAY,Dange Chowk,0
trip_731_2,731,WEEKDAY,Dange Chowk,0
trip_715_1,715,WEEKDAY,Rajguru Nagar Low Collage,1
trip_732_0,732,WEEKDAY,Nageshwar Vidyalaya Chikhli,1
trip_732_1,732,WEEKDAY,Nageshwar Vidyalaya Chikhli,1
trip_732_2,732,WEEKDAY,Nageshwar Vidyalaya Chikhli,1
trip_730_0,730,WEEKDAY,Radha Hotel,0
trip_730_1,730,WEEKDAY,Radha Hotel,0
trip_730_2,730,WEEKDAY,Radha Hotel,0
trip_730_3,730,WEEKDAY,Radha Hotel,0
trip_730_4,730,WEEKDAY,Radha Hotel,0
trip_730_5,730,WEEKDAY,Radha Hotel,0
trip_738_0,738,WEEKDAY,Pune Station Sassoon Road,0
trip_730_6,730,WEEKDAY,Radha Hotel,0
trip_730_7,730,WEEKDAY,Radha Hotel,0
trip_730_8,730,WEEKDAY,Radha Hotel,0
trip_730_9,730,WEEKDAY,Radha Hotel,0
trip_730_10,730,WEEKDAY,Radha Hotel,0
trip_730_11,730,WEEKDAY,Radha Hotel,0
trip_730_12,730,WEEKDAY,Radha Hotel,0
trip_730_13,730,WEEKDAY,Radha Hotel,0
trip_730_14,730,WEEKDAY,Radha Hotel,0
trip_730_15,730,WEEKDAY,Radha Hotel,0
trip_730_16,730,WEEKDAY,Radha Hotel,0
trip_730_17,730,WEEKDAY,Radha Hotel,0
trip_730_18,730,WEEKDAY,Radha Hotel,0
trip_730_19,730,WEEKDAY,Radha Hotel,0
trip_730_20,730,WEEKDAY,Radha Hotel,0
trip_730_21,730,WEEKDAY,Radha Hotel,0
trip_730_22,730,WEEKDAY,Radha Hotel,0
trip_738_1,738,WEEKDAY,Pune Station Sassoon Road,0
trip_730_23,730,WEEKDAY,Radha Hotel,0
trip_738_2,738,WEEKDAY,Pune Station Sassoon Road,0
trip_730_24,730,WEEKDAY,Radha Hotel,0
trip_738_3,738,WEEKDAY,Pune Station Sassoon Road,0
trip_730_25,730,WEEKDAY,Radha Hotel,0
trip_738_4,738,WEEKDAY,Pune Station Sassoon Road,0
trip_730_26,730,WEEKDAY,Radha Hotel,0
trip_738_5,738,WEEKDAY,Pune Station Sassoon Road,0
trip_730_27,730,WEEKDAY,Radha Hotel,0
trip_738_6,738,WEEKDAY,Pune Station Sassoon Road,0
trip_730_28,730,WEEKDAY,Radha Hotel,0
trip_738_7,738,WEEKDAY,Pune Station Sassoon Road,0
trip_738_8,738,WEEKDAY,Pune Station Sassoon Road,0
trip_730_29,730,WEEKDAY,Radha Hotel,0
trip_738_9,738,WEEKDAY,Pune Station Sassoon Road,0
trip_730_30,730,WEEKDAY,Radha Hotel,0
trip_738_10,738,WEEKDAY,Pune Station Sassoon Road,0
trip_730_31,730,WEEKDAY,Radha Hotel,0
trip_738_11,738,WEEKDAY,Pune Station Sassoon Road,0
trip_730_32,730,WEEKDAY,Radha Hotel,0
trip_738_12,738,WEEKDAY,Pune Station Sassoon Road,0
trip_730_33,730,WEEKDAY,Radha Hotel,0
trip_738_13,738,WEEKDAY,Pune Station Sassoon Road,0
trip_730_34,730,WEEKDAY,Radha Hotel,0
trip_738_14,738,WEEKDAY,Pune Station Sassoon Road,0
trip_738_15,738,WEEKDAY,Pune Station Sassoon Road,0
trip_730_35,730,WEEKDAY,Radha Hotel,0
trip_738_16,738,WEEKDAY,Pune Station Sassoon Road,0
trip_730_36,730,WEEKDAY,Radha Hotel,0
trip_738_17,738,WEEKDAY,Pune Station Sassoon Road,0
trip_730_37,730,WEEKDAY,Radha Hotel,0
trip_738_18,738,WEEKDAY,Pune Station Sassoon Road,0
trip_738_19,738,WEEKDAY,Pune Station Sassoon Road,0
trip_738_20,738,WEEKDAY,Pune Station Sassoon Road,0
trip_738_21,738,WEEKDAY,Pune Station Sassoon Road,0
trip_738_22,738,WEEKDAY,Pune Station Sassoon Road,0
trip_738_23,738,WEEKDAY,Pune Station Sassoon Road,0
trip_738_24,738,WEEKDAY,Pune Station Sassoon Road,0
trip_738_25,738,WEEKDAY,Pune Station Sassoon Road,0
trip_738_26,738,WEEKDAY,Pune Station Sassoon Road,0
trip_738_27,738,WEEKDAY,Pune Station Sassoon Road,0
trip_738_28,738,WEEKDAY,Pune Station Sassoon Road,0
trip_738_29,738,WEEKDAY,Pune Station Sassoon Road,0
trip_738_30,738,WEEKDAY,Pune Station Sassoon Road,0
trip_738_31,738,WEEKDAY,Pune Station Sassoon Road,0
trip_738_32,738,WEEKDAY,Pune Station Sassoon Road,0
trip_738_33,738,WEEKDAY,Pune Station Sassoon Road,0
trip_738_34,738,WEEKDAY,Pune Station Sassoon Road,0
trip_738_35,738,WEEKDAY,Pune Station Sassoon Road,0
trip_738_36,738,WEEKDAY,Pune Station Sassoon Road,0
trip_738_37,738,WEEKDAY,Pune Station Sassoon Road,0
trip_738_38,738,WEEKDAY,Pune Station Sassoon Road,0
trip_738_39,738,WEEKDAY,Pune Station Sassoon Road,0
trip_738_40,738,WEEKDAY,Pune Station Sassoon Road,0
trip_738_41,738,WEEKDAY,Pune Station Sassoon Road,0
trip_738_42,738,WEEKDAY,Pune Station Sassoon Road,0
trip_738_43,738,WEEKDAY,Pune Station Sassoon Road,0
trip_738_44,738,WEEKDAY,Pune Station Sassoon Road,0
trip_738_45,738,WEEKDAY,Pune Station Sassoon Road,0
trip_738_46,738,WEEKDAY,Pune Station Sassoon Road,0
trip_738_47,738,WEEKDAY,Pune Station Sassoon Road,0
trip_738_48,738,WEEKDAY,Pune Station Sassoon Road,0
trip_738_49,738,WEEKDAY,Pune Station Sassoon Road,0
trip_738_50,738,WEEKDAY,Pune Station Sassoon Road,0
trip_738_51,738,WEEKDAY,Pune Station Sassoon Road,0
trip_738_52,738,WEEKDAY,Pune Station Sassoon Road,0
trip_738_53,738,WEEKDAY,Pune Station Sassoon Road,0
trip_738_54,738,WEEKDAY,Pune Station Sassoon Road,0
trip_738_55,738,WEEKDAY,Pune Station Sassoon Road,0
trip_738_56,738,WEEKDAY,Pune Station Sassoon Road,0
trip_739_0,739,WEEKDAY,Bhosari Terminal,1
trip_738_57,738,WEEKDAY,Pune Station Sassoon Road,0
trip_738_58,738,WEEKDAY,Pune Station Sassoon Road,0
trip_738_59,738,WEEKDAY,Pune Station Sassoon Road,0
trip_738_60,738,WEEKDAY,Pune Station Sassoon Road,0
trip_738_61,738,WEEKDAY,Pune Station Sassoon Road,0
trip_738_62,738,WEEKDAY,Pune Station Sassoon Road,0
trip_738_63,738,WEEKDAY,Pune Station Sassoon Road,0
trip_738_64,738,WEEKDAY,Pune Station Sassoon Road,0
trip_738_65,738,WEEKDAY,Pune Station Sassoon Road,0
trip_738_66,738,WEEKDAY,Pune Station Sassoon Road,0
trip_738_67,738,WEEKDAY,Pune Station Sassoon Road,0
trip_738_68,738,WEEKDAY,Pune Station Sassoon Road,0
trip_739_1,739,WEEKDAY,Bhosari Terminal,1
trip_739_2,739,WEEKDAY,Bhosari Terminal,1
trip_739_3,739,WEEKDAY,Bhosari Terminal,1
trip_739_4,739,WEEKDAY,Bhosari Terminal,1
trip_739_5,739,WEEKDAY,Bhosari Terminal,1
trip_739_6,739,WEEKDAY,Bhosari Terminal,1
trip_739_7,739,WEEKDAY,Bhosari Terminal,1
trip_739_8,739,WEEKDAY,Bhosari Terminal,1
trip_739_9,739,WEEKDAY,Bhosari Terminal,1
trip_739_10,739,WEEKDAY,Bhosari Terminal,1
trip_739_11,739,WEEKDAY,Bhosari Terminal,1
trip_739_12,739,WEEKDAY,Bhosari Terminal,1
trip_739_13,739,WEEKDAY,Bhosari Terminal,1
trip_739_14,739,WEEKDAY,Bhosari Terminal,1
trip_739_15,739,WEEKDAY,Bhosari Terminal,1
trip_739_16,739,WEEKDAY,Bhosari Terminal,1
trip_739_17,739,WEEKDAY,Bhosari Terminal,1
trip_739_18,739,WEEKDAY,Bhosari Terminal,1
trip_739_19,739,WEEKDAY,Bhosari Terminal,1
trip_739_20,739,WEEKDAY,Bhosari Terminal,1
trip_739_21,739,WEEKDAY,Bhosari Terminal,1
trip_739_22,739,WEEKDAY,Bhosari Terminal,1
trip_739_23,739,WEEKDAY,Bhosari Terminal,1
trip_739_24,739,WEEKDAY,Bhosari Terminal,1
trip_739_25,739,WEEKDAY,Bhosari Terminal,1
trip_739_26,739,WEEKDAY,Bhosari Terminal,1
trip_739_27,739,WEEKDAY,Bhosari Terminal,1
trip_739_28,739,WEEKDAY,Bhosari Terminal,1
trip_739_29,739,WEEKDAY,Bhosari Terminal,1
trip_739_30,739,WEEKDAY,Bhosari Terminal,1
trip_739_31,739,WEEKDAY,Bhosari Terminal,1
trip_739_32,739,WEEKDAY,Bhosari Terminal,1
trip_739_33,739,WEEKDAY,Bhosari Terminal,1
trip_739_34,739,WEEKDAY,Bhosari Terminal,1
trip_739_35,739,WEEKDAY,Bhosari Terminal,1
trip_739_36,739,WEEKDAY,Bhosari Terminal,1
trip_739_37,739,WEEKDAY,Bhosari Terminal,1
trip_739_38,739,WEEKDAY,Bhosari Terminal,1
trip_739_39,739,WEEKDAY,Bhosari Terminal,1
trip_739_40,739,WEEKDAY,Bhosari Terminal,1
trip_739_41,739,WEEKDAY,Bhosari Terminal,1
trip_739_42,739,WEEKDAY,Bhosari Terminal,1
trip_739_43,739,WEEKDAY,Bhosari Terminal,1
trip_739_44,739,WEEKDAY,Bhosari Terminal,1
trip_739_45,739,WEEKDAY,Bhosari Terminal,1
trip_739_46,739,WEEKDAY,Bhosari Terminal,1
trip_739_47,739,WEEKDAY,Bhosari Terminal,1
trip_739_48,739,WEEKDAY,Bhosari Terminal,1
trip_739_49,739,WEEKDAY,Bhosari Terminal,1
trip_739_50,739,WEEKDAY,Bhosari Terminal,1
trip_739_51,739,WEEKDAY,Bhosari Terminal,1
trip_739_52,739,WEEKDAY,Bhosari Terminal,1
trip_739_53,739,WEEKDAY,Bhosari Terminal,1
trip_739_54,739,WEEKDAY,Bhosari Terminal,1
trip_739_55,739,WEEKDAY,Bhosari Terminal,1
trip_739_56,739,WEEKDAY,Bhosari Terminal,1
trip_739_57,739,WEEKDAY,Bhosari Terminal,1
trip_739_58,739,WEEKDAY,Bhosari Terminal,1
trip_739_59,739,WEEKDAY,Bhosari Terminal,1
trip_739_60,739,WEEKDAY,Bhosari Terminal,1
trip_739_61,739,WEEKDAY,Bhosari Terminal,1
trip_739_62,739,WEEKDAY,Bhosari Terminal,1
trip_739_63,739,WEEKDAY,Bhosari Terminal,1
trip_739_64,739,WEEKDAY,Bhosari Terminal,1
trip_739_65,739,WEEKDAY,Bhosari Terminal,1
trip_739_66,739,WEEKDAY,Bhosari Terminal,1
trip_733_0,733,WEEKDAY,Nageshwar Vidyalaya Chikhli,1
trip_733_1,733,WEEKDAY,Nageshwar Vidyalaya Chikhli,1
trip_733_2,733,WEEKDAY,Nageshwar Vidyalaya Chikhli,1
trip_733_3,733,WEEKDAY,Nageshwar Vidyalaya Chikhli,1
trip_733_4,733,WEEKDAY,Nageshwar Vidyalaya Chikhli,1
trip_733_5,733,WEEKDAY,Nageshwar Vidyalaya Chikhli,1
trip_733_6,733,WEEKDAY,Nageshwar Vidyalaya Chikhli,1
trip_733_7,733,WEEKDAY,Nageshwar Vidyalaya Chikhli,1
trip_733_8,733,WEEKDAY,Nageshwar Vidyalaya Chikhli,1
trip_733_9,733,WEEKDAY,Nageshwar Vidyalaya Chikhli,1
trip_733_10,733,WEEKDAY,Nageshwar Vidyalaya Chikhli,1
trip_733_11,733,WEEKDAY,Nageshwar Vidyalaya Chikhli,1
trip_733_12,733,WEEKDAY,Nageshwar Vidyalaya Chikhli,1
trip_733_13,733,WEEKDAY,Nageshwar Vidyalaya Chikhli,1
trip_733_14,733,WEEKDAY,Nageshwar Vidyalaya Chikhli,1
trip_733_15,733,WEEKDAY,Nageshwar Vidyalaya Chikhli,1
trip_733_16,733,WEEKDAY,Nageshwar Vidyalaya Chikhli,1
trip_733_17,733,WEEKDAY,Nageshwar Vidyalaya Chikhli,1
trip_733_18,733,WEEKDAY,Nageshwar Vidyalaya Chikhli,1
trip_733_19,733,WEEKDAY,Nageshwar Vidyalaya Chikhli,1
trip_733_20,733,WEEKDAY,Nageshwar Vidyalaya Chikhli,1
trip_733_21,733,WEEKDAY,Nageshwar Vidyalaya Chikhli,1
trip_733_22,733,WEEKDAY,Nageshwar Vidyalaya Chikhli,1
trip_733_23,733,WEEKDAY,Nageshwar Vidyalaya Chikhli,1
trip_733_24,733,WEEKDAY,Nageshwar Vidyalaya Chikhli,1
trip_733_25,733,WEEKDAY,Nageshwar Vidyalaya Chikhli,1
trip_733_26,733,WEEKDAY,Nageshwar Vidyalaya Chikhli,1
trip_733_27,733,WEEKDAY,Nageshwar Vidyalaya Chikhli,1
trip_733_28,733,WEEKDAY,Nageshwar Vidyalaya Chikhli,1
trip_733_29,733,WEEKDAY,Nageshwar Vidyalaya Chikhli,1
trip_733_30,733,WEEKDAY,Nageshwar Vidyalaya Chikhli,1
trip_733_31,733,WEEKDAY,Nageshwar Vidyalaya Chikhli,1
trip_733_32,733,WEEKDAY,Nageshwar Vidyalaya Chikhli,1
trip_733_33,733,WEEKDAY,Nageshwar Vidyalaya Chikhli,1
trip_733_34,733,WEEKDAY,Nageshwar Vidyalaya Chikhli,1
trip_733_35,733,WEEKDAY,Nageshwar Vidyalaya Chikhli,1
trip_733_36,733,WEEKDAY,Nageshwar Vidyalaya Chikhli,1
trip_733_37,733,WEEKDAY,Nageshwar Vidyalaya Chikhli,1
trip_757_0,757,WEEKDAY,Mukai Chowk,1
trip_757_1,757,WEEKDAY,Mukai Chowk,1
trip_757_2,757,WEEKDAY,Mukai Chowk,1
trip_757_3,757,WEEKDAY,Mukai Chowk,1
trip_757_4,757,WEEKDAY,Mukai Chowk,1
trip_757_5,757,WEEKDAY,Mukai Chowk,1
trip_757_6,757,WEEKDAY,Mukai Chowk,1
trip_757_7,757,WEEKDAY,Mukai Chowk,1
trip_757_8,757,WEEKDAY,Mukai Chowk,1
trip_757_9,757,WEEKDAY,Mukai Chowk,1
trip_757_10,757,WEEKDAY,Mukai Chowk,1
trip_752_0,752,WEEKDAY,Ma Na Pa Dengle Pul Nadikathi,0
trip_757_11,757,WEEKDAY,Mukai Chowk,1
trip_757_12,757,WEEKDAY,Mukai Chowk,1
trip_757_13,757,WEEKDAY,Mukai Chowk,1
trip_757_14,757,WEEKDAY,Mukai Chowk,1
trip_741_0,741,WEEKDAY,Bhamchandra Vidhyalay Vasuli,1
trip_757_15,757,WEEKDAY,Mukai Chowk,1
trip_757_16,757,WEEKDAY,Mukai Chowk,1
trip_757_17,757,WEEKDAY,Mukai Chowk,1
trip_757_18,757,WEEKDAY,Mukai Chowk,1
trip_757_19,757,WEEKDAY,Mukai Chowk,1
trip_757_20,757,WEEKDAY,Mukai Chowk,1
trip_757_21,757,WEEKDAY,Mukai Chowk,1
trip_757_22,757,WEEKDAY,Mukai Chowk,1
trip_757_23,757,WEEKDAY,Mukai Chowk,1
trip_757_24,757,WEEKDAY,Mukai Chowk,1
trip_757_25,757,WEEKDAY,Mukai Chowk,1
trip_757_26,757,WEEKDAY,Mukai Chowk,1
trip_757_27,757,WEEKDAY,Mukai Chowk,1
trip_757_28,757,WEEKDAY,Mukai Chowk,1
trip_757_29,757,WEEKDAY,Mukai Chowk,1
trip_757_30,757,WEEKDAY,Mukai Chowk,1
trip_757_31,757,WEEKDAY,Mukai Chowk,1
trip_752_1,752,WEEKDAY,Ma Na Pa Dengle Pul Nadikathi,0
trip_757_32,757,WEEKDAY,Mukai Chowk,1
trip_752_2,752,WEEKDAY,Ma Na Pa Dengle Pul Nadikathi,0
trip_757_33,757,WEEKDAY,Mukai Chowk,1
trip_752_3,752,WEEKDAY,Ma Na Pa Dengle Pul Nadikathi,0
trip_757_34,757,WEEKDAY,Mukai Chowk,1
trip_746_0,746,WEEKDAY,Bhosari Chakan Road,0
trip_757_35,757,WEEKDAY,Mukai Chowk,1
trip_752_4,752,WEEKDAY,Ma Na Pa Dengle Pul Nadikathi,0
trip_757_36,757,WEEKDAY,Mukai Chowk,1
trip_752_5,752,WEEKDAY,Ma Na Pa Dengle Pul Nadikathi,0
trip_757_37,757,WEEKDAY,Mukai Chowk,1
trip_752_6,752,WEEKDAY,Ma Na Pa Dengle Pul Nadikathi,0
trip_740_0,740,WEEKDAY,Bhosari Chakan Road,0
trip_757_38,757,WEEKDAY,Mukai Chowk,1
trip_752_7,752,WEEKDAY,Ma Na Pa Dengle Pul Nadikathi,0
trip_757_39,757,WEEKDAY,Mukai Chowk,1
trip_752_8,752,WEEKDAY,Ma Na Pa Dengle Pul Nadikathi,0
trip_757_40,757,WEEKDAY,Mukai Chowk,1
trip_752_9,752,WEEKDAY,Ma Na Pa Dengle Pul Nadikathi,0
trip_757_41,757,WEEKDAY,Mukai Chowk,1
trip_752_10,752,WEEKDAY,Ma Na Pa Dengle Pul Nadikathi,0
trip_757_42,757,WEEKDAY,Mukai Chowk,1
trip_752_11,752,WEEKDAY,Ma Na Pa Dengle Pul Nadikathi,0
trip_757_43,757,WEEKDAY,Mukai Chowk,1
trip_752_12,752,WEEKDAY,Ma Na Pa Dengle Pul Nadikathi,0
trip_757_44,757,WEEKDAY,Mukai Chowk,1
trip_752_13,752,WEEKDAY,Ma Na Pa Dengle Pul Nadikathi,0
trip_757_45,757,WEEKDAY,Mukai Chowk,1
trip_752_14,752,WEEKDAY,Ma Na Pa Dengle Pul Nadikathi,0
trip_757_46,757,WEEKDAY,Mukai Chowk,1
trip_752_15,752,WEEKDAY,Ma Na Pa Dengle Pul Nadikathi,0
trip_757_47,757,WEEKDAY,Mukai Chowk,1
trip_752_16,752,WEEKDAY,Ma Na Pa Dengle Pul Nadikathi,0
trip_757_48,757,WEEKDAY,Mukai Chowk,1
trip_741_1,741,WEEKDAY,Bhamchandra Vidhyalay Vasuli,1
trip_752_17,752,WEEKDAY,Ma Na Pa Dengle Pul Nadikathi,0
trip_757_49,757,WEEKDAY,Mukai Chowk,1
trip_741_2,741,WEEKDAY,Bhamchandra Vidhyalay Vasuli,1
trip_752_18,752,WEEKDAY,Ma Na Pa Dengle Pul Nadikathi,0
trip_757_50,757,WEEKDAY,Mukai Chowk,1
trip_752_19,752,WEEKDAY,Ma Na Pa Dengle Pul Nadikathi,0
trip_741_3,741,WEEKDAY,Bhamchandra Vidhyalay Vasuli,1
trip_757_51,757,WEEKDAY,Mukai Chowk,1
trip_752_20,752,WEEKDAY,Ma Na Pa Dengle Pul Nadikathi,0
trip_741_4,741,WEEKDAY,Bhamchandra Vidhyalay Vasuli,1
trip_757_52,757,WEEKDAY,Mukai Chowk,1
trip_752_21,752,WEEKDAY,Ma Na Pa Dengle Pul Nadikathi,0
trip_757_53,757,WEEKDAY,Mukai Chowk,1
trip_741_5,741,WEEKDAY,Bhamchandra Vidhyalay Vasuli,1
trip_752_22,752,WEEKDAY,Ma Na Pa Dengle Pul Nadikathi,0
trip_757_54,757,WEEKDAY,Mukai Chowk,1
trip_741_6,741,WEEKDAY,Bhamchandra Vidhyalay Vasuli,1
trip_752_23,752,WEEKDAY,Ma Na Pa Dengle Pul Nadikathi,0
trip_757_55,757,WEEKDAY,Mukai Chowk,1
trip_752_24,752,WEEKDAY,Ma Na Pa Dengle Pul Nadikathi,0
trip_757_56,757,WEEKDAY,Mukai Chowk,1
trip_741_7,741,WEEKDAY,Bhamchandra Vidhyalay Vasuli,1
trip_752_25,752,WEEKDAY,Ma Na Pa Dengle Pul Nadikathi,0
trip_757_57,757,WEEKDAY,Mukai Chowk,1
trip_741_8,741,WEEKDAY,Bhamchandra Vidhyalay Vasuli,1
trip_752_26,752,WEEKDAY,Ma Na Pa Dengle Pul Nadikathi,0
trip_757_58,757,WEEKDAY,Mukai Chowk,1
trip_741_9,741,WEEKDAY,Bhamchandra Vidhyalay Vasuli,1
trip_752_27,752,WEEKDAY,Ma Na Pa Dengle Pul Nadikathi,0
trip_757_59,757,WEEKDAY,Mukai Chowk,1
trip_752_28,752,WEEKDAY,Ma Na Pa Dengle Pul Nadikathi,0
trip_757_60,757,WEEKDAY,Mukai Chowk,1
trip_741_10,741,WEEKDAY,Bhamchandra Vidhyalay Vasuli,1
trip_752_29,752,WEEKDAY,Ma Na Pa Dengle Pul Nadikathi,0
trip_757_61,757,WEEKDAY,Mukai Chowk,1
trip_741_11,741,WEEKDAY,Bhamchandra Vidhyalay Vasuli,1
trip_752_30,752,WEEKDAY,Ma Na Pa Dengle Pul Nadikathi,0
trip_757_62,757,WEEKDAY,Mukai Chowk,1
trip_741_12,741,WEEKDAY,Bhamchandra Vidhyalay Vasuli,1
trip_752_31,752,WEEKDAY,Ma Na Pa Dengle Pul Nadikathi,0
trip_757_63,757,WEEKDAY,Mukai Chowk,1
trip_752_32,752,WEEKDAY,Ma Na Pa Dengle Pul Nadikathi,0
trip_741_13,741,WEEKDAY,Bhamchandra Vidhyalay Vasuli,1
trip_757_64,757,WEEKDAY,Mukai Chowk,1
trip_752_33,752,WEEKDAY,Ma Na Pa Dengle Pul Nadikathi,0
trip_757_65,757,WEEKDAY,Mukai Chowk,1
trip_741_14,741,WEEKDAY,Bhamchandra Vidhyalay Vasuli,1
trip_746_1,746,WEEKDAY,Bhosari Chakan Road,0
trip_752_34,752,WEEKDAY,Ma Na Pa Dengle Pul Nadikathi,0
trip_757_66,757,WEEKDAY,Mukai Chowk,1
trip_741_15,741,WEEKDAY,Bhamchandra Vidhyalay Vasuli,1
trip_752_35,752,WEEKDAY,Ma Na Pa Dengle Pul Nadikathi,0
trip_746_2,746,WEEKDAY,Bhosari Chakan Road,0
trip_757_67,757,WEEKDAY,Mukai Chowk,1
trip_752_36,752,WEEKDAY,Ma Na Pa Dengle Pul Nadikathi,0
trip_741_16,741,WEEKDAY,Bhamchandra Vidhyalay Vasuli,1
trip_746_3,746,WEEKDAY,Bhosari Chakan Road,0
trip_757_68,757,WEEKDAY,Mukai Chowk,1
trip_752_37,752,WEEKDAY,Ma Na Pa Dengle Pul Nadikathi,0
trip_741_17,741,WEEKDAY,Bhamchandra Vidhyalay Vasuli,1
trip_746_4,746,WEEKDAY,Bhosari Chakan Road,0
trip_757_69,757,WEEKDAY,Mukai Chowk,1
trip_752_38,752,WEEKDAY,Ma Na Pa Dengle Pul Nadikathi,0
trip_740_1,740,WEEKDAY,Bhosari Chakan Road,0
trip_746_5,746,WEEKDAY,Bhosari Chakan Road,0
trip_741_18,741,WEEKDAY,Bhamchandra Vidhyalay Vasuli,1
trip_757_70,757,WEEKDAY,Mukai Chowk,1
trip_752_39,752,WEEKDAY,Ma Na Pa Dengle Pul Nadikathi,0
trip_747_0,747,WEEKDAY,Rajguru Nagar Low Collage,1
trip_740_2,740,WEEKDAY,Bhosari Chakan Road,0
trip_746_6,746,WEEKDAY,Bhosari Chakan Road,0
trip_757_71,757,WEEKDAY,Mukai Chowk,1
trip_741_19,741,WEEKDAY,Bhamchandra Vidhyalay Vasuli,1
trip_752_40,752,WEEKDAY,Ma Na Pa Dengle Pul Nadikathi,0
trip_757_72,757,WEEKDAY,Mukai Chowk,1
trip_746_7,746,WEEKDAY,Bhosari Chakan Road,0
trip_740_3,740,WEEKDAY,Bhosari Chakan Road,0
trip_752_41,752,WEEKDAY,Ma Na Pa Dengle Pul Nadikathi,0
trip_741_20,741,WEEKDAY,Bhamchandra Vidhyalay Vasuli,1
trip_757_73,757,WEEKDAY,Mukai Chowk,1
trip_746_8,746,WEEKDAY,Bhosari Chakan Road,0
trip_740_4,740,WEEKDAY,Bhosari Chakan Road,0
trip_752_42,752,WEEKDAY,Ma Na Pa Dengle Pul Nadikathi,0
trip_757_74,757,WEEKDAY,Mukai Chowk,1
trip_741_21,741,WEEKDAY,Bhamchandra Vidhyalay Vasuli,1
trip_746_9,746,WEEKDAY,Bhosari Chakan Road,0
trip_757_75,757,WEEKDAY,Mukai Chowk,1
trip_740_5,740,WEEKDAY,Bhosari Chakan Road,0
trip_752_43,752,WEEKDAY,Ma Na Pa Dengle Pul Nadikathi,0
trip_741_22,741,WEEKDAY,Bhamchandra Vidhyalay Vasuli,1
trip_757_76,757,WEEKDAY,Mukai Chowk,1
trip_746_10,746,WEEKDAY,Bhosari Chakan Road,0
trip_752_44,752,WEEKDAY,Ma Na Pa Dengle Pul Nadikathi,0
trip_740_6,740,WEEKDAY,Bhosari Chakan Road,0
trip_757_77,757,WEEKDAY,Mukai Chowk,1
trip_741_23,741,WEEKDAY,Bhamchandra Vidhyalay Vasuli,1
trip_752_45,752,WEEKDAY,Ma Na Pa Dengle Pul Nadikathi,0
trip_746_11,746,WEEKDAY,Bhosari Chakan Road,0
trip_740_7,740,WEEKDAY,Bhosari Chakan Road,0
trip_757_78,757,WEEKDAY,Mukai Chowk,1
trip_741_24,741,WEEKDAY,Bhamchandra Vidhyalay Vasuli,1
trip_752_46,752,WEEKDAY,Ma Na Pa Dengle Pul Nadikathi,0
trip_746_12,746,WEEKDAY,Bhosari Chakan Road,0
trip_757_79,757,WEEKDAY,Mukai Chowk,1
trip_740_8,740,WEEKDAY,Bhosari Chakan Road,0
trip_752_47,752,WEEKDAY,Ma Na Pa Dengle Pul Nadikathi,0
trip_741_25,741,WEEKDAY,Bhamchandra Vidhyalay Vasuli,1
trip_757_80,757,WEEKDAY,Mukai Chowk,1
trip_746_13,746,WEEKDAY,Bhosari Chakan Road,0
trip_740_9,740,WEEKDAY,Bhosari Chakan Road,0
trip_752_48,752,WEEKDAY,Ma Na Pa Dengle Pul Nadikathi,0
trip_757_81,757,WEEKDAY,Mukai Chowk,1
trip_741_26,741,WEEKDAY,Bhamchandra Vidhyalay Vasuli,1
trip_746_14,746,WEEKDAY,Bhosari Chakan Road,0
trip_752_49,752,WEEKDAY,Ma Na Pa Dengle Pul Nadikathi,0
trip_740_10,740,WEEKDAY,Bhosari Chakan Road,0
trip_757_82,757,WEEKDAY,Mukai Chowk,1
trip_741_27,741,WEEKDAY,Bhamchandra Vidhyalay Vasuli,1
trip_746_15,746,WEEKDAY,Bhosari Chakan Road,0
trip_752_50,752,WEEKDAY,Ma Na Pa Dengle Pul Nadikathi,0
trip_740_11,740,WEEKDAY,Bhosari Chakan Road,0
trip_757_83,757,WEEKDAY,Mukai Chowk,1
trip_741_28,741,WEEKDAY,Bhamchandra Vidhyalay Vasuli,1
trip_746_16,746,WEEKDAY,Bhosari Chakan Road,0
trip_752_51,752,WEEKDAY,Ma Na Pa Dengle Pul Nadikathi,0
trip_757_84,757,WEEKDAY,Mukai Chowk,1
trip_740_12,740,WEEKDAY,Bhosari Chakan Road,0
trip_752_52,752,WEEKDAY,Ma Na Pa Dengle Pul Nadikathi,0
trip_746_17,746,WEEKDAY,Bhosari Chakan Road,0
trip_741_29,741,WEEKDAY,Bhamchandra Vidhyalay Vasuli,1
trip_757_85,757,WEEKDAY,Mukai Chowk,1
trip_740_13,740,WEEKDAY,Bhosari Chakan Road,0
trip_752_53,752,WEEKDAY,Ma Na Pa Dengle Pul Nadikathi,0
trip_746_18,746,WEEKDAY,Bhosari Chakan Road,0
trip_757_86,757,WEEKDAY,Mukai Chowk,1
trip_741_30,741,WEEKDAY,Bhamchandra Vidhyalay Vasuli,1
trip_752_54,752,WEEKDAY,Ma Na Pa Dengle Pul Nadikathi,0
trip_740_14,740,WEEKDAY,Bhosari Chakan Road,0
trip_757_87,757,WEEKDAY,Mukai Chowk,1
trip_746_19,746,WEEKDAY,Bhosari Chakan Road,0
trip_741_31,741,WEEKDAY,Bhamchandra Vidhyalay Vasuli,1
trip_752_55,752,WEEKDAY,Ma Na Pa Dengle Pul Nadikathi,0
trip_757_88,757,WEEKDAY,Mukai Chowk,1
trip_740_15,740,WEEKDAY,Bhosari Chakan Road,0
trip_752_56,752,WEEKDAY,Ma Na Pa Dengle Pul Nadikathi,0
trip_746_20,746,WEEKDAY,Bhosari Chakan Road,0
trip_741_32,741,WEEKDAY,Bhamchandra Vidhyalay Vasuli,1
trip_740_16,740,WEEKDAY,Bhosari Chakan Road,0
trip_752_57,752,WEEKDAY,Ma Na Pa Dengle Pul Nadikathi,0
trip_746_21,746,WEEKDAY,Bhosari Chakan Road,0
trip_741_33,741,WEEKDAY,Bhamchandra Vidhyalay Vasuli,1
trip_740_17,740,WEEKDAY,Bhosari Chakan Road,0
trip_752_58,752,WEEKDAY,Ma Na Pa Dengle Pul Nadikathi,0
trip_746_22,746,WEEKDAY,Bhosari Chakan Road,0
trip_741_34,741,WEEKDAY,Bhamchandra Vidhyalay Vasuli,1
trip_740_18,740,WEEKDAY,Bhosari Chakan Road,0
trip_752_59,752,WEEKDAY,Ma Na Pa Dengle Pul Nadikathi,0
trip_746_23,746,WEEKDAY,Bhosari Chakan Road,0
trip_741_35,741,WEEKDAY,Bhamchandra Vidhyalay Vasuli,1
trip_752_60,752,WEEKDAY,Ma Na Pa Dengle Pul Nadikathi,0
trip_740_19,740,WEEKDAY,Bhosari Chakan Road,0
trip_746_24,746,WEEKDAY,Bhosari Chakan Road,0
trip_741_36,741,WEEKDAY,Bhamchandra Vidhyalay Vasuli,1
trip_752_61,752,WEEKDAY,Ma Na Pa Dengle Pul Nadikathi,0
trip_740_20,740,WEEKDAY,Bhosari Chakan Road,0
trip_746_25,746,WEEKDAY,Bhosari Chakan Road,0
trip_752_62,752,WEEKDAY,Ma Na Pa Dengle Pul Nadikathi,0
trip_741_37,741,WEEKDAY,Bhamchandra Vidhyalay Vasuli,1
trip_740_21,740,WEEKDAY,Bhosari Chakan Road,0
trip_746_26,746,WEEKDAY,Bhosari Chakan Road,0
trip_752_63,752,WEEKDAY,Ma Na Pa Dengle Pul Nadikathi,0
trip_741_38,741,WEEKDAY,Bhamchandra Vidhyalay Vasuli,1
trip_740_22,740,WEEKDAY,Bhosari Chakan Road,0
trip_746_27,746,WEEKDAY,Bhosari Chakan Road,0
trip_752_64,752,WEEKDAY,Ma Na Pa Dengle Pul Nadikathi,0
trip_741_39,741,WEEKDAY,Bhamchandra Vidhyalay Vasuli,1
trip_740_23,740,WEEKDAY,Bhosari Chakan Road,0
trip_746_28,746,WEEKDAY,Bhosari Chakan Road,0
trip_752_65,752,WEEKDAY,Ma Na Pa Dengle Pul Nadikathi,0
trip_752_66,752,WEEKDAY,Ma Na Pa Dengle Pul Nadikathi,0
trip_740_24,740,WEEKDAY,Bhosari Chakan Road,0
trip_746_29,746,WEEKDAY,Bhosari Chakan Road,0
trip_747_1,747,WEEKDAY,Rajguru Nagar Low Collage,1
trip_752_67,752,WEEKDAY,Ma Na Pa Dengle Pul Nadikathi,0
trip_746_30,746,WEEKDAY,Bhosari Chakan Road,0
trip_740_25,740,WEEKDAY,Bhosari Chakan Road,0
trip_752_68,752,WEEKDAY,Ma Na Pa Dengle Pul Nadikathi,0
trip_747_2,747,WEEKDAY,Rajguru Nagar Low Collage,1
trip_746_31,746,WEEKDAY,Bhosari Chakan Road,0
trip_740_26,740,WEEKDAY,Bhosari Chakan Road,0
trip_752_69,752,WEEKDAY,Ma Na Pa Dengle Pul Nadikathi,0
trip_747_3,747,WEEKDAY,Rajguru Nagar Low Collage,1
trip_752_70,752,WEEKDAY,Ma Na Pa Dengle Pul Nadikathi,0
trip_746_32,746,WEEKDAY,Bhosari Chakan Road,0
trip_740_27,740,WEEKDAY,Bhosari Chakan Road,0
trip_747_4,747,WEEKDAY,Rajguru Nagar Low Collage,1
trip_752_71,752,WEEKDAY,Ma Na Pa Dengle Pul Nadikathi,0
trip_746_33,746,WEEKDAY,Bhosari Chakan Road,0
trip_747_5,747,WEEKDAY,Rajguru Nagar Low Collage,1
trip_752_72,752,WEEKDAY,Ma Na Pa Dengle Pul Nadikathi,0
trip_740_28,740,WEEKDAY,Bhosari Chakan Road,0
trip_746_34,746,WEEKDAY,Bhosari Chakan Road,0
trip_752_73,752,WEEKDAY,Ma Na Pa Dengle Pul Nadikathi,0
trip_747_6,747,WEEKDAY,Rajguru Nagar Low Collage,1
trip_740_29,740,WEEKDAY,Bhosari Chakan Road,0
trip_746_35,746,WEEKDAY,Bhosari Chakan Road,0
trip_752_74,752,WEEKDAY,Ma Na Pa Dengle Pul Nadikathi,0
trip_747_7,747,WEEKDAY,Rajguru Nagar Low Collage,1
trip_746_36,746,WEEKDAY,Bhosari Chakan Road,0
trip_740_30,740,WEEKDAY,Bhosari Chakan Road,0
trip_752_75,752,WEEKDAY,Ma Na Pa Dengle Pul Nadikathi,0
trip_747_8,747,WEEKDAY,Rajguru Nagar Low Collage,1
trip_746_37,746,WEEKDAY,Bhosari Chakan Road,0
trip_740_31,740,WEEKDAY,Bhosari Chakan Road,0
trip_752_76,752,WEEKDAY,Ma Na Pa Dengle Pul Nadikathi,0
trip_747_9,747,WEEKDAY,Rajguru Nagar Low Collage,1
trip_746_38,746,WEEKDAY,Bhosari Chakan Road,0
trip_752_77,752,WEEKDAY,Ma Na Pa Dengle Pul Nadikathi,0
trip_740_32,740,WEEKDAY,Bhosari Chakan Road,0
trip_752_78,752,WEEKDAY,Ma Na Pa Dengle Pul Nadikathi,0
trip_747_10,747,WEEKDAY,Rajguru Nagar Low Collage,1
trip_746_39,746,WEEKDAY,Bhosari Chakan Road,0
trip_752_79,752,WEEKDAY,Ma Na Pa Dengle Pul Nadikathi,0
trip_740_33,740,WEEKDAY,Bhosari Chakan Road,0
trip_747_11,747,WEEKDAY,Rajguru Nagar Low Collage,1
trip_746_40,746,WEEKDAY,Bhosari Chakan Road,0
trip_752_80,752,WEEKDAY,Ma Na Pa Dengle Pul Nadikathi,0
trip_747_12,747,WEEKDAY,Rajguru Nagar Low Collage,1
trip_740_34,740,WEEKDAY,Bhosari Chakan Road,0
trip_752_81,752,WEEKDAY,Ma Na Pa Dengle Pul Nadikathi,0
trip_746_41,746,WEEKDAY,Bhosari Chakan Road,0
trip_747_13,747,WEEKDAY,Rajguru Nagar Low Collage,1
trip_752_82,752,WEEKDAY,Ma Na Pa Dengle Pul Nadikathi,0
trip_740_35,740,WEEKDAY,Bhosari Chakan Road,0
trip_746_42,746,WEEKDAY,Bhosari Chakan Road,0
trip_752_83,752,WEEKDAY,Ma Na Pa Dengle Pul Nadikathi,0
trip_747_14,747,WEEKDAY,Rajguru Nagar Low Collage,1
trip_740_36,740,WEEKDAY,Bhosari Chakan Road,0
trip_746_43,746,WEEKDAY,Bhosari Chakan Road,0
trip_752_84,752,WEEKDAY,Ma Na Pa Dengle Pul Nadikathi,0
trip_747_15,747,WEEKDAY,Rajguru Nagar Low Collage,1
trip_746_44,746,WEEKDAY,Bhosari Chakan Road,0
trip_740_37,740,WEEKDAY,Bhosari Chakan Road,0
trip_752_85,752,WEEKDAY,Ma Na Pa Dengle Pul Nadikathi,0
trip_747_16,747,WEEKDAY,Rajguru Nagar Low Collage,1
trip_746_45,746,WEEKDAY,Bhosari Chakan Road,0
trip_740_38,740,WEEKDAY,Bhosari Chakan Road,0
trip_752_86,752,WEEKDAY,Ma Na Pa Dengle Pul Nadikathi,0
trip_758_0,758,WEEKDAY,Alandi,0
trip_747_17,747,WEEKDAY,Rajguru Nagar Low Collage,1
trip_746_46,746,WEEKDAY,Bhosari Chakan Road,0
trip_740_39,740,WEEKDAY,Bhosari Chakan Road,0
trip_747_18,747,WEEKDAY,Rajguru Nagar Low Collage,1
trip_746_47,746,WEEKDAY,Bhosari Chakan Road,0
trip_747_19,747,WEEKDAY,Rajguru Nagar Low Collage,1
trip_746_48,746,WEEKDAY,Bhosari Chakan Road,0
trip_747_20,747,WEEKDAY,Rajguru Nagar Low Collage,1
trip_746_49,746,WEEKDAY,Bhosari Chakan Road,0
trip_747_21,747,WEEKDAY,Rajguru Nagar Low Collage,1
trip_746_50,746,WEEKDAY,Bhosari Chakan Road,0
trip_747_22,747,WEEKDAY,Rajguru Nagar Low Collage,1
trip_746_51,746,WEEKDAY,Bhosari Chakan Road,0
trip_747_23,747,WEEKDAY,Rajguru Nagar Low Collage,1
trip_746_52,746,WEEKDAY,Bhosari Chakan Road,0
trip_747_24,747,WEEKDAY,Rajguru Nagar Low Collage,1
trip_746_53,746,WEEKDAY,Bhosari Chakan Road,0
trip_747_25,747,WEEKDAY,Rajguru Nagar Low Collage,1
trip_746_54,746,WEEKDAY,Bhosari Chakan Road,0
trip_747_26,747,WEEKDAY,Rajguru Nagar Low Collage,1
trip_746_55,746,WEEKDAY,Bhosari Chakan Road,0
trip_747_27,747,WEEKDAY,Rajguru Nagar Low Collage,1
trip_746_56,746,WEEKDAY,Bhosari Chakan Road,0
trip_747_28,747,WEEKDAY,Rajguru Nagar Low Collage,1
trip_746_57,746,WEEKDAY,Bhosari Chakan Road,0
trip_747_29,747,WEEKDAY,Rajguru Nagar Low Collage,1
trip_746_58,746,WEEKDAY,Bhosari Chakan Road,0
trip_747_30,747,WEEKDAY,Rajguru Nagar Low Collage,1
trip_746_59,746,WEEKDAY,Bhosari Chakan Road,0
trip_747_31,747,WEEKDAY,Rajguru Nagar Low Collage,1
trip_746_60,746,WEEKDAY,Bhosari Chakan Road,0
trip_747_32,747,WEEKDAY,Rajguru Nagar Low Collage,1
trip_746_61,746,WEEKDAY,Bhosari Chakan Road,0
trip_747_33,747,WEEKDAY,Rajguru Nagar Low Collage,1
trip_746_62,746,WEEKDAY,Bhosari Chakan Road,0
trip_747_34,747,WEEKDAY,Rajguru Nagar Low Collage,1
trip_746_63,746,WEEKDAY,Bhosari Chakan Road,0
trip_747_35,747,WEEKDAY,Rajguru Nagar Low Collage,1
trip_746_64,746,WEEKDAY,Bhosari Chakan Road,0
trip_747_36,747,WEEKDAY,Rajguru Nagar Low Collage,1
trip_746_65,746,WEEKDAY,Bhosari Chakan Road,0
trip_747_37,747,WEEKDAY,Rajguru Nagar Low Collage,1
trip_746_66,746,WEEKDAY,Bhosari Chakan Road,0
trip_747_38,747,WEEKDAY,Rajguru Nagar Low Collage,1
trip_746_67,746,WEEKDAY,Bhosari Chakan Road,0
trip_747_39,747,WEEKDAY,Rajguru Nagar Low Collage,1
trip_758_1,758,WEEKDAY,Alandi,0
trip_746_68,746,WEEKDAY,Bhosari Chakan Road,0
trip_747_40,747,WEEKDAY,Rajguru Nagar Low Collage,1
trip_758_2,758,WEEKDAY,Alandi,0
trip_746_69,746,WEEKDAY,Bhosari Chakan Road,0
trip_747_41,747,WEEKDAY,Rajguru Nagar Low Collage,1
trip_758_3,758,WEEKDAY,Alandi,0
trip_746_70,746,WEEKDAY,Bhosari Chakan Road,0
trip_758_4,758,WEEKDAY,Alandi,0
trip_747_42,747,WEEKDAY,Rajguru Nagar Low Collage,1
trip_758_5,758,WEEKDAY,Alandi,0
trip_747_43,747,WEEKDAY,Rajguru Nagar Low Collage,1
trip_758_6,758,WEEKDAY,Alandi,0
trip_747_44,747,WEEKDAY,Rajguru Nagar Low Collage,1
trip_747_45,747,WEEKDAY,Rajguru Nagar Low Collage,1
trip_747_46,747,WEEKDAY,Rajguru Nagar Low Collage,1
trip_747_47,747,WEEKDAY,Rajguru Nagar Low Collage,1
trip_747_48,747,WEEKDAY,Rajguru Nagar Low Collage,1
trip_747_49,747,WEEKDAY,Rajguru Nagar Low Collage,1
trip_747_50,747,WEEKDAY,Rajguru Nagar Low Collage,1
trip_747_51,747,WEEKDAY,Rajguru Nagar Low Collage,1
trip_747_52,747,WEEKDAY,Rajguru Nagar Low Collage,1
trip_747_53,747,WEEKDAY,Rajguru Nagar Low Collage,1
trip_747_54,747,WEEKDAY,Rajguru Nagar Low Collage,1
trip_747_55,747,WEEKDAY,Rajguru Nagar Low Collage,1
trip_747_56,747,WEEKDAY,Rajguru Nagar Low Collage,1
trip_747_57,747,WEEKDAY,Rajguru Nagar Low Collage,1
trip_747_58,747,WEEKDAY,Rajguru Nagar Low Collage,1
trip_747_59,747,WEEKDAY,Rajguru Nagar Low Collage,1
trip_747_60,747,WEEKDAY,Rajguru Nagar Low Collage,1
trip_747_61,747,WEEKDAY,Rajguru Nagar Low Collage,1
trip_747_62,747,WEEKDAY,Rajguru Nagar Low Collage,1
trip_747_63,747,WEEKDAY,Rajguru Nagar Low Collage,1
trip_747_64,747,WEEKDAY,Rajguru Nagar Low Collage,1
trip_747_65,747,WEEKDAY,Rajguru Nagar Low Collage,1
trip_747_66,747,WEEKDAY,Rajguru Nagar Low Collage,1
trip_747_67,747,WEEKDAY,Rajguru Nagar Low Collage,1
trip_747_68,747,WEEKDAY,Rajguru Nagar Low Collage,1
trip_747_69,747,WEEKDAY,Rajguru Nagar Low Collage,1
trip_759_0,759,WEEKDAY,Aundhgaon,1
trip_759_1,759,WEEKDAY,Aundhgaon,1
trip_759_2,759,WEEKDAY,Aundhgaon,1
trip_759_3,759,WEEKDAY,Aundhgaon,1
trip_759_4,759,WEEKDAY,Aundhgaon,1
trip_759_5,759,WEEKDAY,Aundhgaon,1
trip_759_6,759,WEEKDAY,Aundhgaon,1
trip_759_7,759,WEEKDAY,Aundhgaon,1
trip_748_0,748,WEEKDAY,Pimplegurav,0
trip_749_0,749,WEEKDAY,Rajguru Nagar Low Collage,1
trip_748_1,748,WEEKDAY,Pimplegurav,0
trip_748_2,748,WEEKDAY,Pimplegurav,0
trip_749_1,749,WEEKDAY,Rajguru Nagar Low Collage,1
trip_749_2,749,WEEKDAY,Rajguru Nagar Low Collage,1
trip_762_0,762,WEEKDAY,Alandi,0
trip_763_0,763,WEEKDAY,Bhosari Pmt Chowk,1
trip_762_1,762,WEEKDAY,Alandi,0
trip_762_2,762,WEEKDAY,Alandi,0
trip_762_3,762,WEEKDAY,Alandi,0
trip_762_4,762,WEEKDAY,Alandi,0
trip_762_5,762,WEEKDAY,Alandi,0
trip_762_6,762,WEEKDAY,Alandi,0
trip_762_7,762,WEEKDAY,Alandi,0
trip_762_8,762,WEEKDAY,Alandi,0
trip_762_9,762,WEEKDAY,Alandi,0
trip_762_10,762,WEEKDAY,Alandi,0
trip_762_11,762,WEEKDAY,Alandi,0
trip_762_12,762,WEEKDAY,Alandi,0
trip_762_13,762,WEEKDAY,Alandi,0
trip_762_14,762,WEEKDAY,Alandi,0
trip_762_15,762,WEEKDAY,Alandi,0
trip_762_16,762,WEEKDAY,Alandi,0
trip_762_17,762,WEEKDAY,Alandi,0
trip_763_1,763,WEEKDAY,Bhosari Pmt Chowk,1
trip_762_18,762,WEEKDAY,Alandi,0
trip_763_2,763,WEEKDAY,Bhosari Pmt Chowk,1
trip_762_19,762,WEEKDAY,Alandi,0
trip_763_3,763,WEEKDAY,Bhosari Pmt Chowk,1
trip_762_20,762,WEEKDAY,Alandi,0
trip_763_4,763,WEEKDAY,Bhosari Pmt Chowk,1
trip_762_21,762,WEEKDAY,Alandi,0
trip_763_5,763,WEEKDAY,Bhosari Pmt Chowk,1
trip_762_22,762,WEEKDAY,Alandi,0
trip_763_6,763,WEEKDAY,Bhosari Pmt Chowk,1
trip_762_23,762,WEEKDAY,Alandi,0
trip_763_7,763,WEEKDAY,Bhosari Pmt Chowk,1
trip_762_24,762,WEEKDAY,Alandi,0
trip_763_8,763,WEEKDAY,Bhosari Pmt Chowk,1
trip_762_25,762,WEEKDAY,Alandi,0
trip_763_9,763,WEEKDAY,Bhosari Pmt Chowk,1
trip_762_26,762,WEEKDAY,Alandi,0
trip_763_10,763,WEEKDAY,Bhosari Pmt Chowk,1
trip_762_27,762,WEEKDAY,Alandi,0
trip_763_11,763,WEEKDAY,Bhosari Pmt Chowk,1
trip_762_28,762,WEEKDAY,Alandi,0
trip_763_12,763,WEEKDAY,Bhosari Pmt Chowk,1
trip_762_29,762,WEEKDAY,Alandi,0
trip_762_30,762,WEEKDAY,Alandi,0
trip_763_13,763,WEEKDAY,Bhosari Pmt Chowk,1
trip_762_31,762,WEEKDAY,Alandi,0
trip_763_14,763,WEEKDAY,Bhosari Pmt Chowk,1
trip_762_32,762,WEEKDAY,Alandi,0
trip_763_15,763,WEEKDAY,Bhosari Pmt Chowk,1
trip_762_33,762,WEEKDAY,Alandi,0
trip_763_16,763,WEEKDAY,Bhosari Pmt Chowk,1
trip_762_34,762,WEEKDAY,Alandi,0
trip_763_17,763,WEEKDAY,Bhosari Pmt Chowk,1
trip_762_35,762,WEEKDAY,Alandi,0
trip_763_18,763,WEEKDAY,Bhosari Pmt Chowk,1
trip_762_36,762,WEEKDAY,Alandi,0
trip_763_19,763,WEEKDAY,Bhosari Pmt Chowk,1
trip_762_37,762,WEEKDAY,Alandi,0
trip_763_20,763,WEEKDAY,Bhosari Pmt Chowk,1
trip_762_38,762,WEEKDAY,Alandi,0
trip_763_21,763,WEEKDAY,Bhosari Pmt Chowk,1
trip_762_39,762,WEEKDAY,Alandi,0
trip_763_22,763,WEEKDAY,Bhosari Pmt Chowk,1
trip_762_40,762,WEEKDAY,Alandi,0
trip_763_23,763,WEEKDAY,Bhosari Pmt Chowk,1
trip_762_41,762,WEEKDAY,Alandi,0
trip_763_24,763,WEEKDAY,Bhosari Pmt Chowk,1
trip_762_42,762,WEEKDAY,Alandi,0
trip_763_25,763,WEEKDAY,Bhosari Pmt Chowk,1
trip_762_43,762,WEEKDAY,Alandi,0
trip_763_26,763,WEEKDAY,Bhosari Pmt Chowk,1
trip_762_44,762,WEEKDAY,Alandi,0
trip_763_27,763,WEEKDAY,Bhosari Pmt Chowk,1
trip_762_45,762,WEEKDAY,Alandi,0
trip_763_28,763,WEEKDAY,Bhosari Pmt Chowk,1
trip_762_46,762,WEEKDAY,Alandi,0
trip_763_29,763,WEEKDAY,Bhosari Pmt Chowk,1
trip_762_47,762,WEEKDAY,Alandi,0
trip_763_30,763,WEEKDAY,Bhosari Pmt Chowk,1
trip_762_48,762,WEEKDAY,Alandi,0
trip_763_31,763,WEEKDAY,Bhosari Pmt Chowk,1
trip_762_49,762,WEEKDAY,Alandi,0
trip_763_32,763,WEEKDAY,Bhosari Pmt Chowk,1
trip_762_50,762,WEEKDAY,Alandi,0
trip_763_33,763,WEEKDAY,Bhosari Pmt Chowk,1
trip_762_51,762,WEEKDAY,Alandi,0
trip_763_34,763,WEEKDAY,Bhosari Pmt Chowk,1
trip_762_52,762,WEEKDAY,Alandi,0
trip_763_35,763,WEEKDAY,Bhosari Pmt Chowk,1
trip_762_53,762,WEEKDAY,Alandi,0
trip_763_36,763,WEEKDAY,Bhosari Pmt Chowk,1
trip_762_54,762,WEEKDAY,Alandi,0
trip_763_37,763,WEEKDAY,Bhosari Pmt Chowk,1
trip_762_55,762,WEEKDAY,Alandi,0
trip_763_38,763,WEEKDAY,Bhosari Pmt Chowk,1
trip_762_56,762,WEEKDAY,Alandi,0
trip_763_39,763,WEEKDAY,Bhosari Pmt Chowk,1
trip_762_57,762,WEEKDAY,Alandi,0
trip_763_40,763,WEEKDAY,Bhosari Pmt Chowk,1
trip_762_58,762,WEEKDAY,Alandi,0
trip_763_41,763,WEEKDAY,Bhosari Pmt Chowk,1
trip_762_59,762,WEEKDAY,Alandi,0
trip_763_42,763,WEEKDAY,Bhosari Pmt Chowk,1
trip_762_60,762,WEEKDAY,Alandi,0
trip_763_43,763,WEEKDAY,Bhosari Pmt Chowk,1
trip_762_61,762,WEEKDAY,Alandi,0
trip_763_44,763,WEEKDAY,Bhosari Pmt Chowk,1
trip_762_62,762,WEEKDAY,Alandi,0
trip_763_45,763,WEEKDAY,Bhosari Pmt Chowk,1
trip_762_63,762,WEEKDAY,Alandi,0
trip_763_46,763,WEEKDAY,Bhosari Pmt Chowk,1
trip_762_64,762,WEEKDAY,Alandi,0
trip_763_47,763,WEEKDAY,Bhosari Pmt Chowk,1
trip_762_65,762,WEEKDAY,Alandi,0
trip_763_48,763,WEEKDAY,Bhosari Pmt Chowk,1
trip_762_66,762,WEEKDAY,Alandi,0
trip_763_49,763,WEEKDAY,Bhosari Pmt Chowk,1
trip_762_67,762,WEEKDAY,Alandi,0
trip_763_50,763,WEEKDAY,Bhosari Pmt Chowk,1
trip_762_68,762,WEEKDAY,Alandi,0
trip_763_51,763,WEEKDAY,Bhosari Pmt Chowk,1
trip_762_69,762,WEEKDAY,Alandi,0
trip_763_52,763,WEEKDAY,Bhosari Pmt Chowk,1
trip_762_70,762,WEEKDAY,Alandi,0
trip_763_53,763,WEEKDAY,Bhosari Pmt Chowk,1
trip_762_71,762,WEEKDAY,Alandi,0
trip_763_54,763,WEEKDAY,Bhosari Pmt Chowk,1
trip_762_72,762,WEEKDAY,Alandi,0
trip_763_55,763,WEEKDAY,Bhosari Pmt Chowk,1
trip_762_73,762,WEEKDAY,Alandi,0
trip_763_56,763,WEEKDAY,Bhosari Pmt Chowk,1
trip_762_74,762,WEEKDAY,Alandi,0
trip_763_57,763,WEEKDAY,Bhosari Pmt Chowk,1
trip_762_75,762,WEEKDAY,Alandi,0
trip_763_58,763,WEEKDAY,Bhosari Pmt Chowk,1
trip_762_76,762,WEEKDAY,Alandi,0
trip_763_59,763,WEEKDAY,Bhosari Pmt Chowk,1
trip_762_77,762,WEEKDAY,Alandi,0
trip_763_60,763,WEEKDAY,Bhosari Pmt Chowk,1
trip_762_78,762,WEEKDAY,Alandi,0
trip_763_61,763,WEEKDAY,Bhosari Pmt Chowk,1
trip_762_79,762,WEEKDAY,Alandi,0
trip_763_62,763,WEEKDAY,Bhosari Pmt Chowk,1
trip_762_80,762,WEEKDAY,Alandi,0
trip_763_63,763,WEEKDAY,Bhosari Pmt Chowk,1
trip_762_81,762,WEEKDAY,Alandi,0
trip_763_64,763,WEEKDAY,Bhosari Pmt Chowk,1
trip_762_82,762,WEEKDAY,Alandi,0
trip_763_65,763,WEEKDAY,Bhosari Pmt Chowk,1
trip_762_83,762,WEEKDAY,Alandi,0
trip_763_66,763,WEEKDAY,Bhosari Pmt Chowk,1
trip_762_84,762,WEEKDAY,Alandi,0
trip_763_67,763,WEEKDAY,Bhosari Pmt Chowk,1
trip_762_85,762,WEEKDAY,Alandi,0
trip_763_68,763,WEEKDAY,Bhosari Pmt Chowk,1
trip_762_86,762,WEEKDAY,Alandi,0
trip_763_69,763,WEEKDAY,Bhosari Pmt Chowk,1
trip_762_87,762,WEEKDAY,Alandi,0
trip_763_70,763,WEEKDAY,Bhosari Pmt Chowk,1
trip_762_88,762,WEEKDAY,Alandi,0
trip_763_71,763,WEEKDAY,Bhosari Pmt Chowk,1
trip_762_89,762,WEEKDAY,Alandi,0
trip_763_72,763,WEEKDAY,Bhosari Pmt Chowk,1
trip_763_73,763,WEEKDAY,Bhosari Pmt Chowk,1
trip_763_74,763,WEEKDAY,Bhosari Pmt Chowk,1
trip_763_75,763,WEEKDAY,Bhosari Pmt Chowk,1
trip_763_76,763,WEEKDAY,Bhosari Pmt Chowk,1
trip_763_77,763,WEEKDAY,Bhosari Pmt Chowk,1
trip_763_78,763,WEEKDAY,Bhosari Pmt Chowk,1
trip_763_79,763,WEEKDAY,Bhosari Pmt Chowk,1
trip_763_80,763,WEEKDAY,Bhosari Pmt Chowk,1
trip_763_81,763,WEEKDAY,Bhosari Pmt Chowk,1
trip_763_82,763,WEEKDAY,Bhosari Pmt Chowk,1
trip_763_83,763,WEEKDAY,Bhosari Pmt Chowk,1
trip_766_0,766,WEEKDAY,Alandi,0
trip_767_0,767,WEEKDAY,Ycm Hospital,1
trip_766_1,766,WEEKDAY,Alandi,0
trip_766_2,766,WEEKDAY,Alandi,0
trip_766_3,766,WEEKDAY,Alandi,0
trip_766_4,766,WEEKDAY,Alandi,0
trip_766_5,766,WEEKDAY,Alandi,0
trip_767_1,767,WEEKDAY,Ycm Hospital,1
trip_767_2,767,WEEKDAY,Ycm Hospital,1
trip_767_3,767,WEEKDAY,Ycm Hospital,1
trip_767_4,767,WEEKDAY,Ycm Hospital,1
trip_767_5,767,WEEKDAY,Ycm Hospital,1
trip_778_0,778,WEEKDAY,Alandi,0
trip_778_1,778,WEEKDAY,Alandi,0
trip_779_0,779,WEEKDAY,Chakan Ambethan Chowk,1
trip_778_2,778,WEEKDAY,Alandi,0
trip_778_3,778,WEEKDAY,Alandi,0
trip_778_4,778,WEEKDAY,Alandi,0
trip_778_5,778,WEEKDAY,Alandi,0
trip_778_6,778,WEEKDAY,Alandi,0
trip_779_1,779,WEEKDAY,Chakan Ambethan Chowk,1
trip_779_2,779,WEEKDAY,Chakan Ambethan Chowk,1
trip_779_3,779,WEEKDAY,Chakan Ambethan Chowk,1
trip_779_4,779,WEEKDAY,Chakan Ambethan Chowk,1
trip_779_5,779,WEEKDAY,Chakan Ambethan Chowk,1
trip_779_6,779,WEEKDAY,Chakan Ambethan Chowk,1
trip_779_7,779,WEEKDAY,Chakan Ambethan Chowk,1
trip_773_0,773,WEEKDAY,Pimpri Road,0
trip_773_1,773,WEEKDAY,Pimpri Road,0
trip_773_2,773,WEEKDAY,Pimpri Road,0
trip_773_3,773,WEEKDAY,Pimpri Road,0
trip_773_4,773,WEEKDAY,Pimpri Road,0
trip_773_5,773,WEEKDAY,Pimpri Road,0
trip_773_6,773,WEEKDAY,Pimpri Road,0
trip_773_7,773,WEEKDAY,Pimpri Road,0
trip_773_8,773,WEEKDAY,Pimpri Road,0
trip_773_9,773,WEEKDAY,Pimpri Road,0
trip_773_10,773,WEEKDAY,Pimpri Road,0
trip_773_11,773,WEEKDAY,Pimpri Road,0
trip_773_12,773,WEEKDAY,Pimpri Road,0
trip_773_13,773,WEEKDAY,Pimpri Road,0
trip_773_14,773,WEEKDAY,Pimpri Road,0
trip_773_15,773,WEEKDAY,Pimpri Road,0
trip_773_16,773,WEEKDAY,Pimpri Road,0
trip_773_17,773,WEEKDAY,Pimpri Road,0
trip_773_18,773,WEEKDAY,Pimpri Road,0
trip_773_19,773,WEEKDAY,Pimpri Road,0
trip_773_20,773,WEEKDAY,Pimpri Road,0
trip_773_21,773,WEEKDAY,Pimpri Road,0
trip_773_22,773,WEEKDAY,Pimpri Road,0
trip_773_23,773,WEEKDAY,Pimpri Road,0
trip_777_0,777,WEEKDAY,Samir Lawns Ravet,1
trip_777_1,777,WEEKDAY,Samir Lawns Ravet,1
trip_777_2,777,WEEKDAY,Samir Lawns Ravet,1
trip_777_3,777,WEEKDAY,Samir Lawns Ravet,1
trip_777_4,777,WEEKDAY,Samir Lawns Ravet,1
trip_777_5,777,WEEKDAY,Samir Lawns Ravet,1
trip_777_6,777,WEEKDAY,Samir Lawns Ravet,1
trip_777_7,777,WEEKDAY,Samir Lawns Ravet,1
trip_777_8,777,WEEKDAY,Samir Lawns Ravet,1
trip_777_9,777,WEEKDAY,Samir Lawns Ravet,1
trip_777_10,777,WEEKDAY,Samir Lawns Ravet,1
trip_777_11,777,WEEKDAY,Samir Lawns Ravet,1
trip_777_12,777,WEEKDAY,Samir Lawns Ravet,1
trip_777_13,777,WEEKDAY,Samir Lawns Ravet,1
trip_777_14,777,WEEKDAY,Samir Lawns Ravet,1
trip_777_15,777,WEEKDAY,Samir Lawns Ravet,1
trip_777_16,777,WEEKDAY,Samir Lawns Ravet,1
trip_777_17,777,WEEKDAY,Samir Lawns Ravet,1
trip_777_18,777,WEEKDAY,Samir Lawns Ravet,1
trip_777_19,777,WEEKDAY,Samir Lawns Ravet,1
trip_777_20,777,WEEKDAY,Samir Lawns Ravet,1
trip_777_21,777,WEEKDAY,Samir Lawns Ravet,1
trip_780_0,780,WEEKDAY,Pune Station Depot,0
trip_780_1,780,WEEKDAY,Pune Station Depot,0
trip_780_2,780,WEEKDAY,Pune Station Depot,0
trip_780_3,780,WEEKDAY,Pune Station Depot,0
trip_780_4,780,WEEKDAY,Pune Station Depot,0
trip_780_5,780,WEEKDAY,Pune Station Depot,0
trip_780_6,780,WEEKDAY,Pune Station Depot,0
trip_780_7,780,WEEKDAY,Pune Station Depot,0
trip_780_8,780,WEEKDAY,Pune Station Depot,0
trip_780_9,780,WEEKDAY,Pune Station Depot,0
trip_780_10,780,WEEKDAY,Pune Station Depot,0
trip_780_11,780,WEEKDAY,Pune Station Depot,0
trip_780_12,780,WEEKDAY,Pune Station Depot,0
trip_780_13,780,WEEKDAY,Pune Station Depot,0
trip_780_14,780,WEEKDAY,Pune Station Depot,0
trip_780_15,780,WEEKDAY,Pune Station Depot,0
trip_780_16,780,WEEKDAY,Pune Station Depot,0
trip_780_17,780,WEEKDAY,Pune Station Depot,0
trip_781_0,781,WEEKDAY,Nigdi Bhakti Shakti,1
trip_781_1,781,WEEKDAY,Nigdi Bhakti Shakti,1
trip_781_2,781,WEEKDAY,Nigdi Bhakti Shakti,1
trip_781_3,781,WEEKDAY,Nigdi Bhakti Shakti,1
trip_781_4,781,WEEKDAY,Nigdi Bhakti Shakti,1
trip_781_5,781,WEEKDAY,Nigdi Bhakti Shakti,1
trip_781_6,781,WEEKDAY,Nigdi Bhakti Shakti,1
trip_781_7,781,WEEKDAY,Nigdi Bhakti Shakti,1
trip_781_8,781,WEEKDAY,Nigdi Bhakti Shakti,1
trip_781_9,781,WEEKDAY,Nigdi Bhakti Shakti,1
trip_781_10,781,WEEKDAY,Nigdi Bhakti Shakti,1
trip_781_11,781,WEEKDAY,Nigdi Bhakti Shakti,1
trip_781_12,781,WEEKDAY,Nigdi Bhakti Shakti,1
trip_781_13,781,WEEKDAY,Nigdi Bhakti Shakti,1
trip_781_14,781,WEEKDAY,Nigdi Bhakti Shakti,1
trip_781_15,781,WEEKDAY,Nigdi Bhakti Shakti,1
trip_781_16,781,WEEKDAY,Nigdi Bhakti Shakti,1
trip_760_0,760,WEEKDAY,Alandi,0
trip_761_0,761,WEEKDAY,Bajirao Padale Chowk Mhalunge,1
trip_760_1,760,WEEKDAY,Alandi,0
trip_760_2,760,WEEKDAY,Alandi,0
trip_760_3,760,WEEKDAY,Alandi,0
trip_760_4,760,WEEKDAY,Alandi,0
trip_760_5,760,WEEKDAY,Alandi,0
trip_760_6,760,WEEKDAY,Alandi,0
trip_760_7,760,WEEKDAY,Alandi,0
trip_760_8,760,WEEKDAY,Alandi,0
trip_760_9,760,WEEKDAY,Alandi,0
trip_760_10,760,WEEKDAY,Alandi,0
trip_760_11,760,WEEKDAY,Alandi,0
trip_760_12,760,WEEKDAY,Alandi,0
trip_760_13,760,WEEKDAY,Alandi,0
trip_760_14,760,WEEKDAY,Alandi,0
trip_760_15,760,WEEKDAY,Alandi,0
trip_760_16,760,WEEKDAY,Alandi,0
trip_760_17,760,WEEKDAY,Alandi,0
trip_760_18,760,WEEKDAY,Alandi,0
trip_760_19,760,WEEKDAY,Alandi,0
trip_760_20,760,WEEKDAY,Alandi,0
trip_761_1,761,WEEKDAY,Bajirao Padale Chowk Mhalunge,1
trip_761_2,761,WEEKDAY,Bajirao Padale Chowk Mhalunge,1
trip_761_3,761,WEEKDAY,Bajirao Padale Chowk Mhalunge,1
trip_761_4,761,WEEKDAY,Bajirao Padale Chowk Mhalunge,1
trip_761_5,761,WEEKDAY,Bajirao Padale Chowk Mhalunge,1
trip_761_6,761,WEEKDAY,Bajirao Padale Chowk Mhalunge,1
trip_761_7,761,WEEKDAY,Bajirao Padale Chowk Mhalunge,1
trip_761_8,761,WEEKDAY,Bajirao Padale Chowk Mhalunge,1
trip_761_9,761,WEEKDAY,Bajirao Padale Chowk Mhalunge,1
trip_761_10,761,WEEKDAY,Bajirao Padale Chowk Mhalunge,1
trip_761_11,761,WEEKDAY,Bajirao Padale Chowk Mhalunge,1
trip_761_12,761,WEEKDAY,Bajirao Padale Chowk Mhalunge,1
trip_761_13,761,WEEKDAY,Bajirao Padale Chowk Mhalunge,1
trip_761_14,761,WEEKDAY,Bajirao Padale Chowk Mhalunge,1
trip_761_15,761,WEEKDAY,Bajirao Padale Chowk Mhalunge,1
trip_761_16,761,WEEKDAY,Bajirao Padale Chowk Mhalunge,1
trip_761_17,761,WEEKDAY,Bajirao Padale Chowk Mhalunge,1
trip_761_18,761,WEEKDAY,Bajirao Padale Chowk Mhalunge,1
trip_761_19,761,WEEKDAY,Bajirao Padale Chowk Mhalunge,1
trip_761_20,761,WEEKDAY,Bajirao Padale Chowk Mhalunge,1
trip_761_21,761,WEEKDAY,Bajirao Padale Chowk Mhalunge,1
trip_761_22,761,WEEKDAY,Bajirao Padale Chowk Mhalunge,1
trip_784_0,784,WEEKDAY,Bhosari Gavhane Vasti,0
trip_785_0,785,WEEKDAY,Bhosari Gavhane Vasti,0
trip_784_1,784,WEEKDAY,Bhosari Gavhane Vasti,0
trip_784_2,784,WEEKDAY,Bhosari Gavhane Vasti,0
trip_784_3,784,WEEKDAY,Bhosari Gavhane Vasti,0
trip_784_4,784,WEEKDAY,Bhosari Gavhane Vasti,0
trip_784_5,784,WEEKDAY,Bhosari Gavhane Vasti,0
trip_784_6,784,WEEKDAY,Bhosari Gavhane Vasti,0
trip_784_7,784,WEEKDAY,Bhosari Gavhane Vasti,0
trip_784_8,784,WEEKDAY,Bhosari Gavhane Vasti,0
trip_784_9,784,WEEKDAY,Bhosari Gavhane Vasti,0
trip_784_10,784,WEEKDAY,Bhosari Gavhane Vasti,0
trip_784_11,784,WEEKDAY,Bhosari Gavhane Vasti,0
trip_784_12,784,WEEKDAY,Bhosari Gavhane Vasti,0
trip_784_13,784,WEEKDAY,Bhosari Gavhane Vasti,0
trip_784_14,784,WEEKDAY,Bhosari Gavhane Vasti,0
trip_784_15,784,WEEKDAY,Bhosari Gavhane Vasti,0
trip_784_16,784,WEEKDAY,Bhosari Gavhane Vasti,0
trip_784_17,784,WEEKDAY,Bhosari Gavhane Vasti,0
trip_784_18,784,WEEKDAY,Bhosari Gavhane Vasti,0
trip_785_1,785,WEEKDAY,Bhosari Gavhane Vasti,0
trip_784_19,784,WEEKDAY,Bhosari Gavhane Vasti,0
trip_785_2,785,WEEKDAY,Bhosari Gavhane Vasti,0
trip_784_20,784,WEEKDAY,Bhosari Gavhane Vasti,0
trip_785_3,785,WEEKDAY,Bhosari Gavhane Vasti,0
trip_784_21,784,WEEKDAY,Bhosari Gavhane Vasti,0
trip_785_4,785,WEEKDAY,Bhosari Gavhane Vasti,0
trip_784_22,784,WEEKDAY,Bhosari Gavhane Vasti,0
trip_785_5,785,WEEKDAY,Bhosari Gavhane Vasti,0
trip_784_23,784,WEEKDAY,Bhosari Gavhane Vasti,0
trip_784_24,784,WEEKDAY,Bhosari Gavhane Vasti,0
trip_784_25,784,WEEKDAY,Bhosari Gavhane Vasti,0
trip_784_26,784,WEEKDAY,Bhosari Gavhane Vasti,0
trip_786_0,786,WEEKDAY,Mukai Chowk,1
trip_787_0,787,WEEKDAY,Mukai Chowk,1
trip_786_1,786,WEEKDAY,Mukai Chowk,1
trip_786_2,786,WEEKDAY,Mukai Chowk,1
trip_786_3,786,WEEKDAY,Mukai Chowk,1
trip_786_4,786,WEEKDAY,Mukai Chowk,1
trip_786_5,786,WEEKDAY,Mukai Chowk,1
trip_786_6,786,WEEKDAY,Mukai Chowk,1
trip_787_1,787,WEEKDAY,Mukai Chowk,1
trip_787_2,787,WEEKDAY,Mukai Chowk,1
trip_787_3,787,WEEKDAY,Mukai Chowk,1
trip_787_4,787,WEEKDAY,Mukai Chowk,1
trip_787_5,787,WEEKDAY,Mukai Chowk,1
trip_787_6,787,WEEKDAY,Mukai Chowk,1
trip_787_7,787,WEEKDAY,Mukai Chowk,1
trip_787_8,787,WEEKDAY,Mukai Chowk,1
trip_787_9,787,WEEKDAY,Mukai Chowk,1
trip_787_10,787,WEEKDAY,Mukai Chowk,1
trip_787_11,787,WEEKDAY,Mukai Chowk,1
trip_787_12,787,WEEKDAY,Mukai Chowk,1
trip_787_13,787,WEEKDAY,Mukai Chowk,1
trip_787_14,787,WEEKDAY,Mukai Chowk,1
trip_787_15,787,WEEKDAY,Mukai Chowk,1
trip_787_16,787,WEEKDAY,Mukai Chowk,1
trip_787_17,787,WEEKDAY,Mukai Chowk,1
trip_787_18,787,WEEKDAY,Mukai Chowk,1
trip_787_19,787,WEEKDAY,Mukai Chowk,1
trip_787_20,787,WEEKDAY,Mukai Chowk,1
trip_787_21,787,WEEKDAY,Mukai Chowk,1
trip_787_22,787,WEEKDAY,Mukai Chowk,1
trip_787_23,787,WEEKDAY,Mukai Chowk,1
trip_787_24,787,WEEKDAY,Mukai Chowk,1
trip_787_25,787,WEEKDAY,Mukai Chowk,1
trip_787_26,787,WEEKDAY,Mukai Chowk,1
trip_793_0,793,WEEKDAY,Bhamchandra Vidhyalay Vasuli,1
trip_793_1,793,WEEKDAY,Bhamchandra Vidhyalay Vasuli,1
trip_793_2,793,WEEKDAY,Bhamchandra Vidhyalay Vasuli,1
trip_793_3,793,WEEKDAY,Bhamchandra Vidhyalay Vasuli,1
trip_793_4,793,WEEKDAY,Bhamchandra Vidhyalay Vasuli,1
trip_793_5,793,WEEKDAY,Bhamchandra Vidhyalay Vasuli,1
trip_793_6,793,WEEKDAY,Bhamchandra Vidhyalay Vasuli,1
trip_793_7,793,WEEKDAY,Bhamchandra Vidhyalay Vasuli,1
trip_793_8,793,WEEKDAY,Bhamchandra Vidhyalay Vasuli,1
trip_793_9,793,WEEKDAY,Bhamchandra Vidhyalay Vasuli,1
trip_793_10,793,WEEKDAY,Bhamchandra Vidhyalay Vasuli,1
trip_793_11,793,WEEKDAY,Bhamchandra Vidhyalay Vasuli,1
trip_793_12,793,WEEKDAY,Bhamchandra Vidhyalay Vasuli,1
trip_793_13,793,WEEKDAY,Bhamchandra Vidhyalay Vasuli,1
trip_793_14,793,WEEKDAY,Bhamchandra Vidhyalay Vasuli,1
trip_793_15,793,WEEKDAY,Bhamchandra Vidhyalay Vasuli,1
trip_793_16,793,WEEKDAY,Bhamchandra Vidhyalay Vasuli,1
trip_793_17,793,WEEKDAY,Bhamchandra Vidhyalay Vasuli,1
trip_793_18,793,WEEKDAY,Bhamchandra Vidhyalay Vasuli,1
trip_793_19,793,WEEKDAY,Bhamchandra Vidhyalay Vasuli,1
trip_793_20,793,WEEKDAY,Bhamchandra Vidhyalay Vasuli,1
trip_793_21,793,WEEKDAY,Bhamchandra Vidhyalay Vasuli,1
trip_793_22,793,WEEKDAY,Bhamchandra Vidhyalay Vasuli,1
trip_793_23,793,WEEKDAY,Bhamchandra Vidhyalay Vasuli,1
trip_793_24,793,WEEKDAY,Bhamchandra Vidhyalay Vasuli,1
trip_793_25,793,WEEKDAY,Bhamchandra Vidhyalay Vasuli,1
trip_793_26,793,WEEKDAY,Bhamchandra Vidhyalay Vasuli,1
trip_793_27,793,WEEKDAY,Bhamchandra Vidhyalay Vasuli,1
trip_793_28,793,WEEKDAY,Bhamchandra Vidhyalay Vasuli,1
trip_793_29,793,WEEKDAY,Bhamchandra Vidhyalay Vasuli,1
trip_793_30,793,WEEKDAY,Bhamchandra Vidhyalay Vasuli,1
trip_793_31,793,WEEKDAY,Bhamchandra Vidhyalay Vasuli,1
trip_793_32,793,WEEKDAY,Bhamchandra Vidhyalay Vasuli,1
trip_793_33,793,WEEKDAY,Bhamchandra Vidhyalay Vasuli,1
trip_793_34,793,WEEKDAY,Bhamchandra Vidhyalay Vasuli,1
trip_793_35,793,WEEKDAY,Bhamchandra Vidhyalay Vasuli,1
trip_792_0,792,WEEKDAY,Nigdi Tilak Chowk,0
trip_792_1,792,WEEKDAY,Nigdi Tilak Chowk,0
trip_792_2,792,WEEKDAY,Nigdi Tilak Chowk,0
trip_792_3,792,WEEKDAY,Nigdi Tilak Chowk,0
trip_792_4,792,WEEKDAY,Nigdi Tilak Chowk,0
trip_792_5,792,WEEKDAY,Nigdi Tilak Chowk,0
trip_792_6,792,WEEKDAY,Nigdi Tilak Chowk,0
trip_792_7,792,WEEKDAY,Nigdi Tilak Chowk,0
trip_792_8,792,WEEKDAY,Nigdi Tilak Chowk,0
trip_792_9,792,WEEKDAY,Nigdi Tilak Chowk,0
trip_792_10,792,WEEKDAY,Nigdi Tilak Chowk,0
trip_792_11,792,WEEKDAY,Nigdi Tilak Chowk,0
trip_792_12,792,WEEKDAY,Nigdi Tilak Chowk,0
trip_792_13,792,WEEKDAY,Nigdi Tilak Chowk,0
trip_792_14,792,WEEKDAY,Nigdi Tilak Chowk,0
trip_792_15,792,WEEKDAY,Nigdi Tilak Chowk,0
trip_792_16,792,WEEKDAY,Nigdi Tilak Chowk,0
trip_792_17,792,WEEKDAY,Nigdi Tilak Chowk,0
trip_792_18,792,WEEKDAY,Nigdi Tilak Chowk,0
trip_792_19,792,WEEKDAY,Nigdi Tilak Chowk,0
trip_792_20,792,WEEKDAY,Nigdi Tilak Chowk,0
trip_792_21,792,WEEKDAY,Nigdi Tilak Chowk,0
trip_792_22,792,WEEKDAY,Nigdi Tilak Chowk,0
trip_792_23,792,WEEKDAY,Nigdi Tilak Chowk,0
trip_792_24,792,WEEKDAY,Nigdi Tilak Chowk,0
trip_792_25,792,WEEKDAY,Nigdi Tilak Chowk,0
trip_792_26,792,WEEKDAY,Nigdi Tilak Chowk,0
trip_792_27,792,WEEKDAY,Nigdi Tilak Chowk,0
trip_792_28,792,WEEKDAY,Nigdi Tilak Chowk,0
trip_792_29,792,WEEKDAY,Nigdi Tilak Chowk,0
trip_792_30,792,WEEKDAY,Nigdi Tilak Chowk,0
trip_792_31,792,WEEKDAY,Nigdi Tilak Chowk,0
trip_792_32,792,WEEKDAY,Nigdi Tilak Chowk,0
trip_792_33,792,WEEKDAY,Nigdi Tilak Chowk,0
trip_792_34,792,WEEKDAY,Nigdi Tilak Chowk,0
trip_792_35,792,WEEKDAY,Nigdi Tilak Chowk,0
trip_792_36,792,WEEKDAY,Nigdi Tilak Chowk,0
trip_792_37,792,WEEKDAY,Nigdi Tilak Chowk,0
trip_792_38,792,WEEKDAY,Nigdi Tilak Chowk,0
trip_804_0,804,WEEKDAY,Nigdi Bhakti Shakti Stand,0
trip_804_1,804,WEEKDAY,Nigdi Bhakti Shakti Stand,0
trip_804_2,804,WEEKDAY,Nigdi Bhakti Shakti Stand,0
trip_804_3,804,WEEKDAY,Nigdi Bhakti Shakti Stand,0
trip_804_4,804,WEEKDAY,Nigdi Bhakti Shakti Stand,0
trip_804_5,804,WEEKDAY,Nigdi Bhakti Shakti Stand,0
trip_804_6,804,WEEKDAY,Nigdi Bhakti Shakti Stand,0
trip_804_7,804,WEEKDAY,Nigdi Bhakti Shakti Stand,0
trip_804_8,804,WEEKDAY,Nigdi Bhakti Shakti Stand,0
trip_804_9,804,WEEKDAY,Nigdi Bhakti Shakti Stand,0
trip_804_10,804,WEEKDAY,Nigdi Bhakti Shakti Stand,0
trip_804_11,804,WEEKDAY,Nigdi Bhakti Shakti Stand,0
trip_804_12,804,WEEKDAY,Nigdi Bhakti Shakti Stand,0
trip_804_13,804,WEEKDAY,Nigdi Bhakti Shakti Stand,0
trip_804_14,804,WEEKDAY,Nigdi Bhakti Shakti Stand,0
trip_804_15,804,WEEKDAY,Nigdi Bhakti Shakti Stand,0
trip_804_16,804,WEEKDAY,Nigdi Bhakti Shakti Stand,0
trip_804_17,804,WEEKDAY,Nigdi Bhakti Shakti Stand,0
trip_805_0,805,WEEKDAY,Nigdi Bhakti Shakti Stand,0
trip_804_18,804,WEEKDAY,Nigdi Bhakti Shakti Stand,0
trip_804_19,804,WEEKDAY,Nigdi Bhakti Shakti Stand,0
trip_804_20,804,WEEKDAY,Nigdi Bhakti Shakti Stand,0
trip_804_21,804,WEEKDAY,Nigdi Bhakti Shakti Stand,0
trip_804_22,804,WEEKDAY,Nigdi Bhakti Shakti Stand,0
trip_804_23,804,WEEKDAY,Nigdi Bhakti Shakti Stand,0
trip_804_24,804,WEEKDAY,Nigdi Bhakti Shakti Stand,0
trip_804_25,804,WEEKDAY,Nigdi Bhakti Shakti Stand,0
trip_804_26,804,WEEKDAY,Nigdi Bhakti Shakti Stand,0
trip_804_27,804,WEEKDAY,Nigdi Bhakti Shakti Stand,0
trip_804_28,804,WEEKDAY,Nigdi Bhakti Shakti Stand,0
trip_804_29,804,WEEKDAY,Nigdi Bhakti Shakti Stand,0
trip_804_30,804,WEEKDAY,Nigdi Bhakti Shakti Stand,0
trip_804_31,804,WEEKDAY,Nigdi Bhakti Shakti Stand,0
trip_804_32,804,WEEKDAY,Nigdi Bhakti Shakti Stand,0
trip_804_33,804,WEEKDAY,Nigdi Bhakti Shakti Stand,0
trip_804_34,804,WEEKDAY,Nigdi Bhakti Shakti Stand,0
trip_804_35,804,WEEKDAY,Nigdi Bhakti Shakti Stand,0
trip_804_36,804,WEEKDAY,Nigdi Bhakti Shakti Stand,0
trip_804_37,804,WEEKDAY,Nigdi Bhakti Shakti Stand,0
trip_804_38,804,WEEKDAY,Nigdi Bhakti Shakti Stand,0
trip_804_39,804,WEEKDAY,Nigdi Bhakti Shakti Stand,0
trip_804_40,804,WEEKDAY,Nigdi Bhakti Shakti Stand,0
trip_804_41,804,WEEKDAY,Nigdi Bhakti Shakti Stand,0
trip_804_42,804,WEEKDAY,Nigdi Bhakti Shakti Stand,0
trip_804_43,804,WEEKDAY,Nigdi Bhakti Shakti Stand,0
trip_805_1,805,WEEKDAY,Nigdi Bhakti Shakti Stand,0
trip_804_44,804,WEEKDAY,Nigdi Bhakti Shakti Stand,0
trip_804_45,804,WEEKDAY,Nigdi Bhakti Shakti Stand,0
trip_804_46,804,WEEKDAY,Nigdi Bhakti Shakti Stand,0
trip_804_47,804,WEEKDAY,Nigdi Bhakti Shakti Stand,0
trip_804_48,804,WEEKDAY,Nigdi Bhakti Shakti Stand,0
trip_804_49,804,WEEKDAY,Nigdi Bhakti Shakti Stand,0
trip_804_50,804,WEEKDAY,Nigdi Bhakti Shakti Stand,0
trip_804_51,804,WEEKDAY,Nigdi Bhakti Shakti Stand,0
trip_804_52,804,WEEKDAY,Nigdi Bhakti Shakti Stand,0
trip_804_53,804,WEEKDAY,Nigdi Bhakti Shakti Stand,0
trip_804_54,804,WEEKDAY,Nigdi Bhakti Shakti Stand,0
trip_804_55,804,WEEKDAY,Nigdi Bhakti Shakti Stand,0
trip_804_56,804,WEEKDAY,Nigdi Bhakti Shakti Stand,0
trip_804_57,804,WEEKDAY,Nigdi Bhakti Shakti Stand,0
trip_804_58,804,WEEKDAY,Nigdi Bhakti Shakti Stand,0
trip_804_59,804,WEEKDAY,Nigdi Bhakti Shakti Stand,0
trip_804_60,804,WEEKDAY,Nigdi Bhakti Shakti Stand,0
trip_804_61,804,WEEKDAY,Nigdi Bhakti Shakti Stand,0
trip_804_62,804,WEEKDAY,Nigdi Bhakti Shakti Stand,0
trip_804_63,804,WEEKDAY,Nigdi Bhakti Shakti Stand,0
trip_804_64,804,WEEKDAY,Nigdi Bhakti Shakti Stand,0
trip_804_65,804,WEEKDAY,Nigdi Bhakti Shakti Stand,0
trip_804_66,804,WEEKDAY,Nigdi Bhakti Shakti Stand,0
trip_804_67,804,WEEKDAY,Nigdi Bhakti Shakti Stand,0
trip_804_68,804,WEEKDAY,Nigdi Bhakti Shakti Stand,0
trip_804_69,804,WEEKDAY,Nigdi Bhakti Shakti Stand,0
trip_804_70,804,WEEKDAY,Nigdi Bhakti Shakti Stand,0
trip_804_71,804,WEEKDAY,Nigdi Bhakti Shakti Stand,0
trip_804_72,804,WEEKDAY,Nigdi Bhakti Shakti Stand,0
trip_804_73,804,WEEKDAY,Nigdi Bhakti Shakti Stand,0
trip_804_74,804,WEEKDAY,Nigdi Bhakti Shakti Stand,0
trip_804_75,804,WEEKDAY,Nigdi Bhakti Shakti Stand,0
trip_804_76,804,WEEKDAY,Nigdi Bhakti Shakti Stand,0
trip_804_77,804,WEEKDAY,Nigdi Bhakti Shakti Stand,0
trip_799_0,799,WEEKDAY,Holewadi,1
trip_799_1,799,WEEKDAY,Holewadi,1
trip_799_2,799,WEEKDAY,Holewadi,1
trip_788_0,788,WEEKDAY,Nigdi Pawale Chowk,0
trip_788_1,788,WEEKDAY,Nigdi Pawale Chowk,0
trip_788_2,788,WEEKDAY,Nigdi Pawale Chowk,0
trip_788_3,788,WEEKDAY,Nigdi Pawale Chowk,0
trip_788_4,788,WEEKDAY,Nigdi Pawale Chowk,0
trip_788_5,788,WEEKDAY,Nigdi Pawale Chowk,0
trip_788_6,788,WEEKDAY,Nigdi Pawale Chowk,0
trip_788_7,788,WEEKDAY,Nigdi Pawale Chowk,0
trip_788_8,788,WEEKDAY,Nigdi Pawale Chowk,0
trip_788_9,788,WEEKDAY,Nigdi Pawale Chowk,0
trip_788_10,788,WEEKDAY,Nigdi Pawale Chowk,0
trip_788_11,788,WEEKDAY,Nigdi Pawale Chowk,0
trip_788_12,788,WEEKDAY,Nigdi Pawale Chowk,0
trip_788_13,788,WEEKDAY,Nigdi Pawale Chowk,0
trip_788_14,788,WEEKDAY,Nigdi Pawale Chowk,0
trip_788_15,788,WEEKDAY,Nigdi Pawale Chowk,0
trip_788_16,788,WEEKDAY,Nigdi Pawale Chowk,0
trip_788_17,788,WEEKDAY,Nigdi Pawale Chowk,0
trip_788_18,788,WEEKDAY,Nigdi Pawale Chowk,0
trip_788_19,788,WEEKDAY,Nigdi Pawale Chowk,0
trip_788_20,788,WEEKDAY,Nigdi Pawale Chowk,0
trip_788_21,788,WEEKDAY,Nigdi Pawale Chowk,0
trip_788_22,788,WEEKDAY,Nigdi Pawale Chowk,0
trip_789_0,789,WEEKDAY,Lonavala Railway Station,1
trip_789_1,789,WEEKDAY,Lonavala Railway Station,1
trip_789_2,789,WEEKDAY,Lonavala Railway Station,1
trip_789_3,789,WEEKDAY,Lonavala Railway Station,1
trip_789_4,789,WEEKDAY,Lonavala Railway Station,1
trip_789_5,789,WEEKDAY,Lonavala Railway Station,1
trip_789_6,789,WEEKDAY,Lonavala Railway Station,1
trip_789_7,789,WEEKDAY,Lonavala Railway Station,1
trip_789_8,789,WEEKDAY,Lonavala Railway Station,1
trip_789_9,789,WEEKDAY,Lonavala Railway Station,1
trip_789_10,789,WEEKDAY,Lonavala Railway Station,1
trip_789_11,789,WEEKDAY,Lonavala Railway Station,1
trip_789_12,789,WEEKDAY,Lonavala Railway Station,1
trip_789_13,789,WEEKDAY,Lonavala Railway Station,1
trip_789_14,789,WEEKDAY,Lonavala Railway Station,1
trip_789_15,789,WEEKDAY,Lonavala Railway Station,1
trip_789_16,789,WEEKDAY,Lonavala Railway Station,1
trip_789_17,789,WEEKDAY,Lonavala Railway Station,1
trip_789_18,789,WEEKDAY,Lonavala Railway Station,1
trip_789_19,789,WEEKDAY,Lonavala Railway Station,1
trip_789_20,789,WEEKDAY,Lonavala Railway Station,1
trip_789_21,789,WEEKDAY,Lonavala Railway Station,1
trip_789_22,789,WEEKDAY,Lonavala Railway Station,1
trip_789_23,789,WEEKDAY,Lonavala Railway Station,1
trip_789_24,789,WEEKDAY,Lonavala Railway Station,1
trip_798_0,798,WEEKDAY,Bhosari Chakan Road,0
trip_798_1,798,WEEKDAY,Bhosari Chakan Road,0
trip_798_2,798,WEEKDAY,Bhosari Chakan Road,0
trip_806_0,806,WEEKDAY,Megapolis Phase 3,1
trip_806_1,806,WEEKDAY,Megapolis Phase 3,1
trip_807_0,807,WEEKDAY,Megapolis Phase 3,1
trip_807_1,807,WEEKDAY,Megapolis Phase 3,1
trip_807_2,807,WEEKDAY,Megapolis Phase 3,1
trip_807_3,807,WEEKDAY,Megapolis Phase 3,1
trip_807_4,807,WEEKDAY,Megapolis Phase 3,1
trip_807_5,807,WEEKDAY,Megapolis Phase 3,1
trip_807_6,807,WEEKDAY,Megapolis Phase 3,1
trip_807_7,807,WEEKDAY,Megapolis Phase 3,1
trip_807_8,807,WEEKDAY,Megapolis Phase 3,1
trip_807_9,807,WEEKDAY,Megapolis Phase 3,1
trip_807_10,807,WEEKDAY,Megapolis Phase 3,1
trip_807_11,807,WEEKDAY,Megapolis Phase 3,1
trip_807_12,807,WEEKDAY,Megapolis Phase 3,1
trip_807_13,807,WEEKDAY,Megapolis Phase 3,1
trip_807_14,807,WEEKDAY,Megapolis Phase 3,1
trip_807_15,807,WEEKDAY,Megapolis Phase 3,1
trip_807_16,807,WEEKDAY,Megapolis Phase 3,1
trip_807_17,807,WEEKDAY,Megapolis Phase 3,1
trip_807_18,807,WEEKDAY,Megapolis Phase 3,1
trip_807_19,807,WEEKDAY,Megapolis Phase 3,1
trip_807_20,807,WEEKDAY,Megapolis Phase 3,1
trip_807_21,807,WEEKDAY,Megapolis Phase 3,1
trip_807_22,807,WEEKDAY,Megapolis Phase 3,1
trip_807_23,807,WEEKDAY,Megapolis Phase 3,1
trip_807_24,807,WEEKDAY,Megapolis Phase 3,1
trip_807_25,807,WEEKDAY,Megapolis Phase 3,1
trip_807_26,807,WEEKDAY,Megapolis Phase 3,1
trip_807_27,807,WEEKDAY,Megapolis Phase 3,1
trip_807_28,807,WEEKDAY,Megapolis Phase 3,1
trip_807_29,807,WEEKDAY,Megapolis Phase 3,1
trip_807_30,807,WEEKDAY,Megapolis Phase 3,1
trip_807_31,807,WEEKDAY,Megapolis Phase 3,1
trip_807_32,807,WEEKDAY,Megapolis Phase 3,1
trip_807_33,807,WEEKDAY,Megapolis Phase 3,1
trip_807_34,807,WEEKDAY,Megapolis Phase 3,1
trip_807_35,807,WEEKDAY,Megapolis Phase 3,1
trip_807_36,807,WEEKDAY,Megapolis Phase 3,1
trip_807_37,807,WEEKDAY,Megapolis Phase 3,1
trip_807_38,807,WEEKDAY,Megapolis Phase 3,1
trip_807_39,807,WEEKDAY,Megapolis Phase 3,1
trip_807_40,807,WEEKDAY,Megapolis Phase 3,1
trip_807_41,807,WEEKDAY,Megapolis Phase 3,1
trip_807_42,807,WEEKDAY,Megapolis Phase 3,1
trip_807_43,807,WEEKDAY,Megapolis Phase 3,1
trip_807_44,807,WEEKDAY,Megapolis Phase 3,1
trip_807_45,807,WEEKDAY,Megapolis Phase 3,1
trip_807_46,807,WEEKDAY,Megapolis Phase 3,1
trip_807_47,807,WEEKDAY,Megapolis Phase 3,1
trip_807_48,807,WEEKDAY,Megapolis Phase 3,1
trip_807_49,807,WEEKDAY,Megapolis Phase 3,1
trip_807_50,807,WEEKDAY,Megapolis Phase 3,1
trip_807_51,807,WEEKDAY,Megapolis Phase 3,1
trip_807_52,807,WEEKDAY,Megapolis Phase 3,1
trip_807_53,807,WEEKDAY,Megapolis Phase 3,1
trip_801_0,801,WEEKDAY,Takve Bhoyregaon,1
trip_807_54,807,WEEKDAY,Megapolis Phase 3,1
trip_807_55,807,WEEKDAY,Megapolis Phase 3,1
trip_807_56,807,WEEKDAY,Megapolis Phase 3,1
trip_807_57,807,WEEKDAY,Megapolis Phase 3,1
trip_807_58,807,WEEKDAY,Megapolis Phase 3,1
trip_800_0,800,WEEKDAY,Nigdi Pawale Chowk,0
trip_807_59,807,WEEKDAY,Megapolis Phase 3,1
trip_807_60,807,WEEKDAY,Megapolis Phase 3,1
trip_807_61,807,WEEKDAY,Megapolis Phase 3,1
trip_807_62,807,WEEKDAY,Megapolis Phase 3,1
trip_807_63,807,WEEKDAY,Megapolis Phase 3,1
trip_807_64,807,WEEKDAY,Megapolis Phase 3,1
trip_807_65,807,WEEKDAY,Megapolis Phase 3,1
trip_807_66,807,WEEKDAY,Megapolis Phase 3,1
trip_807_67,807,WEEKDAY,Megapolis Phase 3,1
trip_807_68,807,WEEKDAY,Megapolis Phase 3,1
trip_807_69,807,WEEKDAY,Megapolis Phase 3,1
trip_807_70,807,WEEKDAY,Megapolis Phase 3,1
trip_807_71,807,WEEKDAY,Megapolis Phase 3,1
trip_807_72,807,WEEKDAY,Megapolis Phase 3,1
trip_801_1,801,WEEKDAY,Takve Bhoyregaon,1
trip_801_2,801,WEEKDAY,Takve Bhoyregaon,1
trip_801_3,801,WEEKDAY,Takve Bhoyregaon,1
trip_800_1,800,WEEKDAY,Nigdi Pawale Chowk,0
trip_800_2,800,WEEKDAY,Nigdi Pawale Chowk,0
trip_800_3,800,WEEKDAY,Nigdi Pawale Chowk,0
trip_810_0,810,WEEKDAY,Sangvi Vasantdada Putala,0
trip_810_1,810,WEEKDAY,Sangvi Vasantdada Putala,0
trip_812_0,812,WEEKDAY,Neilsoft Company infosys Phase 3,1
trip_812_1,812,WEEKDAY,Neilsoft Company infosys Phase 3,1
trip_830_0,830,WEEKDAY,Wakdewadi Navin ST Stand,1
trip_824_0,824,WEEKDAY,Pimprigaon,1
trip_829_0,829,WEEKDAY,Sahakar Nagar,0
trip_830_1,830,WEEKDAY,Wakdewadi Navin ST Stand,1
trip_830_2,830,WEEKDAY,Wakdewadi Navin ST Stand,1
trip_830_3,830,WEEKDAY,Wakdewadi Navin ST Stand,1
trip_830_4,830,WEEKDAY,Wakdewadi Navin ST Stand,1
trip_823_0,823,WEEKDAY,Ma Na Pa Main Stand,0
trip_830_5,830,WEEKDAY,Wakdewadi Navin ST Stand,1
trip_829_1,829,WEEKDAY,Sahakar Nagar,0
trip_830_6,830,WEEKDAY,Wakdewadi Navin ST Stand,1
trip_829_2,829,WEEKDAY,Sahakar Nagar,0
trip_829_3,829,WEEKDAY,Sahakar Nagar,0
trip_830_7,830,WEEKDAY,Wakdewadi Navin ST Stand,1
trip_829_4,829,WEEKDAY,Sahakar Nagar,0
trip_829_5,829,WEEKDAY,Sahakar Nagar,0
trip_829_6,829,WEEKDAY,Sahakar Nagar,0
trip_829_7,829,WEEKDAY,Sahakar Nagar,0
trip_824_1,824,WEEKDAY,Pimprigaon,1
trip_823_1,823,WEEKDAY,Ma Na Pa Main Stand,0
trip_813_0,813,WEEKDAY,Nigdi Pawale Chowk,0
trip_813_1,813,WEEKDAY,Nigdi Pawale Chowk,0
trip_813_2,813,WEEKDAY,Nigdi Pawale Chowk,0
trip_813_3,813,WEEKDAY,Nigdi Pawale Chowk,0
trip_813_4,813,WEEKDAY,Nigdi Pawale Chowk,0
trip_813_5,813,WEEKDAY,Nigdi Pawale Chowk,0
trip_814_0,814,WEEKDAY,Gahunjegaon,1
trip_814_1,814,WEEKDAY,Gahunjegaon,1
trip_814_2,814,WEEKDAY,Gahunjegaon,1
trip_814_3,814,WEEKDAY,Gahunjegaon,1
trip_814_4,814,WEEKDAY,Gahunjegaon,1
trip_814_5,814,WEEKDAY,Gahunjegaon,1
trip_814_6,814,WEEKDAY,Gahunjegaon,1
trip_815_0,815,WEEKDAY,Nigdi Pawale Chowk,0
trip_815_1,815,WEEKDAY,Nigdi Pawale Chowk,0
trip_815_2,815,WEEKDAY,Nigdi Pawale Chowk,0
trip_815_3,815,WEEKDAY,Nigdi Pawale Chowk,0
trip_815_4,815,WEEKDAY,Nigdi Pawale Chowk,0
trip_815_5,815,WEEKDAY,Nigdi Pawale Chowk,0
trip_815_6,815,WEEKDAY,Nigdi Pawale Chowk,0
trip_815_7,815,WEEKDAY,Nigdi Pawale Chowk,0
trip_815_8,815,WEEKDAY,Nigdi Pawale Chowk,0
trip_815_9,815,WEEKDAY,Nigdi Pawale Chowk,0
trip_815_10,815,WEEKDAY,Nigdi Pawale Chowk,0
trip_815_11,815,WEEKDAY,Nigdi Pawale Chowk,0
trip_815_12,815,WEEKDAY,Nigdi Pawale Chowk,0
trip_815_13,815,WEEKDAY,Nigdi Pawale Chowk,0
trip_815_14,815,WEEKDAY,Nigdi Pawale Chowk,0
trip_815_15,815,WEEKDAY,Nigdi Pawale Chowk,0
trip_815_16,815,WEEKDAY,Nigdi Pawale Chowk,0
trip_815_17,815,WEEKDAY,Nigdi Pawale Chowk,0
trip_815_18,815,WEEKDAY,Nigdi Pawale Chowk,0
trip_815_19,815,WEEKDAY,Nigdi Pawale Chowk,0
trip_815_20,815,WEEKDAY,Nigdi Pawale Chowk,0
trip_815_21,815,WEEKDAY,Nigdi Pawale Chowk,0
trip_815_22,815,WEEKDAY,Nigdi Pawale Chowk,0
trip_815_23,815,WEEKDAY,Nigdi Pawale Chowk,0
trip_815_24,815,WEEKDAY,Nigdi Pawale Chowk,0
trip_815_25,815,WEEKDAY,Nigdi Pawale Chowk,0
trip_815_26,815,WEEKDAY,Nigdi Pawale Chowk,0
trip_815_27,815,WEEKDAY,Nigdi Pawale Chowk,0
trip_815_28,815,WEEKDAY,Nigdi Pawale Chowk,0
trip_816_0,816,WEEKDAY,Virbaba Chowk Sai Nagar,1
trip_816_1,816,WEEKDAY,Virbaba Chowk Sai Nagar,1
trip_816_2,816,WEEKDAY,Virbaba Chowk Sai Nagar,1
trip_816_3,816,WEEKDAY,Virbaba Chowk Sai Nagar,1
trip_816_4,816,WEEKDAY,Virbaba Chowk Sai Nagar,1
trip_816_5,816,WEEKDAY,Virbaba Chowk Sai Nagar,1
trip_816_6,816,WEEKDAY,Virbaba Chowk Sai Nagar,1
trip_816_7,816,WEEKDAY,Virbaba Chowk Sai Nagar,1
trip_816_8,816,WEEKDAY,Virbaba Chowk Sai Nagar,1
trip_816_9,816,WEEKDAY,Virbaba Chowk Sai Nagar,1
trip_816_10,816,WEEKDAY,Virbaba Chowk Sai Nagar,1
trip_816_11,816,WEEKDAY,Virbaba Chowk Sai Nagar,1
trip_816_12,816,WEEKDAY,Virbaba Chowk Sai Nagar,1
trip_816_13,816,WEEKDAY,Virbaba Chowk Sai Nagar,1
trip_816_14,816,WEEKDAY,Virbaba Chowk Sai Nagar,1
trip_816_15,816,WEEKDAY,Virbaba Chowk Sai Nagar,1
trip_816_16,816,WEEKDAY,Virbaba Chowk Sai Nagar,1
trip_816_17,816,WEEKDAY,Virbaba Chowk Sai Nagar,1
trip_816_18,816,WEEKDAY,Virbaba Chowk Sai Nagar,1
trip_816_19,816,WEEKDAY,Virbaba Chowk Sai Nagar,1
trip_816_20,816,WEEKDAY,Virbaba Chowk Sai Nagar,1
trip_816_21,816,WEEKDAY,Virbaba Chowk Sai Nagar,1
trip_816_22,816,WEEKDAY,Virbaba Chowk Sai Nagar,1
trip_816_23,816,WEEKDAY,Virbaba Chowk Sai Nagar,1
trip_816_24,816,WEEKDAY,Virbaba Chowk Sai Nagar,1
trip_816_25,816,WEEKDAY,Virbaba Chowk Sai Nagar,1
trip_816_26,816,WEEKDAY,Virbaba Chowk Sai Nagar,1
trip_816_27,816,WEEKDAY,Virbaba Chowk Sai Nagar,1
trip_816_28,816,WEEKDAY,Virbaba Chowk Sai Nagar,1
trip_821_0,821,WEEKDAY,Nigdi Pawale Chowk,0
trip_821_1,821,WEEKDAY,Nigdi Pawale Chowk,0
trip_821_2,821,WEEKDAY,Nigdi Pawale Chowk,0
trip_821_3,821,WEEKDAY,Nigdi Pawale Chowk,0
trip_821_4,821,WEEKDAY,Nigdi Pawale Chowk,0
trip_821_5,821,WEEKDAY,Nigdi Pawale Chowk,0
trip_822_0,822,WEEKDAY,Neilsoft Company infosys Phase 3,1
trip_835_0,835,WEEKDAY,Dhankawadi,0
trip_836_0,836,WEEKDAY,Na Ta Wadi,1
trip_835_1,835,WEEKDAY,Dhankawadi,0
trip_835_2,835,WEEKDAY,Dhankawadi,0
trip_835_3,835,WEEKDAY,Dhankawadi,0
trip_835_4,835,WEEKDAY,Dhankawadi,0
trip_835_5,835,WEEKDAY,Dhankawadi,0
trip_835_6,835,WEEKDAY,Dhankawadi,0
trip_835_7,835,WEEKDAY,Dhankawadi,0
trip_835_8,835,WEEKDAY,Dhankawadi,0
trip_835_9,835,WEEKDAY,Dhankawadi,0
trip_835_10,835,WEEKDAY,Dhankawadi,0
trip_835_11,835,WEEKDAY,Dhankawadi,0
trip_835_12,835,WEEKDAY,Dhankawadi,0
trip_835_13,835,WEEKDAY,Dhankawadi,0
trip_836_1,836,WEEKDAY,Na Ta Wadi,1
trip_835_14,835,WEEKDAY,Dhankawadi,0
trip_836_2,836,WEEKDAY,Na Ta Wadi,1
trip_835_15,835,WEEKDAY,Dhankawadi,0
trip_836_3,836,WEEKDAY,Na Ta Wadi,1
trip_835_16,835,WEEKDAY,Dhankawadi,0
trip_836_4,836,WEEKDAY,Na Ta Wadi,1
trip_835_17,835,WEEKDAY,Dhankawadi,0
trip_836_5,836,WEEKDAY,Na Ta Wadi,1
trip_835_18,835,WEEKDAY,Dhankawadi,0
trip_836_6,836,WEEKDAY,Na Ta Wadi,1
trip_835_19,835,WEEKDAY,Dhankawadi,0
trip_836_7,836,WEEKDAY,Na Ta Wadi,1
trip_835_20,835,WEEKDAY,Dhankawadi,0
trip_836_8,836,WEEKDAY,Na Ta Wadi,1
trip_822_1,822,WEEKDAY,Neilsoft Company infosys Phase 3,1
trip_835_21,835,WEEKDAY,Dhankawadi,0
trip_836_9,836,WEEKDAY,Na Ta Wadi,1
trip_835_22,835,WEEKDAY,Dhankawadi,0
trip_836_10,836,WEEKDAY,Na Ta Wadi,1
trip_822_2,822,WEEKDAY,Neilsoft Company infosys Phase 3,1
trip_835_23,835,WEEKDAY,Dhankawadi,0
trip_836_11,836,WEEKDAY,Na Ta Wadi,1
trip_835_24,835,WEEKDAY,Dhankawadi,0
trip_836_12,836,WEEKDAY,Na Ta Wadi,1
trip_822_3,822,WEEKDAY,Neilsoft Company infosys Phase 3,1
trip_835_25,835,WEEKDAY,Dhankawadi,0
trip_836_13,836,WEEKDAY,Na Ta Wadi,1
trip_835_26,835,WEEKDAY,Dhankawadi,0
trip_822_4,822,WEEKDAY,Neilsoft Company infosys Phase 3,1
trip_836_14,836,WEEKDAY,Na Ta Wadi,1
trip_835_27,835,WEEKDAY,Dhankawadi,0
trip_836_15,836,WEEKDAY,Na Ta Wadi,1
trip_822_5,822,WEEKDAY,Neilsoft Company infosys Phase 3,1
trip_835_28,835,WEEKDAY,Dhankawadi,0
trip_836_16,836,WEEKDAY,Na Ta Wadi,1
trip_835_29,835,WEEKDAY,Dhankawadi,0
trip_836_17,836,WEEKDAY,Na Ta Wadi,1
trip_835_30,835,WEEKDAY,Dhankawadi,0
trip_836_18,836,WEEKDAY,Na Ta Wadi,1
trip_835_31,835,WEEKDAY,Dhankawadi,0
trip_836_19,836,WEEKDAY,Na Ta Wadi,1
trip_835_32,835,WEEKDAY,Dhankawadi,0
trip_836_20,836,WEEKDAY,Na Ta Wadi,1
trip_835_33,835,WEEKDAY,Dhankawadi,0
trip_836_21,836,WEEKDAY,Na Ta Wadi,1
trip_835_34,835,WEEKDAY,Dhankawadi,0
trip_836_22,836,WEEKDAY,Na Ta Wadi,1
trip_835_35,835,WEEKDAY,Dhankawadi,0
trip_836_23,836,WEEKDAY,Na Ta Wadi,1
trip_835_36,835,WEEKDAY,Dhankawadi,0
trip_836_24,836,WEEKDAY,Na Ta Wadi,1
trip_835_37,835,WEEKDAY,Dhankawadi,0
trip_836_25,836,WEEKDAY,Na Ta Wadi,1
trip_835_38,835,WEEKDAY,Dhankawadi,0
trip_836_26,836,WEEKDAY,Na Ta Wadi,1
trip_835_39,835,WEEKDAY,Dhankawadi,0
trip_836_27,836,WEEKDAY,Na Ta Wadi,1
trip_835_40,835,WEEKDAY,Dhankawadi,0
trip_836_28,836,WEEKDAY,Na Ta Wadi,1
trip_835_41,835,WEEKDAY,Dhankawadi,0
trip_836_29,836,WEEKDAY,Na Ta Wadi,1
trip_835_42,835,WEEKDAY,Dhankawadi,0
trip_836_30,836,WEEKDAY,Na Ta Wadi,1
trip_835_43,835,WEEKDAY,Dhankawadi,0
trip_836_31,836,WEEKDAY,Na Ta Wadi,1
trip_835_44,835,WEEKDAY,Dhankawadi,0
trip_836_32,836,WEEKDAY,Na Ta Wadi,1
trip_835_45,835,WEEKDAY,Dhankawadi,0
trip_836_33,836,WEEKDAY,Na Ta Wadi,1
trip_835_46,835,WEEKDAY,Dhankawadi,0
trip_836_34,836,WEEKDAY,Na Ta Wadi,1
trip_835_47,835,WEEKDAY,Dhankawadi,0
trip_836_35,836,WEEKDAY,Na Ta Wadi,1
trip_835_48,835,WEEKDAY,Dhankawadi,0
trip_836_36,836,WEEKDAY,Na Ta Wadi,1
trip_835_49,835,WEEKDAY,Dhankawadi,0
trip_836_37,836,WEEKDAY,Na Ta Wadi,1
trip_835_50,835,WEEKDAY,Dhankawadi,0
trip_836_38,836,WEEKDAY,Na Ta Wadi,1
trip_835_51,835,WEEKDAY,Dhankawadi,0
trip_836_39,836,WEEKDAY,Na Ta Wadi,1
trip_835_52,835,WEEKDAY,Dhankawadi,0
trip_836_40,836,WEEKDAY,Na Ta Wadi,1
trip_835_53,835,WEEKDAY,Dhankawadi,0
trip_836_41,836,WEEKDAY,Na Ta Wadi,1
trip_836_42,836,WEEKDAY,Na Ta Wadi,1
trip_836_43,836,WEEKDAY,Na Ta Wadi,1
trip_836_44,836,WEEKDAY,Na Ta Wadi,1
trip_836_45,836,WEEKDAY,Na Ta Wadi,1
trip_836_46,836,WEEKDAY,Na Ta Wadi,1
trip_836_47,836,WEEKDAY,Na Ta Wadi,1
trip_836_48,836,WEEKDAY,Na Ta Wadi,1
trip_836_49,836,WEEKDAY,Na Ta Wadi,1
trip_836_50,836,WEEKDAY,Na Ta Wadi,1
trip_836_51,836,WEEKDAY,Na Ta Wadi,1
trip_836_52,836,WEEKDAY,Na Ta Wadi,1
trip_837_0,837,WEEKDAY,Dhankawadi,0
trip_837_1,837,WEEKDAY,Dhankawadi,0
trip_837_2,837,WEEKDAY,Dhankawadi,0
trip_837_3,837,WEEKDAY,Dhankawadi,0
trip_837_4,837,WEEKDAY,Dhankawadi,0
trip_837_5,837,WEEKDAY,Dhankawadi,0
trip_837_6,837,WEEKDAY,Dhankawadi,0
trip_837_7,837,WEEKDAY,Dhankawadi,0
trip_837_8,837,WEEKDAY,Dhankawadi,0
trip_837_9,837,WEEKDAY,Dhankawadi,0
trip_837_10,837,WEEKDAY,Dhankawadi,0
trip_838_0,838,WEEKDAY,Pune Station Jayprakash Stand,1
trip_831_0,831,WEEKDAY,Bhosari Terminal,0
trip_832_0,832,WEEKDAY,Hinjawadi Maan Phase 3,1
trip_838_1,838,WEEKDAY,Pune Station Jayprakash Stand,1
trip_838_2,838,WEEKDAY,Pune Station Jayprakash Stand,1
trip_838_3,838,WEEKDAY,Pune Station Jayprakash Stand,1
trip_838_4,838,WEEKDAY,Pune Station Jayprakash Stand,1
trip_838_5,838,WEEKDAY,Pune Station Jayprakash Stand,1
trip_838_6,838,WEEKDAY,Pune Station Jayprakash Stand,1
trip_838_7,838,WEEKDAY,Pune Station Jayprakash Stand,1
trip_838_8,838,WEEKDAY,Pune Station Jayprakash Stand,1
trip_838_9,838,WEEKDAY,Pune Station Jayprakash Stand,1
trip_838_10,838,WEEKDAY,Pune Station Jayprakash Stand,1
trip_838_11,838,WEEKDAY,Pune Station Jayprakash Stand,1
trip_833_0,833,WEEKDAY,Nageshwar Vidyalaya Chikhli,0
trip_832_1,832,WEEKDAY,Hinjawadi Maan Phase 3,1
trip_831_1,831,WEEKDAY,Bhosari Terminal,0
trip_833_1,833,WEEKDAY,Nageshwar Vidyalaya Chikhli,0
trip_833_2,833,WEEKDAY,Nageshwar Vidyalaya Chikhli,0
trip_833_3,833,WEEKDAY,Nageshwar Vidyalaya Chikhli,0
trip_833_4,833,WEEKDAY,Nageshwar Vidyalaya Chikhli,0
trip_833_5,833,WEEKDAY,Nageshwar Vidyalaya Chikhli,0
trip_833_6,833,WEEKDAY,Nageshwar Vidyalaya Chikhli,0
trip_833_7,833,WEEKDAY,Nageshwar Vidyalaya Chikhli,0
trip_833_8,833,WEEKDAY,Nageshwar Vidyalaya Chikhli,0
trip_833_9,833,WEEKDAY,Nageshwar Vidyalaya Chikhli,0
trip_833_10,833,WEEKDAY,Nageshwar Vidyalaya Chikhli,0
trip_833_11,833,WEEKDAY,Nageshwar Vidyalaya Chikhli,0
trip_833_12,833,WEEKDAY,Nageshwar Vidyalaya Chikhli,0
trip_833_13,833,WEEKDAY,Nageshwar Vidyalaya Chikhli,0
trip_834_0,834,WEEKDAY,Megapolis Phase 3,1
trip_833_14,833,WEEKDAY,Nageshwar Vidyalaya Chikhli,0
trip_833_15,833,WEEKDAY,Nageshwar Vidyalaya Chikhli,0
trip_833_16,833,WEEKDAY,Nageshwar Vidyalaya Chikhli,0
trip_833_17,833,WEEKDAY,Nageshwar Vidyalaya Chikhli,0
trip_833_18,833,WEEKDAY,Nageshwar Vidyalaya Chikhli,0
trip_833_19,833,WEEKDAY,Nageshwar Vidyalaya Chikhli,0
trip_833_20,833,WEEKDAY,Nageshwar Vidyalaya Chikhli,0
trip_833_21,833,WEEKDAY,Nageshwar Vidyalaya Chikhli,0
trip_833_22,833,WEEKDAY,Nageshwar Vidyalaya Chikhli,0
trip_833_23,833,WEEKDAY,Nageshwar Vidyalaya Chikhli,0
trip_833_24,833,WEEKDAY,Nageshwar Vidyalaya Chikhli,0
trip_833_25,833,WEEKDAY,Nageshwar Vidyalaya Chikhli,0
trip_833_26,833,WEEKDAY,Nageshwar Vidyalaya Chikhli,0
trip_833_27,833,WEEKDAY,Nageshwar Vidyalaya Chikhli,0
trip_833_28,833,WEEKDAY,Nageshwar Vidyalaya Chikhli,0
trip_834_1,834,WEEKDAY,Megapolis Phase 3,1
trip_834_2,834,WEEKDAY,Megapolis Phase 3,1
trip_834_3,834,WEEKDAY,Megapolis Phase 3,1
trip_834_4,834,WEEKDAY,Megapolis Phase 3,1
trip_834_5,834,WEEKDAY,Megapolis Phase 3,1
trip_834_6,834,WEEKDAY,Megapolis Phase 3,1
trip_834_7,834,WEEKDAY,Megapolis Phase 3,1
trip_834_8,834,WEEKDAY,Megapolis Phase 3,1
trip_834_9,834,WEEKDAY,Megapolis Phase 3,1
trip_834_10,834,WEEKDAY,Megapolis Phase 3,1
trip_834_11,834,WEEKDAY,Megapolis Phase 3,1
trip_834_12,834,WEEKDAY,Megapolis Phase 3,1
trip_834_13,834,WEEKDAY,Megapolis Phase 3,1
trip_834_14,834,WEEKDAY,Megapolis Phase 3,1
trip_834_15,834,WEEKDAY,Megapolis Phase 3,1
trip_834_16,834,WEEKDAY,Megapolis Phase 3,1
trip_834_17,834,WEEKDAY,Megapolis Phase 3,1
trip_834_18,834,WEEKDAY,Megapolis Phase 3,1
trip_834_19,834,WEEKDAY,Megapolis Phase 3,1
trip_834_20,834,WEEKDAY,Megapolis Phase 3,1
trip_834_21,834,WEEKDAY,Megapolis Phase 3,1
trip_834_22,834,WEEKDAY,Megapolis Phase 3,1
trip_834_23,834,WEEKDAY,Megapolis Phase 3,1
trip_834_24,834,WEEKDAY,Megapolis Phase 3,1
trip_834_25,834,WEEKDAY,Megapolis Phase 3,1
trip_834_26,834,WEEKDAY,Megapolis Phase 3,1
trip_834_27,834,WEEKDAY,Megapolis Phase 3,1
trip_834_28,834,WEEKDAY,Megapolis Phase 3,1
trip_840_0,840,WEEKDAY,Upper Depot,0
trip_840_1,840,WEEKDAY,Upper Depot,0
trip_841_0,841,WEEKDAY,Sangvi Vasantdada Putala,1
trip_841_1,841,WEEKDAY,Sangvi Vasantdada Putala,1
trip_842_0,842,WEEKDAY,Gujarwadi Pmt Bus Stand,0
trip_842_1,842,WEEKDAY,Gujarwadi Pmt Bus Stand,0
trip_842_2,842,WEEKDAY,Gujarwadi Pmt Bus Stand,0
trip_842_3,842,WEEKDAY,Gujarwadi Pmt Bus Stand,0
trip_842_4,842,WEEKDAY,Gujarwadi Pmt Bus Stand,0
trip_843_0,843,WEEKDAY,Nigdi Bhakti Shakti,1
trip_842_5,842,WEEKDAY,Gujarwadi Pmt Bus Stand,0
trip_842_6,842,WEEKDAY,Gujarwadi Pmt Bus Stand,0
trip_842_7,842,WEEKDAY,Gujarwadi Pmt Bus Stand,0
trip_842_8,842,WEEKDAY,Gujarwadi Pmt Bus Stand,0
trip_842_9,842,WEEKDAY,Gujarwadi Pmt Bus Stand,0
trip_842_10,842,WEEKDAY,Gujarwadi Pmt Bus Stand,0
trip_842_11,842,WEEKDAY,Gujarwadi Pmt Bus Stand,0
trip_842_12,842,WEEKDAY,Gujarwadi Pmt Bus Stand,0
trip_842_13,842,WEEKDAY,Gujarwadi Pmt Bus Stand,0
trip_842_14,842,WEEKDAY,Gujarwadi Pmt Bus Stand,0
trip_842_15,842,WEEKDAY,Gujarwadi Pmt Bus Stand,0
trip_842_16,842,WEEKDAY,Gujarwadi Pmt Bus Stand,0
trip_842_17,842,WEEKDAY,Gujarwadi Pmt Bus Stand,0
trip_842_18,842,WEEKDAY,Gujarwadi Pmt Bus Stand,0
trip_842_19,842,WEEKDAY,Gujarwadi Pmt Bus Stand,0
trip_842_20,842,WEEKDAY,Gujarwadi Pmt Bus Stand,0
trip_842_21,842,WEEKDAY,Gujarwadi Pmt Bus Stand,0
trip_842_22,842,WEEKDAY,Gujarwadi Pmt Bus Stand,0
trip_842_23,842,WEEKDAY,Gujarwadi Pmt Bus Stand,0
trip_842_24,842,WEEKDAY,Gujarwadi Pmt Bus Stand,0
trip_842_25,842,WEEKDAY,Gujarwadi Pmt Bus Stand,0
trip_842_26,842,WEEKDAY,Gujarwadi Pmt Bus Stand,0
trip_842_27,842,WEEKDAY,Gujarwadi Pmt Bus Stand,0
trip_842_28,842,WEEKDAY,Gujarwadi Pmt Bus Stand,0
trip_842_29,842,WEEKDAY,Gujarwadi Pmt Bus Stand,0
trip_842_30,842,WEEKDAY,Gujarwadi Pmt Bus Stand,0
trip_842_31,842,WEEKDAY,Gujarwadi Pmt Bus Stand,0
trip_842_32,842,WEEKDAY,Gujarwadi Pmt Bus Stand,0
trip_843_1,843,WEEKDAY,Nigdi Bhakti Shakti,1
trip_842_33,842,WEEKDAY,Gujarwadi Pmt Bus Stand,0
trip_843_2,843,WEEKDAY,Nigdi Bhakti Shakti,1
trip_842_34,842,WEEKDAY,Gujarwadi Pmt Bus Stand,0
trip_843_3,843,WEEKDAY,Nigdi Bhakti Shakti,1
trip_842_35,842,WEEKDAY,Gujarwadi Pmt Bus Stand,0
trip_843_4,843,WEEKDAY,Nigdi Bhakti Shakti,1
trip_842_36,842,WEEKDAY,Gujarwadi Pmt Bus Stand,0
trip_843_5,843,WEEKDAY,Nigdi Bhakti Shakti,1
trip_842_37,842,WEEKDAY,Gujarwadi Pmt Bus Stand,0
trip_843_6,843,WEEKDAY,Nigdi Bhakti Shakti,1
trip_842_38,842,WEEKDAY,Gujarwadi Pmt Bus Stand,0
trip_843_7,843,WEEKDAY,Nigdi Bhakti Shakti,1
trip_842_39,842,WEEKDAY,Gujarwadi Pmt Bus Stand,0
trip_843_8,843,WEEKDAY,Nigdi Bhakti Shakti,1
trip_842_40,842,WEEKDAY,Gujarwadi Pmt Bus Stand,0
trip_843_9,843,WEEKDAY,Nigdi Bhakti Shakti,1
trip_842_41,842,WEEKDAY,Gujarwadi Pmt Bus Stand,0
trip_843_10,843,WEEKDAY,Nigdi Bhakti Shakti,1
trip_842_42,842,WEEKDAY,Gujarwadi Pmt Bus Stand,0
trip_843_11,843,WEEKDAY,Nigdi Bhakti Shakti,1
trip_842_43,842,WEEKDAY,Gujarwadi Pmt Bus Stand,0
trip_843_12,843,WEEKDAY,Nigdi Bhakti Shakti,1
trip_842_44,842,WEEKDAY,Gujarwadi Pmt Bus Stand,0
trip_843_13,843,WEEKDAY,Nigdi Bhakti Shakti,1
trip_842_45,842,WEEKDAY,Gujarwadi Pmt Bus Stand,0
trip_843_14,843,WEEKDAY,Nigdi Bhakti Shakti,1
trip_842_46,842,WEEKDAY,Gujarwadi Pmt Bus Stand,0
trip_843_15,843,WEEKDAY,Nigdi Bhakti Shakti,1
trip_842_47,842,WEEKDAY,Gujarwadi Pmt Bus Stand,0
trip_843_16,843,WEEKDAY,Nigdi Bhakti Shakti,1
trip_842_48,842,WEEKDAY,Gujarwadi Pmt Bus Stand,0
trip_843_17,843,WEEKDAY,Nigdi Bhakti Shakti,1
trip_842_49,842,WEEKDAY,Gujarwadi Pmt Bus Stand,0
trip_843_18,843,WEEKDAY,Nigdi Bhakti Shakti,1
trip_842_50,842,WEEKDAY,Gujarwadi Pmt Bus Stand,0
trip_843_19,843,WEEKDAY,Nigdi Bhakti Shakti,1
trip_842_51,842,WEEKDAY,Gujarwadi Pmt Bus Stand,0
trip_843_20,843,WEEKDAY,Nigdi Bhakti Shakti,1
trip_842_52,842,WEEKDAY,Gujarwadi Pmt Bus Stand,0
trip_843_21,843,WEEKDAY,Nigdi Bhakti Shakti,1
trip_842_53,842,WEEKDAY,Gujarwadi Pmt Bus Stand,0
trip_843_22,843,WEEKDAY,Nigdi Bhakti Shakti,1
trip_842_54,842,WEEKDAY,Gujarwadi Pmt Bus Stand,0
trip_843_23,843,WEEKDAY,Nigdi Bhakti Shakti,1
trip_842_55,842,WEEKDAY,Gujarwadi Pmt Bus Stand,0
trip_843_24,843,WEEKDAY,Nigdi Bhakti Shakti,1
trip_842_56,842,WEEKDAY,Gujarwadi Pmt Bus Stand,0
trip_843_25,843,WEEKDAY,Nigdi Bhakti Shakti,1
trip_842_57,842,WEEKDAY,Gujarwadi Pmt Bus Stand,0
trip_843_26,843,WEEKDAY,Nigdi Bhakti Shakti,1
trip_842_58,842,WEEKDAY,Gujarwadi Pmt Bus Stand,0
trip_843_27,843,WEEKDAY,Nigdi Bhakti Shakti,1
trip_842_59,842,WEEKDAY,Gujarwadi Pmt Bus Stand,0
trip_843_28,843,WEEKDAY,Nigdi Bhakti Shakti,1
trip_842_60,842,WEEKDAY,Gujarwadi Pmt Bus Stand,0
trip_843_29,843,WEEKDAY,Nigdi Bhakti Shakti,1
trip_842_61,842,WEEKDAY,Gujarwadi Pmt Bus Stand,0
trip_843_30,843,WEEKDAY,Nigdi Bhakti Shakti,1
trip_842_62,842,WEEKDAY,Gujarwadi Pmt Bus Stand,0
trip_843_31,843,WEEKDAY,Nigdi Bhakti Shakti,1
trip_843_32,843,WEEKDAY,Nigdi Bhakti Shakti,1
trip_843_33,843,WEEKDAY,Nigdi Bhakti Shakti,1
trip_843_34,843,WEEKDAY,Nigdi Bhakti Shakti,1
trip_843_35,843,WEEKDAY,Nigdi Bhakti Shakti,1
trip_843_36,843,WEEKDAY,Nigdi Bhakti Shakti,1
trip_843_37,843,WEEKDAY,Nigdi Bhakti Shakti,1
trip_843_38,843,WEEKDAY,Nigdi Bhakti Shakti,1
trip_843_39,843,WEEKDAY,Nigdi Bhakti Shakti,1
trip_843_40,843,WEEKDAY,Nigdi Bhakti Shakti,1
trip_843_41,843,WEEKDAY,Nigdi Bhakti Shakti,1
trip_843_42,843,WEEKDAY,Nigdi Bhakti Shakti,1
trip_843_43,843,WEEKDAY,Nigdi Bhakti Shakti,1
trip_843_44,843,WEEKDAY,Nigdi Bhakti Shakti,1
trip_843_45,843,WEEKDAY,Nigdi Bhakti Shakti,1
trip_843_46,843,WEEKDAY,Nigdi Bhakti Shakti,1
trip_843_47,843,WEEKDAY,Nigdi Bhakti Shakti,1
trip_843_48,843,WEEKDAY,Nigdi Bhakti Shakti,1
trip_843_49,843,WEEKDAY,Nigdi Bhakti Shakti,1
trip_843_50,843,WEEKDAY,Nigdi Bhakti Shakti,1
trip_843_51,843,WEEKDAY,Nigdi Bhakti Shakti,1
trip_843_52,843,WEEKDAY,Nigdi Bhakti Shakti,1
trip_843_53,843,WEEKDAY,Nigdi Bhakti Shakti,1
trip_843_54,843,WEEKDAY,Nigdi Bhakti Shakti,1
trip_843_55,843,WEEKDAY,Nigdi Bhakti Shakti,1
trip_843_56,843,WEEKDAY,Nigdi Bhakti Shakti,1
trip_843_57,843,WEEKDAY,Nigdi Bhakti Shakti,1
trip_843_58,843,WEEKDAY,Nigdi Bhakti Shakti,1
trip_843_59,843,WEEKDAY,Nigdi Bhakti Shakti,1
trip_843_60,843,WEEKDAY,Nigdi Bhakti Shakti,1
trip_843_61,843,WEEKDAY,Nigdi Bhakti Shakti,1
trip_843_62,843,WEEKDAY,Nigdi Bhakti Shakti,1
trip_843_63,843,WEEKDAY,Nigdi Bhakti Shakti,1
trip_847_0,847,WEEKDAY,Katraj,0
trip_847_1,847,WEEKDAY,Katraj,0
trip_847_2,847,WEEKDAY,Katraj,0
trip_847_3,847,WEEKDAY,Katraj,0
trip_847_4,847,WEEKDAY,Katraj,0
trip_847_5,847,WEEKDAY,Katraj,0
trip_847_6,847,WEEKDAY,Katraj,0
trip_847_7,847,WEEKDAY,Katraj,0
trip_847_8,847,WEEKDAY,Katraj,0
trip_847_9,847,WEEKDAY,Katraj,0
trip_847_10,847,WEEKDAY,Katraj,0
trip_847_11,847,WEEKDAY,Katraj,0
trip_847_12,847,WEEKDAY,Katraj,0
trip_847_13,847,WEEKDAY,Katraj,0
trip_847_14,847,WEEKDAY,Katraj,0
trip_847_15,847,WEEKDAY,Katraj,0
trip_847_16,847,WEEKDAY,Katraj,0
trip_847_17,847,WEEKDAY,Katraj,0
trip_847_18,847,WEEKDAY,Katraj,0
trip_847_19,847,WEEKDAY,Katraj,0
trip_847_20,847,WEEKDAY,Katraj,0
trip_847_21,847,WEEKDAY,Katraj,0
trip_847_22,847,WEEKDAY,Katraj,0
trip_847_23,847,WEEKDAY,Katraj,0
trip_847_24,847,WEEKDAY,Katraj,0
trip_847_25,847,WEEKDAY,Katraj,0
trip_847_26,847,WEEKDAY,Katraj,0
trip_847_27,847,WEEKDAY,Katraj,0
trip_847_28,847,WEEKDAY,Katraj,0
trip_847_29,847,WEEKDAY,Katraj,0
trip_847_30,847,WEEKDAY,Katraj,0
trip_847_31,847,WEEKDAY,Katraj,0
trip_847_32,847,WEEKDAY,Katraj,0
trip_847_33,847,WEEKDAY,Katraj,0
trip_847_34,847,WEEKDAY,Katraj,0
trip_847_35,847,WEEKDAY,Katraj,0
trip_847_36,847,WEEKDAY,Katraj,0
trip_847_37,847,WEEKDAY,Katraj,0
trip_847_38,847,WEEKDAY,Katraj,0
trip_847_39,847,WEEKDAY,Katraj,0
trip_860_0,860,WEEKDAY,Swargate,0
trip_860_1,860,WEEKDAY,Swargate,0
trip_860_2,860,WEEKDAY,Swargate,0
trip_860_3,860,WEEKDAY,Swargate,0
trip_860_4,860,WEEKDAY,Swargate,0
trip_860_5,860,WEEKDAY,Swargate,0
trip_860_6,860,WEEKDAY,Swargate,0
trip_860_7,860,WEEKDAY,Swargate,0
trip_860_8,860,WEEKDAY,Swargate,0
trip_860_9,860,WEEKDAY,Swargate,0
trip_860_10,860,WEEKDAY,Swargate,0
trip_860_11,860,WEEKDAY,Swargate,0
trip_860_12,860,WEEKDAY,Swargate,0
trip_860_13,860,WEEKDAY,Swargate,0
trip_860_14,860,WEEKDAY,Swargate,0
trip_860_15,860,WEEKDAY,Swargate,0
trip_860_16,860,WEEKDAY,Swargate,0
trip_860_17,860,WEEKDAY,Swargate,0
trip_860_18,860,WEEKDAY,Swargate,0
trip_860_19,860,WEEKDAY,Swargate,0
trip_860_20,860,WEEKDAY,Swargate,0
trip_860_21,860,WEEKDAY,Swargate,0
trip_860_22,860,WEEKDAY,Swargate,0
trip_860_23,860,WEEKDAY,Swargate,0
trip_860_24,860,WEEKDAY,Swargate,0
trip_860_25,860,WEEKDAY,Swargate,0
trip_860_26,860,WEEKDAY,Swargate,0
trip_860_27,860,WEEKDAY,Swargate,0
trip_860_28,860,WEEKDAY,Swargate,0
trip_860_29,860,WEEKDAY,Swargate,0
trip_860_30,860,WEEKDAY,Swargate,0
trip_860_31,860,WEEKDAY,Swargate,0
trip_860_32,860,WEEKDAY,Swargate,0
trip_860_33,860,WEEKDAY,Swargate,0
trip_860_34,860,WEEKDAY,Swargate,0
trip_860_35,860,WEEKDAY,Swargate,0
trip_860_36,860,WEEKDAY,Swargate,0
trip_860_37,860,WEEKDAY,Swargate,0
trip_860_38,860,WEEKDAY,Swargate,0
trip_860_39,860,WEEKDAY,Swargate,0
trip_860_40,860,WEEKDAY,Swargate,0
trip_860_41,860,WEEKDAY,Swargate,0
trip_858_0,858,WEEKDAY,Swargate,0
trip_860_42,860,WEEKDAY,Swargate,0
trip_860_43,860,WEEKDAY,Swargate,0
trip_860_44,860,WEEKDAY,Swargate,0
trip_860_45,860,WEEKDAY,Swargate,0
trip_850_0,850,WEEKDAY,Katraj,0
trip_860_46,860,WEEKDAY,Swargate,0
trip_860_47,860,WEEKDAY,Swargate,0
trip_860_48,860,WEEKDAY,Swargate,0
trip_860_49,860,WEEKDAY,Swargate,0
trip_860_50,860,WEEKDAY,Swargate,0
trip_860_51,860,WEEKDAY,Swargate,0
trip_860_52,860,WEEKDAY,Swargate,0
trip_860_53,860,WEEKDAY,Swargate,0
trip_860_54,860,WEEKDAY,Swargate,0
trip_860_55,860,WEEKDAY,Swargate,0
trip_859_0,859,WEEKDAY,Sanaswadi Nandoshi,1
trip_858_1,858,WEEKDAY,Swargate,0
trip_861_0,861,WEEKDAY,Shivaji Nagar,1
trip_858_2,858,WEEKDAY,Swargate,0
trip_854_0,854,WEEKDAY,Katraj,0
trip_858_3,858,WEEKDAY,Swargate,0
trip_858_4,858,WEEKDAY,Swargate,0
trip_858_5,858,WEEKDAY,Swargate,0
trip_861_1,861,WEEKDAY,Shivaji Nagar,1
trip_861_2,861,WEEKDAY,Shivaji Nagar,1
trip_861_3,861,WEEKDAY,Shivaji Nagar,1
trip_861_4,861,WEEKDAY,Shivaji Nagar,1
trip_861_5,861,WEEKDAY,Shivaji Nagar,1
trip_861_6,861,WEEKDAY,Shivaji Nagar,1
trip_861_7,861,WEEKDAY,Shivaji Nagar,1
trip_861_8,861,WEEKDAY,Shivaji Nagar,1
trip_850_1,850,WEEKDAY,Katraj,0
trip_861_9,861,WEEKDAY,Shivaji Nagar,1
trip_861_10,861,WEEKDAY,Shivaji Nagar,1
trip_850_2,850,WEEKDAY,Katraj,0
trip_859_1,859,WEEKDAY,Sanaswadi Nandoshi,1
trip_861_11,861,WEEKDAY,Shivaji Nagar,1
trip_859_2,859,WEEKDAY,Sanaswadi Nandoshi,1
trip_850_3,850,WEEKDAY,Katraj,0
trip_861_12,861,WEEKDAY,Shivaji Nagar,1
trip_859_3,859,WEEKDAY,Sanaswadi Nandoshi,1
trip_861_13,861,WEEKDAY,Shivaji Nagar,1
trip_850_4,850,WEEKDAY,Katraj,0
trip_861_14,861,WEEKDAY,Shivaji Nagar,1
trip_859_4,859,WEEKDAY,Sanaswadi Nandoshi,1
trip_861_15,861,WEEKDAY,Shivaji Nagar,1
trip_850_5,850,WEEKDAY,Katraj,0
trip_859_5,859,WEEKDAY,Sanaswadi Nandoshi,1
trip_861_16,861,WEEKDAY,Shivaji Nagar,1
trip_850_6,850,WEEKDAY,Katraj,0
trip_861_17,861,WEEKDAY,Shivaji Nagar,1
trip_850_7,850,WEEKDAY,Katraj,0
trip_861_18,861,WEEKDAY,Shivaji Nagar,1
trip_861_19,861,WEEKDAY,Shivaji Nagar,1
trip_850_8,850,WEEKDAY,Katraj,0
trip_861_20,861,WEEKDAY,Shivaji Nagar,1
trip_861_21,861,WEEKDAY,Shivaji Nagar,1
trip_861_22,861,WEEKDAY,Shivaji Nagar,1
trip_850_9,850,WEEKDAY,Katraj,0
trip_861_23,861,WEEKDAY,Shivaji Nagar,1
trip_850_10,850,WEEKDAY,Katraj,0
trip_861_24,861,WEEKDAY,Shivaji Nagar,1
trip_861_25,861,WEEKDAY,Shivaji Nagar,1
trip_850_11,850,WEEKDAY,Katraj,0
trip_861_26,861,WEEKDAY,Shivaji Nagar,1
trip_861_27,861,WEEKDAY,Shivaji Nagar,1
trip_850_12,850,WEEKDAY,Katraj,0
trip_861_28,861,WEEKDAY,Shivaji Nagar,1
trip_861_29,861,WEEKDAY,Shivaji Nagar,1
trip_850_13,850,WEEKDAY,Katraj,0
trip_861_30,861,WEEKDAY,Shivaji Nagar,1
trip_861_31,861,WEEKDAY,Shivaji Nagar,1
trip_850_14,850,WEEKDAY,Katraj,0
trip_861_32,861,WEEKDAY,Shivaji Nagar,1
trip_850_15,850,WEEKDAY,Katraj,0
trip_861_33,861,WEEKDAY,Shivaji Nagar,1
trip_861_34,861,WEEKDAY,Shivaji Nagar,1
trip_850_16,850,WEEKDAY,Katraj,0
trip_861_35,861,WEEKDAY,Shivaji Nagar,1
trip_861_36,861,WEEKDAY,Shivaji Nagar,1
trip_850_17,850,WEEKDAY,Katraj,0
trip_861_37,861,WEEKDAY,Shivaji Nagar,1
trip_861_38,861,WEEKDAY,Shivaji Nagar,1
trip_850_18,850,WEEKDAY,Katraj,0
trip_861_39,861,WEEKDAY,Shivaji Nagar,1
trip_850_19,850,WEEKDAY,Katraj,0
trip_861_40,861,WEEKDAY,Shivaji Nagar,1
trip_861_41,861,WEEKDAY,Shivaji Nagar,1
trip_850_20,850,WEEKDAY,Katraj,0
trip_861_42,861,WEEKDAY,Shivaji Nagar,1
trip_861_43,861,WEEKDAY,Shivaji Nagar,1
trip_854_1,854,WEEKDAY,Katraj,0
trip_850_21,850,WEEKDAY,Katraj,0
trip_861_44,861,WEEKDAY,Shivaji Nagar,1
trip_861_45,861,WEEKDAY,Shivaji Nagar,1
trip_854_2,854,WEEKDAY,Katraj,0
trip_861_46,861,WEEKDAY,Shivaji Nagar,1
trip_850_22,850,WEEKDAY,Katraj,0
trip_861_47,861,WEEKDAY,Shivaji Nagar,1
trip_854_3,854,WEEKDAY,Katraj,0
trip_861_48,861,WEEKDAY,Shivaji Nagar,1
trip_850_23,850,WEEKDAY,Katraj,0
trip_854_4,854,WEEKDAY,Katraj,0
trip_861_49,861,WEEKDAY,Shivaji Nagar,1
trip_850_24,850,WEEKDAY,Katraj,0
trip_861_50,861,WEEKDAY,Shivaji Nagar,1
trip_854_5,854,WEEKDAY,Katraj,0
trip_861_51,861,WEEKDAY,Shivaji Nagar,1
trip_850_25,850,WEEKDAY,Katraj,0
trip_861_52,861,WEEKDAY,Shivaji Nagar,1
trip_854_6,854,WEEKDAY,Katraj,0
trip_861_53,861,WEEKDAY,Shivaji Nagar,1
trip_850_26,850,WEEKDAY,Katraj,0
trip_861_54,861,WEEKDAY,Shivaji Nagar,1
trip_854_7,854,WEEKDAY,Katraj,0
trip_861_55,861,WEEKDAY,Shivaji Nagar,1
trip_850_27,850,WEEKDAY,Katraj,0
trip_854_8,854,WEEKDAY,Katraj,0
trip_850_28,850,WEEKDAY,Katraj,0
trip_854_9,854,WEEKDAY,Katraj,0
trip_850_29,850,WEEKDAY,Katraj,0
trip_854_10,854,WEEKDAY,Katraj,0
trip_850_30,850,WEEKDAY,Katraj,0
trip_854_11,854,WEEKDAY,Katraj,0
trip_850_31,850,WEEKDAY,Katraj,0
trip_854_12,854,WEEKDAY,Katraj,0
trip_850_32,850,WEEKDAY,Katraj,0
trip_854_13,854,WEEKDAY,Katraj,0
trip_850_33,850,WEEKDAY,Katraj,0
trip_854_14,854,WEEKDAY,Katraj,0
trip_850_34,850,WEEKDAY,Katraj,0
trip_854_15,854,WEEKDAY,Katraj,0
trip_850_35,850,WEEKDAY,Katraj,0
trip_850_36,850,WEEKDAY,Katraj,0
trip_850_37,850,WEEKDAY,Katraj,0
trip_850_38,850,WEEKDAY,Katraj,0
trip_850_39,850,WEEKDAY,Katraj,0
trip_850_40,850,WEEKDAY,Katraj,0
trip_850_41,850,WEEKDAY,Katraj,0
trip_850_42,850,WEEKDAY,Katraj,0
trip_850_43,850,WEEKDAY,Katraj,0
trip_850_44,850,WEEKDAY,Katraj,0
trip_850_45,850,WEEKDAY,Katraj,0
trip_850_46,850,WEEKDAY,Katraj,0
trip_849_0,849,WEEKDAY,Hinjawadi Maan Phase 3,1
trip_850_47,850,WEEKDAY,Katraj,0
trip_850_48,850,WEEKDAY,Katraj,0
trip_850_49,850,WEEKDAY,Katraj,0
trip_850_50,850,WEEKDAY,Katraj,0
trip_850_51,850,WEEKDAY,Katraj,0
trip_850_52,850,WEEKDAY,Katraj,0
trip_850_53,850,WEEKDAY,Katraj,0
trip_850_54,850,WEEKDAY,Katraj,0
trip_850_55,850,WEEKDAY,Katraj,0
trip_850_56,850,WEEKDAY,Katraj,0
trip_850_57,850,WEEKDAY,Katraj,0
trip_850_58,850,WEEKDAY,Katraj,0
trip_850_59,850,WEEKDAY,Katraj,0
trip_850_60,850,WEEKDAY,Katraj,0
trip_850_61,850,WEEKDAY,Katraj,0
trip_850_62,850,WEEKDAY,Katraj,0
trip_850_63,850,WEEKDAY,Katraj,0
trip_850_64,850,WEEKDAY,Katraj,0
trip_850_65,850,WEEKDAY,Katraj,0
trip_850_66,850,WEEKDAY,Katraj,0
trip_850_67,850,WEEKDAY,Katraj,0
trip_850_68,850,WEEKDAY,Katraj,0
trip_850_69,850,WEEKDAY,Katraj,0
trip_850_70,850,WEEKDAY,Katraj,0
trip_849_1,849,WEEKDAY,Hinjawadi Maan Phase 3,1
trip_850_71,850,WEEKDAY,Katraj,0
trip_849_2,849,WEEKDAY,Hinjawadi Maan Phase 3,1
trip_849_3,849,WEEKDAY,Hinjawadi Maan Phase 3,1
trip_849_4,849,WEEKDAY,Hinjawadi Maan Phase 3,1
trip_849_5,849,WEEKDAY,Hinjawadi Maan Phase 3,1
trip_849_6,849,WEEKDAY,Hinjawadi Maan Phase 3,1
trip_849_7,849,WEEKDAY,Hinjawadi Maan Phase 3,1
trip_849_8,849,WEEKDAY,Hinjawadi Maan Phase 3,1
trip_849_9,849,WEEKDAY,Hinjawadi Maan Phase 3,1
trip_849_10,849,WEEKDAY,Hinjawadi Maan Phase 3,1
trip_849_11,849,WEEKDAY,Hinjawadi Maan Phase 3,1
trip_849_12,849,WEEKDAY,Hinjawadi Maan Phase 3,1
trip_849_13,849,WEEKDAY,Hinjawadi Maan Phase 3,1
trip_849_14,849,WEEKDAY,Hinjawadi Maan Phase 3,1
trip_849_15,849,WEEKDAY,Hinjawadi Maan Phase 3,1
trip_849_16,849,WEEKDAY,Hinjawadi Maan Phase 3,1
trip_849_17,849,WEEKDAY,Hinjawadi Maan Phase 3,1
trip_849_18,849,WEEKDAY,Hinjawadi Maan Phase 3,1
trip_849_19,849,WEEKDAY,Hinjawadi Maan Phase 3,1
trip_849_20,849,WEEKDAY,Hinjawadi Maan Phase 3,1
trip_855_0,855,WEEKDAY,Akurdi Railway Station,1
trip_849_21,849,WEEKDAY,Hinjawadi Maan Phase 3,1
trip_849_22,849,WEEKDAY,Hinjawadi Maan Phase 3,1
trip_849_23,849,WEEKDAY,Hinjawadi Maan Phase 3,1
trip_849_24,849,WEEKDAY,Hinjawadi Maan Phase 3,1
trip_849_25,849,WEEKDAY,Hinjawadi Maan Phase 3,1
trip_849_26,849,WEEKDAY,Hinjawadi Maan Phase 3,1
trip_849_27,849,WEEKDAY,Hinjawadi Maan Phase 3,1
trip_849_28,849,WEEKDAY,Hinjawadi Maan Phase 3,1
trip_849_29,849,WEEKDAY,Hinjawadi Maan Phase 3,1
trip_849_30,849,WEEKDAY,Hinjawadi Maan Phase 3,1
trip_849_31,849,WEEKDAY,Hinjawadi Maan Phase 3,1
trip_849_32,849,WEEKDAY,Hinjawadi Maan Phase 3,1
trip_849_33,849,WEEKDAY,Hinjawadi Maan Phase 3,1
trip_849_34,849,WEEKDAY,Hinjawadi Maan Phase 3,1
trip_849_35,849,WEEKDAY,Hinjawadi Maan Phase 3,1
trip_849_36,849,WEEKDAY,Hinjawadi Maan Phase 3,1
trip_849_37,849,WEEKDAY,Hinjawadi Maan Phase 3,1
trip_849_38,849,WEEKDAY,Hinjawadi Maan Phase 3,1
trip_855_1,855,WEEKDAY,Akurdi Railway Station,1
trip_855_2,855,WEEKDAY,Akurdi Railway Station,1
trip_855_3,855,WEEKDAY,Akurdi Railway Station,1
trip_855_4,855,WEEKDAY,Akurdi Railway Station,1
trip_855_5,855,WEEKDAY,Akurdi Railway Station,1
trip_855_6,855,WEEKDAY,Akurdi Railway Station,1
trip_855_7,855,WEEKDAY,Akurdi Railway Station,1
trip_855_8,855,WEEKDAY,Akurdi Railway Station,1
trip_855_9,855,WEEKDAY,Akurdi Railway Station,1
trip_855_10,855,WEEKDAY,Akurdi Railway Station,1
trip_855_11,855,WEEKDAY,Akurdi Railway Station,1
trip_855_12,855,WEEKDAY,Akurdi Railway Station,1
trip_855_13,855,WEEKDAY,Akurdi Railway Station,1
trip_855_14,855,WEEKDAY,Akurdi Railway Station,1
trip_855_15,855,WEEKDAY,Akurdi Railway Station,1
trip_851_0,851,WEEKDAY,Nigdi Bhakti Shakti,1
trip_851_1,851,WEEKDAY,Nigdi Bhakti Shakti,1
trip_851_2,851,WEEKDAY,Nigdi Bhakti Shakti,1
trip_851_3,851,WEEKDAY,Nigdi Bhakti Shakti,1
trip_851_4,851,WEEKDAY,Nigdi Bhakti Shakti,1
trip_851_5,851,WEEKDAY,Nigdi Bhakti Shakti,1
trip_851_6,851,WEEKDAY,Nigdi Bhakti Shakti,1
trip_851_7,851,WEEKDAY,Nigdi Bhakti Shakti,1
trip_851_8,851,WEEKDAY,Nigdi Bhakti Shakti,1
trip_851_9,851,WEEKDAY,Nigdi Bhakti Shakti,1
trip_851_10,851,WEEKDAY,Nigdi Bhakti Shakti,1
trip_851_11,851,WEEKDAY,Nigdi Bhakti Shakti,1
trip_851_12,851,WEEKDAY,Nigdi Bhakti Shakti,1
trip_851_13,851,WEEKDAY,Nigdi Bhakti Shakti,1
trip_851_14,851,WEEKDAY,Nigdi Bhakti Shakti,1
trip_851_15,851,WEEKDAY,Nigdi Bhakti Shakti,1
trip_851_16,851,WEEKDAY,Nigdi Bhakti Shakti,1
trip_851_17,851,WEEKDAY,Nigdi Bhakti Shakti,1
trip_851_18,851,WEEKDAY,Nigdi Bhakti Shakti,1
trip_851_19,851,WEEKDAY,Nigdi Bhakti Shakti,1
trip_851_20,851,WEEKDAY,Nigdi Bhakti Shakti,1
trip_851_21,851,WEEKDAY,Nigdi Bhakti Shakti,1
trip_851_22,851,WEEKDAY,Nigdi Bhakti Shakti,1
trip_851_23,851,WEEKDAY,Nigdi Bhakti Shakti,1
trip_851_24,851,WEEKDAY,Nigdi Bhakti Shakti,1
trip_851_25,851,WEEKDAY,Nigdi Bhakti Shakti,1
trip_851_26,851,WEEKDAY,Nigdi Bhakti Shakti,1
trip_851_27,851,WEEKDAY,Nigdi Bhakti Shakti,1
trip_851_28,851,WEEKDAY,Nigdi Bhakti Shakti,1
trip_851_29,851,WEEKDAY,Nigdi Bhakti Shakti,1
trip_851_30,851,WEEKDAY,Nigdi Bhakti Shakti,1
trip_851_31,851,WEEKDAY,Nigdi Bhakti Shakti,1
trip_851_32,851,WEEKDAY,Nigdi Bhakti Shakti,1
trip_851_33,851,WEEKDAY,Nigdi Bhakti Shakti,1
trip_851_34,851,WEEKDAY,Nigdi Bhakti Shakti,1
trip_851_35,851,WEEKDAY,Nigdi Bhakti Shakti,1
trip_851_36,851,WEEKDAY,Nigdi Bhakti Shakti,1
trip_851_37,851,WEEKDAY,Nigdi Bhakti Shakti,1
trip_851_38,851,WEEKDAY,Nigdi Bhakti Shakti,1
trip_851_39,851,WEEKDAY,Nigdi Bhakti Shakti,1
trip_851_40,851,WEEKDAY,Nigdi Bhakti Shakti,1
trip_851_41,851,WEEKDAY,Nigdi Bhakti Shakti,1
trip_851_42,851,WEEKDAY,Nigdi Bhakti Shakti,1
trip_851_43,851,WEEKDAY,Nigdi Bhakti Shakti,1
trip_851_44,851,WEEKDAY,Nigdi Bhakti Shakti,1
trip_851_45,851,WEEKDAY,Nigdi Bhakti Shakti,1
trip_851_46,851,WEEKDAY,Nigdi Bhakti Shakti,1
trip_851_47,851,WEEKDAY,Nigdi Bhakti Shakti,1
trip_851_48,851,WEEKDAY,Nigdi Bhakti Shakti,1
trip_851_49,851,WEEKDAY,Nigdi Bhakti Shakti,1
trip_851_50,851,WEEKDAY,Nigdi Bhakti Shakti,1
trip_851_51,851,WEEKDAY,Nigdi Bhakti Shakti,1
trip_851_52,851,WEEKDAY,Nigdi Bhakti Shakti,1
trip_851_53,851,WEEKDAY,Nigdi Bhakti Shakti,1
trip_851_54,851,WEEKDAY,Nigdi Bhakti Shakti,1
trip_851_55,851,WEEKDAY,Nigdi Bhakti Shakti,1
trip_851_56,851,WEEKDAY,Nigdi Bhakti Shakti,1
trip_851_57,851,WEEKDAY,Nigdi Bhakti Shakti,1
trip_851_58,851,WEEKDAY,Nigdi Bhakti Shakti,1
trip_851_59,851,WEEKDAY,Nigdi Bhakti Shakti,1
trip_851_60,851,WEEKDAY,Nigdi Bhakti Shakti,1
trip_851_61,851,WEEKDAY,Nigdi Bhakti Shakti,1
trip_851_62,851,WEEKDAY,Nigdi Bhakti Shakti,1
trip_851_63,851,WEEKDAY,Nigdi Bhakti Shakti,1
trip_851_64,851,WEEKDAY,Nigdi Bhakti Shakti,1
trip_851_65,851,WEEKDAY,Nigdi Bhakti Shakti,1
trip_851_66,851,WEEKDAY,Nigdi Bhakti Shakti,1
trip_851_67,851,WEEKDAY,Nigdi Bhakti Shakti,1
trip_851_68,851,WEEKDAY,Nigdi Bhakti Shakti,1
trip_851_69,851,WEEKDAY,Nigdi Bhakti Shakti,1
trip_851_70,851,WEEKDAY,Nigdi Bhakti Shakti,1
trip_851_71,851,WEEKDAY,Nigdi Bhakti Shakti,1
trip_851_72,851,WEEKDAY,Nigdi Bhakti Shakti,1
trip_851_73,851,WEEKDAY,Nigdi Bhakti Shakti,1
trip_851_74,851,WEEKDAY,Nigdi Bhakti Shakti,1
trip_851_75,851,WEEKDAY,Nigdi Bhakti Shakti,1
trip_851_76,851,WEEKDAY,Nigdi Bhakti Shakti,1
trip_851_77,851,WEEKDAY,Nigdi Bhakti Shakti,1
trip_851_78,851,WEEKDAY,Nigdi Bhakti Shakti,1
trip_890_0,890,WEEKDAY,Suncity,0
trip_890_1,890,WEEKDAY,Suncity,0
trip_890_2,890,WEEKDAY,Suncity,0
trip_890_3,890,WEEKDAY,Suncity,0
trip_890_4,890,WEEKDAY,Suncity,0
trip_890_5,890,WEEKDAY,Suncity,0
trip_890_6,890,WEEKDAY,Suncity,0
trip_890_7,890,WEEKDAY,Suncity,0
trip_890_8,890,WEEKDAY,Suncity,0
trip_890_9,890,WEEKDAY,Suncity,0
trip_890_10,890,WEEKDAY,Suncity,0
trip_890_11,890,WEEKDAY,Suncity,0
trip_890_12,890,WEEKDAY,Suncity,0
trip_890_13,890,WEEKDAY,Suncity,0
trip_890_14,890,WEEKDAY,Suncity,0
trip_890_15,890,WEEKDAY,Suncity,0
trip_890_16,890,WEEKDAY,Suncity,0
trip_890_17,890,WEEKDAY,Suncity,0
trip_890_18,890,WEEKDAY,Suncity,0
trip_890_19,890,WEEKDAY,Suncity,0
trip_890_20,890,WEEKDAY,Suncity,0
trip_890_21,890,WEEKDAY,Suncity,0
trip_890_22,890,WEEKDAY,Suncity,0
trip_890_23,890,WEEKDAY,Suncity,0
trip_890_24,890,WEEKDAY,Suncity,0
trip_890_25,890,WEEKDAY,Suncity,0
trip_890_26,890,WEEKDAY,Suncity,0
trip_877_0,877,WEEKDAY,Dsk Vishwa,1
trip_876_0,876,WEEKDAY,Shivaji Nagar,0
trip_877_1,877,WEEKDAY,Dsk Vishwa,1
trip_877_2,877,WEEKDAY,Dsk Vishwa,1
trip_877_3,877,WEEKDAY,Dsk Vishwa,1
trip_877_4,877,WEEKDAY,Dsk Vishwa,1
trip_876_1,876,WEEKDAY,Shivaji Nagar,0
trip_877_5,877,WEEKDAY,Dsk Vishwa,1
trip_876_2,876,WEEKDAY,Shivaji Nagar,0
trip_876_3,876,WEEKDAY,Shivaji Nagar,0
trip_877_6,877,WEEKDAY,Dsk Vishwa,1
trip_876_4,876,WEEKDAY,Shivaji Nagar,0
trip_877_7,877,WEEKDAY,Dsk Vishwa,1
trip_876_5,876,WEEKDAY,Shivaji Nagar,0
trip_877_8,877,WEEKDAY,Dsk Vishwa,1
trip_877_9,877,WEEKDAY,Dsk Vishwa,1
trip_876_6,876,WEEKDAY,Shivaji Nagar,0
trip_877_10,877,WEEKDAY,Dsk Vishwa,1
trip_876_7,876,WEEKDAY,Shivaji Nagar,0
trip_877_11,877,WEEKDAY,Dsk Vishwa,1
trip_876_8,876,WEEKDAY,Shivaji Nagar,0
trip_877_12,877,WEEKDAY,Dsk Vishwa,1
trip_876_9,876,WEEKDAY,Shivaji Nagar,0
trip_877_13,877,WEEKDAY,Dsk Vishwa,1
trip_876_10,876,WEEKDAY,Shivaji Nagar,0
trip_877_14,877,WEEKDAY,Dsk Vishwa,1
trip_876_11,876,WEEKDAY,Shivaji Nagar,0
trip_877_15,877,WEEKDAY,Dsk Vishwa,1
trip_876_12,876,WEEKDAY,Shivaji Nagar,0
trip_877_16,877,WEEKDAY,Dsk Vishwa,1
trip_876_13,876,WEEKDAY,Shivaji Nagar,0
trip_877_17,877,WEEKDAY,Dsk Vishwa,1
trip_876_14,876,WEEKDAY,Shivaji Nagar,0
trip_877_18,877,WEEKDAY,Dsk Vishwa,1
trip_876_15,876,WEEKDAY,Shivaji Nagar,0
trip_877_19,877,WEEKDAY,Dsk Vishwa,1
trip_876_16,876,WEEKDAY,Shivaji Nagar,0
trip_877_20,877,WEEKDAY,Dsk Vishwa,1
trip_876_17,876,WEEKDAY,Shivaji Nagar,0
trip_877_21,877,WEEKDAY,Dsk Vishwa,1
trip_876_18,876,WEEKDAY,Shivaji Nagar,0
trip_877_22,877,WEEKDAY,Dsk Vishwa,1
trip_876_19,876,WEEKDAY,Shivaji Nagar,0
trip_877_23,877,WEEKDAY,Dsk Vishwa,1
trip_876_20,876,WEEKDAY,Shivaji Nagar,0
trip_877_24,877,WEEKDAY,Dsk Vishwa,1
trip_876_21,876,WEEKDAY,Shivaji Nagar,0
trip_877_25,877,WEEKDAY,Dsk Vishwa,1
trip_876_22,876,WEEKDAY,Shivaji Nagar,0
trip_877_26,877,WEEKDAY,Dsk Vishwa,1
trip_876_23,876,WEEKDAY,Shivaji Nagar,0
trip_877_27,877,WEEKDAY,Dsk Vishwa,1
trip_876_24,876,WEEKDAY,Shivaji Nagar,0
trip_877_28,877,WEEKDAY,Dsk Vishwa,1
trip_876_25,876,WEEKDAY,Shivaji Nagar,0
trip_877_29,877,WEEKDAY,Dsk Vishwa,1
trip_876_26,876,WEEKDAY,Shivaji Nagar,0
trip_877_30,877,WEEKDAY,Dsk Vishwa,1
trip_876_27,876,WEEKDAY,Shivaji Nagar,0
trip_877_31,877,WEEKDAY,Dsk Vishwa,1
trip_876_28,876,WEEKDAY,Shivaji Nagar,0
trip_877_32,877,WEEKDAY,Dsk Vishwa,1
trip_876_29,876,WEEKDAY,Shivaji Nagar,0
trip_877_33,877,WEEKDAY,Dsk Vishwa,1
trip_876_30,876,WEEKDAY,Shivaji Nagar,0
trip_877_34,877,WEEKDAY,Dsk Vishwa,1
trip_876_31,876,WEEKDAY,Shivaji Nagar,0
trip_877_35,877,WEEKDAY,Dsk Vishwa,1
trip_876_32,876,WEEKDAY,Shivaji Nagar,0
trip_877_36,877,WEEKDAY,Dsk Vishwa,1
trip_891_0,891,WEEKDAY,Shanipar Stand,1
trip_891_1,891,WEEKDAY,Shanipar Stand,1
trip_891_2,891,WEEKDAY,Shanipar Stand,1
trip_891_3,891,WEEKDAY,Shanipar Stand,1
trip_891_4,891,WEEKDAY,Shanipar Stand,1
trip_891_5,891,WEEKDAY,Shanipar Stand,1
trip_891_6,891,WEEKDAY,Shanipar Stand,1
trip_891_7,891,WEEKDAY,Shanipar Stand,1
trip_891_8,891,WEEKDAY,Shanipar Stand,1
trip_891_9,891,WEEKDAY,Shanipar Stand,1
trip_891_10,891,WEEKDAY,Shanipar Stand,1
trip_891_11,891,WEEKDAY,Shanipar Stand,1
trip_891_12,891,WEEKDAY,Shanipar Stand,1
trip_891_13,891,WEEKDAY,Shanipar Stand,1
trip_891_14,891,WEEKDAY,Shanipar Stand,1
trip_891_15,891,WEEKDAY,Shanipar Stand,1
trip_891_16,891,WEEKDAY,Shanipar Stand,1
trip_891_17,891,WEEKDAY,Shanipar Stand,1
trip_891_18,891,WEEKDAY,Shanipar Stand,1
trip_891_19,891,WEEKDAY,Shanipar Stand,1
trip_891_20,891,WEEKDAY,Shanipar Stand,1
trip_891_21,891,WEEKDAY,Shanipar Stand,1
trip_891_22,891,WEEKDAY,Shanipar Stand,1
trip_891_23,891,WEEKDAY,Shanipar Stand,1
trip_891_24,891,WEEKDAY,Shanipar Stand,1
trip_891_25,891,WEEKDAY,Shanipar Stand,1
trip_891_26,891,WEEKDAY,Shanipar Stand,1
trip_896_0,896,WEEKDAY,Shanipar Stand,0
trip_866_0,866,WEEKDAY,Shaniwarwada Stand,0
trip_896_1,896,WEEKDAY,Shanipar Stand,0
trip_896_2,896,WEEKDAY,Shanipar Stand,0
trip_896_3,896,WEEKDAY,Shanipar Stand,0
trip_896_4,896,WEEKDAY,Shanipar Stand,0
trip_896_5,896,WEEKDAY,Shanipar Stand,0
trip_896_6,896,WEEKDAY,Shanipar Stand,0
trip_896_7,896,WEEKDAY,Shanipar Stand,0
trip_896_8,896,WEEKDAY,Shanipar Stand,0
trip_896_9,896,WEEKDAY,Shanipar Stand,0
trip_896_10,896,WEEKDAY,Shanipar Stand,0
trip_896_11,896,WEEKDAY,Shanipar Stand,0
trip_896_12,896,WEEKDAY,Shanipar Stand,0
trip_896_13,896,WEEKDAY,Shanipar Stand,0
trip_896_14,896,WEEKDAY,Shanipar Stand,0
trip_896_15,896,WEEKDAY,Shanipar Stand,0
trip_896_16,896,WEEKDAY,Shanipar Stand,0
trip_896_17,896,WEEKDAY,Shanipar Stand,0
trip_896_18,896,WEEKDAY,Shanipar Stand,0
trip_896_19,896,WEEKDAY,Shanipar Stand,0
trip_896_20,896,WEEKDAY,Shanipar Stand,0
trip_896_21,896,WEEKDAY,Shanipar Stand,0
trip_896_22,896,WEEKDAY,Shanipar Stand,0
trip_896_23,896,WEEKDAY,Shanipar Stand,0
trip_896_24,896,WEEKDAY,Shanipar Stand,0
trip_896_25,896,WEEKDAY,Shanipar Stand,0
trip_896_26,896,WEEKDAY,Shanipar Stand,0
trip_896_27,896,WEEKDAY,Shanipar Stand,0
trip_896_28,896,WEEKDAY,Shanipar Stand,0
trip_896_29,896,WEEKDAY,Shanipar Stand,0
trip_896_30,896,WEEKDAY,Shanipar Stand,0
trip_896_31,896,WEEKDAY,Shanipar Stand,0
trip_896_32,896,WEEKDAY,Shanipar Stand,0
trip_896_33,896,WEEKDAY,Shanipar Stand,0
trip_896_34,896,WEEKDAY,Shanipar Stand,0
trip_896_35,896,WEEKDAY,Shanipar Stand,0
trip_896_36,896,WEEKDAY,Shanipar Stand,0
trip_896_37,896,WEEKDAY,Shanipar Stand,0
trip_896_38,896,WEEKDAY,Shanipar Stand,0
trip_896_39,896,WEEKDAY,Shanipar Stand,0
trip_896_40,896,WEEKDAY,Shanipar Stand,0
trip_896_41,896,WEEKDAY,Shanipar Stand,0
trip_866_1,866,WEEKDAY,Shaniwarwada Stand,0
trip_896_42,896,WEEKDAY,Shanipar Stand,0
trip_896_43,896,WEEKDAY,Shanipar Stand,0
trip_866_2,866,WEEKDAY,Shaniwarwada Stand,0
trip_896_44,896,WEEKDAY,Shanipar Stand,0
trip_896_45,896,WEEKDAY,Shanipar Stand,0
trip_866_3,866,WEEKDAY,Shaniwarwada Stand,0
trip_896_46,896,WEEKDAY,Shanipar Stand,0
trip_866_4,866,WEEKDAY,Shaniwarwada Stand,0
trip_896_47,896,WEEKDAY,Shanipar Stand,0
trip_866_5,866,WEEKDAY,Shaniwarwada Stand,0
trip_866_6,866,WEEKDAY,Shaniwarwada Stand,0
trip_866_7,866,WEEKDAY,Shaniwarwada Stand,0
trip_866_8,866,WEEKDAY,Shaniwarwada Stand,0
trip_873_0,873,WEEKDAY,Sinhgad,1
trip_866_9,866,WEEKDAY,Shaniwarwada Stand,0
trip_866_10,866,WEEKDAY,Shaniwarwada Stand,0
trip_866_11,866,WEEKDAY,Shaniwarwada Stand,0
trip_866_12,866,WEEKDAY,Shaniwarwada Stand,0
trip_866_13,866,WEEKDAY,Shaniwarwada Stand,0
trip_866_14,866,WEEKDAY,Shaniwarwada Stand,0
trip_866_15,866,WEEKDAY,Shaniwarwada Stand,0
trip_866_16,866,WEEKDAY,Shaniwarwada Stand,0
trip_866_17,866,WEEKDAY,Shaniwarwada Stand,0
trip_866_18,866,WEEKDAY,Shaniwarwada Stand,0
trip_866_19,866,WEEKDAY,Shaniwarwada Stand,0
trip_873_1,873,WEEKDAY,Sinhgad,1
trip_873_2,873,WEEKDAY,Sinhgad,1
trip_873_3,873,WEEKDAY,Sinhgad,1
trip_873_4,873,WEEKDAY,Sinhgad,1
trip_873_5,873,WEEKDAY,Sinhgad,1
trip_873_6,873,WEEKDAY,Sinhgad,1
trip_873_7,873,WEEKDAY,Sinhgad,1
trip_873_8,873,WEEKDAY,Sinhgad,1
trip_873_9,873,WEEKDAY,Sinhgad,1
trip_873_10,873,WEEKDAY,Sinhgad,1
trip_873_11,873,WEEKDAY,Sinhgad,1
trip_873_12,873,WEEKDAY,Sinhgad,1
trip_873_13,873,WEEKDAY,Sinhgad,1
trip_873_14,873,WEEKDAY,Sinhgad,1
trip_873_15,873,WEEKDAY,Sinhgad,1
trip_873_16,873,WEEKDAY,Sinhgad,1
trip_887_0,887,WEEKDAY,Manerwadi Phata Khanapur,1
trip_897_0,897,WEEKDAY,Gokhale Nagar Police Line,1
trip_897_1,897,WEEKDAY,Gokhale Nagar Police Line,1
trip_897_2,897,WEEKDAY,Gokhale Nagar Police Line,1
trip_897_3,897,WEEKDAY,Gokhale Nagar Police Line,1
trip_897_4,897,WEEKDAY,Gokhale Nagar Police Line,1
trip_897_5,897,WEEKDAY,Gokhale Nagar Police Line,1
trip_897_6,897,WEEKDAY,Gokhale Nagar Police Line,1
trip_897_7,897,WEEKDAY,Gokhale Nagar Police Line,1
trip_897_8,897,WEEKDAY,Gokhale Nagar Police Line,1
trip_885_0,885,WEEKDAY,Swargate,0
trip_897_9,897,WEEKDAY,Gokhale Nagar Police Line,1
trip_897_10,897,WEEKDAY,Gokhale Nagar Police Line,1
trip_897_11,897,WEEKDAY,Gokhale Nagar Police Line,1
trip_897_12,897,WEEKDAY,Gokhale Nagar Police Line,1
trip_897_13,897,WEEKDAY,Gokhale Nagar Police Line,1
trip_897_14,897,WEEKDAY,Gokhale Nagar Police Line,1
trip_897_15,897,WEEKDAY,Gokhale Nagar Police Line,1
trip_897_16,897,WEEKDAY,Gokhale Nagar Police Line,1
trip_897_17,897,WEEKDAY,Gokhale Nagar Police Line,1
trip_897_18,897,WEEKDAY,Gokhale Nagar Police Line,1
trip_897_19,897,WEEKDAY,Gokhale Nagar Police Line,1
trip_897_20,897,WEEKDAY,Gokhale Nagar Police Line,1
trip_897_21,897,WEEKDAY,Gokhale Nagar Police Line,1
trip_897_22,897,WEEKDAY,Gokhale Nagar Police Line,1
trip_897_23,897,WEEKDAY,Gokhale Nagar Police Line,1
trip_897_24,897,WEEKDAY,Gokhale Nagar Police Line,1
trip_897_25,897,WEEKDAY,Gokhale Nagar Police Line,1
trip_897_26,897,WEEKDAY,Gokhale Nagar Police Line,1
trip_887_1,887,WEEKDAY,Manerwadi Phata Khanapur,1
trip_897_27,897,WEEKDAY,Gokhale Nagar Police Line,1
trip_887_2,887,WEEKDAY,Manerwadi Phata Khanapur,1
trip_897_28,897,WEEKDAY,Gokhale Nagar Police Line,1
trip_897_29,897,WEEKDAY,Gokhale Nagar Police Line,1
trip_887_3,887,WEEKDAY,Manerwadi Phata Khanapur,1
trip_897_30,897,WEEKDAY,Gokhale Nagar Police Line,1
trip_887_4,887,WEEKDAY,Manerwadi Phata Khanapur,1
trip_897_31,897,WEEKDAY,Gokhale Nagar Police Line,1
trip_897_32,897,WEEKDAY,Gokhale Nagar Police Line,1
trip_887_5,887,WEEKDAY,Manerwadi Phata Khanapur,1
trip_897_33,897,WEEKDAY,Gokhale Nagar Police Line,1
trip_887_6,887,WEEKDAY,Manerwadi Phata Khanapur,1
trip_897_34,897,WEEKDAY,Gokhale Nagar Police Line,1
trip_897_35,897,WEEKDAY,Gokhale Nagar Police Line,1
trip_887_7,887,WEEKDAY,Manerwadi Phata Khanapur,1
trip_897_36,897,WEEKDAY,Gokhale Nagar Police Line,1
trip_887_8,887,WEEKDAY,Manerwadi Phata Khanapur,1
trip_897_37,897,WEEKDAY,Gokhale Nagar Police Line,1
trip_897_38,897,WEEKDAY,Gokhale Nagar Police Line,1
trip_887_9,887,WEEKDAY,Manerwadi Phata Khanapur,1
trip_897_39,897,WEEKDAY,Gokhale Nagar Police Line,1
trip_897_40,897,WEEKDAY,Gokhale Nagar Police Line,1
trip_887_10,887,WEEKDAY,Manerwadi Phata Khanapur,1
trip_897_41,897,WEEKDAY,Gokhale Nagar Police Line,1
trip_887_11,887,WEEKDAY,Manerwadi Phata Khanapur,1
trip_897_42,897,WEEKDAY,Gokhale Nagar Police Line,1
trip_897_43,897,WEEKDAY,Gokhale Nagar Police Line,1
trip_887_12,887,WEEKDAY,Manerwadi Phata Khanapur,1
trip_897_44,897,WEEKDAY,Gokhale Nagar Police Line,1
trip_897_45,897,WEEKDAY,Gokhale Nagar Police Line,1
trip_887_13,887,WEEKDAY,Manerwadi Phata Khanapur,1
trip_897_46,897,WEEKDAY,Gokhale Nagar Police Line,1
trip_887_14,887,WEEKDAY,Manerwadi Phata Khanapur,1
trip_897_47,897,WEEKDAY,Gokhale Nagar Police Line,1
trip_897_48,897,WEEKDAY,Gokhale Nagar Police Line,1
trip_887_15,887,WEEKDAY,Manerwadi Phata Khanapur,1
trip_887_16,887,WEEKDAY,Manerwadi Phata Khanapur,1
trip_887_17,887,WEEKDAY,Manerwadi Phata Khanapur,1
trip_885_1,885,WEEKDAY,Swargate,0
trip_885_2,885,WEEKDAY,Swargate,0
trip_887_18,887,WEEKDAY,Manerwadi Phata Khanapur,1
trip_885_3,885,WEEKDAY,Swargate,0
trip_887_19,887,WEEKDAY,Manerwadi Phata Khanapur,1
trip_885_4,885,WEEKDAY,Swargate,0
trip_887_20,887,WEEKDAY,Manerwadi Phata Khanapur,1
trip_885_5,885,WEEKDAY,Swargate,0
trip_887_21,887,WEEKDAY,Manerwadi Phata Khanapur,1
trip_887_22,887,WEEKDAY,Manerwadi Phata Khanapur,1
trip_885_6,885,WEEKDAY,Swargate,0
trip_885_7,885,WEEKDAY,Swargate,0
trip_887_23,887,WEEKDAY,Manerwadi Phata Khanapur,1
trip_885_8,885,WEEKDAY,Swargate,0
trip_887_24,887,WEEKDAY,Manerwadi Phata Khanapur,1
trip_885_9,885,WEEKDAY,Swargate,0
trip_887_25,887,WEEKDAY,Manerwadi Phata Khanapur,1
trip_885_10,885,WEEKDAY,Swargate,0
trip_887_26,887,WEEKDAY,Manerwadi Phata Khanapur,1
trip_885_11,885,WEEKDAY,Swargate,0
trip_887_27,887,WEEKDAY,Manerwadi Phata Khanapur,1
trip_885_12,885,WEEKDAY,Swargate,0
trip_887_28,887,WEEKDAY,Manerwadi Phata Khanapur,1
trip_885_13,885,WEEKDAY,Swargate,0
trip_887_29,887,WEEKDAY,Manerwadi Phata Khanapur,1
trip_885_14,885,WEEKDAY,Swargate,0
trip_887_30,887,WEEKDAY,Manerwadi Phata Khanapur,1
trip_885_15,885,WEEKDAY,Swargate,0
trip_887_31,887,WEEKDAY,Manerwadi Phata Khanapur,1
trip_885_16,885,WEEKDAY,Swargate,0
trip_885_17,885,WEEKDAY,Swargate,0
trip_885_18,885,WEEKDAY,Swargate,0
trip_885_19,885,WEEKDAY,Swargate,0
trip_885_20,885,WEEKDAY,Swargate,0
trip_885_21,885,WEEKDAY,Swargate,0
trip_885_22,885,WEEKDAY,Swargate,0
trip_885_23,885,WEEKDAY,Swargate,0
trip_885_24,885,WEEKDAY,Swargate,0
trip_885_25,885,WEEKDAY,Swargate,0
trip_885_26,885,WEEKDAY,Swargate,0
trip_885_27,885,WEEKDAY,Swargate,0
trip_885_28,885,WEEKDAY,Swargate,0
trip_885_29,885,WEEKDAY,Swargate,0
trip_885_30,885,WEEKDAY,Swargate,0
trip_894_0,894,WEEKDAY,Pune Station Jayprakash Stand,0
trip_894_1,894,WEEKDAY,Pune Station Jayprakash Stand,0
trip_894_2,894,WEEKDAY,Pune Station Jayprakash Stand,0
trip_894_3,894,WEEKDAY,Pune Station Jayprakash Stand,0
trip_894_4,894,WEEKDAY,Pune Station Jayprakash Stand,0
trip_894_5,894,WEEKDAY,Pune Station Jayprakash Stand,0
trip_894_6,894,WEEKDAY,Pune Station Jayprakash Stand,0
trip_894_7,894,WEEKDAY,Pune Station Jayprakash Stand,0
trip_894_8,894,WEEKDAY,Pune Station Jayprakash Stand,0
trip_898_0,898,WEEKDAY,Shanipar Stand,0
trip_894_9,894,WEEKDAY,Pune Station Jayprakash Stand,0
trip_894_10,894,WEEKDAY,Pune Station Jayprakash Stand,0
trip_894_11,894,WEEKDAY,Pune Station Jayprakash Stand,0
trip_894_12,894,WEEKDAY,Pune Station Jayprakash Stand,0
trip_894_13,894,WEEKDAY,Pune Station Jayprakash Stand,0
trip_895_0,895,WEEKDAY,Vadgaon Budruk Stand,1
trip_898_1,898,WEEKDAY,Shanipar Stand,0
trip_898_2,898,WEEKDAY,Shanipar Stand,0
trip_898_3,898,WEEKDAY,Shanipar Stand,0
trip_898_4,898,WEEKDAY,Shanipar Stand,0
trip_898_5,898,WEEKDAY,Shanipar Stand,0
trip_898_6,898,WEEKDAY,Shanipar Stand,0
trip_898_7,898,WEEKDAY,Shanipar Stand,0
trip_898_8,898,WEEKDAY,Shanipar Stand,0
trip_898_9,898,WEEKDAY,Shanipar Stand,0
trip_898_10,898,WEEKDAY,Shanipar Stand,0
trip_898_11,898,WEEKDAY,Shanipar Stand,0
trip_898_12,898,WEEKDAY,Shanipar Stand,0
trip_898_13,898,WEEKDAY,Shanipar Stand,0
trip_898_14,898,WEEKDAY,Shanipar Stand,0
trip_898_15,898,WEEKDAY,Shanipar Stand,0
trip_898_16,898,WEEKDAY,Shanipar Stand,0
trip_898_17,898,WEEKDAY,Shanipar Stand,0
trip_898_18,898,WEEKDAY,Shanipar Stand,0
trip_898_19,898,WEEKDAY,Shanipar Stand,0
trip_898_20,898,WEEKDAY,Shanipar Stand,0
trip_898_21,898,WEEKDAY,Shanipar Stand,0
trip_895_1,895,WEEKDAY,Vadgaon Budruk Stand,1
trip_898_22,898,WEEKDAY,Shanipar Stand,0
trip_895_2,895,WEEKDAY,Vadgaon Budruk Stand,1
trip_898_23,898,WEEKDAY,Shanipar Stand,0
trip_898_24,898,WEEKDAY,Shanipar Stand,0
trip_895_3,895,WEEKDAY,Vadgaon Budruk Stand,1
trip_898_25,898,WEEKDAY,Shanipar Stand,0
trip_895_4,895,WEEKDAY,Vadgaon Budruk Stand,1
trip_898_26,898,WEEKDAY,Shanipar Stand,0
trip_895_5,895,WEEKDAY,Vadgaon Budruk Stand,1
trip_898_27,898,WEEKDAY,Shanipar Stand,0
trip_898_28,898,WEEKDAY,Shanipar Stand,0
trip_895_6,895,WEEKDAY,Vadgaon Budruk Stand,1
trip_898_29,898,WEEKDAY,Shanipar Stand,0
trip_895_7,895,WEEKDAY,Vadgaon Budruk Stand,1
trip_898_30,898,WEEKDAY,Shanipar Stand,0
trip_895_8,895,WEEKDAY,Vadgaon Budruk Stand,1
trip_898_31,898,WEEKDAY,Shanipar Stand,0
trip_895_9,895,WEEKDAY,Vadgaon Budruk Stand,1
trip_898_32,898,WEEKDAY,Shanipar Stand,0
trip_898_33,898,WEEKDAY,Shanipar Stand,0
trip_895_10,895,WEEKDAY,Vadgaon Budruk Stand,1
trip_898_34,898,WEEKDAY,Shanipar Stand,0
trip_895_11,895,WEEKDAY,Vadgaon Budruk Stand,1
trip_898_35,898,WEEKDAY,Shanipar Stand,0
trip_895_12,895,WEEKDAY,Vadgaon Budruk Stand,1
trip_898_36,898,WEEKDAY,Shanipar Stand,0
trip_898_37,898,WEEKDAY,Shanipar Stand,0
trip_895_13,895,WEEKDAY,Vadgaon Budruk Stand,1
trip_898_38,898,WEEKDAY,Shanipar Stand,0
trip_895_14,895,WEEKDAY,Vadgaon Budruk Stand,1
trip_898_39,898,WEEKDAY,Shanipar Stand,0
trip_898_40,898,WEEKDAY,Shanipar Stand,0
trip_898_41,898,WEEKDAY,Shanipar Stand,0
trip_898_42,898,WEEKDAY,Shanipar Stand,0
trip_898_43,898,WEEKDAY,Shanipar Stand,0
trip_898_44,898,WEEKDAY,Shanipar Stand,0
trip_898_45,898,WEEKDAY,Shanipar Stand,0
trip_898_46,898,WEEKDAY,Shanipar Stand,0
trip_898_47,898,WEEKDAY,Shanipar Stand,0
trip_899_0,899,WEEKDAY,Niljyoti Society,1
trip_899_1,899,WEEKDAY,Niljyoti Society,1
trip_899_2,899,WEEKDAY,Niljyoti Society,1
trip_899_3,899,WEEKDAY,Niljyoti Society,1
trip_899_4,899,WEEKDAY,Niljyoti Society,1
trip_899_5,899,WEEKDAY,Niljyoti Society,1
trip_899_6,899,WEEKDAY,Niljyoti Society,1
trip_899_7,899,WEEKDAY,Niljyoti Society,1
trip_899_8,899,WEEKDAY,Niljyoti Society,1
trip_899_9,899,WEEKDAY,Niljyoti Society,1
trip_899_10,899,WEEKDAY,Niljyoti Society,1
trip_899_11,899,WEEKDAY,Niljyoti Society,1
trip_899_12,899,WEEKDAY,Niljyoti Society,1
trip_899_13,899,WEEKDAY,Niljyoti Society,1
trip_899_14,899,WEEKDAY,Niljyoti Society,1
trip_899_15,899,WEEKDAY,Niljyoti Society,1
trip_899_16,899,WEEKDAY,Niljyoti Society,1
trip_899_17,899,WEEKDAY,Niljyoti Society,1
trip_899_18,899,WEEKDAY,Niljyoti Society,1
trip_902_0,902,WEEKDAY,Swargate,0
trip_899_19,899,WEEKDAY,Niljyoti Society,1
trip_899_20,899,WEEKDAY,Niljyoti Society,1
trip_899_21,899,WEEKDAY,Niljyoti Society,1
trip_899_22,899,WEEKDAY,Niljyoti Society,1
trip_899_23,899,WEEKDAY,Niljyoti Society,1
trip_899_24,899,WEEKDAY,Niljyoti Society,1
trip_899_25,899,WEEKDAY,Niljyoti Society,1
trip_899_26,899,WEEKDAY,Niljyoti Society,1
trip_899_27,899,WEEKDAY,Niljyoti Society,1
trip_899_28,899,WEEKDAY,Niljyoti Society,1
trip_899_29,899,WEEKDAY,Niljyoti Society,1
trip_902_1,902,WEEKDAY,Swargate,0
trip_899_30,899,WEEKDAY,Niljyoti Society,1
trip_902_2,902,WEEKDAY,Swargate,0
trip_899_31,899,WEEKDAY,Niljyoti Society,1
trip_902_3,902,WEEKDAY,Swargate,0
trip_899_32,899,WEEKDAY,Niljyoti Society,1
trip_902_4,902,WEEKDAY,Swargate,0
trip_899_33,899,WEEKDAY,Niljyoti Society,1
trip_902_5,902,WEEKDAY,Swargate,0
trip_899_34,899,WEEKDAY,Niljyoti Society,1
trip_902_6,902,WEEKDAY,Swargate,0
trip_899_35,899,WEEKDAY,Niljyoti Society,1
trip_902_7,902,WEEKDAY,Swargate,0
trip_899_36,899,WEEKDAY,Niljyoti Society,1
trip_902_8,902,WEEKDAY,Swargate,0
trip_899_37,899,WEEKDAY,Niljyoti Society,1
trip_902_9,902,WEEKDAY,Swargate,0
trip_902_10,902,WEEKDAY,Swargate,0
trip_899_38,899,WEEKDAY,Niljyoti Society,1
trip_902_11,902,WEEKDAY,Swargate,0
trip_899_39,899,WEEKDAY,Niljyoti Society,1
trip_902_12,902,WEEKDAY,Swargate,0
trip_899_40,899,WEEKDAY,Niljyoti Society,1
trip_902_13,902,WEEKDAY,Swargate,0
trip_899_41,899,WEEKDAY,Niljyoti Society,1
trip_902_14,902,WEEKDAY,Swargate,0
trip_899_42,899,WEEKDAY,Niljyoti Society,1
trip_902_15,902,WEEKDAY,Swargate,0
trip_899_43,899,WEEKDAY,Niljyoti Society,1
trip_902_16,902,WEEKDAY,Swargate,0
trip_899_44,899,WEEKDAY,Niljyoti Society,1
trip_902_17,902,WEEKDAY,Swargate,0
trip_899_45,899,WEEKDAY,Niljyoti Society,1
trip_902_18,902,WEEKDAY,Swargate,0
trip_899_46,899,WEEKDAY,Niljyoti Society,1
trip_902_19,902,WEEKDAY,Swargate,0
trip_899_47,899,WEEKDAY,Niljyoti Society,1
trip_902_20,902,WEEKDAY,Swargate,0
trip_902_21,902,WEEKDAY,Swargate,0
trip_902_22,902,WEEKDAY,Swargate,0
trip_902_23,902,WEEKDAY,Swargate,0
trip_902_24,902,WEEKDAY,Swargate,0
trip_902_25,902,WEEKDAY,Swargate,0
trip_902_26,902,WEEKDAY,Swargate,0
trip_902_27,902,WEEKDAY,Swargate,0
trip_902_28,902,WEEKDAY,Swargate,0
trip_902_29,902,WEEKDAY,Swargate,0
trip_902_30,902,WEEKDAY,Swargate,0
trip_902_31,902,WEEKDAY,Swargate,0
trip_902_32,902,WEEKDAY,Swargate,0
trip_902_33,902,WEEKDAY,Swargate,0
trip_903_0,903,WEEKDAY,Pune Station Moledina Stand,1
trip_902_34,902,WEEKDAY,Swargate,0
trip_902_35,902,WEEKDAY,Swargate,0
trip_902_36,902,WEEKDAY,Swargate,0
trip_902_37,902,WEEKDAY,Swargate,0
trip_902_38,902,WEEKDAY,Swargate,0
trip_902_39,902,WEEKDAY,Swargate,0
trip_902_40,902,WEEKDAY,Swargate,0
trip_902_41,902,WEEKDAY,Swargate,0
trip_902_42,902,WEEKDAY,Swargate,0
trip_902_43,902,WEEKDAY,Swargate,0
trip_902_44,902,WEEKDAY,Swargate,0
trip_902_45,902,WEEKDAY,Swargate,0
trip_903_1,903,WEEKDAY,Pune Station Moledina Stand,1
trip_902_46,902,WEEKDAY,Swargate,0
trip_903_2,903,WEEKDAY,Pune Station Moledina Stand,1
trip_902_47,902,WEEKDAY,Swargate,0
trip_903_3,903,WEEKDAY,Pune Station Moledina Stand,1
trip_902_48,902,WEEKDAY,Swargate,0
trip_903_4,903,WEEKDAY,Pune Station Moledina Stand,1
trip_902_49,902,WEEKDAY,Swargate,0
trip_903_5,903,WEEKDAY,Pune Station Moledina Stand,1
trip_902_50,902,WEEKDAY,Swargate,0
trip_903_6,903,WEEKDAY,Pune Station Moledina Stand,1
trip_902_51,902,WEEKDAY,Swargate,0
trip_903_7,903,WEEKDAY,Pune Station Moledina Stand,1
trip_902_52,902,WEEKDAY,Swargate,0
trip_903_8,903,WEEKDAY,Pune Station Moledina Stand,1
trip_902_53,902,WEEKDAY,Swargate,0
trip_903_9,903,WEEKDAY,Pune Station Moledina Stand,1
trip_902_54,902,WEEKDAY,Swargate,0
trip_903_10,903,WEEKDAY,Pune Station Moledina Stand,1
trip_902_55,902,WEEKDAY,Swargate,0
trip_903_11,903,WEEKDAY,Pune Station Moledina Stand,1
trip_902_56,902,WEEKDAY,Swargate,0
trip_903_12,903,WEEKDAY,Pune Station Moledina Stand,1
trip_902_57,902,WEEKDAY,Swargate,0
trip_903_13,903,WEEKDAY,Pune Station Moledina Stand,1
trip_902_58,902,WEEKDAY,Swargate,0
trip_903_14,903,WEEKDAY,Pune Station Moledina Stand,1
trip_902_59,902,WEEKDAY,Swargate,0
trip_903_15,903,WEEKDAY,Pune Station Moledina Stand,1
trip_902_60,902,WEEKDAY,Swargate,0
trip_903_16,903,WEEKDAY,Pune Station Moledina Stand,1
trip_902_61,902,WEEKDAY,Swargate,0
trip_903_17,903,WEEKDAY,Pune Station Moledina Stand,1
trip_902_62,902,WEEKDAY,Swargate,0
trip_903_18,903,WEEKDAY,Pune Station Moledina Stand,1
trip_902_63,902,WEEKDAY,Swargate,0
trip_903_19,903,WEEKDAY,Pune Station Moledina Stand,1
trip_902_64,902,WEEKDAY,Swargate,0
trip_903_20,903,WEEKDAY,Pune Station Moledina Stand,1
trip_902_65,902,WEEKDAY,Swargate,0
trip_903_21,903,WEEKDAY,Pune Station Moledina Stand,1
trip_902_66,902,WEEKDAY,Swargate,0
trip_903_22,903,WEEKDAY,Pune Station Moledina Stand,1
trip_902_67,902,WEEKDAY,Swargate,0
trip_903_23,903,WEEKDAY,Pune Station Moledina Stand,1
trip_902_68,902,WEEKDAY,Swargate,0
trip_903_24,903,WEEKDAY,Pune Station Moledina Stand,1
trip_902_69,902,WEEKDAY,Swargate,0
trip_903_25,903,WEEKDAY,Pune Station Moledina Stand,1
trip_902_70,902,WEEKDAY,Swargate,0
trip_903_26,903,WEEKDAY,Pune Station Moledina Stand,1
trip_902_71,902,WEEKDAY,Swargate,0
trip_903_27,903,WEEKDAY,Pune Station Moledina Stand,1
trip_902_72,902,WEEKDAY,Swargate,0
trip_903_28,903,WEEKDAY,Pune Station Moledina Stand,1
trip_902_73,902,WEEKDAY,Swargate,0
trip_903_29,903,WEEKDAY,Pune Station Moledina Stand,1
trip_902_74,902,WEEKDAY,Swargate,0
trip_903_30,903,WEEKDAY,Pune Station Moledina Stand,1
trip_902_75,902,WEEKDAY,Swargate,0
trip_903_31,903,WEEKDAY,Pune Station Moledina Stand,1
trip_902_76,902,WEEKDAY,Swargate,0
trip_903_32,903,WEEKDAY,Pune Station Moledina Stand,1
trip_902_77,902,WEEKDAY,Swargate,0
trip_903_33,903,WEEKDAY,Pune Station Moledina Stand,1
trip_902_78,902,WEEKDAY,Swargate,0
trip_903_34,903,WEEKDAY,Pune Station Moledina Stand,1
trip_902_79,902,WEEKDAY,Swargate,0
trip_903_35,903,WEEKDAY,Pune Station Moledina Stand,1
trip_902_80,902,WEEKDAY,Swargate,0
trip_903_36,903,WEEKDAY,Pune Station Moledina Stand,1
trip_902_81,902,WEEKDAY,Swargate,0
trip_903_37,903,WEEKDAY,Pune Station Moledina Stand,1
trip_902_82,902,WEEKDAY,Swargate,0
trip_903_38,903,WEEKDAY,Pune Station Moledina Stand,1
trip_902_83,902,WEEKDAY,Swargate,0
trip_903_39,903,WEEKDAY,Pune Station Moledina Stand,1
trip_902_84,902,WEEKDAY,Swargate,0
trip_903_40,903,WEEKDAY,Pune Station Moledina Stand,1
trip_902_85,902,WEEKDAY,Swargate,0
trip_903_41,903,WEEKDAY,Pune Station Moledina Stand,1
trip_902_86,902,WEEKDAY,Swargate,0
trip_903_42,903,WEEKDAY,Pune Station Moledina Stand,1
trip_902_87,902,WEEKDAY,Swargate,0
trip_903_43,903,WEEKDAY,Pune Station Moledina Stand,1
trip_902_88,902,WEEKDAY,Swargate,0
trip_903_44,903,WEEKDAY,Pune Station Moledina Stand,1
trip_902_89,902,WEEKDAY,Swargate,0
trip_903_45,903,WEEKDAY,Pune Station Moledina Stand,1
trip_902_90,902,WEEKDAY,Swargate,0
trip_903_46,903,WEEKDAY,Pune Station Moledina Stand,1
trip_902_91,902,WEEKDAY,Swargate,0
trip_903_47,903,WEEKDAY,Pune Station Moledina Stand,1
trip_902_92,902,WEEKDAY,Swargate,0
trip_903_48,903,WEEKDAY,Pune Station Moledina Stand,1
trip_902_93,902,WEEKDAY,Swargate,0
trip_903_49,903,WEEKDAY,Pune Station Moledina Stand,1
trip_902_94,902,WEEKDAY,Swargate,0
trip_903_50,903,WEEKDAY,Pune Station Moledina Stand,1
trip_902_95,902,WEEKDAY,Swargate,0
trip_903_51,903,WEEKDAY,Pune Station Moledina Stand,1
trip_902_96,902,WEEKDAY,Swargate,0
trip_903_52,903,WEEKDAY,Pune Station Moledina Stand,1
trip_902_97,902,WEEKDAY,Swargate,0
trip_903_53,903,WEEKDAY,Pune Station Moledina Stand,1
trip_902_98,902,WEEKDAY,Swargate,0
trip_903_54,903,WEEKDAY,Pune Station Moledina Stand,1
trip_902_99,902,WEEKDAY,Swargate,0
trip_903_55,903,WEEKDAY,Pune Station Moledina Stand,1
trip_902_100,902,WEEKDAY,Swargate,0
trip_903_56,903,WEEKDAY,Pune Station Moledina Stand,1
trip_902_101,902,WEEKDAY,Swargate,0
trip_903_57,903,WEEKDAY,Pune Station Moledina Stand,1
trip_902_102,902,WEEKDAY,Swargate,0
trip_903_58,903,WEEKDAY,Pune Station Moledina Stand,1
trip_902_103,902,WEEKDAY,Swargate,0
trip_903_59,903,WEEKDAY,Pune Station Moledina Stand,1
trip_902_104,902,WEEKDAY,Swargate,0
trip_903_60,903,WEEKDAY,Pune Station Moledina Stand,1
trip_903_61,903,WEEKDAY,Pune Station Moledina Stand,1
trip_902_105,902,WEEKDAY,Swargate,0
trip_903_62,903,WEEKDAY,Pune Station Moledina Stand,1
trip_902_106,902,WEEKDAY,Swargate,0
trip_903_63,903,WEEKDAY,Pune Station Moledina Stand,1
trip_902_107,902,WEEKDAY,Swargate,0
trip_903_64,903,WEEKDAY,Pune Station Moledina Stand,1
trip_902_108,902,WEEKDAY,Swargate,0
trip_903_65,903,WEEKDAY,Pune Station Moledina Stand,1
trip_902_109,902,WEEKDAY,Swargate,0
trip_903_66,903,WEEKDAY,Pune Station Moledina Stand,1
trip_902_110,902,WEEKDAY,Swargate,0
trip_903_67,903,WEEKDAY,Pune Station Moledina Stand,1
trip_902_111,902,WEEKDAY,Swargate,0
trip_903_68,903,WEEKDAY,Pune Station Moledina Stand,1
trip_902_112,902,WEEKDAY,Swargate,0
trip_903_69,903,WEEKDAY,Pune Station Moledina Stand,1
trip_902_113,902,WEEKDAY,Swargate,0
trip_903_70,903,WEEKDAY,Pune Station Moledina Stand,1
trip_902_114,902,WEEKDAY,Swargate,0
trip_903_71,903,WEEKDAY,Pune Station Moledina Stand,1
trip_902_115,902,WEEKDAY,Swargate,0
trip_903_72,903,WEEKDAY,Pune Station Moledina Stand,1
trip_902_116,902,WEEKDAY,Swargate,0
trip_902_117,902,WEEKDAY,Swargate,0
trip_903_73,903,WEEKDAY,Pune Station Moledina Stand,1
trip_902_118,902,WEEKDAY,Swargate,0
trip_903_74,903,WEEKDAY,Pune Station Moledina Stand,1
trip_902_119,902,WEEKDAY,Swargate,0
trip_903_75,903,WEEKDAY,Pune Station Moledina Stand,1
trip_902_120,902,WEEKDAY,Swargate,0
trip_903_76,903,WEEKDAY,Pune Station Moledina Stand,1
trip_902_121,902,WEEKDAY,Swargate,0
trip_903_77,903,WEEKDAY,Pune Station Moledina Stand,1
trip_902_122,902,WEEKDAY,Swargate,0
trip_903_78,903,WEEKDAY,Pune Station Moledina Stand,1
trip_902_123,902,WEEKDAY,Swargate,0
trip_903_79,903,WEEKDAY,Pune Station Moledina Stand,1
trip_902_124,902,WEEKDAY,Swargate,0
trip_903_80,903,WEEKDAY,Pune Station Moledina Stand,1
trip_902_125,902,WEEKDAY,Swargate,0
trip_903_81,903,WEEKDAY,Pune Station Moledina Stand,1
trip_902_126,902,WEEKDAY,Swargate,0
trip_903_82,903,WEEKDAY,Pune Station Moledina Stand,1
trip_902_127,902,WEEKDAY,Swargate,0
trip_903_83,903,WEEKDAY,Pune Station Moledina Stand,1
trip_902_128,902,WEEKDAY,Swargate,0
trip_903_84,903,WEEKDAY,Pune Station Moledina Stand,1
trip_902_129,902,WEEKDAY,Swargate,0
trip_903_85,903,WEEKDAY,Pune Station Moledina Stand,1
trip_902_130,902,WEEKDAY,Swargate,0
trip_903_86,903,WEEKDAY,Pune Station Moledina Stand,1
trip_902_131,902,WEEKDAY,Swargate,0
trip_903_87,903,WEEKDAY,Pune Station Moledina Stand,1
trip_902_132,902,WEEKDAY,Swargate,0
trip_903_88,903,WEEKDAY,Pune Station Moledina Stand,1
trip_902_133,902,WEEKDAY,Swargate,0
trip_903_89,903,WEEKDAY,Pune Station Moledina Stand,1
trip_902_134,902,WEEKDAY,Swargate,0
trip_903_90,903,WEEKDAY,Pune Station Moledina Stand,1
trip_902_135,902,WEEKDAY,Swargate,0
trip_903_91,903,WEEKDAY,Pune Station Moledina Stand,1
trip_902_136,902,WEEKDAY,Swargate,0
trip_903_92,903,WEEKDAY,Pune Station Moledina Stand,1
trip_902_137,902,WEEKDAY,Swargate,0
trip_903_93,903,WEEKDAY,Pune Station Moledina Stand,1
trip_902_138,902,WEEKDAY,Swargate,0
trip_903_94,903,WEEKDAY,Pune Station Moledina Stand,1
trip_902_139,902,WEEKDAY,Swargate,0
trip_903_95,903,WEEKDAY,Pune Station Moledina Stand,1
trip_903_96,903,WEEKDAY,Pune Station Moledina Stand,1
trip_903_97,903,WEEKDAY,Pune Station Moledina Stand,1
trip_903_98,903,WEEKDAY,Pune Station Moledina Stand,1
trip_903_99,903,WEEKDAY,Pune Station Moledina Stand,1
trip_903_100,903,WEEKDAY,Pune Station Moledina Stand,1
trip_903_101,903,WEEKDAY,Pune Station Moledina Stand,1
trip_903_102,903,WEEKDAY,Pune Station Moledina Stand,1
trip_903_103,903,WEEKDAY,Pune Station Moledina Stand,1
trip_903_104,903,WEEKDAY,Pune Station Moledina Stand,1
trip_903_105,903,WEEKDAY,Pune Station Moledina Stand,1
trip_903_106,903,WEEKDAY,Pune Station Moledina Stand,1
trip_903_107,903,WEEKDAY,Pune Station Moledina Stand,1
trip_903_108,903,WEEKDAY,Pune Station Moledina Stand,1
trip_903_109,903,WEEKDAY,Pune Station Moledina Stand,1
trip_903_110,903,WEEKDAY,Pune Station Moledina Stand,1
trip_903_111,903,WEEKDAY,Pune Station Moledina Stand,1
trip_903_112,903,WEEKDAY,Pune Station Moledina Stand,1
trip_903_113,903,WEEKDAY,Pune Station Moledina Stand,1
trip_903_114,903,WEEKDAY,Pune Station Moledina Stand,1
trip_903_115,903,WEEKDAY,Pune Station Moledina Stand,1
trip_903_116,903,WEEKDAY,Pune Station Moledina Stand,1
trip_903_117,903,WEEKDAY,Pune Station Moledina Stand,1
trip_903_118,903,WEEKDAY,Pune Station Moledina Stand,1
trip_903_119,903,WEEKDAY,Pune Station Moledina Stand,1
trip_903_120,903,WEEKDAY,Pune Station Moledina Stand,1
trip_903_121,903,WEEKDAY,Pune Station Moledina Stand,1
trip_903_122,903,WEEKDAY,Pune Station Moledina Stand,1
trip_903_123,903,WEEKDAY,Pune Station Moledina Stand,1
trip_903_124,903,WEEKDAY,Pune Station Moledina Stand,1
trip_903_125,903,WEEKDAY,Pune Station Moledina Stand,1
trip_903_126,903,WEEKDAY,Pune Station Moledina Stand,1
trip_903_127,903,WEEKDAY,Pune Station Moledina Stand,1
trip_903_128,903,WEEKDAY,Pune Station Moledina Stand,1
trip_903_129,903,WEEKDAY,Pune Station Moledina Stand,1
trip_903_130,903,WEEKDAY,Pune Station Moledina Stand,1
trip_903_131,903,WEEKDAY,Pune Station Moledina Stand,1
trip_903_132,903,WEEKDAY,Pune Station Moledina Stand,1
trip_903_133,903,WEEKDAY,Pune Station Moledina Stand,1
trip_903_134,903,WEEKDAY,Pune Station Moledina Stand,1
trip_903_135,903,WEEKDAY,Pune Station Moledina Stand,1
trip_903_136,903,WEEKDAY,Pune Station Moledina Stand,1
trip_903_137,903,WEEKDAY,Pune Station Moledina Stand,1
trip_903_138,903,WEEKDAY,Pune Station Moledina Stand,1
trip_903_139,903,WEEKDAY,Pune Station Moledina Stand,1
trip_878_0,878,WEEKDAY,Swargate,0
trip_879_0,879,WEEKDAY,Varasgaon Goradwadi,1
trip_878_1,878,WEEKDAY,Swargate,0
trip_878_2,878,WEEKDAY,Swargate,0
trip_878_3,878,WEEKDAY,Swargate,0
trip_878_4,878,WEEKDAY,Swargate,0
trip_878_5,878,WEEKDAY,Swargate,0
trip_879_1,879,WEEKDAY,Varasgaon Goradwadi,1
trip_878_6,878,WEEKDAY,Swargate,0
trip_879_2,879,WEEKDAY,Varasgaon Goradwadi,1
trip_879_3,879,WEEKDAY,Varasgaon Goradwadi,1
trip_879_4,879,WEEKDAY,Varasgaon Goradwadi,1
trip_879_5,879,WEEKDAY,Varasgaon Goradwadi,1
trip_905_0,905,WEEKDAY,Ghule Nagar Vadgaon Budruk,1
trip_879_6,879,WEEKDAY,Varasgaon Goradwadi,1
trip_904_0,904,WEEKDAY,Swargate,0
trip_905_1,905,WEEKDAY,Ghule Nagar Vadgaon Budruk,1
trip_905_2,905,WEEKDAY,Ghule Nagar Vadgaon Budruk,1
trip_905_3,905,WEEKDAY,Ghule Nagar Vadgaon Budruk,1
trip_904_1,904,WEEKDAY,Swargate,0
trip_904_2,904,WEEKDAY,Swargate,0
trip_904_3,904,WEEKDAY,Swargate,0
trip_911_0,911,WEEKDAY,Hadapsar Gadital,0
trip_912_0,912,WEEKDAY,Ganpati Matha,1
trip_910_0,910,WEEKDAY,Bhekrai Nagar,0
trip_910_1,910,WEEKDAY,Bhekrai Nagar,0
trip_910_2,910,WEEKDAY,Bhekrai Nagar,0
trip_910_3,910,WEEKDAY,Bhekrai Nagar,0
trip_910_4,910,WEEKDAY,Bhekrai Nagar,0
trip_910_5,910,WEEKDAY,Bhekrai Nagar,0
trip_910_6,910,WEEKDAY,Bhekrai Nagar,0
trip_910_7,910,WEEKDAY,Bhekrai Nagar,0
trip_910_8,910,WEEKDAY,Bhekrai Nagar,0
trip_910_9,910,WEEKDAY,Bhekrai Nagar,0
trip_910_10,910,WEEKDAY,Bhekrai Nagar,0
trip_910_11,910,WEEKDAY,Bhekrai Nagar,0
trip_910_12,910,WEEKDAY,Bhekrai Nagar,0
trip_910_13,910,WEEKDAY,Bhekrai Nagar,0
trip_910_14,910,WEEKDAY,Bhekrai Nagar,0
trip_910_15,910,WEEKDAY,Bhekrai Nagar,0
trip_910_16,910,WEEKDAY,Bhekrai Nagar,0
trip_910_17,910,WEEKDAY,Bhekrai Nagar,0
trip_910_18,910,WEEKDAY,Bhekrai Nagar,0
trip_910_19,910,WEEKDAY,Bhekrai Nagar,0
trip_910_20,910,WEEKDAY,Bhekrai Nagar,0
trip_910_21,910,WEEKDAY,Bhekrai Nagar,0
trip_910_22,910,WEEKDAY,Bhekrai Nagar,0
trip_910_23,910,WEEKDAY,Bhekrai Nagar,0
trip_910_24,910,WEEKDAY,Bhekrai Nagar,0
trip_910_25,910,WEEKDAY,Bhekrai Nagar,0
trip_910_26,910,WEEKDAY,Bhekrai Nagar,0
trip_910_27,910,WEEKDAY,Bhekrai Nagar,0
trip_910_28,910,WEEKDAY,Bhekrai Nagar,0
trip_910_29,910,WEEKDAY,Bhekrai Nagar,0
trip_910_30,910,WEEKDAY,Bhekrai Nagar,0
trip_910_31,910,WEEKDAY,Bhekrai Nagar,0
trip_910_32,910,WEEKDAY,Bhekrai Nagar,0
trip_910_33,910,WEEKDAY,Bhekrai Nagar,0
trip_910_34,910,WEEKDAY,Bhekrai Nagar,0
trip_910_35,910,WEEKDAY,Bhekrai Nagar,0
trip_910_36,910,WEEKDAY,Bhekrai Nagar,0
trip_910_37,910,WEEKDAY,Bhekrai Nagar,0
trip_910_38,910,WEEKDAY,Bhekrai Nagar,0
trip_910_39,910,WEEKDAY,Bhekrai Nagar,0
trip_910_40,910,WEEKDAY,Bhekrai Nagar,0
trip_910_41,910,WEEKDAY,Bhekrai Nagar,0
trip_910_42,910,WEEKDAY,Bhekrai Nagar,0
trip_910_43,910,WEEKDAY,Bhekrai Nagar,0
trip_910_44,910,WEEKDAY,Bhekrai Nagar,0
trip_910_45,910,WEEKDAY,Bhekrai Nagar,0
trip_910_46,910,WEEKDAY,Bhekrai Nagar,0
trip_910_47,910,WEEKDAY,Bhekrai Nagar,0
trip_910_48,910,WEEKDAY,Bhekrai Nagar,0
trip_910_49,910,WEEKDAY,Bhekrai Nagar,0
trip_910_50,910,WEEKDAY,Bhekrai Nagar,0
trip_910_51,910,WEEKDAY,Bhekrai Nagar,0
trip_910_52,910,WEEKDAY,Bhekrai Nagar,0
trip_910_53,910,WEEKDAY,Bhekrai Nagar,0
trip_910_54,910,WEEKDAY,Bhekrai Nagar,0
trip_910_55,910,WEEKDAY,Bhekrai Nagar,0
trip_910_56,910,WEEKDAY,Bhekrai Nagar,0
trip_910_57,910,WEEKDAY,Bhekrai Nagar,0
trip_910_58,910,WEEKDAY,Bhekrai Nagar,0
trip_910_59,910,WEEKDAY,Bhekrai Nagar,0
trip_906_0,906,WEEKDAY,Balaji Nagar Corner Satara Road,0
trip_906_1,906,WEEKDAY,Balaji Nagar Corner Satara Road,0
trip_913_0,913,WEEKDAY,Nda 10 No. Gate,1
trip_906_2,906,WEEKDAY,Balaji Nagar Corner Satara Road,0
trip_906_3,906,WEEKDAY,Balaji Nagar Corner Satara Road,0
trip_906_4,906,WEEKDAY,Balaji Nagar Corner Satara Road,0
trip_906_5,906,WEEKDAY,Balaji Nagar Corner Satara Road,0
trip_906_6,906,WEEKDAY,Balaji Nagar Corner Satara Road,0
trip_906_7,906,WEEKDAY,Balaji Nagar Corner Satara Road,0
trip_906_8,906,WEEKDAY,Balaji Nagar Corner Satara Road,0
trip_906_9,906,WEEKDAY,Balaji Nagar Corner Satara Road,0
trip_906_10,906,WEEKDAY,Balaji Nagar Corner Satara Road,0
trip_907_0,907,WEEKDAY,Sarola,1
trip_906_11,906,WEEKDAY,Balaji Nagar Corner Satara Road,0
trip_906_12,906,WEEKDAY,Balaji Nagar Corner Satara Road,0
trip_906_13,906,WEEKDAY,Balaji Nagar Corner Satara Road,0
trip_906_14,906,WEEKDAY,Balaji Nagar Corner Satara Road,0
trip_906_15,906,WEEKDAY,Balaji Nagar Corner Satara Road,0
trip_906_16,906,WEEKDAY,Balaji Nagar Corner Satara Road,0
trip_906_17,906,WEEKDAY,Balaji Nagar Corner Satara Road,0
trip_906_18,906,WEEKDAY,Balaji Nagar Corner Satara Road,0
trip_906_19,906,WEEKDAY,Balaji Nagar Corner Satara Road,0
trip_913_1,913,WEEKDAY,Nda 10 No. Gate,1
trip_913_2,913,WEEKDAY,Nda 10 No. Gate,1
trip_913_3,913,WEEKDAY,Nda 10 No. Gate,1
trip_913_4,913,WEEKDAY,Nda 10 No. Gate,1
trip_913_5,913,WEEKDAY,Nda 10 No. Gate,1
trip_913_6,913,WEEKDAY,Nda 10 No. Gate,1
trip_913_7,913,WEEKDAY,Nda 10 No. Gate,1
trip_907_1,907,WEEKDAY,Sarola,1
trip_913_8,913,WEEKDAY,Nda 10 No. Gate,1
trip_907_2,907,WEEKDAY,Sarola,1
trip_913_9,913,WEEKDAY,Nda 10 No. Gate,1
trip_907_3,907,WEEKDAY,Sarola,1
trip_913_10,913,WEEKDAY,Nda 10 No. Gate,1
trip_907_4,907,WEEKDAY,Sarola,1
trip_913_11,913,WEEKDAY,Nda 10 No. Gate,1
trip_907_5,907,WEEKDAY,Sarola,1
trip_913_12,913,WEEKDAY,Nda 10 No. Gate,1
trip_907_6,907,WEEKDAY,Sarola,1
trip_913_13,913,WEEKDAY,Nda 10 No. Gate,1
trip_907_7,907,WEEKDAY,Sarola,1
trip_913_14,913,WEEKDAY,Nda 10 No. Gate,1
trip_907_8,907,WEEKDAY,Sarola,1
trip_913_15,913,WEEKDAY,Nda 10 No. Gate,1
trip_907_9,907,WEEKDAY,Sarola,1
trip_913_16,913,WEEKDAY,Nda 10 No. Gate,1
trip_907_10,907,WEEKDAY,Sarola,1
trip_913_17,913,WEEKDAY,Nda 10 No. Gate,1
trip_907_11,907,WEEKDAY,Sarola,1
trip_913_18,913,WEEKDAY,Nda 10 No. Gate,1
trip_907_12,907,WEEKDAY,Sarola,1
trip_913_19,913,WEEKDAY,Nda 10 No. Gate,1
trip_907_13,907,WEEKDAY,Sarola,1
trip_913_20,913,WEEKDAY,Nda 10 No. Gate,1
trip_907_14,907,WEEKDAY,Sarola,1
trip_913_21,913,WEEKDAY,Nda 10 No. Gate,1
trip_907_15,907,WEEKDAY,Sarola,1
trip_913_22,913,WEEKDAY,Nda 10 No. Gate,1
trip_907_16,907,WEEKDAY,Sarola,1
trip_913_23,913,WEEKDAY,Nda 10 No. Gate,1
trip_907_17,907,WEEKDAY,Sarola,1
trip_907_18,907,WEEKDAY,Sarola,1
trip_913_24,913,WEEKDAY,Nda 10 No. Gate,1
trip_907_19,907,WEEKDAY,Sarola,1
trip_913_25,913,WEEKDAY,Nda 10 No. Gate,1
trip_913_26,913,WEEKDAY,Nda 10 No. Gate,1
trip_913_27,913,WEEKDAY,Nda 10 No. Gate,1
trip_913_28,913,WEEKDAY,Nda 10 No. Gate,1
trip_913_29,913,WEEKDAY,Nda 10 No. Gate,1
trip_913_30,913,WEEKDAY,Nda 10 No. Gate,1
trip_913_31,913,WEEKDAY,Nda 10 No. Gate,1
trip_913_32,913,WEEKDAY,Nda 10 No. Gate,1
trip_913_33,913,WEEKDAY,Nda 10 No. Gate,1
trip_913_34,913,WEEKDAY,Nda 10 No. Gate,1
trip_913_35,913,WEEKDAY,Nda 10 No. Gate,1
trip_913_36,913,WEEKDAY,Nda 10 No. Gate,1
trip_913_37,913,WEEKDAY,Nda 10 No. Gate,1
trip_913_38,913,WEEKDAY,Nda 10 No. Gate,1
trip_913_39,913,WEEKDAY,Nda 10 No. Gate,1
trip_913_40,913,WEEKDAY,Nda 10 No. Gate,1
trip_913_41,913,WEEKDAY,Nda 10 No. Gate,1
trip_913_42,913,WEEKDAY,Nda 10 No. Gate,1
trip_913_43,913,WEEKDAY,Nda 10 No. Gate,1
trip_913_44,913,WEEKDAY,Nda 10 No. Gate,1
trip_913_45,913,WEEKDAY,Nda 10 No. Gate,1
trip_913_46,913,WEEKDAY,Nda 10 No. Gate,1
trip_913_47,913,WEEKDAY,Nda 10 No. Gate,1
trip_913_48,913,WEEKDAY,Nda 10 No. Gate,1
trip_913_49,913,WEEKDAY,Nda 10 No. Gate,1
trip_913_50,913,WEEKDAY,Nda 10 No. Gate,1
trip_913_51,913,WEEKDAY,Nda 10 No. Gate,1
trip_913_52,913,WEEKDAY,Nda 10 No. Gate,1
trip_913_53,913,WEEKDAY,Nda 10 No. Gate,1
trip_913_54,913,WEEKDAY,Nda 10 No. Gate,1
trip_913_55,913,WEEKDAY,Nda 10 No. Gate,1
trip_913_56,913,WEEKDAY,Nda 10 No. Gate,1
trip_913_57,913,WEEKDAY,Nda 10 No. Gate,1
trip_913_58,913,WEEKDAY,Nda 10 No. Gate,1
trip_920_0,920,WEEKDAY,Marketyard Depot,0
trip_920_1,920,WEEKDAY,Marketyard Depot,0
trip_920_2,920,WEEKDAY,Marketyard Depot,0
trip_921_0,921,WEEKDAY,Thakarwadi,1
trip_921_1,921,WEEKDAY,Thakarwadi,1
trip_921_2,921,WEEKDAY,Thakarwadi,1
trip_930_0,930,WEEKDAY,Sutardara,0
trip_930_1,930,WEEKDAY,Sutardara,0
trip_931_0,931,WEEKDAY,Upper Depot,1
trip_922_0,922,WEEKDAY,Swargate,0
trip_931_1,931,WEEKDAY,Upper Depot,1
trip_922_1,922,WEEKDAY,Swargate,0
trip_922_2,922,WEEKDAY,Swargate,0
trip_922_3,922,WEEKDAY,Swargate,0
trip_922_4,922,WEEKDAY,Swargate,0
trip_922_5,922,WEEKDAY,Swargate,0
trip_922_6,922,WEEKDAY,Swargate,0
trip_927_0,927,WEEKDAY,Hadapsar Gadital Solapur Road,0
trip_929_0,929,WEEKDAY,Uruli Kanchan,1
trip_923_0,923,WEEKDAY,Uruli Kanchan,1
trip_927_1,927,WEEKDAY,Hadapsar Gadital Solapur Road,0
trip_927_2,927,WEEKDAY,Hadapsar Gadital Solapur Road,0
trip_927_3,927,WEEKDAY,Hadapsar Gadital Solapur Road,0
trip_927_4,927,WEEKDAY,Hadapsar Gadital Solapur Road,0
trip_927_5,927,WEEKDAY,Hadapsar Gadital Solapur Road,0
trip_927_6,927,WEEKDAY,Hadapsar Gadital Solapur Road,0
trip_927_7,927,WEEKDAY,Hadapsar Gadital Solapur Road,0
trip_927_8,927,WEEKDAY,Hadapsar Gadital Solapur Road,0
trip_927_9,927,WEEKDAY,Hadapsar Gadital Solapur Road,0
trip_927_10,927,WEEKDAY,Hadapsar Gadital Solapur Road,0
trip_927_11,927,WEEKDAY,Hadapsar Gadital Solapur Road,0
trip_927_12,927,WEEKDAY,Hadapsar Gadital Solapur Road,0
trip_927_13,927,WEEKDAY,Hadapsar Gadital Solapur Road,0
trip_927_14,927,WEEKDAY,Hadapsar Gadital Solapur Road,0
trip_927_15,927,WEEKDAY,Hadapsar Gadital Solapur Road,0
trip_927_16,927,WEEKDAY,Hadapsar Gadital Solapur Road,0
trip_927_17,927,WEEKDAY,Hadapsar Gadital Solapur Road,0
trip_927_18,927,WEEKDAY,Hadapsar Gadital Solapur Road,0
trip_929_1,929,WEEKDAY,Uruli Kanchan,1
trip_927_19,927,WEEKDAY,Hadapsar Gadital Solapur Road,0
trip_929_2,929,WEEKDAY,Uruli Kanchan,1
trip_927_20,927,WEEKDAY,Hadapsar Gadital Solapur Road,0
trip_929_3,929,WEEKDAY,Uruli Kanchan,1
trip_927_21,927,WEEKDAY,Hadapsar Gadital Solapur Road,0
trip_929_4,929,WEEKDAY,Uruli Kanchan,1
trip_927_22,927,WEEKDAY,Hadapsar Gadital Solapur Road,0
trip_929_5,929,WEEKDAY,Uruli Kanchan,1
trip_927_23,927,WEEKDAY,Hadapsar Gadital Solapur Road,0
trip_929_6,929,WEEKDAY,Uruli Kanchan,1
trip_927_24,927,WEEKDAY,Hadapsar Gadital Solapur Road,0
trip_929_7,929,WEEKDAY,Uruli Kanchan,1
trip_927_25,927,WEEKDAY,Hadapsar Gadital Solapur Road,0
trip_929_8,929,WEEKDAY,Uruli Kanchan,1
trip_927_26,927,WEEKDAY,Hadapsar Gadital Solapur Road,0
trip_929_9,929,WEEKDAY,Uruli Kanchan,1
trip_927_27,927,WEEKDAY,Hadapsar Gadital Solapur Road,0
trip_929_10,929,WEEKDAY,Uruli Kanchan,1
trip_927_28,927,WEEKDAY,Hadapsar Gadital Solapur Road,0
trip_929_11,929,WEEKDAY,Uruli Kanchan,1
trip_927_29,927,WEEKDAY,Hadapsar Gadital Solapur Road,0
trip_929_12,929,WEEKDAY,Uruli Kanchan,1
trip_927_30,927,WEEKDAY,Hadapsar Gadital Solapur Road,0
trip_923_1,923,WEEKDAY,Uruli Kanchan,1
trip_929_13,929,WEEKDAY,Uruli Kanchan,1
trip_927_31,927,WEEKDAY,Hadapsar Gadital Solapur Road,0
trip_923_2,923,WEEKDAY,Uruli Kanchan,1
trip_929_14,929,WEEKDAY,Uruli Kanchan,1
trip_927_32,927,WEEKDAY,Hadapsar Gadital Solapur Road,0
trip_923_3,923,WEEKDAY,Uruli Kanchan,1
trip_929_15,929,WEEKDAY,Uruli Kanchan,1
trip_927_33,927,WEEKDAY,Hadapsar Gadital Solapur Road,0
trip_929_16,929,WEEKDAY,Uruli Kanchan,1
trip_923_4,923,WEEKDAY,Uruli Kanchan,1
trip_927_34,927,WEEKDAY,Hadapsar Gadital Solapur Road,0
trip_929_17,929,WEEKDAY,Uruli Kanchan,1
trip_923_5,923,WEEKDAY,Uruli Kanchan,1
trip_929_18,929,WEEKDAY,Uruli Kanchan,1
trip_927_35,927,WEEKDAY,Hadapsar Gadital Solapur Road,0
trip_923_6,923,WEEKDAY,Uruli Kanchan,1
trip_929_19,929,WEEKDAY,Uruli Kanchan,1
trip_927_36,927,WEEKDAY,Hadapsar Gadital Solapur Road,0
trip_923_7,923,WEEKDAY,Uruli Kanchan,1
trip_929_20,929,WEEKDAY,Uruli Kanchan,1
trip_927_37,927,WEEKDAY,Hadapsar Gadital Solapur Road,0
trip_929_21,929,WEEKDAY,Uruli Kanchan,1
trip_927_38,927,WEEKDAY,Hadapsar Gadital Solapur Road,0
trip_929_22,929,WEEKDAY,Uruli Kanchan,1
trip_927_39,927,WEEKDAY,Hadapsar Gadital Solapur Road,0
trip_929_23,929,WEEKDAY,Uruli Kanchan,1
trip_929_24,929,WEEKDAY,Uruli Kanchan,1
trip_929_25,929,WEEKDAY,Uruli Kanchan,1
trip_929_26,929,WEEKDAY,Uruli Kanchan,1
trip_929_27,929,WEEKDAY,Uruli Kanchan,1
trip_929_28,929,WEEKDAY,Uruli Kanchan,1
trip_929_29,929,WEEKDAY,Uruli Kanchan,1
trip_929_30,929,WEEKDAY,Uruli Kanchan,1
trip_929_31,929,WEEKDAY,Uruli Kanchan,1
trip_929_32,929,WEEKDAY,Uruli Kanchan,1
trip_929_33,929,WEEKDAY,Uruli Kanchan,1
trip_929_34,929,WEEKDAY,Uruli Kanchan,1
trip_929_35,929,WEEKDAY,Uruli Kanchan,1
trip_929_36,929,WEEKDAY,Uruli Kanchan,1
trip_936_0,936,WEEKDAY,Swargate,0
trip_936_1,936,WEEKDAY,Swargate,0
trip_936_2,936,WEEKDAY,Swargate,0
trip_936_3,936,WEEKDAY,Swargate,0
trip_936_4,936,WEEKDAY,Swargate,0
trip_936_5,936,WEEKDAY,Swargate,0
trip_936_6,936,WEEKDAY,Swargate,0
trip_936_7,936,WEEKDAY,Swargate,0
trip_936_8,936,WEEKDAY,Swargate,0
trip_936_9,936,WEEKDAY,Swargate,0
trip_937_0,937,WEEKDAY,Pune Station Moledina Stand,1
trip_937_1,937,WEEKDAY,Pune Station Moledina Stand,1
trip_937_2,937,WEEKDAY,Pune Station Moledina Stand,1
trip_937_3,937,WEEKDAY,Pune Station Moledina Stand,1
trip_937_4,937,WEEKDAY,Pune Station Moledina Stand,1
trip_937_5,937,WEEKDAY,Pune Station Moledina Stand,1
trip_937_6,937,WEEKDAY,Pune Station Moledina Stand,1
trip_937_7,937,WEEKDAY,Pune Station Moledina Stand,1
trip_937_8,937,WEEKDAY,Pune Station Moledina Stand,1
trip_937_9,937,WEEKDAY,Pune Station Moledina Stand,1
trip_915_0,915,WEEKDAY,Patas,1
trip_914_0,914,WEEKDAY,Hadapsar Gadital Solapur Road,0
trip_915_1,915,WEEKDAY,Patas,1
trip_915_2,915,WEEKDAY,Patas,1
trip_914_1,914,WEEKDAY,Hadapsar Gadital Solapur Road,0
trip_915_3,915,WEEKDAY,Patas,1
trip_914_2,914,WEEKDAY,Hadapsar Gadital Solapur Road,0
trip_915_4,915,WEEKDAY,Patas,1
trip_914_3,914,WEEKDAY,Hadapsar Gadital Solapur Road,0
trip_915_5,915,WEEKDAY,Patas,1
trip_914_4,914,WEEKDAY,Hadapsar Gadital Solapur Road,0
trip_915_6,915,WEEKDAY,Patas,1
trip_914_5,914,WEEKDAY,Hadapsar Gadital Solapur Road,0
trip_915_7,915,WEEKDAY,Patas,1
trip_914_6,914,WEEKDAY,Hadapsar Gadital Solapur Road,0
trip_915_8,915,WEEKDAY,Patas,1
trip_915_9,915,WEEKDAY,Patas,1
trip_915_10,915,WEEKDAY,Patas,1
trip_915_11,915,WEEKDAY,Patas,1
trip_915_12,915,WEEKDAY,Patas,1
trip_915_13,915,WEEKDAY,Patas,1
trip_934_0,934,WEEKDAY,Marketyard Depot,0
trip_934_1,934,WEEKDAY,Marketyard Depot,0
trip_934_2,934,WEEKDAY,Marketyard Depot,0
trip_934_3,934,WEEKDAY,Marketyard Depot,0
trip_934_4,934,WEEKDAY,Marketyard Depot,0
trip_935_0,935,WEEKDAY,Ghotawadegaon,1
trip_935_1,935,WEEKDAY,Ghotawadegaon,1
trip_935_2,935,WEEKDAY,Ghotawadegaon,1
trip_935_3,935,WEEKDAY,Ghotawadegaon,1
trip_935_4,935,WEEKDAY,Ghotawadegaon,1
trip_943_0,943,WEEKDAY,Sukhsagar Nagar,0
trip_944_0,944,WEEKDAY,Nda 10 No. Gate,1
trip_943_1,943,WEEKDAY,Sukhsagar Nagar,0
trip_943_2,943,WEEKDAY,Sukhsagar Nagar,0
trip_943_3,943,WEEKDAY,Sukhsagar Nagar,0
trip_943_4,943,WEEKDAY,Sukhsagar Nagar,0
trip_943_5,943,WEEKDAY,Sukhsagar Nagar,0
trip_943_6,943,WEEKDAY,Sukhsagar Nagar,0
trip_943_7,943,WEEKDAY,Sukhsagar Nagar,0
trip_944_1,944,WEEKDAY,Nda 10 No. Gate,1
trip_944_2,944,WEEKDAY,Nda 10 No. Gate,1
trip_944_3,944,WEEKDAY,Nda 10 No. Gate,1
trip_944_4,944,WEEKDAY,Nda 10 No. Gate,1
trip_944_5,944,WEEKDAY,Nda 10 No. Gate,1
trip_944_6,944,WEEKDAY,Nda 10 No. Gate,1
trip_944_7,944,WEEKDAY,Nda 10 No. Gate,1
trip_947_0,947,WEEKDAY,Hadapsar Gadital Solapur Road,0
trip_948_0,948,WEEKDAY,Gada Modi Chowk Khamgaon,1
trip_947_1,947,WEEKDAY,Hadapsar Gadital Solapur Road,0
trip_947_2,947,WEEKDAY,Hadapsar Gadital Solapur Road,0
trip_947_3,947,WEEKDAY,Hadapsar Gadital Solapur Road,0
trip_951_0,951,WEEKDAY,Chinchwadgaon,0
trip_948_1,948,WEEKDAY,Gada Modi Chowk Khamgaon,1
trip_948_2,948,WEEKDAY,Gada Modi Chowk Khamgaon,1
trip_948_3,948,WEEKDAY,Gada Modi Chowk Khamgaon,1
trip_952_0,952,WEEKDAY,Paud Shashkiy Vishram Gruh,1
trip_951_1,951,WEEKDAY,Chinchwadgaon,0
trip_951_2,951,WEEKDAY,Chinchwadgaon,0
trip_951_3,951,WEEKDAY,Chinchwadgaon,0
trip_952_1,952,WEEKDAY,Paud Shashkiy Vishram Gruh,1
trip_952_2,952,WEEKDAY,Paud Shashkiy Vishram Gruh,1
trip_952_3,952,WEEKDAY,Paud Shashkiy Vishram Gruh,1
trip_961_0,961,WEEKDAY,Marketyard Depot,0
trip_938_0,938,WEEKDAY,Marketyard Depot,0
trip_961_1,961,WEEKDAY,Marketyard Depot,0
trip_962_0,962,WEEKDAY,Nda 10 No. Gate,1
trip_938_1,938,WEEKDAY,Marketyard Depot,0
trip_938_2,938,WEEKDAY,Marketyard Depot,0
trip_938_3,938,WEEKDAY,Marketyard Depot,0
trip_938_4,938,WEEKDAY,Marketyard Depot,0
trip_938_5,938,WEEKDAY,Marketyard Depot,0
trip_938_6,938,WEEKDAY,Marketyard Depot,0
trip_962_1,962,WEEKDAY,Nda 10 No. Gate,1
trip_939_0,939,WEEKDAY,Mulshi Gaon,1
trip_939_1,939,WEEKDAY,Mulshi Gaon,1
trip_939_2,939,WEEKDAY,Mulshi Gaon,1
trip_939_3,939,WEEKDAY,Mulshi Gaon,1
trip_939_4,939,WEEKDAY,Mulshi Gaon,1
trip_939_5,939,WEEKDAY,Mulshi Gaon,1
trip_939_6,939,WEEKDAY,Mulshi Gaon,1
trip_959_0,959,WEEKDAY,Ganpati Matha,0
trip_959_1,959,WEEKDAY,Ganpati Matha,0
trip_959_2,959,WEEKDAY,Ganpati Matha,0
trip_959_3,959,WEEKDAY,Ganpati Matha,0
trip_960_0,960,WEEKDAY,Hinjawadi Maan Phase 3,1
trip_960_1,960,WEEKDAY,Hinjawadi Maan Phase 3,1
trip_960_2,960,WEEKDAY,Hinjawadi Maan Phase 3,1
trip_960_3,960,WEEKDAY,Hinjawadi Maan Phase 3,1
trip_971_0,971,WEEKDAY,Pune Station Moledina Stand,1
trip_970_0,970,WEEKDAY,Kumbare Park,0
trip_971_1,971,WEEKDAY,Pune Station Moledina Stand,1
trip_970_1,970,WEEKDAY,Kumbare Park,0
trip_982_0,982,WEEKDAY,Deccan Gymkhana,0
trip_982_1,982,WEEKDAY,Deccan Gymkhana,0
trip_982_2,982,WEEKDAY,Deccan Gymkhana,0
trip_982_3,982,WEEKDAY,Deccan Gymkhana,0
trip_982_4,982,WEEKDAY,Deccan Gymkhana,0
trip_982_5,982,WEEKDAY,Deccan Gymkhana,0
trip_983_0,983,WEEKDAY,Sangrun,1
trip_983_1,983,WEEKDAY,Sangrun,1
trip_983_2,983,WEEKDAY,Sangrun,1
trip_983_3,983,WEEKDAY,Sangrun,1
trip_983_4,983,WEEKDAY,Sangrun,1
trip_995_0,995,WEEKDAY,Khadewadi,1
trip_994_0,994,WEEKDAY,Ma Na Pa Congress Bhavan,0
trip_994_1,994,WEEKDAY,Ma Na Pa Congress Bhavan,0
trip_979_0,979,WEEKDAY,Nda 10 No. Gate,0
trip_979_1,979,WEEKDAY,Nda 10 No. Gate,0
trip_979_2,979,WEEKDAY,Nda 10 No. Gate,0
trip_979_3,979,WEEKDAY,Nda 10 No. Gate,0
trip_980_0,980,WEEKDAY,Alandi,1
trip_980_1,980,WEEKDAY,Alandi,1
trip_980_2,980,WEEKDAY,Alandi,1
trip_980_3,980,WEEKDAY,Alandi,1
trip_1000_0,1000,WEEKDAY,Deccan Gymkhana,0
trip_1001_0,1001,WEEKDAY,Paud St Stand,1
trip_1000_1,1000,WEEKDAY,Deccan Gymkhana,0
trip_1000_2,1000,WEEKDAY,Deccan Gymkhana,0
trip_1000_3,1000,WEEKDAY,Deccan Gymkhana,0
trip_1000_4,1000,WEEKDAY,Deccan Gymkhana,0
trip_1000_5,1000,WEEKDAY,Deccan Gymkhana,0
trip_1000_6,1000,WEEKDAY,Deccan Gymkhana,0
trip_1000_7,1000,WEEKDAY,Deccan Gymkhana,0
trip_1000_8,1000,WEEKDAY,Deccan Gymkhana,0
trip_1000_9,1000,WEEKDAY,Deccan Gymkhana,0
trip_1000_10,1000,WEEKDAY,Deccan Gymkhana,0
trip_1000_11,1000,WEEKDAY,Deccan Gymkhana,0
trip_1001_1,1001,WEEKDAY,Paud St Stand,1
trip_1001_2,1001,WEEKDAY,Paud St Stand,1
trip_1001_3,1001,WEEKDAY,Paud St Stand,1
trip_1001_4,1001,WEEKDAY,Paud St Stand,1
trip_1001_5,1001,WEEKDAY,Paud St Stand,1
trip_1001_6,1001,WEEKDAY,Paud St Stand,1
trip_1001_7,1001,WEEKDAY,Paud St Stand,1
trip_1001_8,1001,WEEKDAY,Paud St Stand,1
trip_1001_9,1001,WEEKDAY,Paud St Stand,1
trip_1001_10,1001,WEEKDAY,Paud St Stand,1
trip_1001_11,1001,WEEKDAY,Paud St Stand,1
trip_1001_12,1001,WEEKDAY,Paud St Stand,1
trip_1016_0,1016,WEEKDAY,Deccan Gymkhana,0
trip_1016_1,1016,WEEKDAY,Deccan Gymkhana,0
trip_1016_2,1016,WEEKDAY,Deccan Gymkhana,0
trip_1016_3,1016,WEEKDAY,Deccan Gymkhana,0
trip_1016_4,1016,WEEKDAY,Deccan Gymkhana,0
trip_1016_5,1016,WEEKDAY,Deccan Gymkhana,0
trip_1016_6,1016,WEEKDAY,Deccan Gymkhana,0
trip_1016_7,1016,WEEKDAY,Deccan Gymkhana,0
trip_1016_8,1016,WEEKDAY,Deccan Gymkhana,0
trip_1016_9,1016,WEEKDAY,Deccan Gymkhana,0
trip_1016_10,1016,WEEKDAY,Deccan Gymkhana,0
trip_1016_11,1016,WEEKDAY,Deccan Gymkhana,0
trip_1016_12,1016,WEEKDAY,Deccan Gymkhana,0
trip_1016_13,1016,WEEKDAY,Deccan Gymkhana,0
trip_987_0,987,WEEKDAY,Deccan Gymkhana,0
trip_987_1,987,WEEKDAY,Deccan Gymkhana,0
trip_987_2,987,WEEKDAY,Deccan Gymkhana,0
trip_987_3,987,WEEKDAY,Deccan Gymkhana,0
trip_1017_0,1017,WEEKDAY,Pune Station Moledina Stand,1
trip_1017_1,1017,WEEKDAY,Pune Station Moledina Stand,1
trip_1017_2,1017,WEEKDAY,Pune Station Moledina Stand,1
trip_1017_3,1017,WEEKDAY,Pune Station Moledina Stand,1
trip_1017_4,1017,WEEKDAY,Pune Station Moledina Stand,1
trip_1017_5,1017,WEEKDAY,Pune Station Moledina Stand,1
trip_1017_6,1017,WEEKDAY,Pune Station Moledina Stand,1
trip_1017_7,1017,WEEKDAY,Pune Station Moledina Stand,1
trip_1017_8,1017,WEEKDAY,Pune Station Moledina Stand,1
trip_1017_9,1017,WEEKDAY,Pune Station Moledina Stand,1
trip_1017_10,1017,WEEKDAY,Pune Station Moledina Stand,1
trip_1017_11,1017,WEEKDAY,Pune Station Moledina Stand,1
trip_1017_12,1017,WEEKDAY,Pune Station Moledina Stand,1
trip_1017_13,1017,WEEKDAY,Pune Station Moledina Stand,1
trip_989_0,989,WEEKDAY,Mutha Gaon,1
trip_989_1,989,WEEKDAY,Mutha Gaon,1
trip_989_2,989,WEEKDAY,Mutha Gaon,1
trip_989_3,989,WEEKDAY,Mutha Gaon,1
trip_989_4,989,WEEKDAY,Mutha Gaon,1
trip_989_5,989,WEEKDAY,Mutha Gaon,1
trip_989_6,989,WEEKDAY,Mutha Gaon,1
trip_1009_0,1009,WEEKDAY,Deccan Gymkhana,0
trip_1009_1,1009,WEEKDAY,Deccan Gymkhana,0
trip_1009_2,1009,WEEKDAY,Deccan Gymkhana,0
trip_1009_3,1009,WEEKDAY,Deccan Gymkhana,0
trip_1009_4,1009,WEEKDAY,Deccan Gymkhana,0
trip_1009_5,1009,WEEKDAY,Deccan Gymkhana,0
trip_1009_6,1009,WEEKDAY,Deccan Gymkhana,0
trip_1009_7,1009,WEEKDAY,Deccan Gymkhana,0
trip_1009_8,1009,WEEKDAY,Deccan Gymkhana,0
trip_1009_9,1009,WEEKDAY,Deccan Gymkhana,0
trip_1013_0,1013,WEEKDAY,Sutarwadi Depot,1
trip_1013_1,1013,WEEKDAY,Sutarwadi Depot,1
trip_1013_2,1013,WEEKDAY,Sutarwadi Depot,1
trip_1013_3,1013,WEEKDAY,Sutarwadi Depot,1
trip_1013_4,1013,WEEKDAY,Sutarwadi Depot,1
trip_1013_5,1013,WEEKDAY,Sutarwadi Depot,1
trip_1013_6,1013,WEEKDAY,Sutarwadi Depot,1
trip_1013_7,1013,WEEKDAY,Sutarwadi Depot,1
trip_1013_8,1013,WEEKDAY,Sutarwadi Depot,1
trip_1013_9,1013,WEEKDAY,Sutarwadi Depot,1
trip_1002_0,1002,WEEKDAY,Deccan Gymkhana,0
trip_1002_1,1002,WEEKDAY,Deccan Gymkhana,0
trip_1002_2,1002,WEEKDAY,Deccan Gymkhana,0
trip_1002_3,1002,WEEKDAY,Deccan Gymkhana,0
trip_1002_4,1002,WEEKDAY,Deccan Gymkhana,0
trip_1002_5,1002,WEEKDAY,Deccan Gymkhana,0
trip_1003_0,1003,WEEKDAY,Zilla Parishad School Chande,1
trip_1003_1,1003,WEEKDAY,Zilla Parishad School Chande,1
trip_1003_2,1003,WEEKDAY,Zilla Parishad School Chande,1
trip_1003_3,1003,WEEKDAY,Zilla Parishad School Chande,1
trip_1003_4,1003,WEEKDAY,Zilla Parishad School Chande,1
trip_1022_0,1022,WEEKDAY,Ma Na Pa Congress Bhavan,0
trip_1023_0,1023,WEEKDAY,Isha Nagari,1
trip_1022_1,1022,WEEKDAY,Ma Na Pa Congress Bhavan,0
trip_1022_2,1022,WEEKDAY,Ma Na Pa Congress Bhavan,0
trip_1022_3,1022,WEEKDAY,Ma Na Pa Congress Bhavan,0
trip_1023_1,1023,WEEKDAY,Isha Nagari,1
trip_1023_2,1023,WEEKDAY,Isha Nagari,1
trip_1021_0,1021,WEEKDAY,Gokhale Nagar Police Line,1
trip_1021_1,1021,WEEKDAY,Gokhale Nagar Police Line,1
trip_1021_2,1021,WEEKDAY,Gokhale Nagar Police Line,1
trip_1021_3,1021,WEEKDAY,Gokhale Nagar Police Line,1
trip_1021_4,1021,WEEKDAY,Gokhale Nagar Police Line,1
trip_1021_5,1021,WEEKDAY,Gokhale Nagar Police Line,1
trip_1021_6,1021,WEEKDAY,Gokhale Nagar Police Line,1
trip_1021_7,1021,WEEKDAY,Gokhale Nagar Police Line,1
trip_1021_8,1021,WEEKDAY,Gokhale Nagar Police Line,1
trip_1021_9,1021,WEEKDAY,Gokhale Nagar Police Line,1
trip_1020_0,1020,WEEKDAY,Katraj,0
trip_1020_1,1020,WEEKDAY,Katraj,0
trip_1020_2,1020,WEEKDAY,Katraj,0
trip_1020_3,1020,WEEKDAY,Katraj,0
trip_1020_4,1020,WEEKDAY,Katraj,0
trip_1020_5,1020,WEEKDAY,Katraj,0
trip_1020_6,1020,WEEKDAY,Katraj,0
trip_1020_7,1020,WEEKDAY,Katraj,0
trip_1020_8,1020,WEEKDAY,Katraj,0
trip_1024_0,1024,WEEKDAY,Kothrud Depot,0
trip_1024_1,1024,WEEKDAY,Kothrud Depot,0
trip_1032_0,1032,WEEKDAY,Deccan Gymkhana,0
trip_1032_1,1032,WEEKDAY,Deccan Gymkhana,0
trip_1025_0,1025,WEEKDAY,Venutai Chavan College,1
trip_1025_1,1025,WEEKDAY,Venutai Chavan College,1
trip_1033_0,1033,WEEKDAY,PVPIT College Bawdhan,1
trip_1033_1,1033,WEEKDAY,PVPIT College Bawdhan,1
trip_1034_0,1034,WEEKDAY,Ganpati Matha,0
trip_1028_0,1028,WEEKDAY,Matalwadi Bhugaon,0
trip_1034_1,1034,WEEKDAY,Ganpati Matha,0
trip_1028_1,1028,WEEKDAY,Matalwadi Bhugaon,0
trip_1028_2,1028,WEEKDAY,Matalwadi Bhugaon,0
trip_1028_3,1028,WEEKDAY,Matalwadi Bhugaon,0
trip_1028_4,1028,WEEKDAY,Matalwadi Bhugaon,0
trip_1028_5,1028,WEEKDAY,Matalwadi Bhugaon,0
trip_1028_6,1028,WEEKDAY,Matalwadi Bhugaon,0
trip_1028_7,1028,WEEKDAY,Matalwadi Bhugaon,0
trip_1028_8,1028,WEEKDAY,Matalwadi Bhugaon,0
trip_1028_9,1028,WEEKDAY,Matalwadi Bhugaon,0
trip_1028_10,1028,WEEKDAY,Matalwadi Bhugaon,0
trip_1028_11,1028,WEEKDAY,Matalwadi Bhugaon,0
trip_1028_12,1028,WEEKDAY,Matalwadi Bhugaon,0
trip_1028_13,1028,WEEKDAY,Matalwadi Bhugaon,0
trip_1028_14,1028,WEEKDAY,Matalwadi Bhugaon,0
trip_1028_15,1028,WEEKDAY,Matalwadi Bhugaon,0
trip_1028_16,1028,WEEKDAY,Matalwadi Bhugaon,0
trip_1028_17,1028,WEEKDAY,Matalwadi Bhugaon,0
trip_1028_18,1028,WEEKDAY,Matalwadi Bhugaon,0
trip_1028_19,1028,WEEKDAY,Matalwadi Bhugaon,0
trip_1031_0,1031,WEEKDAY,Pune Station Moledina Stand,1
trip_1028_20,1028,WEEKDAY,Matalwadi Bhugaon,0
trip_1028_21,1028,WEEKDAY,Matalwadi Bhugaon,0
trip_1028_22,1028,WEEKDAY,Matalwadi Bhugaon,0
trip_1028_23,1028,WEEKDAY,Matalwadi Bhugaon,0
trip_1028_24,1028,WEEKDAY,Matalwadi Bhugaon,0
trip_1028_25,1028,WEEKDAY,Matalwadi Bhugaon,0
trip_1028_26,1028,WEEKDAY,Matalwadi Bhugaon,0
trip_1028_27,1028,WEEKDAY,Matalwadi Bhugaon,0
trip_1028_28,1028,WEEKDAY,Matalwadi Bhugaon,0
trip_1028_29,1028,WEEKDAY,Matalwadi Bhugaon,0
trip_1028_30,1028,WEEKDAY,Matalwadi Bhugaon,0
trip_1028_31,1028,WEEKDAY,Matalwadi Bhugaon,0
trip_1028_32,1028,WEEKDAY,Matalwadi Bhugaon,0
trip_1028_33,1028,WEEKDAY,Matalwadi Bhugaon,0
trip_1028_34,1028,WEEKDAY,Matalwadi Bhugaon,0
trip_1028_35,1028,WEEKDAY,Matalwadi Bhugaon,0
trip_1031_1,1031,WEEKDAY,Pune Station Moledina Stand,1
trip_1031_2,1031,WEEKDAY,Pune Station Moledina Stand,1
trip_1031_3,1031,WEEKDAY,Pune Station Moledina Stand,1
trip_1031_4,1031,WEEKDAY,Pune Station Moledina Stand,1
trip_1031_5,1031,WEEKDAY,Pune Station Moledina Stand,1
trip_1031_6,1031,WEEKDAY,Pune Station Moledina Stand,1
trip_1031_7,1031,WEEKDAY,Pune Station Moledina Stand,1
trip_1031_8,1031,WEEKDAY,Pune Station Moledina Stand,1
trip_1031_9,1031,WEEKDAY,Pune Station Moledina Stand,1
trip_1035_0,1035,WEEKDAY,Sahakar Nagar,1
trip_1031_10,1031,WEEKDAY,Pune Station Moledina Stand,1
trip_1031_11,1031,WEEKDAY,Pune Station Moledina Stand,1
trip_1031_12,1031,WEEKDAY,Pune Station Moledina Stand,1
trip_1031_13,1031,WEEKDAY,Pune Station Moledina Stand,1
trip_1031_14,1031,WEEKDAY,Pune Station Moledina Stand,1
trip_1031_15,1031,WEEKDAY,Pune Station Moledina Stand,1
trip_1031_16,1031,WEEKDAY,Pune Station Moledina Stand,1
trip_1031_17,1031,WEEKDAY,Pune Station Moledina Stand,1
trip_1031_18,1031,WEEKDAY,Pune Station Moledina Stand,1
trip_1031_19,1031,WEEKDAY,Pune Station Moledina Stand,1
trip_1031_20,1031,WEEKDAY,Pune Station Moledina Stand,1
trip_1031_21,1031,WEEKDAY,Pune Station Moledina Stand,1
trip_1031_22,1031,WEEKDAY,Pune Station Moledina Stand,1
trip_1031_23,1031,WEEKDAY,Pune Station Moledina Stand,1
trip_1031_24,1031,WEEKDAY,Pune Station Moledina Stand,1
trip_1031_25,1031,WEEKDAY,Pune Station Moledina Stand,1
trip_1031_26,1031,WEEKDAY,Pune Station Moledina Stand,1
trip_1031_27,1031,WEEKDAY,Pune Station Moledina Stand,1
trip_1031_28,1031,WEEKDAY,Pune Station Moledina Stand,1
trip_1031_29,1031,WEEKDAY,Pune Station Moledina Stand,1
trip_1031_30,1031,WEEKDAY,Pune Station Moledina Stand,1
trip_1035_1,1035,WEEKDAY,Sahakar Nagar,1
trip_1031_31,1031,WEEKDAY,Pune Station Moledina Stand,1
trip_1031_32,1031,WEEKDAY,Pune Station Moledina Stand,1
trip_1031_33,1031,WEEKDAY,Pune Station Moledina Stand,1
trip_1031_34,1031,WEEKDAY,Pune Station Moledina Stand,1
trip_1031_35,1031,WEEKDAY,Pune Station Moledina Stand,1
trip_1047_0,1047,WEEKDAY,Deccan Gymkhana,1
trip_1046_0,1046,WEEKDAY,Pune Station Moledina Stand,0
trip_1047_1,1047,WEEKDAY,Deccan Gymkhana,1
trip_1047_2,1047,WEEKDAY,Deccan Gymkhana,1
trip_1047_3,1047,WEEKDAY,Deccan Gymkhana,1
trip_1047_4,1047,WEEKDAY,Deccan Gymkhana,1
trip_1046_1,1046,WEEKDAY,Pune Station Moledina Stand,0
trip_1046_2,1046,WEEKDAY,Pune Station Moledina Stand,0
trip_1048_0,1048,WEEKDAY,Katraj Kondhwa Road,0
trip_1046_3,1046,WEEKDAY,Pune Station Moledina Stand,0
trip_1046_4,1046,WEEKDAY,Pune Station Moledina Stand,0
trip_1048_1,1048,WEEKDAY,Katraj Kondhwa Road,0
trip_1048_2,1048,WEEKDAY,Katraj Kondhwa Road,0
trip_1048_3,1048,WEEKDAY,Katraj Kondhwa Road,0
trip_1048_4,1048,WEEKDAY,Katraj Kondhwa Road,0
trip_1048_5,1048,WEEKDAY,Katraj Kondhwa Road,0
trip_1048_6,1048,WEEKDAY,Katraj Kondhwa Road,0
trip_1048_7,1048,WEEKDAY,Katraj Kondhwa Road,0
trip_1048_8,1048,WEEKDAY,Katraj Kondhwa Road,0
trip_1048_9,1048,WEEKDAY,Katraj Kondhwa Road,0
trip_1048_10,1048,WEEKDAY,Katraj Kondhwa Road,0
trip_1048_11,1048,WEEKDAY,Katraj Kondhwa Road,0
trip_1048_12,1048,WEEKDAY,Katraj Kondhwa Road,0
trip_1048_13,1048,WEEKDAY,Katraj Kondhwa Road,0
trip_1048_14,1048,WEEKDAY,Katraj Kondhwa Road,0
trip_1048_15,1048,WEEKDAY,Katraj Kondhwa Road,0
trip_1048_16,1048,WEEKDAY,Katraj Kondhwa Road,0
trip_1048_17,1048,WEEKDAY,Katraj Kondhwa Road,0
trip_1048_18,1048,WEEKDAY,Katraj Kondhwa Road,0
trip_1048_19,1048,WEEKDAY,Katraj Kondhwa Road,0
trip_1048_20,1048,WEEKDAY,Katraj Kondhwa Road,0
trip_1048_21,1048,WEEKDAY,Katraj Kondhwa Road,0
trip_1048_22,1048,WEEKDAY,Katraj Kondhwa Road,0
trip_1048_23,1048,WEEKDAY,Katraj Kondhwa Road,0
trip_1048_24,1048,WEEKDAY,Katraj Kondhwa Road,0
trip_1048_25,1048,WEEKDAY,Katraj Kondhwa Road,0
trip_1048_26,1048,WEEKDAY,Katraj Kondhwa Road,0
trip_1048_27,1048,WEEKDAY,Katraj Kondhwa Road,0
trip_1048_28,1048,WEEKDAY,Katraj Kondhwa Road,0
trip_1048_29,1048,WEEKDAY,Katraj Kondhwa Road,0
trip_1048_30,1048,WEEKDAY,Katraj Kondhwa Road,0
trip_1048_31,1048,WEEKDAY,Katraj Kondhwa Road,0
trip_1048_32,1048,WEEKDAY,Katraj Kondhwa Road,0
trip_1048_33,1048,WEEKDAY,Katraj Kondhwa Road,0
trip_1049_0,1049,WEEKDAY,Upper Depot,1
trip_1049_1,1049,WEEKDAY,Upper Depot,1
trip_1049_2,1049,WEEKDAY,Upper Depot,1
trip_1049_3,1049,WEEKDAY,Upper Depot,1
trip_1049_4,1049,WEEKDAY,Upper Depot,1
trip_1049_5,1049,WEEKDAY,Upper Depot,1
trip_1049_6,1049,WEEKDAY,Upper Depot,1
trip_1049_7,1049,WEEKDAY,Upper Depot,1
trip_1049_8,1049,WEEKDAY,Upper Depot,1
trip_1049_9,1049,WEEKDAY,Upper Depot,1
trip_1049_10,1049,WEEKDAY,Upper Depot,1
trip_1049_11,1049,WEEKDAY,Upper Depot,1
trip_1049_12,1049,WEEKDAY,Upper Depot,1
trip_1049_13,1049,WEEKDAY,Upper Depot,1
trip_1049_14,1049,WEEKDAY,Upper Depot,1
trip_1049_15,1049,WEEKDAY,Upper Depot,1
trip_1049_16,1049,WEEKDAY,Upper Depot,1
trip_1049_17,1049,WEEKDAY,Upper Depot,1
trip_1049_18,1049,WEEKDAY,Upper Depot,1
trip_1049_19,1049,WEEKDAY,Upper Depot,1
trip_1049_20,1049,WEEKDAY,Upper Depot,1
trip_1049_21,1049,WEEKDAY,Upper Depot,1
trip_1049_22,1049,WEEKDAY,Upper Depot,1
trip_1049_23,1049,WEEKDAY,Upper Depot,1
trip_1049_24,1049,WEEKDAY,Upper Depot,1
trip_1049_25,1049,WEEKDAY,Upper Depot,1
trip_1049_26,1049,WEEKDAY,Upper Depot,1
trip_1049_27,1049,WEEKDAY,Upper Depot,1
trip_1049_28,1049,WEEKDAY,Upper Depot,1
trip_1049_29,1049,WEEKDAY,Upper Depot,1
trip_1049_30,1049,WEEKDAY,Upper Depot,1
trip_1049_31,1049,WEEKDAY,Upper Depot,1
trip_1049_32,1049,WEEKDAY,Upper Depot,1
trip_1058_0,1058,WEEKDAY,Hadapsar Gadital,0
trip_1059_0,1059,WEEKDAY,Sanket Vihar Lane No 18,1
trip_1058_1,1058,WEEKDAY,Hadapsar Gadital,0
trip_1060_0,1060,WEEKDAY,Mantri Market Hadapsar,0
trip_1058_2,1058,WEEKDAY,Hadapsar Gadital,0
trip_1058_3,1058,WEEKDAY,Hadapsar Gadital,0
trip_1058_4,1058,WEEKDAY,Hadapsar Gadital,0
trip_1059_1,1059,WEEKDAY,Sanket Vihar Lane No 18,1
trip_1058_5,1058,WEEKDAY,Hadapsar Gadital,0
trip_1059_2,1059,WEEKDAY,Sanket Vihar Lane No 18,1
trip_1058_6,1058,WEEKDAY,Hadapsar Gadital,0
trip_1059_3,1059,WEEKDAY,Sanket Vihar Lane No 18,1
trip_1058_7,1058,WEEKDAY,Hadapsar Gadital,0
trip_1059_4,1059,WEEKDAY,Sanket Vihar Lane No 18,1
trip_1058_8,1058,WEEKDAY,Hadapsar Gadital,0
trip_1059_5,1059,WEEKDAY,Sanket Vihar Lane No 18,1
trip_1058_9,1058,WEEKDAY,Hadapsar Gadital,0
trip_1059_6,1059,WEEKDAY,Sanket Vihar Lane No 18,1
trip_1058_10,1058,WEEKDAY,Hadapsar Gadital,0
trip_1059_7,1059,WEEKDAY,Sanket Vihar Lane No 18,1
trip_1058_11,1058,WEEKDAY,Hadapsar Gadital,0
trip_1059_8,1059,WEEKDAY,Sanket Vihar Lane No 18,1
trip_1058_12,1058,WEEKDAY,Hadapsar Gadital,0
trip_1059_9,1059,WEEKDAY,Sanket Vihar Lane No 18,1
trip_1058_13,1058,WEEKDAY,Hadapsar Gadital,0
trip_1060_1,1060,WEEKDAY,Mantri Market Hadapsar,0
trip_1059_10,1059,WEEKDAY,Sanket Vihar Lane No 18,1
trip_1058_14,1058,WEEKDAY,Hadapsar Gadital,0
trip_1060_2,1060,WEEKDAY,Mantri Market Hadapsar,0
trip_1059_11,1059,WEEKDAY,Sanket Vihar Lane No 18,1
trip_1058_15,1058,WEEKDAY,Hadapsar Gadital,0
trip_1060_3,1060,WEEKDAY,Mantri Market Hadapsar,0
trip_1059_12,1059,WEEKDAY,Sanket Vihar Lane No 18,1
trip_1060_4,1060,WEEKDAY,Mantri Market Hadapsar,0
trip_1059_13,1059,WEEKDAY,Sanket Vihar Lane No 18,1
trip_1060_5,1060,WEEKDAY,Mantri Market Hadapsar,0
trip_1060_6,1060,WEEKDAY,Mantri Market Hadapsar,0
trip_1059_14,1059,WEEKDAY,Sanket Vihar Lane No 18,1
trip_1060_7,1060,WEEKDAY,Mantri Market Hadapsar,0
trip_1059_15,1059,WEEKDAY,Sanket Vihar Lane No 18,1
trip_1060_8,1060,WEEKDAY,Mantri Market Hadapsar,0
trip_1059_16,1059,WEEKDAY,Sanket Vihar Lane No 18,1
trip_1060_9,1060,WEEKDAY,Mantri Market Hadapsar,0
trip_1060_10,1060,WEEKDAY,Mantri Market Hadapsar,0
trip_1060_11,1060,WEEKDAY,Mantri Market Hadapsar,0
trip_1060_12,1060,WEEKDAY,Mantri Market Hadapsar,0
trip_1060_13,1060,WEEKDAY,Mantri Market Hadapsar,0
trip_1060_14,1060,WEEKDAY,Mantri Market Hadapsar,0
trip_1060_15,1060,WEEKDAY,Mantri Market Hadapsar,0
trip_1060_16,1060,WEEKDAY,Mantri Market Hadapsar,0
trip_1060_17,1060,WEEKDAY,Mantri Market Hadapsar,0
trip_1060_18,1060,WEEKDAY,Mantri Market Hadapsar,0
trip_1060_19,1060,WEEKDAY,Mantri Market Hadapsar,0
trip_1060_20,1060,WEEKDAY,Mantri Market Hadapsar,0
trip_1060_21,1060,WEEKDAY,Mantri Market Hadapsar,0
trip_1060_22,1060,WEEKDAY,Mantri Market Hadapsar,0
trip_1060_23,1060,WEEKDAY,Mantri Market Hadapsar,0
trip_1060_24,1060,WEEKDAY,Mantri Market Hadapsar,0
trip_1060_25,1060,WEEKDAY,Mantri Market Hadapsar,0
trip_1060_26,1060,WEEKDAY,Mantri Market Hadapsar,0
trip_1060_27,1060,WEEKDAY,Mantri Market Hadapsar,0
trip_1061_0,1061,WEEKDAY,Saswad Road Railway Station,1
trip_1061_1,1061,WEEKDAY,Saswad Road Railway Station,1
trip_1061_2,1061,WEEKDAY,Saswad Road Railway Station,1
trip_1061_3,1061,WEEKDAY,Saswad Road Railway Station,1
trip_1061_4,1061,WEEKDAY,Saswad Road Railway Station,1
trip_1061_5,1061,WEEKDAY,Saswad Road Railway Station,1
trip_1061_6,1061,WEEKDAY,Saswad Road Railway Station,1
trip_1061_7,1061,WEEKDAY,Saswad Road Railway Station,1
trip_1061_8,1061,WEEKDAY,Saswad Road Railway Station,1
trip_1044_0,1044,WEEKDAY,Kothrud Depot,0
trip_1061_9,1061,WEEKDAY,Saswad Road Railway Station,1
trip_1061_10,1061,WEEKDAY,Saswad Road Railway Station,1
trip_1061_11,1061,WEEKDAY,Saswad Road Railway Station,1
trip_1061_12,1061,WEEKDAY,Saswad Road Railway Station,1
trip_1061_13,1061,WEEKDAY,Saswad Road Railway Station,1
trip_1061_14,1061,WEEKDAY,Saswad Road Railway Station,1
trip_1054_0,1054,WEEKDAY,Alandi,0
trip_1061_15,1061,WEEKDAY,Saswad Road Railway Station,1
trip_1061_16,1061,WEEKDAY,Saswad Road Railway Station,1
trip_1061_17,1061,WEEKDAY,Saswad Road Railway Station,1
trip_1061_18,1061,WEEKDAY,Saswad Road Railway Station,1
trip_1061_19,1061,WEEKDAY,Saswad Road Railway Station,1
trip_1061_20,1061,WEEKDAY,Saswad Road Railway Station,1
trip_1061_21,1061,WEEKDAY,Saswad Road Railway Station,1
trip_1061_22,1061,WEEKDAY,Saswad Road Railway Station,1
trip_1061_23,1061,WEEKDAY,Saswad Road Railway Station,1
trip_1061_24,1061,WEEKDAY,Saswad Road Railway Station,1
trip_1061_25,1061,WEEKDAY,Saswad Road Railway Station,1
trip_1061_26,1061,WEEKDAY,Saswad Road Railway Station,1
trip_1061_27,1061,WEEKDAY,Saswad Road Railway Station,1
trip_1054_1,1054,WEEKDAY,Alandi,0
trip_1054_2,1054,WEEKDAY,Alandi,0
trip_1054_3,1054,WEEKDAY,Alandi,0
trip_1054_4,1054,WEEKDAY,Alandi,0
trip_1054_5,1054,WEEKDAY,Alandi,0
trip_1054_6,1054,WEEKDAY,Alandi,0
trip_1044_1,1044,WEEKDAY,Kothrud Depot,0
trip_1044_2,1044,WEEKDAY,Kothrud Depot,0
trip_1044_3,1044,WEEKDAY,Kothrud Depot,0
trip_1055_0,1055,WEEKDAY,DY Patil College Charholi,1
trip_1044_4,1044,WEEKDAY,Kothrud Depot,0
trip_1044_5,1044,WEEKDAY,Kothrud Depot,0
trip_1044_6,1044,WEEKDAY,Kothrud Depot,0
trip_1044_7,1044,WEEKDAY,Kothrud Depot,0
trip_1044_8,1044,WEEKDAY,Kothrud Depot,0
trip_1044_9,1044,WEEKDAY,Kothrud Depot,0
trip_1044_10,1044,WEEKDAY,Kothrud Depot,0
trip_1044_11,1044,WEEKDAY,Kothrud Depot,0
trip_1044_12,1044,WEEKDAY,Kothrud Depot,0
trip_1044_13,1044,WEEKDAY,Kothrud Depot,0
trip_1044_14,1044,WEEKDAY,Kothrud Depot,0
trip_1044_15,1044,WEEKDAY,Kothrud Depot,0
trip_1055_1,1055,WEEKDAY,DY Patil College Charholi,1
trip_1044_16,1044,WEEKDAY,Kothrud Depot,0
trip_1055_2,1055,WEEKDAY,DY Patil College Charholi,1
trip_1044_17,1044,WEEKDAY,Kothrud Depot,0
trip_1055_3,1055,WEEKDAY,DY Patil College Charholi,1
trip_1044_18,1044,WEEKDAY,Kothrud Depot,0
trip_1055_4,1055,WEEKDAY,DY Patil College Charholi,1
trip_1055_5,1055,WEEKDAY,DY Patil College Charholi,1
trip_1044_19,1044,WEEKDAY,Kothrud Depot,0
trip_1055_6,1055,WEEKDAY,DY Patil College Charholi,1
trip_1044_20,1044,WEEKDAY,Kothrud Depot,0
trip_1055_7,1055,WEEKDAY,DY Patil College Charholi,1
trip_1044_21,1044,WEEKDAY,Kothrud Depot,0
trip_1055_8,1055,WEEKDAY,DY Patil College Charholi,1
trip_1055_9,1055,WEEKDAY,DY Patil College Charholi,1
trip_1044_22,1044,WEEKDAY,Kothrud Depot,0
trip_1044_23,1044,WEEKDAY,Kothrud Depot,0
trip_1044_24,1044,WEEKDAY,Kothrud Depot,0
trip_1044_25,1044,WEEKDAY,Kothrud Depot,0
trip_1045_0,1045,WEEKDAY,Kekan Gas,1
trip_1044_26,1044,WEEKDAY,Kothrud Depot,0
trip_1044_27,1044,WEEKDAY,Kothrud Depot,0
trip_1044_28,1044,WEEKDAY,Kothrud Depot,0
trip_1044_29,1044,WEEKDAY,Kothrud Depot,0
trip_1044_30,1044,WEEKDAY,Kothrud Depot,0
trip_1044_31,1044,WEEKDAY,Kothrud Depot,0
trip_1044_32,1044,WEEKDAY,Kothrud Depot,0
trip_1045_1,1045,WEEKDAY,Kekan Gas,1
trip_1045_2,1045,WEEKDAY,Kekan Gas,1
trip_1045_3,1045,WEEKDAY,Kekan Gas,1
trip_1045_4,1045,WEEKDAY,Kekan Gas,1
trip_1045_5,1045,WEEKDAY,Kekan Gas,1
trip_1045_6,1045,WEEKDAY,Kekan Gas,1
trip_1045_7,1045,WEEKDAY,Kekan Gas,1
trip_1045_8,1045,WEEKDAY,Kekan Gas,1
trip_1045_9,1045,WEEKDAY,Kekan Gas,1
trip_1045_10,1045,WEEKDAY,Kekan Gas,1
trip_1045_11,1045,WEEKDAY,Kekan Gas,1
trip_1045_12,1045,WEEKDAY,Kekan Gas,1
trip_1045_13,1045,WEEKDAY,Kekan Gas,1
trip_1045_14,1045,WEEKDAY,Kekan Gas,1
trip_1045_15,1045,WEEKDAY,Kekan Gas,1
trip_1045_16,1045,WEEKDAY,Kekan Gas,1
trip_1045_17,1045,WEEKDAY,Kekan Gas,1
trip_1045_18,1045,WEEKDAY,Kekan Gas,1
trip_1045_19,1045,WEEKDAY,Kekan Gas,1
trip_1045_20,1045,WEEKDAY,Kekan Gas,1
trip_1045_21,1045,WEEKDAY,Kekan Gas,1
trip_1045_22,1045,WEEKDAY,Kekan Gas,1
trip_1045_23,1045,WEEKDAY,Kekan Gas,1
trip_1045_24,1045,WEEKDAY,Kekan Gas,1
trip_1045_25,1045,WEEKDAY,Kekan Gas,1
trip_1045_26,1045,WEEKDAY,Kekan Gas,1
trip_1045_27,1045,WEEKDAY,Kekan Gas,1
trip_1045_28,1045,WEEKDAY,Kekan Gas,1
trip_1045_29,1045,WEEKDAY,Kekan Gas,1
trip_1045_30,1045,WEEKDAY,Kekan Gas,1
trip_1045_31,1045,WEEKDAY,Kekan Gas,1
trip_1045_32,1045,WEEKDAY,Kekan Gas,1
trip_1045_33,1045,WEEKDAY,Kekan Gas,1
trip_1040_0,1040,WEEKDAY,Ganpati Matha,0
trip_1041_0,1041,WEEKDAY,Wagholi Kesnand Phata,1
trip_1040_1,1040,WEEKDAY,Ganpati Matha,0
trip_1040_2,1040,WEEKDAY,Ganpati Matha,0
trip_1040_3,1040,WEEKDAY,Ganpati Matha,0
trip_1065_0,1065,WEEKDAY,Fursungi,1
trip_1040_4,1040,WEEKDAY,Ganpati Matha,0
trip_1040_5,1040,WEEKDAY,Ganpati Matha,0
trip_1040_6,1040,WEEKDAY,Ganpati Matha,0
trip_1064_0,1064,WEEKDAY,Hadapsar Gadital,0
trip_1040_7,1040,WEEKDAY,Ganpati Matha,0
trip_1040_8,1040,WEEKDAY,Ganpati Matha,0
trip_1040_9,1040,WEEKDAY,Ganpati Matha,0
trip_1040_10,1040,WEEKDAY,Ganpati Matha,0
trip_1040_11,1040,WEEKDAY,Ganpati Matha,0
trip_1040_12,1040,WEEKDAY,Ganpati Matha,0
trip_1040_13,1040,WEEKDAY,Ganpati Matha,0
trip_1040_14,1040,WEEKDAY,Ganpati Matha,0
trip_1065_1,1065,WEEKDAY,Fursungi,1
trip_1065_2,1065,WEEKDAY,Fursungi,1
trip_1040_15,1040,WEEKDAY,Ganpati Matha,0
trip_1065_3,1065,WEEKDAY,Fursungi,1
trip_1040_16,1040,WEEKDAY,Ganpati Matha,0
trip_1065_4,1065,WEEKDAY,Fursungi,1
trip_1065_5,1065,WEEKDAY,Fursungi,1
trip_1040_17,1040,WEEKDAY,Ganpati Matha,0
trip_1065_6,1065,WEEKDAY,Fursungi,1
trip_1064_1,1064,WEEKDAY,Hadapsar Gadital,0
trip_1040_18,1040,WEEKDAY,Ganpati Matha,0
trip_1064_2,1064,WEEKDAY,Hadapsar Gadital,0
trip_1065_7,1065,WEEKDAY,Fursungi,1
trip_1064_3,1064,WEEKDAY,Hadapsar Gadital,0
trip_1065_8,1065,WEEKDAY,Fursungi,1
trip_1040_19,1040,WEEKDAY,Ganpati Matha,0
trip_1064_4,1064,WEEKDAY,Hadapsar Gadital,0
trip_1065_9,1065,WEEKDAY,Fursungi,1
trip_1064_5,1064,WEEKDAY,Hadapsar Gadital,0
trip_1040_20,1040,WEEKDAY,Ganpati Matha,0
trip_1065_10,1065,WEEKDAY,Fursungi,1
trip_1064_6,1064,WEEKDAY,Hadapsar Gadital,0
trip_1065_11,1065,WEEKDAY,Fursungi,1
trip_1040_21,1040,WEEKDAY,Ganpati Matha,0
trip_1064_7,1064,WEEKDAY,Hadapsar Gadital,0
trip_1065_12,1065,WEEKDAY,Fursungi,1
trip_1064_8,1064,WEEKDAY,Hadapsar Gadital,0
trip_1040_22,1040,WEEKDAY,Ganpati Matha,0
trip_1065_13,1065,WEEKDAY,Fursungi,1
trip_1041_1,1041,WEEKDAY,Wagholi Kesnand Phata,1
trip_1064_9,1064,WEEKDAY,Hadapsar Gadital,0
trip_1065_14,1065,WEEKDAY,Fursungi,1
trip_1040_23,1040,WEEKDAY,Ganpati Matha,0
trip_1064_10,1064,WEEKDAY,Hadapsar Gadital,0
trip_1065_15,1065,WEEKDAY,Fursungi,1
trip_1041_2,1041,WEEKDAY,Wagholi Kesnand Phata,1
trip_1064_11,1064,WEEKDAY,Hadapsar Gadital,0
trip_1065_16,1065,WEEKDAY,Fursungi,1
trip_1040_24,1040,WEEKDAY,Ganpati Matha,0
trip_1064_12,1064,WEEKDAY,Hadapsar Gadital,0
trip_1065_17,1065,WEEKDAY,Fursungi,1
trip_1041_3,1041,WEEKDAY,Wagholi Kesnand Phata,1
trip_1064_13,1064,WEEKDAY,Hadapsar Gadital,0
trip_1040_25,1040,WEEKDAY,Ganpati Matha,0
trip_1065_18,1065,WEEKDAY,Fursungi,1
trip_1064_14,1064,WEEKDAY,Hadapsar Gadital,0
trip_1041_4,1041,WEEKDAY,Wagholi Kesnand Phata,1
trip_1065_19,1065,WEEKDAY,Fursungi,1
trip_1040_26,1040,WEEKDAY,Ganpati Matha,0
trip_1064_15,1064,WEEKDAY,Hadapsar Gadital,0
trip_1065_20,1065,WEEKDAY,Fursungi,1
trip_1041_5,1041,WEEKDAY,Wagholi Kesnand Phata,1
trip_1064_16,1064,WEEKDAY,Hadapsar Gadital,0
trip_1065_21,1065,WEEKDAY,Fursungi,1
trip_1040_27,1040,WEEKDAY,Ganpati Matha,0
trip_1064_17,1064,WEEKDAY,Hadapsar Gadital,0
trip_1041_6,1041,WEEKDAY,Wagholi Kesnand Phata,1
trip_1065_22,1065,WEEKDAY,Fursungi,1
trip_1064_18,1064,WEEKDAY,Hadapsar Gadital,0
trip_1040_28,1040,WEEKDAY,Ganpati Matha,0
trip_1065_23,1065,WEEKDAY,Fursungi,1
trip_1064_19,1064,WEEKDAY,Hadapsar Gadital,0
trip_1065_24,1065,WEEKDAY,Fursungi,1
trip_1041_7,1041,WEEKDAY,Wagholi Kesnand Phata,1
trip_1040_29,1040,WEEKDAY,Ganpati Matha,0
trip_1064_20,1064,WEEKDAY,Hadapsar Gadital,0
trip_1065_25,1065,WEEKDAY,Fursungi,1
trip_1041_8,1041,WEEKDAY,Wagholi Kesnand Phata,1
trip_1064_21,1064,WEEKDAY,Hadapsar Gadital,0
trip_1040_30,1040,WEEKDAY,Ganpati Matha,0
trip_1065_26,1065,WEEKDAY,Fursungi,1
trip_1064_22,1064,WEEKDAY,Hadapsar Gadital,0
trip_1065_27,1065,WEEKDAY,Fursungi,1
trip_1041_9,1041,WEEKDAY,Wagholi Kesnand Phata,1
trip_1040_31,1040,WEEKDAY,Ganpati Matha,0
trip_1064_23,1064,WEEKDAY,Hadapsar Gadital,0
trip_1065_28,1065,WEEKDAY,Fursungi,1
trip_1064_24,1064,WEEKDAY,Hadapsar Gadital,0
trip_1065_29,1065,WEEKDAY,Fursungi,1
trip_1041_10,1041,WEEKDAY,Wagholi Kesnand Phata,1
trip_1040_32,1040,WEEKDAY,Ganpati Matha,0
trip_1064_25,1064,WEEKDAY,Hadapsar Gadital,0
trip_1065_30,1065,WEEKDAY,Fursungi,1
trip_1041_11,1041,WEEKDAY,Wagholi Kesnand Phata,1
trip_1064_26,1064,WEEKDAY,Hadapsar Gadital,0
trip_1040_33,1040,WEEKDAY,Ganpati Matha,0
trip_1065_31,1065,WEEKDAY,Fursungi,1
trip_1064_27,1064,WEEKDAY,Hadapsar Gadital,0
trip_1065_32,1065,WEEKDAY,Fursungi,1
trip_1041_12,1041,WEEKDAY,Wagholi Kesnand Phata,1
trip_1040_34,1040,WEEKDAY,Ganpati Matha,0
trip_1065_33,1065,WEEKDAY,Fursungi,1
trip_1064_28,1064,WEEKDAY,Hadapsar Gadital,0
trip_1065_34,1065,WEEKDAY,Fursungi,1
trip_1041_13,1041,WEEKDAY,Wagholi Kesnand Phata,1
trip_1064_29,1064,WEEKDAY,Hadapsar Gadital,0
trip_1040_35,1040,WEEKDAY,Ganpati Matha,0
trip_1065_35,1065,WEEKDAY,Fursungi,1
trip_1064_30,1064,WEEKDAY,Hadapsar Gadital,0
trip_1041_14,1041,WEEKDAY,Wagholi Kesnand Phata,1
trip_1040_36,1040,WEEKDAY,Ganpati Matha,0
trip_1065_36,1065,WEEKDAY,Fursungi,1
trip_1064_31,1064,WEEKDAY,Hadapsar Gadital,0
trip_1065_37,1065,WEEKDAY,Fursungi,1
trip_1041_15,1041,WEEKDAY,Wagholi Kesnand Phata,1
trip_1064_32,1064,WEEKDAY,Hadapsar Gadital,0
trip_1040_37,1040,WEEKDAY,Ganpati Matha,0
trip_1065_38,1065,WEEKDAY,Fursungi,1
trip_1064_33,1064,WEEKDAY,Hadapsar Gadital,0
trip_1041_16,1041,WEEKDAY,Wagholi Kesnand Phata,1
trip_1065_39,1065,WEEKDAY,Fursungi,1
trip_1064_34,1064,WEEKDAY,Hadapsar Gadital,0
trip_1040_38,1040,WEEKDAY,Ganpati Matha,0
trip_1065_40,1065,WEEKDAY,Fursungi,1
trip_1064_35,1064,WEEKDAY,Hadapsar Gadital,0
trip_1041_17,1041,WEEKDAY,Wagholi Kesnand Phata,1
trip_1065_41,1065,WEEKDAY,Fursungi,1
trip_1040_39,1040,WEEKDAY,Ganpati Matha,0
trip_1064_36,1064,WEEKDAY,Hadapsar Gadital,0
trip_1065_42,1065,WEEKDAY,Fursungi,1
trip_1041_18,1041,WEEKDAY,Wagholi Kesnand Phata,1
trip_1064_37,1064,WEEKDAY,Hadapsar Gadital,0
trip_1040_40,1040,WEEKDAY,Ganpati Matha,0
trip_1065_43,1065,WEEKDAY,Fursungi,1
trip_1064_38,1064,WEEKDAY,Hadapsar Gadital,0
trip_1065_44,1065,WEEKDAY,Fursungi,1
trip_1041_19,1041,WEEKDAY,Wagholi Kesnand Phata,1
trip_1040_41,1040,WEEKDAY,Ganpati Matha,0
trip_1064_39,1064,WEEKDAY,Hadapsar Gadital,0
trip_1065_45,1065,WEEKDAY,Fursungi,1
trip_1064_40,1064,WEEKDAY,Hadapsar Gadital,0
trip_1065_46,1065,WEEKDAY,Fursungi,1
trip_1041_20,1041,WEEKDAY,Wagholi Kesnand Phata,1
trip_1040_42,1040,WEEKDAY,Ganpati Matha,0
trip_1064_41,1064,WEEKDAY,Hadapsar Gadital,0
trip_1065_47,1065,WEEKDAY,Fursungi,1
trip_1064_42,1064,WEEKDAY,Hadapsar Gadital,0
trip_1065_48,1065,WEEKDAY,Fursungi,1
trip_1041_21,1041,WEEKDAY,Wagholi Kesnand Phata,1
trip_1040_43,1040,WEEKDAY,Ganpati Matha,0
trip_1064_43,1064,WEEKDAY,Hadapsar Gadital,0
trip_1065_49,1065,WEEKDAY,Fursungi,1
trip_1064_44,1064,WEEKDAY,Hadapsar Gadital,0
trip_1065_50,1065,WEEKDAY,Fursungi,1
trip_1066_0,1066,WEEKDAY,Hadapsar Gadital Solapur Road,0
trip_1041_22,1041,WEEKDAY,Wagholi Kesnand Phata,1
trip_1040_44,1040,WEEKDAY,Ganpati Matha,0
trip_1064_45,1064,WEEKDAY,Hadapsar Gadital,0
trip_1065_51,1065,WEEKDAY,Fursungi,1
trip_1064_46,1064,WEEKDAY,Hadapsar Gadital,0
trip_1065_52,1065,WEEKDAY,Fursungi,1
trip_1041_23,1041,WEEKDAY,Wagholi Kesnand Phata,1
trip_1040_45,1040,WEEKDAY,Ganpati Matha,0
trip_1064_47,1064,WEEKDAY,Hadapsar Gadital,0
trip_1065_53,1065,WEEKDAY,Fursungi,1
trip_1064_48,1064,WEEKDAY,Hadapsar Gadital,0
trip_1065_54,1065,WEEKDAY,Fursungi,1
trip_1041_24,1041,WEEKDAY,Wagholi Kesnand Phata,1
trip_1040_46,1040,WEEKDAY,Ganpati Matha,0
trip_1064_49,1064,WEEKDAY,Hadapsar Gadital,0
trip_1065_55,1065,WEEKDAY,Fursungi,1
trip_1041_25,1041,WEEKDAY,Wagholi Kesnand Phata,1
trip_1064_50,1064,WEEKDAY,Hadapsar Gadital,0
trip_1065_56,1065,WEEKDAY,Fursungi,1
trip_1040_47,1040,WEEKDAY,Ganpati Matha,0
trip_1064_51,1064,WEEKDAY,Hadapsar Gadital,0
trip_1065_57,1065,WEEKDAY,Fursungi,1
trip_1041_26,1041,WEEKDAY,Wagholi Kesnand Phata,1
trip_1040_48,1040,WEEKDAY,Ganpati Matha,0
trip_1064_52,1064,WEEKDAY,Hadapsar Gadital,0
trip_1065_58,1065,WEEKDAY,Fursungi,1
trip_1041_27,1041,WEEKDAY,Wagholi Kesnand Phata,1
trip_1064_53,1064,WEEKDAY,Hadapsar Gadital,0
trip_1040_49,1040,WEEKDAY,Ganpati Matha,0
trip_1065_59,1065,WEEKDAY,Fursungi,1
trip_1064_54,1064,WEEKDAY,Hadapsar Gadital,0
trip_1065_60,1065,WEEKDAY,Fursungi,1
trip_1041_28,1041,WEEKDAY,Wagholi Kesnand Phata,1
trip_1064_55,1064,WEEKDAY,Hadapsar Gadital,0
trip_1040_50,1040,WEEKDAY,Ganpati Matha,0
trip_1065_61,1065,WEEKDAY,Fursungi,1
trip_1072_0,1072,WEEKDAY,Jambhulwadi,0
trip_1041_29,1041,WEEKDAY,Wagholi Kesnand Phata,1
trip_1064_56,1064,WEEKDAY,Hadapsar Gadital,0
trip_1065_62,1065,WEEKDAY,Fursungi,1
trip_1040_51,1040,WEEKDAY,Ganpati Matha,0
trip_1064_57,1064,WEEKDAY,Hadapsar Gadital,0
trip_1066_1,1066,WEEKDAY,Hadapsar Gadital Solapur Road,0
trip_1065_63,1065,WEEKDAY,Fursungi,1
trip_1041_30,1041,WEEKDAY,Wagholi Kesnand Phata,1
trip_1064_58,1064,WEEKDAY,Hadapsar Gadital,0
trip_1066_2,1066,WEEKDAY,Hadapsar Gadital Solapur Road,0
trip_1065_64,1065,WEEKDAY,Fursungi,1
trip_1040_52,1040,WEEKDAY,Ganpati Matha,0
trip_1064_59,1064,WEEKDAY,Hadapsar Gadital,0
trip_1066_3,1066,WEEKDAY,Hadapsar Gadital Solapur Road,0
trip_1065_65,1065,WEEKDAY,Fursungi,1
trip_1041_31,1041,WEEKDAY,Wagholi Kesnand Phata,1
trip_1073_0,1073,WEEKDAY,Katraj,1
trip_1064_60,1064,WEEKDAY,Hadapsar Gadital,0
trip_1040_53,1040,WEEKDAY,Ganpati Matha,0
trip_1066_4,1066,WEEKDAY,Hadapsar Gadital Solapur Road,0
trip_1065_66,1065,WEEKDAY,Fursungi,1
trip_1064_61,1064,WEEKDAY,Hadapsar Gadital,0
trip_1041_32,1041,WEEKDAY,Wagholi Kesnand Phata,1
trip_1065_67,1065,WEEKDAY,Fursungi,1
trip_1066_5,1066,WEEKDAY,Hadapsar Gadital Solapur Road,0
trip_1064_62,1064,WEEKDAY,Hadapsar Gadital,0
trip_1040_54,1040,WEEKDAY,Ganpati Matha,0
trip_1065_68,1065,WEEKDAY,Fursungi,1
trip_1066_6,1066,WEEKDAY,Hadapsar Gadital Solapur Road,0
trip_1041_33,1041,WEEKDAY,Wagholi Kesnand Phata,1
trip_1064_63,1064,WEEKDAY,Hadapsar Gadital,0
trip_1065_69,1065,WEEKDAY,Fursungi,1
trip_1066_7,1066,WEEKDAY,Hadapsar Gadital Solapur Road,0
trip_1040_55,1040,WEEKDAY,Ganpati Matha,0
trip_1064_64,1064,WEEKDAY,Hadapsar Gadital,0
trip_1041_34,1041,WEEKDAY,Wagholi Kesnand Phata,1
trip_1065_70,1065,WEEKDAY,Fursungi,1
trip_1066_8,1066,WEEKDAY,Hadapsar Gadital Solapur Road,0
trip_1064_65,1064,WEEKDAY,Hadapsar Gadital,0
trip_1040_56,1040,WEEKDAY,Ganpati Matha,0
trip_1065_71,1065,WEEKDAY,Fursungi,1
trip_1066_9,1066,WEEKDAY,Hadapsar Gadital Solapur Road,0
trip_1072_1,1072,WEEKDAY,Jambhulwadi,0
trip_1064_66,1064,WEEKDAY,Hadapsar Gadital,0
trip_1041_35,1041,WEEKDAY,Wagholi Kesnand Phata,1
trip_1066_10,1066,WEEKDAY,Hadapsar Gadital Solapur Road,0
trip_1072_2,1072,WEEKDAY,Jambhulwadi,0
trip_1064_67,1064,WEEKDAY,Hadapsar Gadital,0
trip_1040_57,1040,WEEKDAY,Ganpati Matha,0
trip_1065_72,1065,WEEKDAY,Fursungi,1
trip_1066_11,1066,WEEKDAY,Hadapsar Gadital Solapur Road,0
trip_1072_3,1072,WEEKDAY,Jambhulwadi,0
trip_1064_68,1064,WEEKDAY,Hadapsar Gadital,0
trip_1041_36,1041,WEEKDAY,Wagholi Kesnand Phata,1
trip_1065_73,1065,WEEKDAY,Fursungi,1
trip_1066_12,1066,WEEKDAY,Hadapsar Gadital Solapur Road,0
trip_1072_4,1072,WEEKDAY,Jambhulwadi,0
trip_1064_69,1064,WEEKDAY,Hadapsar Gadital,0
trip_1040_58,1040,WEEKDAY,Ganpati Matha,0
trip_1065_74,1065,WEEKDAY,Fursungi,1
trip_1066_13,1066,WEEKDAY,Hadapsar Gadital Solapur Road,0
trip_1072_5,1072,WEEKDAY,Jambhulwadi,0
trip_1041_37,1041,WEEKDAY,Wagholi Kesnand Phata,1
trip_1073_1,1073,WEEKDAY,Katraj,1
trip_1064_70,1064,WEEKDAY,Hadapsar Gadital,0
trip_1065_75,1065,WEEKDAY,Fursungi,1
trip_1066_14,1066,WEEKDAY,Hadapsar Gadital Solapur Road,0
trip_1072_6,1072,WEEKDAY,Jambhulwadi,0
trip_1040_59,1040,WEEKDAY,Ganpati Matha,0
trip_1073_2,1073,WEEKDAY,Katraj,1
trip_1064_71,1064,WEEKDAY,Hadapsar Gadital,0
trip_1065_76,1065,WEEKDAY,Fursungi,1
trip_1041_38,1041,WEEKDAY,Wagholi Kesnand Phata,1
trip_1066_15,1066,WEEKDAY,Hadapsar Gadital Solapur Road,0
trip_1072_7,1072,WEEKDAY,Jambhulwadi,0
trip_1073_3,1073,WEEKDAY,Katraj,1
trip_1064_72,1064,WEEKDAY,Hadapsar Gadital,0
trip_1065_77,1065,WEEKDAY,Fursungi,1
trip_1040_60,1040,WEEKDAY,Ganpati Matha,0
trip_1072_8,1072,WEEKDAY,Jambhulwadi,0
trip_1066_16,1066,WEEKDAY,Hadapsar Gadital Solapur Road,0
trip_1073_4,1073,WEEKDAY,Katraj,1
trip_1064_73,1064,WEEKDAY,Hadapsar Gadital,0
trip_1041_39,1041,WEEKDAY,Wagholi Kesnand Phata,1
trip_1065_78,1065,WEEKDAY,Fursungi,1
trip_1066_17,1066,WEEKDAY,Hadapsar Gadital Solapur Road,0
trip_1072_9,1072,WEEKDAY,Jambhulwadi,0
trip_1073_5,1073,WEEKDAY,Katraj,1
trip_1064_74,1064,WEEKDAY,Hadapsar Gadital,0
trip_1040_61,1040,WEEKDAY,Ganpati Matha,0
trip_1066_18,1066,WEEKDAY,Hadapsar Gadital Solapur Road,0
trip_1072_10,1072,WEEKDAY,Jambhulwadi,0
trip_1041_40,1041,WEEKDAY,Wagholi Kesnand Phata,1
trip_1073_6,1073,WEEKDAY,Katraj,1
trip_1064_75,1064,WEEKDAY,Hadapsar Gadital,0
trip_1072_11,1072,WEEKDAY,Jambhulwadi,0
trip_1066_19,1066,WEEKDAY,Hadapsar Gadital Solapur Road,0
trip_1073_7,1073,WEEKDAY,Katraj,1
trip_1040_62,1040,WEEKDAY,Ganpati Matha,0
trip_1064_76,1064,WEEKDAY,Hadapsar Gadital,0
trip_1072_12,1072,WEEKDAY,Jambhulwadi,0
trip_1041_41,1041,WEEKDAY,Wagholi Kesnand Phata,1
trip_1066_20,1066,WEEKDAY,Hadapsar Gadital Solapur Road,0
trip_1073_8,1073,WEEKDAY,Katraj,1
trip_1064_77,1064,WEEKDAY,Hadapsar Gadital,0
trip_1072_13,1072,WEEKDAY,Jambhulwadi,0
trip_1073_9,1073,WEEKDAY,Katraj,1
trip_1066_21,1066,WEEKDAY,Hadapsar Gadital Solapur Road,0
trip_1040_63,1040,WEEKDAY,Ganpati Matha,0
trip_1072_14,1072,WEEKDAY,Jambhulwadi,0
trip_1041_42,1041,WEEKDAY,Wagholi Kesnand Phata,1
trip_1064_78,1064,WEEKDAY,Hadapsar Gadital,0
trip_1073_10,1073,WEEKDAY,Katraj,1
trip_1066_22,1066,WEEKDAY,Hadapsar Gadital Solapur Road,0
trip_1073_11,1073,WEEKDAY,Katraj,1
trip_1064_79,1064,WEEKDAY,Hadapsar Gadital,0
trip_1040_64,1040,WEEKDAY,Ganpati Matha,0
trip_1041_43,1041,WEEKDAY,Wagholi Kesnand Phata,1
trip_1066_23,1066,WEEKDAY,Hadapsar Gadital Solapur Road,0
trip_1073_12,1073,WEEKDAY,Katraj,1
trip_1066_24,1066,WEEKDAY,Hadapsar Gadital Solapur Road,0
trip_1040_65,1040,WEEKDAY,Ganpati Matha,0
trip_1073_13,1073,WEEKDAY,Katraj,1
trip_1041_44,1041,WEEKDAY,Wagholi Kesnand Phata,1
trip_1066_25,1066,WEEKDAY,Hadapsar Gadital Solapur Road,0
trip_1073_14,1073,WEEKDAY,Katraj,1
trip_1040_66,1040,WEEKDAY,Ganpati Matha,0
trip_1066_26,1066,WEEKDAY,Hadapsar Gadital Solapur Road,0
trip_1041_45,1041,WEEKDAY,Wagholi Kesnand Phata,1
trip_1066_27,1066,WEEKDAY,Hadapsar Gadital Solapur Road,0
trip_1040_67,1040,WEEKDAY,Ganpati Matha,0
trip_1066_28,1066,WEEKDAY,Hadapsar Gadital Solapur Road,0
trip_1041_46,1041,WEEKDAY,Wagholi Kesnand Phata,1
trip_1066_29,1066,WEEKDAY,Hadapsar Gadital Solapur Road,0
trip_1040_68,1040,WEEKDAY,Ganpati Matha,0
trip_1041_47,1041,WEEKDAY,Wagholi Kesnand Phata,1
trip_1066_30,1066,WEEKDAY,Hadapsar Gadital Solapur Road,0
trip_1040_69,1040,WEEKDAY,Ganpati Matha,0
trip_1066_31,1066,WEEKDAY,Hadapsar Gadital Solapur Road,0
trip_1041_48,1041,WEEKDAY,Wagholi Kesnand Phata,1
trip_1066_32,1066,WEEKDAY,Hadapsar Gadital Solapur Road,0
trip_1040_70,1040,WEEKDAY,Ganpati Matha,0
trip_1066_33,1066,WEEKDAY,Hadapsar Gadital Solapur Road,0
trip_1041_49,1041,WEEKDAY,Wagholi Kesnand Phata,1
trip_1066_34,1066,WEEKDAY,Hadapsar Gadital Solapur Road,0
trip_1040_71,1040,WEEKDAY,Ganpati Matha,0
trip_1066_35,1066,WEEKDAY,Hadapsar Gadital Solapur Road,0
trip_1041_50,1041,WEEKDAY,Wagholi Kesnand Phata,1
trip_1066_36,1066,WEEKDAY,Hadapsar Gadital Solapur Road,0
trip_1040_72,1040,WEEKDAY,Ganpati Matha,0
trip_1066_37,1066,WEEKDAY,Hadapsar Gadital Solapur Road,0
trip_1041_51,1041,WEEKDAY,Wagholi Kesnand Phata,1
trip_1066_38,1066,WEEKDAY,Hadapsar Gadital Solapur Road,0
trip_1040_73,1040,WEEKDAY,Ganpati Matha,0
trip_1066_39,1066,WEEKDAY,Hadapsar Gadital Solapur Road,0
trip_1041_52,1041,WEEKDAY,Wagholi Kesnand Phata,1
trip_1040_74,1040,WEEKDAY,Ganpati Matha,0
trip_1066_40,1066,WEEKDAY,Hadapsar Gadital Solapur Road,0
trip_1066_41,1066,WEEKDAY,Hadapsar Gadital Solapur Road,0
trip_1041_53,1041,WEEKDAY,Wagholi Kesnand Phata,1
trip_1066_42,1066,WEEKDAY,Hadapsar Gadital Solapur Road,0
trip_1066_43,1066,WEEKDAY,Hadapsar Gadital Solapur Road,0
trip_1041_54,1041,WEEKDAY,Wagholi Kesnand Phata,1
trip_1066_44,1066,WEEKDAY,Hadapsar Gadital Solapur Road,0
trip_1066_45,1066,WEEKDAY,Hadapsar Gadital Solapur Road,0
trip_1041_55,1041,WEEKDAY,Wagholi Kesnand Phata,1
trip_1066_46,1066,WEEKDAY,Hadapsar Gadital Solapur Road,0
trip_1066_47,1066,WEEKDAY,Hadapsar Gadital Solapur Road,0
trip_1041_56,1041,WEEKDAY,Wagholi Kesnand Phata,1
trip_1066_48,1066,WEEKDAY,Hadapsar Gadital Solapur Road,0
trip_1066_49,1066,WEEKDAY,Hadapsar Gadital Solapur Road,0
trip_1041_57,1041,WEEKDAY,Wagholi Kesnand Phata,1
trip_1066_50,1066,WEEKDAY,Hadapsar Gadital Solapur Road,0
trip_1041_58,1041,WEEKDAY,Wagholi Kesnand Phata,1
trip_1066_51,1066,WEEKDAY,Hadapsar Gadital Solapur Road,0
trip_1067_0,1067,WEEKDAY,Manjari Budruk,1
trip_1041_59,1041,WEEKDAY,Wagholi Kesnand Phata,1
trip_1066_52,1066,WEEKDAY,Hadapsar Gadital Solapur Road,0
trip_1066_53,1066,WEEKDAY,Hadapsar Gadital Solapur Road,0
trip_1041_60,1041,WEEKDAY,Wagholi Kesnand Phata,1
trip_1066_54,1066,WEEKDAY,Hadapsar Gadital Solapur Road,0
trip_1066_55,1066,WEEKDAY,Hadapsar Gadital Solapur Road,0
trip_1041_61,1041,WEEKDAY,Wagholi Kesnand Phata,1
trip_1066_56,1066,WEEKDAY,Hadapsar Gadital Solapur Road,0
trip_1066_57,1066,WEEKDAY,Hadapsar Gadital Solapur Road,0
trip_1041_62,1041,WEEKDAY,Wagholi Kesnand Phata,1
trip_1066_58,1066,WEEKDAY,Hadapsar Gadital Solapur Road,0
trip_1041_63,1041,WEEKDAY,Wagholi Kesnand Phata,1
trip_1066_59,1066,WEEKDAY,Hadapsar Gadital Solapur Road,0
trip_1066_60,1066,WEEKDAY,Hadapsar Gadital Solapur Road,0
trip_1041_64,1041,WEEKDAY,Wagholi Kesnand Phata,1
trip_1066_61,1066,WEEKDAY,Hadapsar Gadital Solapur Road,0
trip_1066_62,1066,WEEKDAY,Hadapsar Gadital Solapur Road,0
trip_1041_65,1041,WEEKDAY,Wagholi Kesnand Phata,1
trip_1066_63,1066,WEEKDAY,Hadapsar Gadital Solapur Road,0
trip_1041_66,1041,WEEKDAY,Wagholi Kesnand Phata,1
trip_1066_64,1066,WEEKDAY,Hadapsar Gadital Solapur Road,0
trip_1067_1,1067,WEEKDAY,Manjari Budruk,1
trip_1066_65,1066,WEEKDAY,Hadapsar Gadital Solapur Road,0
trip_1067_2,1067,WEEKDAY,Manjari Budruk,1
trip_1041_67,1041,WEEKDAY,Wagholi Kesnand Phata,1
trip_1066_66,1066,WEEKDAY,Hadapsar Gadital Solapur Road,0
trip_1067_3,1067,WEEKDAY,Manjari Budruk,1
trip_1066_67,1066,WEEKDAY,Hadapsar Gadital Solapur Road,0
trip_1041_68,1041,WEEKDAY,Wagholi Kesnand Phata,1
trip_1067_4,1067,WEEKDAY,Manjari Budruk,1
trip_1066_68,1066,WEEKDAY,Hadapsar Gadital Solapur Road,0
trip_1041_69,1041,WEEKDAY,Wagholi Kesnand Phata,1
trip_1067_5,1067,WEEKDAY,Manjari Budruk,1
trip_1066_69,1066,WEEKDAY,Hadapsar Gadital Solapur Road,0
trip_1067_6,1067,WEEKDAY,Manjari Budruk,1
trip_1041_70,1041,WEEKDAY,Wagholi Kesnand Phata,1
trip_1066_70,1066,WEEKDAY,Hadapsar Gadital Solapur Road,0
trip_1067_7,1067,WEEKDAY,Manjari Budruk,1
trip_1066_71,1066,WEEKDAY,Hadapsar Gadital Solapur Road,0
trip_1041_71,1041,WEEKDAY,Wagholi Kesnand Phata,1
trip_1067_8,1067,WEEKDAY,Manjari Budruk,1
trip_1066_72,1066,WEEKDAY,Hadapsar Gadital Solapur Road,0
trip_1067_9,1067,WEEKDAY,Manjari Budruk,1
trip_1041_72,1041,WEEKDAY,Wagholi Kesnand Phata,1
trip_1066_73,1066,WEEKDAY,Hadapsar Gadital Solapur Road,0
trip_1067_10,1067,WEEKDAY,Manjari Budruk,1
trip_1066_74,1066,WEEKDAY,Hadapsar Gadital Solapur Road,0
trip_1041_73,1041,WEEKDAY,Wagholi Kesnand Phata,1
trip_1067_11,1067,WEEKDAY,Manjari Budruk,1
trip_1066_75,1066,WEEKDAY,Hadapsar Gadital Solapur Road,0
trip_1067_12,1067,WEEKDAY,Manjari Budruk,1
trip_1041_74,1041,WEEKDAY,Wagholi Kesnand Phata,1
trip_1066_76,1066,WEEKDAY,Hadapsar Gadital Solapur Road,0
trip_1067_13,1067,WEEKDAY,Manjari Budruk,1
trip_1067_14,1067,WEEKDAY,Manjari Budruk,1
trip_1067_15,1067,WEEKDAY,Manjari Budruk,1
trip_1067_16,1067,WEEKDAY,Manjari Budruk,1
trip_1067_17,1067,WEEKDAY,Manjari Budruk,1
trip_1067_18,1067,WEEKDAY,Manjari Budruk,1
trip_1067_19,1067,WEEKDAY,Manjari Budruk,1
trip_1067_20,1067,WEEKDAY,Manjari Budruk,1
trip_1067_21,1067,WEEKDAY,Manjari Budruk,1
trip_1067_22,1067,WEEKDAY,Manjari Budruk,1
trip_1067_23,1067,WEEKDAY,Manjari Budruk,1
trip_1067_24,1067,WEEKDAY,Manjari Budruk,1
trip_1067_25,1067,WEEKDAY,Manjari Budruk,1
trip_1067_26,1067,WEEKDAY,Manjari Budruk,1
trip_1067_27,1067,WEEKDAY,Manjari Budruk,1
trip_1067_28,1067,WEEKDAY,Manjari Budruk,1
trip_1067_29,1067,WEEKDAY,Manjari Budruk,1
trip_1067_30,1067,WEEKDAY,Manjari Budruk,1
trip_1067_31,1067,WEEKDAY,Manjari Budruk,1
trip_1067_32,1067,WEEKDAY,Manjari Budruk,1
trip_1067_33,1067,WEEKDAY,Manjari Budruk,1
trip_1067_34,1067,WEEKDAY,Manjari Budruk,1
trip_1067_35,1067,WEEKDAY,Manjari Budruk,1
trip_1067_36,1067,WEEKDAY,Manjari Budruk,1
trip_1067_37,1067,WEEKDAY,Manjari Budruk,1
trip_1067_38,1067,WEEKDAY,Manjari Budruk,1
trip_1067_39,1067,WEEKDAY,Manjari Budruk,1
trip_1067_40,1067,WEEKDAY,Manjari Budruk,1
trip_1067_41,1067,WEEKDAY,Manjari Budruk,1
trip_1067_42,1067,WEEKDAY,Manjari Budruk,1
trip_1067_43,1067,WEEKDAY,Manjari Budruk,1
trip_1067_44,1067,WEEKDAY,Manjari Budruk,1
trip_1067_45,1067,WEEKDAY,Manjari Budruk,1
trip_1067_46,1067,WEEKDAY,Manjari Budruk,1
trip_1067_47,1067,WEEKDAY,Manjari Budruk,1
trip_1067_48,1067,WEEKDAY,Manjari Budruk,1
trip_1067_49,1067,WEEKDAY,Manjari Budruk,1
trip_1067_50,1067,WEEKDAY,Manjari Budruk,1
trip_1067_51,1067,WEEKDAY,Manjari Budruk,1
trip_1067_52,1067,WEEKDAY,Manjari Budruk,1
trip_1067_53,1067,WEEKDAY,Manjari Budruk,1
trip_1067_54,1067,WEEKDAY,Manjari Budruk,1
trip_1067_55,1067,WEEKDAY,Manjari Budruk,1
trip_1067_56,1067,WEEKDAY,Manjari Budruk,1
trip_1067_57,1067,WEEKDAY,Manjari Budruk,1
trip_1067_58,1067,WEEKDAY,Manjari Budruk,1
trip_1067_59,1067,WEEKDAY,Manjari Budruk,1
trip_1067_60,1067,WEEKDAY,Manjari Budruk,1
trip_1067_61,1067,WEEKDAY,Manjari Budruk,1
trip_1067_62,1067,WEEKDAY,Manjari Budruk,1
trip_1067_63,1067,WEEKDAY,Manjari Budruk,1
trip_1067_64,1067,WEEKDAY,Manjari Budruk,1
trip_1067_65,1067,WEEKDAY,Manjari Budruk,1
trip_1067_66,1067,WEEKDAY,Manjari Budruk,1
trip_1067_67,1067,WEEKDAY,Manjari Budruk,1
trip_1067_68,1067,WEEKDAY,Manjari Budruk,1
trip_1067_69,1067,WEEKDAY,Manjari Budruk,1
trip_1067_70,1067,WEEKDAY,Manjari Budruk,1
trip_1067_71,1067,WEEKDAY,Manjari Budruk,1
trip_1067_72,1067,WEEKDAY,Manjari Budruk,1
trip_1067_73,1067,WEEKDAY,Manjari Budruk,1
trip_1067_74,1067,WEEKDAY,Manjari Budruk,1
trip_1067_75,1067,WEEKDAY,Manjari Budruk,1
trip_1067_76,1067,WEEKDAY,Manjari Budruk,1
trip_1067_77,1067,WEEKDAY,Manjari Budruk,1
trip_1344_0,1344,WEEKDAY,Nandanvan City Narhe,0
trip_1344_1,1344,WEEKDAY,Nandanvan City Narhe,0
trip_1344_2,1344,WEEKDAY,Nandanvan City Narhe,0
trip_1344_3,1344,WEEKDAY,Nandanvan City Narhe,0
trip_1344_4,1344,WEEKDAY,Nandanvan City Narhe,0
trip_1344_5,1344,WEEKDAY,Nandanvan City Narhe,0
trip_1344_6,1344,WEEKDAY,Nandanvan City Narhe,0
trip_1345_0,1345,WEEKDAY,Katraj,1
trip_1345_1,1345,WEEKDAY,Katraj,1
trip_1345_2,1345,WEEKDAY,Katraj,1
trip_1345_3,1345,WEEKDAY,Katraj,1
trip_1345_4,1345,WEEKDAY,Katraj,1
trip_1345_5,1345,WEEKDAY,Katraj,1
trip_1345_6,1345,WEEKDAY,Katraj,1
trip_1345_7,1345,WEEKDAY,Katraj,1
trip_1345_8,1345,WEEKDAY,Katraj,1
trip_1080_0,1080,WEEKDAY,Katraj,0
trip_1081_0,1081,WEEKDAY,Gujarwadi,1
trip_1080_1,1080,WEEKDAY,Katraj,0
trip_1080_2,1080,WEEKDAY,Katraj,0
trip_1080_3,1080,WEEKDAY,Katraj,0
trip_1080_4,1080,WEEKDAY,Katraj,0
trip_1080_5,1080,WEEKDAY,Katraj,0
trip_1080_6,1080,WEEKDAY,Katraj,0
trip_1080_7,1080,WEEKDAY,Katraj,0
trip_1080_8,1080,WEEKDAY,Katraj,0
trip_1081_1,1081,WEEKDAY,Gujarwadi,1
trip_1080_9,1080,WEEKDAY,Katraj,0
trip_1081_2,1081,WEEKDAY,Gujarwadi,1
trip_1080_10,1080,WEEKDAY,Katraj,0
trip_1081_3,1081,WEEKDAY,Gujarwadi,1
trip_1080_11,1080,WEEKDAY,Katraj,0
trip_1081_4,1081,WEEKDAY,Gujarwadi,1
trip_1080_12,1080,WEEKDAY,Katraj,0
trip_1081_5,1081,WEEKDAY,Gujarwadi,1
trip_1080_13,1080,WEEKDAY,Katraj,0
trip_1081_6,1081,WEEKDAY,Gujarwadi,1
trip_1080_14,1080,WEEKDAY,Katraj,0
trip_1081_7,1081,WEEKDAY,Gujarwadi,1
trip_1080_15,1080,WEEKDAY,Katraj,0
trip_1081_8,1081,WEEKDAY,Gujarwadi,1
trip_1080_16,1080,WEEKDAY,Katraj,0
trip_1081_9,1081,WEEKDAY,Gujarwadi,1
trip_1080_17,1080,WEEKDAY,Katraj,0
trip_1081_10,1081,WEEKDAY,Gujarwadi,1
trip_1080_18,1080,WEEKDAY,Katraj,0
trip_1081_11,1081,WEEKDAY,Gujarwadi,1
trip_1080_19,1080,WEEKDAY,Katraj,0
trip_1081_12,1081,WEEKDAY,Gujarwadi,1
trip_1080_20,1080,WEEKDAY,Katraj,0
trip_1081_13,1081,WEEKDAY,Gujarwadi,1
trip_1080_21,1080,WEEKDAY,Katraj,0
trip_1081_14,1081,WEEKDAY,Gujarwadi,1
trip_1080_22,1080,WEEKDAY,Katraj,0
trip_1081_15,1081,WEEKDAY,Gujarwadi,1
trip_1080_23,1080,WEEKDAY,Katraj,0
trip_1081_16,1081,WEEKDAY,Gujarwadi,1
trip_1081_17,1081,WEEKDAY,Gujarwadi,1
trip_1081_18,1081,WEEKDAY,Gujarwadi,1
trip_1081_19,1081,WEEKDAY,Gujarwadi,1
trip_1081_20,1081,WEEKDAY,Gujarwadi,1
trip_1081_21,1081,WEEKDAY,Gujarwadi,1
trip_1081_22,1081,WEEKDAY,Gujarwadi,1
trip_1081_23,1081,WEEKDAY,Gujarwadi,1
trip_1077_0,1077,WEEKDAY,Katraj,1
trip_1076_0,1076,WEEKDAY,Abhinav Collage Narhe,0
trip_1077_1,1077,WEEKDAY,Katraj,1
trip_1076_1,1076,WEEKDAY,Abhinav Collage Narhe,0
trip_1077_2,1077,WEEKDAY,Katraj,1
trip_1076_2,1076,WEEKDAY,Abhinav Collage Narhe,0
trip_1077_3,1077,WEEKDAY,Katraj,1
trip_1076_3,1076,WEEKDAY,Abhinav Collage Narhe,0
trip_1077_4,1077,WEEKDAY,Katraj,1
trip_1076_4,1076,WEEKDAY,Abhinav Collage Narhe,0
trip_1077_5,1077,WEEKDAY,Katraj,1
trip_1076_5,1076,WEEKDAY,Abhinav Collage Narhe,0
trip_1077_6,1077,WEEKDAY,Katraj,1
trip_1076_6,1076,WEEKDAY,Abhinav Collage Narhe,0
trip_1077_7,1077,WEEKDAY,Katraj,1
trip_1076_7,1076,WEEKDAY,Abhinav Collage Narhe,0
trip_1077_8,1077,WEEKDAY,Katraj,1
trip_1076_8,1076,WEEKDAY,Abhinav Collage Narhe,0
trip_1077_9,1077,WEEKDAY,Katraj,1
trip_1076_9,1076,WEEKDAY,Abhinav Collage Narhe,0
trip_1077_10,1077,WEEKDAY,Katraj,1
trip_1076_10,1076,WEEKDAY,Abhinav Collage Narhe,0
trip_1077_11,1077,WEEKDAY,Katraj,1
trip_1076_11,1076,WEEKDAY,Abhinav Collage Narhe,0
trip_1077_12,1077,WEEKDAY,Katraj,1
trip_1076_12,1076,WEEKDAY,Abhinav Collage Narhe,0
trip_1077_13,1077,WEEKDAY,Katraj,1
trip_1076_13,1076,WEEKDAY,Abhinav Collage Narhe,0
trip_1077_14,1077,WEEKDAY,Katraj,1
trip_1076_14,1076,WEEKDAY,Abhinav Collage Narhe,0
trip_1077_15,1077,WEEKDAY,Katraj,1
trip_1076_15,1076,WEEKDAY,Abhinav Collage Narhe,0
trip_1077_16,1077,WEEKDAY,Katraj,1
trip_1076_16,1076,WEEKDAY,Abhinav Collage Narhe,0
trip_1077_17,1077,WEEKDAY,Katraj,1
trip_1076_17,1076,WEEKDAY,Abhinav Collage Narhe,0
trip_1077_18,1077,WEEKDAY,Katraj,1
trip_1076_18,1076,WEEKDAY,Abhinav Collage Narhe,0
trip_1077_19,1077,WEEKDAY,Katraj,1
trip_1076_19,1076,WEEKDAY,Abhinav Collage Narhe,0
trip_1077_20,1077,WEEKDAY,Katraj,1
trip_1076_20,1076,WEEKDAY,Abhinav Collage Narhe,0
trip_1077_21,1077,WEEKDAY,Katraj,1
trip_1076_21,1076,WEEKDAY,Abhinav Collage Narhe,0
trip_1077_22,1077,WEEKDAY,Katraj,1
trip_1076_22,1076,WEEKDAY,Abhinav Collage Narhe,0
trip_1077_23,1077,WEEKDAY,Katraj,1
trip_1082_0,1082,WEEKDAY,Katraj,0
trip_1082_1,1082,WEEKDAY,Katraj,0
trip_1082_2,1082,WEEKDAY,Katraj,0
trip_1082_3,1082,WEEKDAY,Katraj,0
trip_1082_4,1082,WEEKDAY,Katraj,0
trip_1082_5,1082,WEEKDAY,Katraj,0
trip_1082_6,1082,WEEKDAY,Katraj,0
trip_1082_7,1082,WEEKDAY,Katraj,0
trip_1082_8,1082,WEEKDAY,Katraj,0
trip_1082_9,1082,WEEKDAY,Katraj,0
trip_1082_10,1082,WEEKDAY,Katraj,0
trip_1082_11,1082,WEEKDAY,Katraj,0
trip_1082_12,1082,WEEKDAY,Katraj,0
trip_1082_13,1082,WEEKDAY,Katraj,0
trip_1082_14,1082,WEEKDAY,Katraj,0
trip_1082_15,1082,WEEKDAY,Katraj,0
trip_1082_16,1082,WEEKDAY,Katraj,0
trip_1082_17,1082,WEEKDAY,Katraj,0
trip_1082_18,1082,WEEKDAY,Katraj,0
trip_1082_19,1082,WEEKDAY,Katraj,0
trip_1082_20,1082,WEEKDAY,Katraj,0
trip_1082_21,1082,WEEKDAY,Katraj,0
trip_1082_22,1082,WEEKDAY,Katraj,0
trip_1082_23,1082,WEEKDAY,Katraj,0
trip_1082_24,1082,WEEKDAY,Katraj,0
trip_1082_25,1082,WEEKDAY,Katraj,0
trip_1082_26,1082,WEEKDAY,Katraj,0
trip_1083_0,1083,WEEKDAY,Yewalewadi,1
trip_1083_1,1083,WEEKDAY,Yewalewadi,1
trip_1083_2,1083,WEEKDAY,Yewalewadi,1
trip_1083_3,1083,WEEKDAY,Yewalewadi,1
trip_1083_4,1083,WEEKDAY,Yewalewadi,1
trip_1083_5,1083,WEEKDAY,Yewalewadi,1
trip_1083_6,1083,WEEKDAY,Yewalewadi,1
trip_1083_7,1083,WEEKDAY,Yewalewadi,1
trip_1083_8,1083,WEEKDAY,Yewalewadi,1
trip_1083_9,1083,WEEKDAY,Yewalewadi,1
trip_1083_10,1083,WEEKDAY,Yewalewadi,1
trip_1083_11,1083,WEEKDAY,Yewalewadi,1
trip_1083_12,1083,WEEKDAY,Yewalewadi,1
trip_1083_13,1083,WEEKDAY,Yewalewadi,1
trip_1083_14,1083,WEEKDAY,Yewalewadi,1
trip_1083_15,1083,WEEKDAY,Yewalewadi,1
trip_1083_16,1083,WEEKDAY,Yewalewadi,1
trip_1083_17,1083,WEEKDAY,Yewalewadi,1
trip_1083_18,1083,WEEKDAY,Yewalewadi,1
trip_1083_19,1083,WEEKDAY,Yewalewadi,1
trip_1083_20,1083,WEEKDAY,Yewalewadi,1
trip_1083_21,1083,WEEKDAY,Yewalewadi,1
trip_1083_22,1083,WEEKDAY,Yewalewadi,1
trip_1083_23,1083,WEEKDAY,Yewalewadi,1
trip_1083_24,1083,WEEKDAY,Yewalewadi,1
trip_1083_25,1083,WEEKDAY,Yewalewadi,1
trip_1083_26,1083,WEEKDAY,Yewalewadi,1
trip_1083_27,1083,WEEKDAY,Yewalewadi,1
trip_1092_0,1092,WEEKDAY,Upper Depot,0
trip_1092_1,1092,WEEKDAY,Upper Depot,0
trip_1092_2,1092,WEEKDAY,Upper Depot,0
trip_1092_3,1092,WEEKDAY,Upper Depot,0
trip_1092_4,1092,WEEKDAY,Upper Depot,0
trip_1092_5,1092,WEEKDAY,Upper Depot,0
trip_1092_6,1092,WEEKDAY,Upper Depot,0
trip_1092_7,1092,WEEKDAY,Upper Depot,0
trip_1092_8,1092,WEEKDAY,Upper Depot,0
trip_1094_0,1094,WEEKDAY,Swargate,1
trip_1094_1,1094,WEEKDAY,Swargate,1
trip_1094_2,1094,WEEKDAY,Swargate,1
trip_1094_3,1094,WEEKDAY,Swargate,1
trip_1094_4,1094,WEEKDAY,Swargate,1
trip_1094_5,1094,WEEKDAY,Swargate,1
trip_1094_6,1094,WEEKDAY,Swargate,1
trip_1094_7,1094,WEEKDAY,Swargate,1
trip_1094_8,1094,WEEKDAY,Swargate,1
trip_1094_9,1094,WEEKDAY,Swargate,1
trip_1089_0,1089,WEEKDAY,Deccan Gymkhana,0
trip_1090_0,1090,WEEKDAY,Sneha Vihar Dangat Patil Nagar,1
trip_1089_1,1089,WEEKDAY,Deccan Gymkhana,0
trip_1089_2,1089,WEEKDAY,Deccan Gymkhana,0
trip_1090_1,1090,WEEKDAY,Sneha Vihar Dangat Patil Nagar,1
trip_1109_0,1109,WEEKDAY,PANCHSHIL TOWERS E VON GATE NO. 2 Kharadi,1
trip_1109_1,1109,WEEKDAY,PANCHSHIL TOWERS E VON GATE NO. 2 Kharadi,1
trip_1109_2,1109,WEEKDAY,PANCHSHIL TOWERS E VON GATE NO. 2 Kharadi,1
trip_1109_3,1109,WEEKDAY,PANCHSHIL TOWERS E VON GATE NO. 2 Kharadi,1
trip_1109_4,1109,WEEKDAY,PANCHSHIL TOWERS E VON GATE NO. 2 Kharadi,1
trip_1109_5,1109,WEEKDAY,PANCHSHIL TOWERS E VON GATE NO. 2 Kharadi,1
trip_1109_6,1109,WEEKDAY,PANCHSHIL TOWERS E VON GATE NO. 2 Kharadi,1
trip_1109_7,1109,WEEKDAY,PANCHSHIL TOWERS E VON GATE NO. 2 Kharadi,1
trip_1109_8,1109,WEEKDAY,PANCHSHIL TOWERS E VON GATE NO. 2 Kharadi,1
trip_1109_9,1109,WEEKDAY,PANCHSHIL TOWERS E VON GATE NO. 2 Kharadi,1
trip_1108_0,1108,WEEKDAY,Ramwadi Metro Station,0
trip_1108_1,1108,WEEKDAY,Ramwadi Metro Station,0
trip_1108_2,1108,WEEKDAY,Ramwadi Metro Station,0
trip_1108_3,1108,WEEKDAY,Ramwadi Metro Station,0
trip_1108_4,1108,WEEKDAY,Ramwadi Metro Station,0
trip_1108_5,1108,WEEKDAY,Ramwadi Metro Station,0
trip_1108_6,1108,WEEKDAY,Ramwadi Metro Station,0
trip_1099_0,1099,WEEKDAY,Shivaji Nagar Civil Court Metro Station,1
trip_1110_0,1110,WEEKDAY,Deccan Gymkhana,0
trip_1098_0,1098,WEEKDAY,Hadapsar Gadital,0
trip_1099_1,1099,WEEKDAY,Shivaji Nagar Civil Court Metro Station,1
trip_1099_2,1099,WEEKDAY,Shivaji Nagar Civil Court Metro Station,1
trip_1099_3,1099,WEEKDAY,Shivaji Nagar Civil Court Metro Station,1
trip_1099_4,1099,WEEKDAY,Shivaji Nagar Civil Court Metro Station,1
trip_1099_5,1099,WEEKDAY,Shivaji Nagar Civil Court Metro Station,1
trip_1110_1,1110,WEEKDAY,Deccan Gymkhana,0
trip_1110_2,1110,WEEKDAY,Deccan Gymkhana,0
trip_1110_3,1110,WEEKDAY,Deccan Gymkhana,0
trip_1110_4,1110,WEEKDAY,Deccan Gymkhana,0
trip_1110_5,1110,WEEKDAY,Deccan Gymkhana,0
trip_1098_1,1098,WEEKDAY,Hadapsar Gadital,0
trip_1110_6,1110,WEEKDAY,Deccan Gymkhana,0
trip_1098_2,1098,WEEKDAY,Hadapsar Gadital,0
trip_1098_3,1098,WEEKDAY,Hadapsar Gadital,0
trip_1098_4,1098,WEEKDAY,Hadapsar Gadital,0
trip_1098_5,1098,WEEKDAY,Hadapsar Gadital,0
trip_1112_0,1112,WEEKDAY,Pimpri Chowk Metro Station,0
trip_1111_0,1111,WEEKDAY,Ganpati Matha,1
trip_1112_1,1112,WEEKDAY,Pimpri Chowk Metro Station,0
trip_1112_2,1112,WEEKDAY,Pimpri Chowk Metro Station,0
trip_1112_3,1112,WEEKDAY,Pimpri Chowk Metro Station,0
trip_1112_4,1112,WEEKDAY,Pimpri Chowk Metro Station,0
trip_1112_5,1112,WEEKDAY,Pimpri Chowk Metro Station,0
trip_1112_6,1112,WEEKDAY,Pimpri Chowk Metro Station,0
trip_1113_0,1113,WEEKDAY,Kalewadi Phata,1
trip_1112_7,1112,WEEKDAY,Pimpri Chowk Metro Station,0
trip_1112_8,1112,WEEKDAY,Pimpri Chowk Metro Station,0
trip_1112_9,1112,WEEKDAY,Pimpri Chowk Metro Station,0
trip_1111_1,1111,WEEKDAY,Ganpati Matha,1
trip_1111_2,1111,WEEKDAY,Ganpati Matha,1
trip_1111_3,1111,WEEKDAY,Ganpati Matha,1
trip_1111_4,1111,WEEKDAY,Ganpati Matha,1
trip_1111_5,1111,WEEKDAY,Ganpati Matha,1
trip_1111_6,1111,WEEKDAY,Ganpati Matha,1
trip_1113_1,1113,WEEKDAY,Kalewadi Phata,1
trip_1113_2,1113,WEEKDAY,Kalewadi Phata,1
trip_1113_3,1113,WEEKDAY,Kalewadi Phata,1
trip_1113_4,1113,WEEKDAY,Kalewadi Phata,1
trip_1113_5,1113,WEEKDAY,Kalewadi Phata,1
trip_1113_6,1113,WEEKDAY,Kalewadi Phata,1
trip_1113_7,1113,WEEKDAY,Kalewadi Phata,1
trip_1113_8,1113,WEEKDAY,Kalewadi Phata,1
trip_1113_9,1113,WEEKDAY,Kalewadi Phata,1
trip_1113_10,1113,WEEKDAY,Kalewadi Phata,1
trip_1130_0,1130,WEEKDAY,Nigdi Pawale Chowk,0
trip_1130_1,1130,WEEKDAY,Nigdi Pawale Chowk,0
trip_1130_2,1130,WEEKDAY,Nigdi Pawale Chowk,0
trip_1130_3,1130,WEEKDAY,Nigdi Pawale Chowk,0
trip_1130_4,1130,WEEKDAY,Nigdi Pawale Chowk,0
trip_1130_5,1130,WEEKDAY,Nigdi Pawale Chowk,0
trip_1130_6,1130,WEEKDAY,Nigdi Pawale Chowk,0
trip_1130_7,1130,WEEKDAY,Nigdi Pawale Chowk,0
trip_1130_8,1130,WEEKDAY,Nigdi Pawale Chowk,0
trip_1130_9,1130,WEEKDAY,Nigdi Pawale Chowk,0
trip_1130_10,1130,WEEKDAY,Nigdi Pawale Chowk,0
trip_1131_0,1131,WEEKDAY,Rupee Nagar,1
trip_1130_11,1130,WEEKDAY,Nigdi Pawale Chowk,0
trip_1130_12,1130,WEEKDAY,Nigdi Pawale Chowk,0
trip_1130_13,1130,WEEKDAY,Nigdi Pawale Chowk,0
trip_1130_14,1130,WEEKDAY,Nigdi Pawale Chowk,0
trip_1130_15,1130,WEEKDAY,Nigdi Pawale Chowk,0
trip_1130_16,1130,WEEKDAY,Nigdi Pawale Chowk,0
trip_1130_17,1130,WEEKDAY,Nigdi Pawale Chowk,0
trip_1130_18,1130,WEEKDAY,Nigdi Pawale Chowk,0
trip_1130_19,1130,WEEKDAY,Nigdi Pawale Chowk,0
trip_1130_20,1130,WEEKDAY,Nigdi Pawale Chowk,0
trip_1131_1,1131,WEEKDAY,Rupee Nagar,1
trip_1131_2,1131,WEEKDAY,Rupee Nagar,1
trip_1131_3,1131,WEEKDAY,Rupee Nagar,1
trip_1131_4,1131,WEEKDAY,Rupee Nagar,1
trip_1131_5,1131,WEEKDAY,Rupee Nagar,1
trip_1131_6,1131,WEEKDAY,Rupee Nagar,1
trip_1131_7,1131,WEEKDAY,Rupee Nagar,1
trip_1131_8,1131,WEEKDAY,Rupee Nagar,1
trip_1131_9,1131,WEEKDAY,Rupee Nagar,1
trip_1131_10,1131,WEEKDAY,Rupee Nagar,1
trip_1131_11,1131,WEEKDAY,Rupee Nagar,1
trip_1131_12,1131,WEEKDAY,Rupee Nagar,1
trip_1131_13,1131,WEEKDAY,Rupee Nagar,1
trip_1131_14,1131,WEEKDAY,Rupee Nagar,1
trip_1131_15,1131,WEEKDAY,Rupee Nagar,1
trip_1131_16,1131,WEEKDAY,Rupee Nagar,1
trip_1131_17,1131,WEEKDAY,Rupee Nagar,1
trip_1131_18,1131,WEEKDAY,Rupee Nagar,1
trip_1131_19,1131,WEEKDAY,Rupee Nagar,1
trip_1131_20,1131,WEEKDAY,Rupee Nagar,1
trip_1132_0,1132,WEEKDAY,Akurdi Khandoba Maal,0
trip_1133_0,1133,WEEKDAY,Nageshwar Vidyalaya Chikhli,1
trip_1115_0,1115,WEEKDAY,Nigdi Bhakti Shakti,1
trip_1132_1,1132,WEEKDAY,Akurdi Khandoba Maal,0
trip_1132_2,1132,WEEKDAY,Akurdi Khandoba Maal,0
trip_1132_3,1132,WEEKDAY,Akurdi Khandoba Maal,0
trip_1132_4,1132,WEEKDAY,Akurdi Khandoba Maal,0
trip_1133_1,1133,WEEKDAY,Nageshwar Vidyalaya Chikhli,1
trip_1133_2,1133,WEEKDAY,Nageshwar Vidyalaya Chikhli,1
trip_1134_0,1134,WEEKDAY,Pimpri Chowk Metro Station,0
trip_1133_3,1133,WEEKDAY,Nageshwar Vidyalaya Chikhli,1
trip_1115_1,1115,WEEKDAY,Nigdi Bhakti Shakti,1
trip_1133_4,1133,WEEKDAY,Nageshwar Vidyalaya Chikhli,1
trip_1115_2,1115,WEEKDAY,Nigdi Bhakti Shakti,1
trip_1115_3,1115,WEEKDAY,Nigdi Bhakti Shakti,1
trip_1115_4,1115,WEEKDAY,Nigdi Bhakti Shakti,1
trip_1115_5,1115,WEEKDAY,Nigdi Bhakti Shakti,1
trip_1114_0,1114,WEEKDAY,Nashik Phata,0
trip_1134_1,1134,WEEKDAY,Pimpri Chowk Metro Station,0
trip_1134_2,1134,WEEKDAY,Pimpri Chowk Metro Station,0
trip_1134_3,1134,WEEKDAY,Pimpri Chowk Metro Station,0
trip_1134_4,1134,WEEKDAY,Pimpri Chowk Metro Station,0
trip_1114_1,1114,WEEKDAY,Nashik Phata,0
trip_1114_2,1114,WEEKDAY,Nashik Phata,0
trip_1114_3,1114,WEEKDAY,Nashik Phata,0
trip_1114_4,1114,WEEKDAY,Nashik Phata,0
trip_1114_5,1114,WEEKDAY,Nashik Phata,0
trip_1135_0,1135,WEEKDAY,Walhekarwadi,1
trip_1135_1,1135,WEEKDAY,Walhekarwadi,1
trip_1135_2,1135,WEEKDAY,Walhekarwadi,1
trip_1135_3,1135,WEEKDAY,Walhekarwadi,1
trip_1135_4,1135,WEEKDAY,Walhekarwadi,1
trip_1136_0,1136,WEEKDAY,Katraj,0
trip_1137_0,1137,WEEKDAY,Mariaai Gate Navin St Stand,1
trip_1138_0,1138,WEEKDAY,Katraj,0
trip_1139_0,1139,WEEKDAY,Pune Station Moledina Stand,1
trip_1138_1,1138,WEEKDAY,Katraj,0
trip_1138_2,1138,WEEKDAY,Katraj,0
trip_1139_1,1139,WEEKDAY,Pune Station Moledina Stand,1
trip_1139_2,1139,WEEKDAY,Pune Station Moledina Stand,1
trip_1140_0,1140,WEEKDAY,Swargate,0
trip_1142_0,1142,WEEKDAY,Hadapsar Gadital,0
trip_1140_1,1140,WEEKDAY,Swargate,0
trip_1142_1,1142,WEEKDAY,Hadapsar Gadital,0
trip_1140_2,1140,WEEKDAY,Swargate,0
trip_1142_2,1142,WEEKDAY,Hadapsar Gadital,0
trip_1141_0,1141,WEEKDAY,Hadapsar Gadital,1
trip_1143_0,1143,WEEKDAY,Pune Station St. Helena'S Stand,1
trip_1141_1,1141,WEEKDAY,Hadapsar Gadital,1
trip_1141_2,1141,WEEKDAY,Hadapsar Gadital,1
trip_1141_3,1141,WEEKDAY,Hadapsar Gadital,1
trip_1143_1,1143,WEEKDAY,Pune Station St. Helena'S Stand,1
trip_1143_2,1143,WEEKDAY,Pune Station St. Helena'S Stand,1
trip_1143_3,1143,WEEKDAY,Pune Station St. Helena'S Stand,1
trip_1147_0,1147,WEEKDAY,Nda 10 No. Gate,1
trip_1146_0,1146,WEEKDAY,Pune Station Moledina Stand,0
trip_1147_1,1147,WEEKDAY,Nda 10 No. Gate,1
trip_1147_2,1147,WEEKDAY,Nda 10 No. Gate,1
trip_1146_1,1146,WEEKDAY,Pune Station Moledina Stand,0
trip_1146_2,1146,WEEKDAY,Pune Station Moledina Stand,0
