route_id,direction_id,stop_id,scheduled_gaps,average_headway_minutes,minimum_headway_minutes,maximum_headway_minutes
902,0,107,139,7.63,3.0,35.0
902,0,1780,139,7.63,3.0,35.0
902,0,1781,139,7.63,3.0,35.0
902,0,1782,139,7.63,3.0,35.0
902,0,1783,139,7.63,3.0,35.0
902,0,1784,139,7.63,3.0,35.0
902,0,1954,139,7.63,3.0,35.0
902,0,319,139,7.63,3.0,35.0
902,0,320,139,7.63,3.0,35.0
902,0,321,139,7.63,3.0,35.0
902,0,322,139,7.63,3.0,35.0
902,0,3315,139,7.63,3.0,35.0
902,0,404,139,7.63,3.0,35.0
902,0,405,139,7.63,3.0,35.0
902,0,406,139,7.63,3.0,35.0
222,1,2942,161,8.76,1.0,279.0
903,1,106,139,9.61,1.0,275.0
903,1,107,139,9.61,1.0,275.0
903,1,1819,139,9.61,1.0,275.0
903,1,1820,139,9.61,1.0,275.0
903,1,1821,139,9.61,1.0,275.0
903,1,1822,139,9.61,1.0,275.0
903,1,1823,139,9.61,1.0,275.0
903,1,1966,139,9.61,1.0,275.0
903,1,3315,139,9.61,1.0,275.0
903,1,349,139,9.61,1.0,275.0
903,1,403,139,9.61,1.0,275.0
903,1,442,139,9.61,1.0,275.0
903,1,443,139,9.61,1.0,275.0
903,1,444,139,9.61,1.0,275.0
472,0,30,93,10.4,2.35,77.35
757,1,1006,88,11.48,5.0,40.0
757,1,1007,88,11.48,5.0,40.0
757,1,1008,88,11.48,5.0,40.0
757,1,1010,88,11.48,5.0,40.0
757,1,18,88,11.48,5.0,40.0
757,1,19,88,11.48,5.0,40.0
757,1,20,88,11.48,5.0,40.0
757,1,24,88,11.48,5.0,40.0
757,1,39,88,11.48,5.0,40.0
757,1,40,88,11.48,5.0,40.0
757,1,41,88,11.48,5.0,40.0
757,1,42,88,11.48,5.0,40.0
757,1,43,88,11.48,5.0,40.0
757,1,44,88,11.48,5.0,40.0
757,1,45,88,11.48,5.0,40.0
757,1,46,88,11.48,5.0,40.0
757,1,47,88,11.48,5.0,40.0
757,1,48,88,11.48,5.0,40.0
757,1,50,88,11.48,5.0,40.0
757,1,51,88,11.48,5.0,40.0
757,1,52,88,11.48,5.0,40.0
757,1,53,88,11.48,5.0,40.0
757,1,594,88,11.48,5.0,40.0
757,1,595,88,11.48,5.0,40.0
757,1,596,88,11.48,5.0,40.0
757,1,597,88,11.48,5.0,40.0
757,1,598,88,11.48,5.0,40.0
757,1,599,88,11.48,5.0,40.0
757,1,6296,88,11.48,5.0,40.0
757,1,6683,88,11.48,5.0,40.0
757,1,6734,88,11.48,5.0,40.0
757,1,6949,88,11.48,5.0,40.0
757,1,7207,88,11.48,5.0,40.0
587,0,5123,86,11.74,5.0,20.0
587,0,5124,86,11.74,5.0,20.0
587,0,5125,86,11.74,5.0,20.0
587,0,5126,86,11.74,5.0,20.0
587,0,5127,86,11.74,5.0,20.0
587,0,5128,86,11.74,5.0,20.0
587,0,5129,86,11.74,5.0,20.0
587,0,5130,86,11.74,5.0,20.0
587,0,5131,86,11.74,5.0,20.0
587,0,6045,86,11.74,5.0,20.0
587,0,6046,86,11.74,5.0,20.0
587,0,6047,86,11.74,5.0,20.0
587,0,6048,86,11.74,5.0,20.0
587,0,6049,86,11.74,5.0,20.0
587,0,6050,86,11.74,5.0,20.0
587,0,6052,86,11.74,5.0,20.0
587,0,6053,86,11.74,5.0,20.0
587,0,6054,86,11.74,5.0,20.0
587,0,6055,86,11.74,5.0,20.0
587,0,6056,86,11.74,5.0,20.0
587,0,6059,86,11.74,5.0,20.0
587,0,6060,86,11.74,5.0,20.0
587,0,6061,86,11.74,5.0,20.0
587,0,6062,86,11.74,5.0,20.0
587,0,6063,86,11.74,5.0,20.0
587,0,6064,86,11.74,5.0,20.0
587,0,6065,86,11.74,5.0,20.0
587,0,6066,86,11.74,5.0,20.0
587,0,6067,86,11.74,5.0,20.0
587,0,6068,86,11.74,5.0,20.0
587,0,6069,86,11.74,5.0,20.0
587,0,6070,86,11.74,5.0,20.0
587,0,6071,86,11.74,5.0,20.0
587,0,6072,86,11.74,5.0,20.0
587,0,6073,86,11.74,5.0,20.0
587,0,6074,86,11.74,5.0,20.0
587,0,6076,86,11.74,5.0,20.0
587,0,6077,86,11.74,5.0,20.0
587,0,6080,86,11.74,5.0,20.0
587,0,6129,86,11.74,5.0,20.0
587,0,6130,86,11.74,5.0,20.0
587,0,7459,86,11.74,5.0,20.0
587,0,761,86,11.74,5.0,20.0
587,0,762,86,11.74,5.0,20.0
587,0,763,86,11.74,5.0,20.0
587,0,849,86,11.74,5.0,20.0
752,0,1010,86,11.92,5.0,50.0
752,0,1011,86,11.92,5.0,50.0
752,0,1012,86,11.92,5.0,50.0
752,0,1013,86,11.92,5.0,50.0
752,0,108,86,11.92,5.0,50.0
752,0,18,86,11.92,5.0,50.0
752,0,19,86,11.92,5.0,50.0
752,0,20,86,11.92,5.0,50.0
752,0,22,86,11.92,5.0,50.0
752,0,23,86,11.92,5.0,50.0
752,0,24,86,11.92,5.0,50.0
752,0,25,86,11.92,5.0,50.0
752,0,26,86,11.92,5.0,50.0
752,0,27,86,11.92,5.0,50.0
752,0,28,86,11.92,5.0,50.0
752,0,29,86,11.92,5.0,50.0
752,0,30,86,11.92,5.0,50.0
752,0,31,86,11.92,5.0,50.0
752,0,32,86,11.92,5.0,50.0
752,0,33,86,11.92,5.0,50.0
752,0,34,86,11.92,5.0,50.0
752,0,35,86,11.92,5.0,50.0
752,0,3855,86,11.92,5.0,50.0
752,0,53,86,11.92,5.0,50.0
752,0,594,86,11.92,5.0,50.0
752,0,595,86,11.92,5.0,50.0
752,0,596,86,11.92,5.0,50.0
752,0,597,86,11.92,5.0,50.0
752,0,598,86,11.92,5.0,50.0
752,0,599,86,11.92,5.0,50.0
752,0,6467,86,11.92,5.0,50.0
752,0,6687,86,11.92,5.0,50.0
752,0,6734,86,11.92,5.0,50.0
752,0,6765,86,11.92,5.0,50.0
752,0,6949,86,11.92,5.0,50.0
262,1,1423,93,11.94,5.0,60.0
262,1,1426,93,11.94,5.0,60.0
262,1,1567,93,11.94,5.0,60.0
262,1,1570,93,11.94,5.0,60.0
262,1,1571,93,11.94,5.0,60.0
262,1,1577,93,11.94,5.0,60.0
262,1,1582,93,11.94,5.0,60.0
262,1,1583,93,11.94,5.0,60.0
262,1,1702,93,11.94,5.0,60.0
262,1,1704,93,11.94,5.0,60.0
262,1,2167,93,11.94,5.0,60.0
262,1,2168,93,11.94,5.0,60.0
262,1,2169,93,11.94,5.0,60.0
262,1,2170,93,11.94,5.0,60.0
262,1,2171,93,11.94,5.0,60.0
262,1,2173,93,11.94,5.0,60.0
262,1,2174,93,11.94,5.0,60.0
262,1,2175,93,11.94,5.0,60.0
262,1,2176,93,11.94,5.0,60.0
262,1,2177,93,11.94,5.0,60.0
262,1,3037,93,11.94,5.0,60.0
262,1,3038,93,11.94,5.0,60.0
262,1,3042,93,11.94,5.0,60.0
262,1,3045,93,11.94,5.0,60.0
262,1,419,93,11.94,5.0,60.0
262,1,426,93,11.94,5.0,60.0
262,1,427,93,11.94,5.0,60.0
262,1,428,93,11.94,5.0,60.0
262,1,429,93,11.94,5.0,60.0
262,1,430,93,11.94,5.0,60.0
262,1,431,93,11.94,5.0,60.0
262,1,432,93,11.94,5.0,60.0
262,1,433,93,11.94,5.0,60.0
262,1,435,93,11.94,5.0,60.0
262,1,4568,93,11.94,5.0,60.0
588,1,5123,82,12.07,5.0,30.0
588,1,5124,82,12.07,5.0,30.0
588,1,5125,82,12.07,5.0,30.0
588,1,5127,82,12.07,5.0,30.0
588,1,5128,82,12.07,5.0,30.0
588,1,5129,82,12.07,5.0,30.0
588,1,5151,82,12.07,5.0,30.0
588,1,5152,82,12.07,5.0,30.0
588,1,5172,82,12.07,5.0,30.0
588,1,6052,82,12.07,5.0,30.0
588,1,6054,82,12.07,5.0,30.0
588,1,6055,82,12.07,5.0,30.0
588,1,6061,82,12.07,5.0,30.0
588,1,6069,82,12.07,5.0,30.0
588,1,6076,82,12.07,5.0,30.0
588,1,6078,82,12.07,5.0,30.0
588,1,6080,82,12.07,5.0,30.0
588,1,6081,82,12.07,5.0,30.0
588,1,6082,82,12.07,5.0,30.0
588,1,6083,82,12.07,5.0,30.0
588,1,6084,82,12.07,5.0,30.0
588,1,6085,82,12.07,5.0,30.0
588,1,6086,82,12.07,5.0,30.0
588,1,6087,82,12.07,5.0,30.0
588,1,6088,82,12.07,5.0,30.0
588,1,6089,82,12.07,5.0,30.0
588,1,6090,82,12.07,5.0,30.0
588,1,6091,82,12.07,5.0,30.0
588,1,6092,82,12.07,5.0,30.0
588,1,6093,82,12.07,5.0,30.0
588,1,6094,82,12.07,5.0,30.0
588,1,6098,82,12.07,5.0,30.0
588,1,6099,82,12.07,5.0,30.0
588,1,6100,82,12.07,5.0,30.0
588,1,6101,82,12.07,5.0,30.0
588,1,6102,82,12.07,5.0,30.0
588,1,6103,82,12.07,5.0,30.0
588,1,6104,82,12.07,5.0,30.0
588,1,6105,82,12.07,5.0,30.0
588,1,6106,82,12.07,5.0,30.0
588,1,6159,82,12.07,5.0,30.0
588,1,6160,82,12.07,5.0,30.0
588,1,6516,82,12.07,5.0,30.0
588,1,761,82,12.07,5.0,30.0
588,1,763,82,12.07,5.0,30.0
588,1,771,82,12.07,5.0,30.0
708,0,5123,89,12.13,10.0,20.0
708,0,5124,89,12.13,10.0,20.0
708,0,5125,89,12.13,10.0,20.0
708,0,5126,89,12.13,10.0,20.0
708,0,5127,89,12.13,10.0,20.0
708,0,5128,89,12.13,10.0,20.0
708,0,5129,89,12.13,10.0,20.0
708,0,5130,89,12.13,10.0,20.0
708,0,5131,89,12.13,10.0,20.0
708,0,6038,89,12.13,10.0,20.0
708,0,6045,89,12.13,10.0,20.0
708,0,6046,89,12.13,10.0,20.0
708,0,6047,89,12.13,10.0,20.0
708,0,6048,89,12.13,10.0,20.0
708,0,6049,89,12.13,10.0,20.0
708,0,6050,89,12.13,10.0,20.0
708,0,6052,89,12.13,10.0,20.0
708,0,6209,89,12.13,10.0,20.0
708,0,6210,89,12.13,10.0,20.0
708,0,6212,89,12.13,10.0,20.0
708,0,6213,89,12.13,10.0,20.0
708,0,6214,89,12.13,10.0,20.0
708,0,6215,89,12.13,10.0,20.0
708,0,6216,89,12.13,10.0,20.0
708,0,6260,89,12.13,10.0,20.0
708,0,6950,89,12.13,10.0,20.0
708,0,7304,89,12.13,10.0,20.0
708,0,7445,89,12.13,10.0,20.0
708,0,7459,89,12.13,10.0,20.0
635,0,10,82,12.2,10.0,30.0
635,0,106813,82,12.2,10.0,30.0
635,0,106834,82,12.2,10.0,30.0
635,0,1071,82,12.2,10.0,30.0
635,0,11,82,12.2,10.0,30.0
635,0,12,82,12.2,10.0,30.0
635,0,13,82,12.2,10.0,30.0
635,0,14,82,12.2,10.0,30.0
635,0,15,82,12.2,10.0,30.0
635,0,2104,82,12.2,10.0,30.0
635,0,599,82,12.2,10.0,30.0
635,0,6424,82,12.2,10.0,30.0
635,0,6470,82,12.2,10.0,30.0
635,0,6471,82,12.2,10.0,30.0
635,0,6472,82,12.2,10.0,30.0
635,0,6473,82,12.2,10.0,30.0
635,0,6474,82,12.2,10.0,30.0
635,0,6475,82,12.2,10.0,30.0
635,0,6476,82,12.2,10.0,30.0
635,0,6477,82,12.2,10.0,30.0
635,0,68,82,12.2,10.0,30.0
635,0,69,82,12.2,10.0,30.0
635,0,70,82,12.2,10.0,30.0
635,0,71,82,12.2,10.0,30.0
635,0,72,82,12.2,10.0,30.0
635,0,73,82,12.2,10.0,30.0
635,0,75,82,12.2,10.0,30.0
635,0,7589,82,12.2,10.0,30.0
635,0,76,82,12.2,10.0,30.0
635,0,77,82,12.2,10.0,30.0
635,0,78,82,12.2,10.0,30.0
635,0,79,82,12.2,10.0,30.0
635,0,8,82,12.2,10.0,30.0
635,0,862,82,12.2,10.0,30.0
635,0,865,82,12.2,10.0,30.0
635,0,888,82,12.2,10.0,30.0
635,0,9,82,12.2,10.0,30.0
635,0,931,82,12.2,10.0,30.0
635,0,932,82,12.2,10.0,30.0
635,0,934,82,12.2,10.0,30.0
635,0,935,82,12.2,10.0,30.0
635,0,936,82,12.2,10.0,30.0
635,0,937,82,12.2,10.0,30.0
635,0,938,82,12.2,10.0,30.0
512,0,1702,87,12.24,5.0,25.0
512,0,1796,87,12.24,5.0,25.0
512,0,1797,87,12.24,5.0,25.0
512,0,1798,87,12.24,5.0,25.0
512,0,1799,87,12.24,5.0,25.0
512,0,1800,87,12.24,5.0,25.0
512,0,1801,87,12.24,5.0,25.0
512,0,1802,87,12.24,5.0,25.0
512,0,3087,87,12.24,5.0,25.0
512,0,3088,87,12.24,5.0,25.0
512,0,3089,87,12.24,5.0,25.0
512,0,3090,87,12.24,5.0,25.0
512,0,3092,87,12.24,5.0,25.0
512,0,3113,87,12.24,5.0,25.0
512,0,3114,87,12.24,5.0,25.0
512,0,3115,87,12.24,5.0,25.0
512,0,3249,87,12.24,5.0,25.0
512,0,3250,87,12.24,5.0,25.0
512,0,3251,87,12.24,5.0,25.0
512,0,3252,87,12.24,5.0,25.0
512,0,3273,87,12.24,5.0,25.0
512,0,3274,87,12.24,5.0,25.0
512,0,3276,87,12.24,5.0,25.0
512,0,3530,87,12.24,5.0,25.0
512,0,3531,87,12.24,5.0,25.0
512,0,3532,87,12.24,5.0,25.0
512,0,412,87,12.24,5.0,25.0
512,0,413,87,12.24,5.0,25.0
512,0,414,87,12.24,5.0,25.0
512,0,415,87,12.24,5.0,25.0
512,0,416,87,12.24,5.0,25.0
512,0,419,87,12.24,5.0,25.0
512,0,433,87,12.24,5.0,25.0
512,0,454,87,12.24,5.0,25.0
512,0,5378,87,12.24,5.0,25.0
512,0,5379,87,12.24,5.0,25.0
512,0,5380,87,12.24,5.0,25.0
1064,0,3621,79,12.28,5.0,20.0
1064,0,419,79,12.28,5.0,20.0
1064,0,420,79,12.28,5.0,20.0
1064,0,421,79,12.28,5.0,20.0
1064,0,422,79,12.28,5.0,20.0
1064,0,423,79,12.28,5.0,20.0
1064,0,424,79,12.28,5.0,20.0
1064,0,427,79,12.28,5.0,20.0
1064,0,8691,79,12.28,5.0,20.0
1064,0,8692,79,12.28,5.0,20.0
1064,0,8693,79,12.28,5.0,20.0
1064,0,8694,79,12.28,5.0,20.0
1064,0,8695,79,12.28,5.0,20.0
1064,0,8696,79,12.28,5.0,20.0
1064,0,8697,79,12.28,5.0,20.0
1064,0,8698,79,12.28,5.0,20.0
513,1,1800,87,12.3,10.0,20.0
513,1,1803,87,12.3,10.0,20.0
513,1,1804,87,12.3,10.0,20.0
513,1,1805,87,12.3,10.0,20.0
513,1,1806,87,12.3,10.0,20.0
513,1,1807,87,12.3,10.0,20.0
513,1,1808,87,12.3,10.0,20.0
513,1,3089,87,12.3,10.0,20.0
513,1,3103,87,12.3,10.0,20.0
513,1,3105,87,12.3,10.0,20.0
513,1,3107,87,12.3,10.0,20.0
513,1,3108,87,12.3,10.0,20.0
513,1,3115,87,12.3,10.0,20.0
513,1,3117,87,12.3,10.0,20.0
513,1,3118,87,12.3,10.0,20.0
513,1,3236,87,12.3,10.0,20.0
513,1,3240,87,12.3,10.0,20.0
513,1,3241,87,12.3,10.0,20.0
513,1,3242,87,12.3,10.0,20.0
513,1,3278,87,12.3,10.0,20.0
513,1,3279,87,12.3,10.0,20.0
513,1,3578,87,12.3,10.0,20.0
513,1,3579,87,12.3,10.0,20.0
513,1,3580,87,12.3,10.0,20.0
513,1,413,87,12.3,10.0,20.0
513,1,415,87,12.3,10.0,20.0
513,1,419,87,12.3,10.0,20.0
513,1,435,87,12.3,10.0,20.0
513,1,436,87,12.3,10.0,20.0
513,1,437,87,12.3,10.0,20.0
513,1,438,87,12.3,10.0,20.0
513,1,466,87,12.3,10.0,20.0
513,1,5379,87,12.3,10.0,20.0
513,1,5381,87,12.3,10.0,20.0
513,1,5382,87,12.3,10.0,20.0
513,1,5383,87,12.3,10.0,20.0
709,1,5123,88,12.39,5.0,30.0
709,1,5124,88,12.39,5.0,30.0
709,1,5125,88,12.39,5.0,30.0
709,1,5127,88,12.39,5.0,30.0
709,1,5128,88,12.39,5.0,30.0
709,1,5129,88,12.39,5.0,30.0
709,1,5151,88,12.39,5.0,30.0
709,1,5152,88,12.39,5.0,30.0
709,1,5172,88,12.39,5.0,30.0
709,1,6038,88,12.39,5.0,30.0
709,1,6052,88,12.39,5.0,30.0
709,1,6100,88,12.39,5.0,30.0
709,1,6101,88,12.39,5.0,30.0
709,1,6102,88,12.39,5.0,30.0
709,1,6103,88,12.39,5.0,30.0
709,1,6104,88,12.39,5.0,30.0
709,1,6105,88,12.39,5.0,30.0
709,1,6106,88,12.39,5.0,30.0
709,1,6217,88,12.39,5.0,30.0
709,1,6218,88,12.39,5.0,30.0
709,1,6220,88,12.39,5.0,30.0
709,1,6222,88,12.39,5.0,30.0
709,1,6223,88,12.39,5.0,30.0
709,1,6224,88,12.39,5.0,30.0
709,1,6263,88,12.39,5.0,30.0
709,1,6951,88,12.39,5.0,30.0
709,1,7308,88,12.39,5.0,30.0
709,1,7452,88,12.39,5.0,30.0
709,1,7454,88,12.39,5.0,30.0
1065,1,3631,78,12.44,5.0,20.0
1065,1,419,78,12.44,5.0,20.0
1065,1,427,78,12.44,5.0,20.0
1065,1,428,78,12.44,5.0,20.0
1065,1,429,78,12.44,5.0,20.0
1065,1,430,78,12.44,5.0,20.0
1065,1,431,78,12.44,5.0,20.0
1065,1,432,78,12.44,5.0,20.0
1065,1,8691,78,12.44,5.0,20.0
1065,1,8693,78,12.44,5.0,20.0
1065,1,8699,78,12.44,5.0,20.0
1065,1,8700,78,12.44,5.0,20.0
1065,1,8701,78,12.44,5.0,20.0
1065,1,8702,78,12.44,5.0,20.0
1065,1,8703,78,12.44,5.0,20.0
1065,1,8704,78,12.44,5.0,20.0
763,1,2185,83,12.59,5.0,50.0
763,1,2186,83,12.59,5.0,50.0
763,1,2187,83,12.59,5.0,50.0
763,1,2188,83,12.59,5.0,50.0
763,1,2189,83,12.59,5.0,50.0
763,1,2190,83,12.59,5.0,50.0
763,1,2191,83,12.59,5.0,50.0
763,1,6543,83,12.59,5.0,50.0
763,1,698,83,12.59,5.0,50.0
763,1,699,83,12.59,5.0,50.0
763,1,700,83,12.59,5.0,50.0
763,1,701,83,12.59,5.0,50.0
763,1,702,83,12.59,5.0,50.0
763,1,703,83,12.59,5.0,50.0
763,1,704,83,12.59,5.0,50.0
763,1,761,83,12.59,5.0,50.0
763,1,763,83,12.59,5.0,50.0
763,1,769,83,12.59,5.0,50.0
763,1,770,83,12.59,5.0,50.0
763,1,771,83,12.59,5.0,50.0
763,1,861,83,12.59,5.0,50.0
636,1,100,86,12.62,5.0,30.0
636,1,101,86,12.62,5.0,30.0
636,1,106484,86,12.62,5.0,30.0
636,1,15,86,12.62,5.0,30.0
636,1,2115,86,12.62,5.0,30.0
636,1,57,86,12.62,5.0,30.0
636,1,58,86,12.62,5.0,30.0
636,1,59,86,12.62,5.0,30.0
636,1,598,86,12.62,5.0,30.0
636,1,599,86,12.62,5.0,30.0
636,1,6,86,12.62,5.0,30.0
636,1,60,86,12.62,5.0,30.0
636,1,61,86,12.62,5.0,30.0
636,1,62,86,12.62,5.0,30.0
636,1,6424,86,12.62,5.0,30.0
636,1,6470,86,12.62,5.0,30.0
636,1,6471,86,12.62,5.0,30.0
636,1,6474,86,12.62,5.0,30.0
636,1,6476,86,12.62,5.0,30.0
636,1,6477,86,12.62,5.0,30.0
636,1,6478,86,12.62,5.0,30.0
636,1,6479,86,12.62,5.0,30.0
636,1,6480,86,12.62,5.0,30.0
636,1,6481,86,12.62,5.0,30.0
636,1,6482,86,12.62,5.0,30.0
636,1,7,86,12.62,5.0,30.0
636,1,7088,86,12.62,5.0,30.0
636,1,7587,86,12.62,5.0,30.0
636,1,863,86,12.62,5.0,30.0
636,1,887,86,12.62,5.0,30.0
636,1,889,86,12.62,5.0,30.0
636,1,91,86,12.62,5.0,30.0
636,1,92,86,12.62,5.0,30.0
636,1,93,86,12.62,5.0,30.0
636,1,937,86,12.62,5.0,30.0
636,1,938,86,12.62,5.0,30.0
636,1,94,86,12.62,5.0,30.0
636,1,95,86,12.62,5.0,30.0
636,1,96,86,12.62,5.0,30.0
636,1,960,86,12.62,5.0,30.0
636,1,961,86,12.62,5.0,30.0
636,1,962,86,12.62,5.0,30.0
636,1,97,86,12.62,5.0,30.0
636,1,98,86,12.62,5.0,30.0
636,1,99,86,12.62,5.0,30.0
1066,0,1749,76,12.89,10.0,40.0
1066,0,1750,76,12.89,10.0,40.0
1066,0,1751,76,12.89,10.0,40.0
1066,0,1752,76,12.89,10.0,40.0
1066,0,2521,76,12.89,10.0,40.0
1066,0,2522,76,12.89,10.0,40.0
1066,0,3476,76,12.89,10.0,40.0
1066,0,3477,76,12.89,10.0,40.0
1066,0,3478,76,12.89,10.0,40.0
1066,0,3479,76,12.89,10.0,40.0
1066,0,3480,76,12.89,10.0,40.0
1066,0,3481,76,12.89,10.0,40.0
1066,0,3482,76,12.89,10.0,40.0
1066,0,3483,76,12.89,10.0,40.0
1066,0,3816,76,12.89,10.0,40.0
571,0,1026,80,13.13,5.0,30.0
571,0,1027,80,13.13,5.0,30.0
571,0,1030,80,13.13,5.0,30.0
571,0,1047,80,13.13,5.0,30.0
571,0,1742,80,13.13,5.0,30.0
571,0,2132,80,13.13,5.0,30.0
571,0,2133,80,13.13,5.0,30.0
571,0,2134,80,13.13,5.0,30.0
571,0,2135,80,13.13,5.0,30.0
571,0,2137,80,13.13,5.0,30.0
571,0,2138,80,13.13,5.0,30.0
571,0,2139,80,13.13,5.0,30.0
571,0,2140,80,13.13,5.0,30.0
571,0,2141,80,13.13,5.0,30.0
571,0,2192,80,13.13,5.0,30.0
571,0,5797,80,13.13,5.0,30.0
571,0,5798,80,13.13,5.0,30.0
571,0,5886,80,13.13,5.0,30.0
571,0,5887,80,13.13,5.0,30.0
571,0,5888,80,13.13,5.0,30.0
571,0,5889,80,13.13,5.0,30.0
571,0,5890,80,13.13,5.0,30.0
571,0,5891,80,13.13,5.0,30.0
571,0,5892,80,13.13,5.0,30.0
571,0,5894,80,13.13,5.0,30.0
571,0,5898,80,13.13,5.0,30.0
571,0,6530,80,13.13,5.0,30.0
571,0,7320,80,13.13,5.0,30.0
571,0,7909,80,13.13,5.0,30.0
571,0,7910,80,13.13,5.0,30.0
571,0,7912,80,13.13,5.0,30.0
571,0,992,80,13.13,5.0,30.0
571,0,993,80,13.13,5.0,30.0
572,1,2139,80,13.13,5.0,20.0
572,1,2192,80,13.13,5.0,20.0
572,1,2193,80,13.13,5.0,20.0
572,1,2195,80,13.13,5.0,20.0
572,1,2196,80,13.13,5.0,20.0
572,1,2197,80,13.13,5.0,20.0
572,1,2198,80,13.13,5.0,20.0
572,1,2199,80,13.13,5.0,20.0
572,1,2200,80,13.13,5.0,20.0
572,1,2201,80,13.13,5.0,20.0
572,1,2202,80,13.13,5.0,20.0
572,1,2203,80,13.13,5.0,20.0
572,1,5899,80,13.13,5.0,20.0
572,1,5900,80,13.13,5.0,20.0
572,1,5901,80,13.13,5.0,20.0
572,1,5902,80,13.13,5.0,20.0
572,1,5903,80,13.13,5.0,20.0
572,1,5904,80,13.13,5.0,20.0
572,1,5905,80,13.13,5.0,20.0
572,1,5906,80,13.13,5.0,20.0
572,1,5907,80,13.13,5.0,20.0
572,1,5908,80,13.13,5.0,20.0
572,1,991,80,13.13,5.0,20.0
572,1,992,80,13.13,5.0,20.0
572,1,993,80,13.13,5.0,20.0
804,0,1015,77,13.25,10.0,20.0
804,0,1025,77,13.25,10.0,20.0
804,0,1043,77,13.25,10.0,20.0
804,0,1044,77,13.25,10.0,20.0
804,0,1045,77,13.25,10.0,20.0
804,0,1071,77,13.25,10.0,20.0
804,0,3842,77,13.25,10.0,20.0
804,0,3844,77,13.25,10.0,20.0
804,0,5844,77,13.25,10.0,20.0
804,0,586,77,13.25,10.0,20.0
804,0,587,77,13.25,10.0,20.0
804,0,588,77,13.25,10.0,20.0
804,0,5894,77,13.25,10.0,20.0
804,0,5898,77,13.25,10.0,20.0
804,0,590,77,13.25,10.0,20.0
804,0,591,77,13.25,10.0,20.0
804,0,592,77,13.25,10.0,20.0
804,0,593,77,13.25,10.0,20.0
804,0,5991,77,13.25,10.0,20.0
804,0,5992,77,13.25,10.0,20.0
804,0,5993,77,13.25,10.0,20.0
804,0,5994,77,13.25,10.0,20.0
804,0,6014,77,13.25,10.0,20.0
804,0,6015,77,13.25,10.0,20.0
804,0,607,77,13.25,10.0,20.0
804,0,608,77,13.25,10.0,20.0
804,0,6307,77,13.25,10.0,20.0
804,0,6530,77,13.25,10.0,20.0
804,0,69,77,13.25,10.0,20.0
804,0,6941,77,13.25,10.0,20.0
804,0,70,77,13.25,10.0,20.0
804,0,71,77,13.25,10.0,20.0
804,0,72,77,13.25,10.0,20.0
804,0,73,77,13.25,10.0,20.0
804,0,75,77,13.25,10.0,20.0
804,0,76,77,13.25,10.0,20.0
804,0,7627,77,13.25,10.0,20.0
804,0,77,77,13.25,10.0,20.0
804,0,7734,77,13.25,10.0,20.0
804,0,7736,77,13.25,10.0,20.0
804,0,78,77,13.25,10.0,20.0
804,0,79,77,13.25,10.0,20.0
804,0,7909,77,13.25,10.0,20.0
804,0,7910,77,13.25,10.0,20.0
804,0,7912,77,13.25,10.0,20.0
804,0,7915,77,13.25,10.0,20.0
804,0,8,77,13.25,10.0,20.0
142,0,1233,78,13.53,5.0,30.0
142,0,1235,78,13.53,5.0,30.0
142,0,1236,78,13.53,5.0,30.0
142,0,1237,78,13.53,5.0,30.0
142,0,1238,78,13.53,5.0,30.0
142,0,1239,78,13.53,5.0,30.0
142,0,1240,78,13.53,5.0,30.0
142,0,1241,78,13.53,5.0,30.0
142,0,1242,78,13.53,5.0,30.0
142,0,1249,78,13.53,5.0,30.0
142,0,1251,78,13.53,5.0,30.0
142,0,1266,78,13.53,5.0,30.0
142,0,129,78,13.53,5.0,30.0
142,0,213,78,13.53,5.0,30.0
142,0,274,78,13.53,5.0,30.0
142,0,327,78,13.53,5.0,30.0
142,0,3315,78,13.53,5.0,30.0
142,0,3354,78,13.53,5.0,30.0
142,0,3830,78,13.53,5.0,30.0
142,0,385,78,13.53,5.0,30.0
142,0,387,78,13.53,5.0,30.0
142,0,388,78,13.53,5.0,30.0
142,0,391,78,13.53,5.0,30.0
142,0,788,78,13.53,5.0,30.0
142,0,789,78,13.53,5.0,30.0
1067,1,1749,77,13.64,5.0,50.0
1067,1,1751,77,13.64,5.0,50.0
1067,1,1767,77,13.64,5.0,50.0
1067,1,2573,77,13.64,5.0,50.0
1067,1,2574,77,13.64,5.0,50.0
1067,1,3484,77,13.64,5.0,50.0
1067,1,3485,77,13.64,5.0,50.0
1067,1,3486,77,13.64,5.0,50.0
1067,1,3487,77,13.64,5.0,50.0
1067,1,3488,77,13.64,5.0,50.0
1067,1,3489,77,13.64,5.0,50.0
1067,1,3490,77,13.64,5.0,50.0
1067,1,3491,77,13.64,5.0,50.0
1067,1,3755,77,13.64,5.0,50.0
1067,1,3819,77,13.64,5.0,50.0
13,1,114,80,13.69,5.0,30.0
13,1,115,80,13.69,5.0,30.0
13,1,116,80,13.69,5.0,30.0
13,1,117,80,13.69,5.0,30.0
13,1,118,80,13.69,5.0,30.0
13,1,119,80,13.69,5.0,30.0
13,1,120,80,13.69,5.0,30.0
13,1,121,80,13.69,5.0,30.0
13,1,124,80,13.69,5.0,30.0
13,1,125,80,13.69,5.0,30.0
13,1,1275,80,13.69,5.0,30.0
13,1,1276,80,13.69,5.0,30.0
13,1,1277,80,13.69,5.0,30.0
13,1,130,80,13.69,5.0,30.0
13,1,131,80,13.69,5.0,30.0
13,1,133,80,13.69,5.0,30.0
13,1,134,80,13.69,5.0,30.0
13,1,135,80,13.69,5.0,30.0
13,1,138,80,13.69,5.0,30.0
13,1,139,80,13.69,5.0,30.0
13,1,141,80,13.69,5.0,30.0
13,1,142,80,13.69,5.0,30.0
13,1,144,80,13.69,5.0,30.0
13,1,146,80,13.69,5.0,30.0
13,1,147,80,13.69,5.0,30.0
13,1,158,80,13.69,5.0,30.0
13,1,159,80,13.69,5.0,30.0
13,1,161,80,13.69,5.0,30.0
13,1,162,80,13.69,5.0,30.0
13,1,163,80,13.69,5.0,30.0
13,1,164,80,13.69,5.0,30.0
13,1,172,80,13.69,5.0,30.0
13,1,4509,80,13.69,5.0,30.0
13,1,4536,80,13.69,5.0,30.0
13,1,4537,80,13.69,5.0,30.0
666,0,1033,71,13.73,5.0,30.0
666,0,2192,71,13.73,5.0,30.0
666,0,5797,71,13.73,5.0,30.0
666,0,5803,71,13.73,5.0,30.0
666,0,5805,71,13.73,5.0,30.0
666,0,5822,71,13.73,5.0,30.0
666,0,6163,71,13.73,5.0,30.0
666,0,6164,71,13.73,5.0,30.0
666,0,6290,71,13.73,5.0,30.0
666,0,6444,71,13.73,5.0,30.0
666,0,6445,71,13.73,5.0,30.0
666,0,6446,71,13.73,5.0,30.0
666,0,6447,71,13.73,5.0,30.0
666,0,6448,71,13.73,5.0,30.0
666,0,6449,71,13.73,5.0,30.0
666,0,6450,71,13.73,5.0,30.0
666,0,6483,71,13.73,5.0,30.0
666,0,6657,71,13.73,5.0,30.0
666,0,6658,71,13.73,5.0,30.0
666,0,6659,71,13.73,5.0,30.0
666,0,6660,71,13.73,5.0,30.0
666,0,695,71,13.73,5.0,30.0
666,0,7273,71,13.73,5.0,30.0
666,0,865,71,13.73,5.0,30.0
666,0,868,71,13.73,5.0,30.0
666,0,869,71,13.73,5.0,30.0
666,0,870,71,13.73,5.0,30.0
666,0,873,71,13.73,5.0,30.0
666,0,874,71,13.73,5.0,30.0
666,0,875,71,13.73,5.0,30.0
666,0,876,71,13.73,5.0,30.0
666,0,877,71,13.73,5.0,30.0
666,0,883,71,13.73,5.0,30.0
666,0,884,71,13.73,5.0,30.0
666,0,934,71,13.73,5.0,30.0
666,0,986,71,13.73,5.0,30.0
10,0,122,79,13.86,5.0,30.0
10,0,123,79,13.86,5.0,30.0
10,0,124,79,13.86,5.0,30.0
10,0,125,79,13.86,5.0,30.0
10,0,126,79,13.86,5.0,30.0
10,0,1266,79,13.86,5.0,30.0
10,0,1267,79,13.86,5.0,30.0
10,0,1268,79,13.86,5.0,30.0
10,0,1269,79,13.86,5.0,30.0
10,0,1270,79,13.86,5.0,30.0
10,0,1271,79,13.86,5.0,30.0
10,0,129,79,13.86,5.0,30.0
10,0,132,79,13.86,5.0,30.0
10,0,136,79,13.86,5.0,30.0
10,0,137,79,13.86,5.0,30.0
10,0,141,79,13.86,5.0,30.0
10,0,149,79,13.86,5.0,30.0
10,0,150,79,13.86,5.0,30.0
10,0,152,79,13.86,5.0,30.0
10,0,153,79,13.86,5.0,30.0
10,0,160,79,13.86,5.0,30.0
10,0,165,79,13.86,5.0,30.0
10,0,166,79,13.86,5.0,30.0
10,0,167,79,13.86,5.0,30.0
10,0,168,79,13.86,5.0,30.0
10,0,169,79,13.86,5.0,30.0
10,0,170,79,13.86,5.0,30.0
10,0,171,79,13.86,5.0,30.0
10,0,3315,79,13.86,5.0,30.0
10,0,3830,79,13.86,5.0,30.0
10,0,4533,79,13.86,5.0,30.0
10,0,4541,79,13.86,5.0,30.0
10,0,4542,79,13.86,5.0,30.0
10,0,8061,79,13.86,5.0,30.0
10,0,8501,79,13.86,5.0,30.0
667,1,2192,70,13.86,5.0,30.0
667,1,2193,70,13.86,5.0,30.0
667,1,2194,70,13.86,5.0,30.0
667,1,5812,70,13.86,5.0,30.0
667,1,5823,70,13.86,5.0,30.0
667,1,5824,70,13.86,5.0,30.0
667,1,6289,70,13.86,5.0,30.0
667,1,6299,70,13.86,5.0,30.0
667,1,6300,70,13.86,5.0,30.0
667,1,6320,70,13.86,5.0,30.0
667,1,6452,70,13.86,5.0,30.0
667,1,6453,70,13.86,5.0,30.0
667,1,6454,70,13.86,5.0,30.0
667,1,6455,70,13.86,5.0,30.0
667,1,6456,70,13.86,5.0,30.0
667,1,6669,70,13.86,5.0,30.0
667,1,6671,70,13.86,5.0,30.0
667,1,6672,70,13.86,5.0,30.0
667,1,6673,70,13.86,5.0,30.0
667,1,695,70,13.86,5.0,30.0
667,1,7732,70,13.86,5.0,30.0
667,1,867,70,13.86,5.0,30.0
667,1,879,70,13.86,5.0,30.0
667,1,880,70,13.86,5.0,30.0
667,1,881,70,13.86,5.0,30.0
667,1,882,70,13.86,5.0,30.0
667,1,884,70,13.86,5.0,30.0
667,1,885,70,13.86,5.0,30.0
667,1,887,70,13.86,5.0,30.0
667,1,962,70,13.86,5.0,30.0
667,1,981,70,13.86,5.0,30.0
667,1,982,70,13.86,5.0,30.0
667,1,983,70,13.86,5.0,30.0
667,1,984,70,13.86,5.0,30.0
667,1,985,70,13.86,5.0,30.0
557,0,129,97,13.87,5.0,280.0
557,0,130,97,13.87,5.0,280.0
557,0,131,97,13.87,5.0,280.0
557,0,132,97,13.87,5.0,280.0
557,0,133,97,13.87,5.0,280.0
557,0,134,97,13.87,5.0,280.0
557,0,135,97,13.87,5.0,280.0
557,0,136,97,13.87,5.0,280.0
557,0,137,97,13.87,5.0,280.0
557,0,138,97,13.87,5.0,280.0
557,0,139,97,13.87,5.0,280.0
557,0,140,97,13.87,5.0,280.0
557,0,1702,97,13.87,5.0,280.0
557,0,1749,97,13.87,5.0,280.0
557,0,1750,97,13.87,5.0,280.0
557,0,1751,97,13.87,5.0,280.0
557,0,1752,97,13.87,5.0,280.0
557,0,1753,97,13.87,5.0,280.0
557,0,1754,97,13.87,5.0,280.0
557,0,1756,97,13.87,5.0,280.0
557,0,1757,97,13.87,5.0,280.0
557,0,1758,97,13.87,5.0,280.0
557,0,3315,97,13.87,5.0,280.0
557,0,3758,97,13.87,5.0,280.0
557,0,404,97,13.87,5.0,280.0
557,0,405,97,13.87,5.0,280.0
557,0,406,97,13.87,5.0,280.0
557,0,407,97,13.87,5.0,280.0
557,0,408,97,13.87,5.0,280.0
557,0,409,97,13.87,5.0,280.0
557,0,410,97,13.87,5.0,280.0
557,0,411,97,13.87,5.0,280.0
557,0,412,97,13.87,5.0,280.0
557,0,413,97,13.87,5.0,280.0
557,0,414,97,13.87,5.0,280.0
557,0,415,97,13.87,5.0,280.0
557,0,416,97,13.87,5.0,280.0
557,0,433,97,13.87,5.0,280.0
557,0,454,97,13.87,5.0,280.0
464,0,106815,73,13.9,5.0,50.0
464,0,106816,73,13.9,5.0,50.0
464,0,129,73,13.9,5.0,50.0
464,0,130,73,13.9,5.0,50.0
464,0,1303,73,13.9,5.0,50.0
464,0,1304,73,13.9,5.0,50.0
464,0,1305,73,13.9,5.0,50.0
464,0,1306,73,13.9,5.0,50.0
464,0,1307,73,13.9,5.0,50.0
464,0,1308,73,13.9,5.0,50.0
464,0,1309,73,13.9,5.0,50.0
464,0,131,73,13.9,5.0,50.0
464,0,1310,73,13.9,5.0,50.0
464,0,1311,73,13.9,5.0,50.0
464,0,1312,73,13.9,5.0,50.0
464,0,1313,73,13.9,5.0,50.0
464,0,1314,73,13.9,5.0,50.0
464,0,1315,73,13.9,5.0,50.0
464,0,1316,73,13.9,5.0,50.0
464,0,1317,73,13.9,5.0,50.0
464,0,1318,73,13.9,5.0,50.0
464,0,132,73,13.9,5.0,50.0
464,0,1322,73,13.9,5.0,50.0
464,0,133,73,13.9,5.0,50.0
464,0,134,73,13.9,5.0,50.0
464,0,135,73,13.9,5.0,50.0
464,0,136,73,13.9,5.0,50.0
464,0,137,73,13.9,5.0,50.0
464,0,1376,73,13.9,5.0,50.0
464,0,138,73,13.9,5.0,50.0
464,0,139,73,13.9,5.0,50.0
464,0,140,73,13.9,5.0,50.0
464,0,1780,73,13.9,5.0,50.0
464,0,1781,73,13.9,5.0,50.0
464,0,1782,73,13.9,5.0,50.0
464,0,1783,73,13.9,5.0,50.0
464,0,1784,73,13.9,5.0,50.0
464,0,1954,73,13.9,5.0,50.0
464,0,319,73,13.9,5.0,50.0
464,0,320,73,13.9,5.0,50.0
464,0,321,73,13.9,5.0,50.0
464,0,322,73,13.9,5.0,50.0
464,0,3315,73,13.9,5.0,50.0
464,0,404,73,13.9,5.0,50.0
464,0,405,73,13.9,5.0,50.0
464,0,406,73,13.9,5.0,50.0
179,1,1327,78,14.17,5.0,65.0
179,1,1328,78,14.17,5.0,65.0
179,1,1329,78,14.17,5.0,65.0
179,1,1330,78,14.17,5.0,65.0
179,1,1331,78,14.17,5.0,65.0
179,1,1332,78,14.17,5.0,65.0
179,1,1371,78,14.17,5.0,65.0
179,1,1372,78,14.17,5.0,65.0
179,1,1382,78,14.17,5.0,65.0
179,1,1383,78,14.17,5.0,65.0
179,1,1398,78,14.17,5.0,65.0
179,1,1399,78,14.17,5.0,65.0
179,1,1575,78,14.17,5.0,65.0
179,1,1635,78,14.17,5.0,65.0
179,1,1702,78,14.17,5.0,65.0
179,1,1704,78,14.17,5.0,65.0
179,1,1746,78,14.17,5.0,65.0
179,1,2139,78,14.17,5.0,65.0
179,1,2167,78,14.17,5.0,65.0
179,1,2168,78,14.17,5.0,65.0
179,1,2169,78,14.17,5.0,65.0
179,1,2170,78,14.17,5.0,65.0
179,1,2171,78,14.17,5.0,65.0
179,1,2173,78,14.17,5.0,65.0
179,1,2174,78,14.17,5.0,65.0
179,1,2175,78,14.17,5.0,65.0
179,1,2176,78,14.17,5.0,65.0
179,1,2177,78,14.17,5.0,65.0
179,1,2178,78,14.17,5.0,65.0
179,1,2179,78,14.17,5.0,65.0
179,1,2180,78,14.17,5.0,65.0
179,1,2181,78,14.17,5.0,65.0
179,1,2182,78,14.17,5.0,65.0
179,1,2183,78,14.17,5.0,65.0
179,1,2184,78,14.17,5.0,65.0
179,1,2185,78,14.17,5.0,65.0
179,1,2186,78,14.17,5.0,65.0
179,1,2187,78,14.17,5.0,65.0
179,1,2188,78,14.17,5.0,65.0
179,1,2189,78,14.17,5.0,65.0
179,1,2190,78,14.17,5.0,65.0
179,1,2191,78,14.17,5.0,65.0
179,1,2192,78,14.17,5.0,65.0
179,1,2193,78,14.17,5.0,65.0
179,1,2194,78,14.17,5.0,65.0
179,1,2195,78,14.17,5.0,65.0
179,1,2196,78,14.17,5.0,65.0
179,1,2197,78,14.17,5.0,65.0
179,1,2198,78,14.17,5.0,65.0
179,1,2199,78,14.17,5.0,65.0
179,1,2200,78,14.17,5.0,65.0
179,1,2201,78,14.17,5.0,65.0
179,1,2202,78,14.17,5.0,65.0
179,1,2203,78,14.17,5.0,65.0
179,1,2204,78,14.17,5.0,65.0
179,1,2205,78,14.17,5.0,65.0
179,1,2206,78,14.17,5.0,65.0
179,1,2207,78,14.17,5.0,65.0
179,1,2208,78,14.17,5.0,65.0
179,1,2209,78,14.17,5.0,65.0
179,1,2210,78,14.17,5.0,65.0
179,1,2892,78,14.17,5.0,65.0
179,1,3037,78,14.17,5.0,65.0
179,1,3038,78,14.17,5.0,65.0
179,1,419,78,14.17,5.0,65.0
179,1,433,78,14.17,5.0,65.0
179,1,435,78,14.17,5.0,65.0
179,1,6260,78,14.17,5.0,65.0
179,1,6347,78,14.17,5.0,65.0
179,1,705,78,14.17,5.0,65.0
179,1,7302,78,14.17,5.0,65.0
179,1,7305,78,14.17,5.0,65.0
179,1,7308,78,14.17,5.0,65.0
179,1,7309,78,14.17,5.0,65.0
179,1,748,78,14.17,5.0,65.0
179,1,749,78,14.17,5.0,65.0
179,1,750,78,14.17,5.0,65.0
179,1,751,78,14.17,5.0,65.0
179,1,752,78,14.17,5.0,65.0
179,1,753,78,14.17,5.0,65.0
179,1,754,78,14.17,5.0,65.0
179,1,755,78,14.17,5.0,65.0
179,1,756,78,14.17,5.0,65.0
179,1,757,78,14.17,5.0,65.0
179,1,758,78,14.17,5.0,65.0
179,1,759,78,14.17,5.0,65.0
179,1,861,78,14.17,5.0,65.0
807,1,100,72,14.17,5.0,40.0
807,1,1041,72,14.17,5.0,40.0
807,1,1056,72,14.17,5.0,40.0
807,1,1743,72,14.17,5.0,40.0
807,1,1744,72,14.17,5.0,40.0
807,1,1746,72,14.17,5.0,40.0
807,1,3846,72,14.17,5.0,40.0
807,1,3847,72,14.17,5.0,40.0
807,1,3848,72,14.17,5.0,40.0
807,1,589,72,14.17,5.0,40.0
807,1,5892,72,14.17,5.0,40.0
807,1,5894,72,14.17,5.0,40.0
807,1,6,72,14.17,5.0,40.0
807,1,600,72,14.17,5.0,40.0
807,1,601,72,14.17,5.0,40.0
807,1,6014,72,14.17,5.0,40.0
807,1,603,72,14.17,5.0,40.0
807,1,604,72,14.17,5.0,40.0
807,1,605,72,14.17,5.0,40.0
807,1,606,72,14.17,5.0,40.0
807,1,607,72,14.17,5.0,40.0
807,1,608,72,14.17,5.0,40.0
807,1,62,72,14.17,5.0,40.0
807,1,6307,72,14.17,5.0,40.0
807,1,6414,72,14.17,5.0,40.0
807,1,6527,72,14.17,5.0,40.0
807,1,6531,72,14.17,5.0,40.0
807,1,6941,72,14.17,5.0,40.0
807,1,6943,72,14.17,5.0,40.0
807,1,6944,72,14.17,5.0,40.0
807,1,6945,72,14.17,5.0,40.0
807,1,7,72,14.17,5.0,40.0
807,1,7627,72,14.17,5.0,40.0
807,1,7735,72,14.17,5.0,40.0
807,1,7763,72,14.17,5.0,40.0
807,1,7920,72,14.17,5.0,40.0
807,1,91,72,14.17,5.0,40.0
807,1,92,72,14.17,5.0,40.0
807,1,93,72,14.17,5.0,40.0
807,1,94,72,14.17,5.0,40.0
807,1,95,72,14.17,5.0,40.0
807,1,96,72,14.17,5.0,40.0
807,1,97,72,14.17,5.0,40.0
807,1,98,72,14.17,5.0,40.0
807,1,99,72,14.17,5.0,40.0
807,1,994,72,14.17,5.0,40.0
807,1,995,72,14.17,5.0,40.0
73,1,304,71,14.23,10.0,30.0
73,1,40,71,14.23,10.0,30.0
73,1,7088,71,14.23,10.0,30.0
73,1,734,71,14.23,10.0,30.0
73,1,735,71,14.23,10.0,30.0
73,1,736,71,14.23,10.0,30.0
73,1,737,71,14.23,10.0,30.0
73,1,738,71,14.23,10.0,30.0
73,1,739,71,14.23,10.0,30.0
73,1,863,71,14.23,10.0,30.0
73,1,887,71,14.23,10.0,30.0
73,1,888,71,14.23,10.0,30.0
73,1,889,71,14.23,10.0,30.0
73,1,937,71,14.23,10.0,30.0
73,1,938,71,14.23,10.0,30.0
73,1,949,71,14.23,10.0,30.0
73,1,950,71,14.23,10.0,30.0
73,1,951,71,14.23,10.0,30.0
73,1,952,71,14.23,10.0,30.0
73,1,953,71,14.23,10.0,30.0
73,1,954,71,14.23,10.0,30.0
73,1,955,71,14.23,10.0,30.0
73,1,956,71,14.23,10.0,30.0
73,1,957,71,14.23,10.0,30.0
73,1,958,71,14.23,10.0,30.0
73,1,959,71,14.23,10.0,30.0
73,1,960,71,14.23,10.0,30.0
73,1,961,71,14.23,10.0,30.0
73,1,962,71,14.23,10.0,30.0
560,1,1277,99,14.24,10.0,335.0
560,1,130,99,14.24,10.0,335.0
560,1,131,99,14.24,10.0,335.0
560,1,133,99,14.24,10.0,335.0
560,1,134,99,14.24,10.0,335.0
560,1,135,99,14.24,10.0,335.0
560,1,136,99,14.24,10.0,335.0
560,1,137,99,14.24,10.0,335.0
560,1,138,99,14.24,10.0,335.0
560,1,139,99,14.24,10.0,335.0
560,1,141,99,14.24,10.0,335.0
560,1,142,99,14.24,10.0,335.0
560,1,172,99,14.24,10.0,335.0
560,1,1749,99,14.24,10.0,335.0
560,1,1751,99,14.24,10.0,335.0
560,1,1758,99,14.24,10.0,335.0
560,1,1760,99,14.24,10.0,335.0
560,1,1761,99,14.24,10.0,335.0
560,1,1762,99,14.24,10.0,335.0
560,1,1763,99,14.24,10.0,335.0
560,1,1764,99,14.24,10.0,335.0
560,1,1767,99,14.24,10.0,335.0
560,1,3755,99,14.24,10.0,335.0
560,1,403,99,14.24,10.0,335.0
560,1,408,99,14.24,10.0,335.0
560,1,409,99,14.24,10.0,335.0
560,1,413,99,14.24,10.0,335.0
560,1,415,99,14.24,10.0,335.0
560,1,435,99,14.24,10.0,335.0
560,1,436,99,14.24,10.0,335.0
560,1,437,99,14.24,10.0,335.0
560,1,438,99,14.24,10.0,335.0
560,1,439,99,14.24,10.0,335.0
560,1,440,99,14.24,10.0,335.0
560,1,441,99,14.24,10.0,335.0
560,1,442,99,14.24,10.0,335.0
560,1,443,99,14.24,10.0,335.0
560,1,444,99,14.24,10.0,335.0
560,1,466,99,14.24,10.0,335.0
221,0,102,71,14.37,5.0,40.0
221,0,103,71,14.37,5.0,40.0
221,0,105,71,14.37,5.0,40.0
221,0,106815,71,14.37,5.0,40.0
221,0,106816,71,14.37,5.0,40.0
221,0,1204,71,14.37,5.0,40.0
221,0,1322,71,14.37,5.0,40.0
221,0,1369,71,14.37,5.0,40.0
221,0,1370,71,14.37,5.0,40.0
221,0,1371,71,14.37,5.0,40.0
221,0,1372,71,14.37,5.0,40.0
221,0,1373,71,14.37,5.0,40.0
221,0,1374,71,14.37,5.0,40.0
221,0,1375,71,14.37,5.0,40.0
221,0,1376,71,14.37,5.0,40.0
221,0,1398,71,14.37,5.0,40.0
221,0,1399,71,14.37,5.0,40.0
221,0,1417,71,14.37,5.0,40.0
221,0,1423,71,14.37,5.0,40.0
221,0,1426,71,14.37,5.0,40.0
221,0,1567,71,14.37,5.0,40.0
221,0,1568,71,14.37,5.0,40.0
221,0,1570,71,14.37,5.0,40.0
221,0,1571,71,14.37,5.0,40.0
221,0,1582,71,14.37,5.0,40.0
221,0,1632,71,14.37,5.0,40.0
221,0,1634,71,14.37,5.0,40.0
221,0,1635,71,14.37,5.0,40.0
221,0,2052,71,14.37,5.0,40.0
221,0,2053,71,14.37,5.0,40.0
221,0,2054,71,14.37,5.0,40.0
221,0,2055,71,14.37,5.0,40.0
221,0,2056,71,14.37,5.0,40.0
221,0,2057,71,14.37,5.0,40.0
221,0,2058,71,14.37,5.0,40.0
221,0,2059,71,14.37,5.0,40.0
221,0,2060,71,14.37,5.0,40.0
221,0,2061,71,14.37,5.0,40.0
221,0,2063,71,14.37,5.0,40.0
221,0,2386,71,14.37,5.0,40.0
221,0,2433,71,14.37,5.0,40.0
221,0,2434,71,14.37,5.0,40.0
221,0,2435,71,14.37,5.0,40.0
221,0,2436,71,14.37,5.0,40.0
221,0,2437,71,14.37,5.0,40.0
221,0,2438,71,14.37,5.0,40.0
221,0,2439,71,14.37,5.0,40.0
221,0,2440,71,14.37,5.0,40.0
221,0,2441,71,14.37,5.0,40.0
221,0,2442,71,14.37,5.0,40.0
221,0,2443,71,14.37,5.0,40.0
221,0,2444,71,14.37,5.0,40.0
221,0,2498,71,14.37,5.0,40.0
221,0,2500,71,14.37,5.0,40.0
221,0,2501,71,14.37,5.0,40.0
221,0,2502,71,14.37,5.0,40.0
221,0,2503,71,14.37,5.0,40.0
221,0,2504,71,14.37,5.0,40.0
221,0,2505,71,14.37,5.0,40.0
221,0,2506,71,14.37,5.0,40.0
221,0,2941,71,14.37,5.0,40.0
221,0,2942,71,14.37,5.0,40.0
221,0,3045,71,14.37,5.0,40.0
221,0,319,71,14.37,5.0,40.0
221,0,320,71,14.37,5.0,40.0
221,0,321,71,14.37,5.0,40.0
221,0,3372,71,14.37,5.0,40.0
418,0,30,71,14.4,2.65,87.35
72,0,106482,70,14.43,5.0,40.0
72,0,106483,70,14.43,5.0,40.0
72,0,1660,70,14.43,5.0,40.0
72,0,264,70,14.43,5.0,40.0
72,0,35,70,14.43,5.0,40.0
72,0,3855,70,14.43,5.0,40.0
72,0,6467,70,14.43,5.0,40.0
72,0,6478,70,14.43,5.0,40.0
72,0,6974,70,14.43,5.0,40.0
72,0,6975,70,14.43,5.0,40.0
72,0,728,70,14.43,5.0,40.0
72,0,729,70,14.43,5.0,40.0
72,0,730,70,14.43,5.0,40.0
72,0,731,70,14.43,5.0,40.0
72,0,732,70,14.43,5.0,40.0
72,0,862,70,14.43,5.0,40.0
72,0,865,70,14.43,5.0,40.0
72,0,934,70,14.43,5.0,40.0
72,0,935,70,14.43,5.0,40.0
72,0,936,70,14.43,5.0,40.0
72,0,939,70,14.43,5.0,40.0
72,0,941,70,14.43,5.0,40.0
72,0,942,70,14.43,5.0,40.0
72,0,943,70,14.43,5.0,40.0
72,0,944,70,14.43,5.0,40.0
72,0,945,70,14.43,5.0,40.0
72,0,946,70,14.43,5.0,40.0
72,0,947,70,14.43,5.0,40.0
72,0,948,70,14.43,5.0,40.0
72,0,949,70,14.43,5.0,40.0
259,0,1387,97,14.64,10.0,330.0
259,0,1422,97,14.64,10.0,330.0
259,0,1423,97,14.64,10.0,330.0
259,0,1447,97,14.64,10.0,330.0
259,0,1566,97,14.64,10.0,330.0
259,0,1568,97,14.64,10.0,330.0
259,0,1576,97,14.64,10.0,330.0
259,0,1578,97,14.64,10.0,330.0
259,0,1581,97,14.64,10.0,330.0
259,0,1632,97,14.64,10.0,330.0
259,0,2157,97,14.64,10.0,330.0
259,0,2158,97,14.64,10.0,330.0
259,0,2159,97,14.64,10.0,330.0
259,0,2160,97,14.64,10.0,330.0
259,0,2162,97,14.64,10.0,330.0
259,0,2163,97,14.64,10.0,330.0
259,0,2164,97,14.64,10.0,330.0
259,0,2165,97,14.64,10.0,330.0
259,0,2166,97,14.64,10.0,330.0
259,0,2738,97,14.64,10.0,330.0
259,0,3012,97,14.64,10.0,330.0
259,0,3017,97,14.64,10.0,330.0
259,0,3018,97,14.64,10.0,330.0
259,0,3024,97,14.64,10.0,330.0
259,0,418,97,14.64,10.0,330.0
259,0,420,97,14.64,10.0,330.0
259,0,421,97,14.64,10.0,330.0
259,0,422,97,14.64,10.0,330.0
259,0,423,97,14.64,10.0,330.0
259,0,424,97,14.64,10.0,330.0
259,0,426,97,14.64,10.0,330.0
259,0,427,97,14.64,10.0,330.0
259,0,4387,97,14.64,10.0,330.0
259,0,454,97,14.64,10.0,330.0
762,0,2142,89,14.66,5.0,290.0
762,0,2143,89,14.66,5.0,290.0
762,0,2144,89,14.66,5.0,290.0
762,0,2145,89,14.66,5.0,290.0
762,0,2146,89,14.66,5.0,290.0
762,0,2147,89,14.66,5.0,290.0
762,0,2148,89,14.66,5.0,290.0
762,0,2149,89,14.66,5.0,290.0
762,0,6542,89,14.66,5.0,290.0
762,0,698,89,14.66,5.0,290.0
762,0,699,89,14.66,5.0,290.0
762,0,700,89,14.66,5.0,290.0
762,0,701,89,14.66,5.0,290.0
762,0,702,89,14.66,5.0,290.0
762,0,703,89,14.66,5.0,290.0
762,0,704,89,14.66,5.0,290.0
762,0,761,89,14.66,5.0,290.0
762,0,762,89,14.66,5.0,290.0
762,0,763,89,14.66,5.0,290.0
762,0,764,89,14.66,5.0,290.0
762,0,765,89,14.66,5.0,290.0
540,0,126,66,14.77,5.0,35.0
540,0,127,66,14.77,5.0,35.0
540,0,129,66,14.77,5.0,35.0
540,0,130,66,14.77,5.0,35.0
540,0,131,66,14.77,5.0,35.0
540,0,132,66,14.77,5.0,35.0
540,0,133,66,14.77,5.0,35.0
540,0,134,66,14.77,5.0,35.0
540,0,135,66,14.77,5.0,35.0
540,0,136,66,14.77,5.0,35.0
540,0,137,66,14.77,5.0,35.0
540,0,138,66,14.77,5.0,35.0
540,0,139,66,14.77,5.0,35.0
540,0,140,66,14.77,5.0,35.0
540,0,145,66,14.77,5.0,35.0
540,0,215,66,14.77,5.0,35.0
540,0,216,66,14.77,5.0,35.0
540,0,217,66,14.77,5.0,35.0
540,0,264,66,14.77,5.0,35.0
540,0,3315,66,14.77,5.0,35.0
540,0,35,66,14.77,5.0,35.0
540,0,379,66,14.77,5.0,35.0
540,0,380,66,14.77,5.0,35.0
540,0,3855,66,14.77,5.0,35.0
540,0,399,66,14.77,5.0,35.0
540,0,400,66,14.77,5.0,35.0
540,0,401,66,14.77,5.0,35.0
540,0,5424,66,14.77,5.0,35.0
540,0,728,66,14.77,5.0,35.0
540,0,729,66,14.77,5.0,35.0
540,0,730,66,14.77,5.0,35.0
540,0,731,66,14.77,5.0,35.0
540,0,732,66,14.77,5.0,35.0
540,0,862,66,14.77,5.0,35.0
540,0,865,66,14.77,5.0,35.0
540,0,931,66,14.77,5.0,35.0
540,0,932,66,14.77,5.0,35.0
540,0,933,66,14.77,5.0,35.0
540,0,934,66,14.77,5.0,35.0
540,0,935,66,14.77,5.0,35.0
540,0,936,66,14.77,5.0,35.0
540,0,937,66,14.77,5.0,35.0
540,0,938,66,14.77,5.0,35.0
540,0,939,66,14.77,5.0,35.0
540,0,940,66,14.77,5.0,35.0
540,0,941,66,14.77,5.0,35.0
540,0,942,66,14.77,5.0,35.0
540,0,943,66,14.77,5.0,35.0
540,0,944,66,14.77,5.0,35.0
540,0,945,66,14.77,5.0,35.0
540,0,946,66,14.77,5.0,35.0
540,0,947,66,14.77,5.0,35.0
540,0,948,66,14.77,5.0,35.0
1041,1,106,74,14.8,5.0,65.0
1041,1,107,74,14.8,5.0,65.0
1041,1,1204,74,14.8,5.0,65.0
1041,1,1318,74,14.8,5.0,65.0
1041,1,1323,74,14.8,5.0,65.0
1041,1,1324,74,14.8,5.0,65.0
1041,1,1325,74,14.8,5.0,65.0
1041,1,1370,74,14.8,5.0,65.0
1041,1,1378,74,14.8,5.0,65.0
1041,1,1379,74,14.8,5.0,65.0
1041,1,1380,74,14.8,5.0,65.0
1041,1,1381,74,14.8,5.0,65.0
1041,1,1382,74,14.8,5.0,65.0
1041,1,1383,74,14.8,5.0,65.0
1041,1,1400,74,14.8,5.0,65.0
1041,1,1401,74,14.8,5.0,65.0
1041,1,1422,74,14.8,5.0,65.0
1041,1,149,74,14.8,5.0,65.0
1041,1,150,74,14.8,5.0,65.0
1041,1,151,74,14.8,5.0,65.0
1041,1,152,74,14.8,5.0,65.0
1041,1,1574,74,14.8,5.0,65.0
1041,1,1575,74,14.8,5.0,65.0
1041,1,1576,74,14.8,5.0,65.0
1041,1,1577,74,14.8,5.0,65.0
1041,1,1578,74,14.8,5.0,65.0
1041,1,1581,74,14.8,5.0,65.0
1041,1,1582,74,14.8,5.0,65.0
1041,1,1583,74,14.8,5.0,65.0
1041,1,218,74,14.8,5.0,65.0
1041,1,219,74,14.8,5.0,65.0
1041,1,220,74,14.8,5.0,65.0
1041,1,221,74,14.8,5.0,65.0
1041,1,222,74,14.8,5.0,65.0
1041,1,223,74,14.8,5.0,65.0
1041,1,224,74,14.8,5.0,65.0
1041,1,225,74,14.8,5.0,65.0
1041,1,2738,74,14.8,5.0,65.0
1041,1,283,74,14.8,5.0,65.0
1041,1,284,74,14.8,5.0,65.0
1041,1,287,74,14.8,5.0,65.0
1041,1,288,74,14.8,5.0,65.0
1041,1,289,74,14.8,5.0,65.0
1041,1,290,74,14.8,5.0,65.0
1041,1,291,74,14.8,5.0,65.0
1041,1,292,74,14.8,5.0,65.0
1041,1,293,74,14.8,5.0,65.0
1041,1,294,74,14.8,5.0,65.0
1041,1,3008,74,14.8,5.0,65.0
1041,1,3179,74,14.8,5.0,65.0
1041,1,349,74,14.8,5.0,65.0
1041,1,3855,74,14.8,5.0,65.0
1041,1,3857,74,14.8,5.0,65.0
1041,1,4533,74,14.8,5.0,65.0
1041,1,4568,74,14.8,5.0,65.0
1041,1,458,74,14.8,5.0,65.0
1041,1,8605,74,14.8,5.0,65.0
746,0,6883,70,15.29,5.0,20.0
746,0,6952,70,15.29,5.0,20.0
746,0,6956,70,15.29,5.0,20.0
746,0,6957,70,15.29,5.0,20.0
746,0,6958,70,15.29,5.0,20.0
746,0,6977,70,15.29,5.0,20.0
746,0,6979,70,15.29,5.0,20.0
746,0,6980,70,15.29,5.0,20.0
746,0,7047,70,15.29,5.0,20.0
746,0,7188,70,15.29,5.0,20.0
746,0,7189,70,15.29,5.0,20.0
746,0,7190,70,15.29,5.0,20.0
746,0,7191,70,15.29,5.0,20.0
746,0,7192,70,15.29,5.0,20.0
746,0,7193,70,15.29,5.0,20.0
746,0,7194,70,15.29,5.0,20.0
746,0,7195,70,15.29,5.0,20.0
746,0,7196,70,15.29,5.0,20.0
746,0,7197,70,15.29,5.0,20.0
746,0,7198,70,15.29,5.0,20.0
746,0,7199,70,15.29,5.0,20.0
746,0,7200,70,15.29,5.0,20.0
746,0,7201,70,15.29,5.0,20.0
746,0,7202,70,15.29,5.0,20.0
746,0,835,70,15.29,5.0,20.0
746,0,836,70,15.29,5.0,20.0
746,0,837,70,15.29,5.0,20.0
746,0,838,70,15.29,5.0,20.0
746,0,839,70,15.29,5.0,20.0
746,0,840,70,15.29,5.0,20.0
746,0,841,70,15.29,5.0,20.0
746,0,842,70,15.29,5.0,20.0
746,0,843,70,15.29,5.0,20.0
746,0,844,70,15.29,5.0,20.0
746,0,845,70,15.29,5.0,20.0
746,0,846,70,15.29,5.0,20.0
746,0,847,70,15.29,5.0,20.0
746,0,848,70,15.29,5.0,20.0
746,0,849,70,15.29,5.0,20.0
746,0,850,70,15.29,5.0,20.0
746,0,851,70,15.29,5.0,20.0
746,0,852,70,15.29,5.0,20.0
746,0,853,70,15.29,5.0,20.0
746,0,854,70,15.29,5.0,20.0
746,0,855,70,15.29,5.0,20.0
746,0,856,70,15.29,5.0,20.0
746,0,857,70,15.29,5.0,20.0
746,0,858,70,15.29,5.0,20.0
746,0,859,70,15.29,5.0,20.0
746,0,860,70,15.29,5.0,20.0
850,0,1025,71,15.42,5.0,60.0
850,0,1027,71,15.42,5.0,60.0
850,0,1028,71,15.42,5.0,60.0
850,0,1029,71,15.42,5.0,60.0
850,0,1041,71,15.42,5.0,60.0
850,0,1043,71,15.42,5.0,60.0
850,0,1044,71,15.42,5.0,60.0
850,0,1045,71,15.42,5.0,60.0
850,0,1047,71,15.42,5.0,60.0
850,0,1048,71,15.42,5.0,60.0
850,0,1079,71,15.42,5.0,60.0
850,0,1255,71,15.42,5.0,60.0
850,0,141,71,15.42,5.0,60.0
850,0,1742,71,15.42,5.0,60.0
850,0,1863,71,15.42,5.0,60.0
850,0,1944,71,15.42,5.0,60.0
850,0,3842,71,15.42,5.0,60.0
850,0,3844,71,15.42,5.0,60.0
850,0,4425,71,15.42,5.0,60.0
850,0,4426,71,15.42,5.0,60.0
850,0,4427,71,15.42,5.0,60.0
850,0,4428,71,15.42,5.0,60.0
850,0,4761,71,15.42,5.0,60.0
850,0,4811,71,15.42,5.0,60.0
850,0,4812,71,15.42,5.0,60.0
850,0,4813,71,15.42,5.0,60.0
850,0,4815,71,15.42,5.0,60.0
850,0,4816,71,15.42,5.0,60.0
850,0,4817,71,15.42,5.0,60.0
850,0,4818,71,15.42,5.0,60.0
850,0,4819,71,15.42,5.0,60.0
850,0,4820,71,15.42,5.0,60.0
850,0,4821,71,15.42,5.0,60.0
850,0,4822,71,15.42,5.0,60.0
850,0,4825,71,15.42,5.0,60.0
850,0,4827,71,15.42,5.0,60.0
850,0,4828,71,15.42,5.0,60.0
850,0,4829,71,15.42,5.0,60.0
850,0,4830,71,15.42,5.0,60.0
850,0,4831,71,15.42,5.0,60.0
850,0,5844,71,15.42,5.0,60.0
850,0,590,71,15.42,5.0,60.0
850,0,591,71,15.42,5.0,60.0
850,0,592,71,15.42,5.0,60.0
850,0,593,71,15.42,5.0,60.0
850,0,6307,71,15.42,5.0,60.0
850,0,7736,71,15.42,5.0,60.0
850,0,7763,71,15.42,5.0,60.0
850,0,7783,71,15.42,5.0,60.0
850,0,7784,71,15.42,5.0,60.0
850,0,7787,71,15.42,5.0,60.0
850,0,7788,71,15.42,5.0,60.0
850,0,7915,71,15.42,5.0,60.0
850,0,7933,71,15.42,5.0,60.0
850,0,7936,71,15.42,5.0,60.0
850,0,7937,71,15.42,5.0,60.0
850,0,80,71,15.42,5.0,60.0
850,0,81,71,15.42,5.0,60.0
850,0,82,71,15.42,5.0,60.0
850,0,9279,71,15.42,5.0,60.0
850,0,995,71,15.42,5.0,60.0
544,0,1319,67,15.52,10.0,30.0
544,0,1320,67,15.52,10.0,30.0
544,0,1322,67,15.52,10.0,30.0
544,0,1376,67,15.52,10.0,30.0
544,0,1639,67,15.52,10.0,30.0
544,0,1640,67,15.52,10.0,30.0
544,0,1641,67,15.52,10.0,30.0
544,0,2107,67,15.52,10.0,30.0
544,0,2109,67,15.52,10.0,30.0
544,0,2110,67,15.52,10.0,30.0
544,0,2229,67,15.52,10.0,30.0
544,0,319,67,15.52,10.0,30.0
544,0,320,67,15.52,10.0,30.0
544,0,3315,67,15.52,10.0,30.0
544,0,404,67,15.52,10.0,30.0
544,0,405,67,15.52,10.0,30.0
544,0,406,67,15.52,10.0,30.0
544,0,407,67,15.52,10.0,30.0
544,0,408,67,15.52,10.0,30.0
544,0,409,67,15.52,10.0,30.0
544,0,698,67,15.52,10.0,30.0
544,0,699,67,15.52,10.0,30.0
544,0,700,67,15.52,10.0,30.0
544,0,701,67,15.52,10.0,30.0
544,0,702,67,15.52,10.0,30.0
544,0,703,67,15.52,10.0,30.0
544,0,704,67,15.52,10.0,30.0
544,0,705,67,15.52,10.0,30.0
544,0,706,67,15.52,10.0,30.0
544,0,707,67,15.52,10.0,30.0
544,0,708,67,15.52,10.0,30.0
544,0,709,67,15.52,10.0,30.0
544,0,710,67,15.52,10.0,30.0
544,0,711,67,15.52,10.0,30.0
544,0,712,67,15.52,10.0,30.0
544,0,713,67,15.52,10.0,30.0
544,0,714,67,15.52,10.0,30.0
544,0,715,67,15.52,10.0,30.0
544,0,716,67,15.52,10.0,30.0
544,0,717,67,15.52,10.0,30.0
544,0,718,67,15.52,10.0,30.0
544,0,719,67,15.52,10.0,30.0
544,0,720,67,15.52,10.0,30.0
544,0,721,67,15.52,10.0,30.0
544,0,722,67,15.52,10.0,30.0
544,0,761,67,15.52,10.0,30.0
544,0,762,67,15.52,10.0,30.0
544,0,763,67,15.52,10.0,30.0
544,0,764,67,15.52,10.0,30.0
544,0,765,67,15.52,10.0,30.0
656,0,6076,3,15.61,1.82,43.18
60,0,2226,64,15.78,10.0,30.0
60,0,35,64,15.78,10.0,30.0
60,0,3855,64,15.78,10.0,30.0
60,0,4527,64,15.78,10.0,30.0
60,0,4532,64,15.78,10.0,30.0
60,0,6467,64,15.78,10.0,30.0
60,0,699,64,15.78,10.0,30.0
60,0,700,64,15.78,10.0,30.0
60,0,701,64,15.78,10.0,30.0
60,0,702,64,15.78,10.0,30.0
60,0,703,64,15.78,10.0,30.0
60,0,704,64,15.78,10.0,30.0
60,0,706,64,15.78,10.0,30.0
60,0,707,64,15.78,10.0,30.0
60,0,708,64,15.78,10.0,30.0
60,0,709,64,15.78,10.0,30.0
60,0,710,64,15.78,10.0,30.0
60,0,711,64,15.78,10.0,30.0
60,0,712,64,15.78,10.0,30.0
60,0,713,64,15.78,10.0,30.0
60,0,714,64,15.78,10.0,30.0
60,0,715,64,15.78,10.0,30.0
60,0,716,64,15.78,10.0,30.0
60,0,717,64,15.78,10.0,30.0
60,0,718,64,15.78,10.0,30.0
60,0,719,64,15.78,10.0,30.0
60,0,720,64,15.78,10.0,30.0
60,0,721,64,15.78,10.0,30.0
60,0,722,64,15.78,10.0,30.0
60,0,723,64,15.78,10.0,30.0
60,0,726,64,15.78,10.0,30.0
60,0,727,64,15.78,10.0,30.0
60,0,729,64,15.78,10.0,30.0
60,0,730,64,15.78,10.0,30.0
60,0,731,64,15.78,10.0,30.0
60,0,732,64,15.78,10.0,30.0
60,0,733,64,15.78,10.0,30.0
60,0,741,64,15.78,10.0,30.0
60,0,761,64,15.78,10.0,30.0
60,0,762,64,15.78,10.0,30.0
60,0,763,64,15.78,10.0,30.0
60,0,764,64,15.78,10.0,30.0
60,0,765,64,15.78,10.0,30.0
60,0,766,64,15.78,10.0,30.0
738,0,105,68,15.81,10.0,35.0
738,0,106,68,15.81,10.0,35.0
738,0,1204,68,15.81,10.0,35.0
738,0,1637,68,15.81,10.0,35.0
738,0,1638,68,15.81,10.0,35.0
738,0,1747,68,15.81,10.0,35.0
738,0,264,68,15.81,10.0,35.0
738,0,728,68,15.81,10.0,35.0
738,0,729,68,15.81,10.0,35.0
738,0,730,68,15.81,10.0,35.0
738,0,731,68,15.81,10.0,35.0
738,0,862,68,15.81,10.0,35.0
738,0,865,68,15.81,10.0,35.0
738,0,931,68,15.81,10.0,35.0
738,0,932,68,15.81,10.0,35.0
738,0,933,68,15.81,10.0,35.0
738,0,934,68,15.81,10.0,35.0
738,0,935,68,15.81,10.0,35.0
738,0,936,68,15.81,10.0,35.0
738,0,937,68,15.81,10.0,35.0
738,0,938,68,15.81,10.0,35.0
738,0,939,68,15.81,10.0,35.0
738,0,940,68,15.81,10.0,35.0
738,0,941,68,15.81,10.0,35.0
738,0,942,68,15.81,10.0,35.0
738,0,943,68,15.81,10.0,35.0
738,0,944,68,15.81,10.0,35.0
738,0,945,68,15.81,10.0,35.0
738,0,946,68,15.81,10.0,35.0
738,0,947,68,15.81,10.0,35.0
738,0,948,68,15.81,10.0,35.0
739,1,1204,66,16.06,5.0,145.0
739,1,1642,66,16.06,5.0,145.0
739,1,1643,66,16.06,5.0,145.0
739,1,1748,66,16.06,5.0,145.0
739,1,304,66,16.06,5.0,145.0
739,1,319,66,16.06,5.0,145.0
739,1,349,66,16.06,5.0,145.0
739,1,460,66,16.06,5.0,145.0
739,1,461,66,16.06,5.0,145.0
739,1,7088,66,16.06,5.0,145.0
739,1,736,66,16.06,5.0,145.0
739,1,737,66,16.06,5.0,145.0
739,1,738,66,16.06,5.0,145.0
739,1,739,66,16.06,5.0,145.0
739,1,863,66,16.06,5.0,145.0
739,1,887,66,16.06,5.0,145.0
739,1,888,66,16.06,5.0,145.0
739,1,889,66,16.06,5.0,145.0
739,1,937,66,16.06,5.0,145.0
739,1,938,66,16.06,5.0,145.0
739,1,950,66,16.06,5.0,145.0
739,1,951,66,16.06,5.0,145.0
739,1,952,66,16.06,5.0,145.0
739,1,953,66,16.06,5.0,145.0
739,1,954,66,16.06,5.0,145.0
739,1,955,66,16.06,5.0,145.0
739,1,956,66,16.06,5.0,145.0
739,1,957,66,16.06,5.0,145.0
739,1,958,66,16.06,5.0,145.0
739,1,959,66,16.06,5.0,145.0
739,1,960,66,16.06,5.0,145.0
739,1,961,66,16.06,5.0,145.0
739,1,962,66,16.06,5.0,145.0
148,0,1235,62,16.21,10.0,30.0
148,0,1236,62,16.21,10.0,30.0
148,0,1237,62,16.21,10.0,30.0
148,0,1238,62,16.21,10.0,30.0
148,0,1239,62,16.21,10.0,30.0
148,0,1240,62,16.21,10.0,30.0
148,0,1241,62,16.21,10.0,30.0
148,0,1242,62,16.21,10.0,30.0
148,0,1249,62,16.21,10.0,30.0
148,0,1777,62,16.21,10.0,30.0
148,0,1778,62,16.21,10.0,30.0
148,0,1779,62,16.21,10.0,30.0
148,0,1780,62,16.21,10.0,30.0
148,0,1781,62,16.21,10.0,30.0
148,0,1782,62,16.21,10.0,30.0
148,0,1783,62,16.21,10.0,30.0
148,0,1784,62,16.21,10.0,30.0
148,0,1785,62,16.21,10.0,30.0
148,0,1788,62,16.21,10.0,30.0
148,0,1789,62,16.21,10.0,30.0
148,0,1816,62,16.21,10.0,30.0
148,0,1817,62,16.21,10.0,30.0
148,0,1832,62,16.21,10.0,30.0
148,0,1833,62,16.21,10.0,30.0
148,0,319,62,16.21,10.0,30.0
148,0,320,62,16.21,10.0,30.0
148,0,321,62,16.21,10.0,30.0
148,0,794,62,16.21,10.0,30.0
148,0,796,62,16.21,10.0,30.0
321,0,1796,60,16.25,10.0,35.0
321,0,1797,60,16.25,10.0,35.0
321,0,1798,60,16.25,10.0,35.0
321,0,1799,60,16.25,10.0,35.0
321,0,1800,60,16.25,10.0,35.0
321,0,1801,60,16.25,10.0,35.0
321,0,1802,60,16.25,10.0,35.0
321,0,3113,60,16.25,10.0,35.0
321,0,3530,60,16.25,10.0,35.0
321,0,3531,60,16.25,10.0,35.0
321,0,3532,60,16.25,10.0,35.0
321,0,3533,60,16.25,10.0,35.0
321,0,3534,60,16.25,10.0,35.0
321,0,3535,60,16.25,10.0,35.0
321,0,3536,60,16.25,10.0,35.0
321,0,3538,60,16.25,10.0,35.0
321,0,3539,60,16.25,10.0,35.0
321,0,3540,60,16.25,10.0,35.0
321,0,3541,60,16.25,10.0,35.0
321,0,3542,60,16.25,10.0,35.0
321,0,3543,60,16.25,10.0,35.0
321,0,3544,60,16.25,10.0,35.0
321,0,3545,60,16.25,10.0,35.0
321,0,3546,60,16.25,10.0,35.0
321,0,3547,60,16.25,10.0,35.0
321,0,3548,60,16.25,10.0,35.0
321,0,3549,60,16.25,10.0,35.0
321,0,3550,60,16.25,10.0,35.0
321,0,3551,60,16.25,10.0,35.0
321,0,3552,60,16.25,10.0,35.0
321,0,3553,60,16.25,10.0,35.0
321,0,3554,60,16.25,10.0,35.0
321,0,3555,60,16.25,10.0,35.0
321,0,3760,60,16.25,10.0,35.0
321,0,419,60,16.25,10.0,35.0
321,0,420,60,16.25,10.0,35.0
321,0,421,60,16.25,10.0,35.0
321,0,422,60,16.25,10.0,35.0
321,0,423,60,16.25,10.0,35.0
321,0,424,60,16.25,10.0,35.0
321,0,426,60,16.25,10.0,35.0
321,0,427,60,16.25,10.0,35.0
747,1,6087,69,16.59,5.0,50.0
747,1,6897,69,16.59,5.0,50.0
747,1,6960,69,16.59,5.0,50.0
747,1,6961,69,16.59,5.0,50.0
747,1,6962,69,16.59,5.0,50.0
747,1,6963,69,16.59,5.0,50.0
747,1,6964,69,16.59,5.0,50.0
747,1,6965,69,16.59,5.0,50.0
747,1,6966,69,16.59,5.0,50.0
747,1,6967,69,16.59,5.0,50.0
747,1,6968,69,16.59,5.0,50.0
747,1,6969,69,16.59,5.0,50.0
747,1,6970,69,16.59,5.0,50.0
747,1,6971,69,16.59,5.0,50.0
747,1,6972,69,16.59,5.0,50.0
747,1,6973,69,16.59,5.0,50.0
747,1,6978,69,16.59,5.0,50.0
747,1,6979,69,16.59,5.0,50.0
747,1,6980,69,16.59,5.0,50.0
747,1,6981,69,16.59,5.0,50.0
747,1,7089,69,16.59,5.0,50.0
747,1,7203,69,16.59,5.0,50.0
747,1,7204,69,16.59,5.0,50.0
747,1,7205,69,16.59,5.0,50.0
747,1,7206,69,16.59,5.0,50.0
747,1,890,69,16.59,5.0,50.0
747,1,892,69,16.59,5.0,50.0
747,1,893,69,16.59,5.0,50.0
747,1,894,69,16.59,5.0,50.0
747,1,895,69,16.59,5.0,50.0
747,1,896,69,16.59,5.0,50.0
747,1,897,69,16.59,5.0,50.0
747,1,898,69,16.59,5.0,50.0
747,1,899,69,16.59,5.0,50.0
747,1,900,69,16.59,5.0,50.0
747,1,901,69,16.59,5.0,50.0
747,1,903,69,16.59,5.0,50.0
747,1,904,69,16.59,5.0,50.0
747,1,905,69,16.59,5.0,50.0
747,1,906,69,16.59,5.0,50.0
747,1,907,69,16.59,5.0,50.0
747,1,908,69,16.59,5.0,50.0
747,1,909,69,16.59,5.0,50.0
747,1,910,69,16.59,5.0,50.0
747,1,911,69,16.59,5.0,50.0
747,1,912,69,16.59,5.0,50.0
747,1,913,69,16.59,5.0,50.0
747,1,914,69,16.59,5.0,50.0
747,1,915,69,16.59,5.0,50.0
747,1,916,69,16.59,5.0,50.0
61,1,1145,64,16.72,5.0,75.0
61,1,2221,64,16.72,5.0,75.0
61,1,2301,64,16.72,5.0,75.0
61,1,2302,64,16.72,5.0,75.0
61,1,2303,64,16.72,5.0,75.0
61,1,40,64,16.72,5.0,75.0
61,1,4549,64,16.72,5.0,75.0
61,1,4550,64,16.72,5.0,75.0
61,1,4551,64,16.72,5.0,75.0
61,1,557,64,16.72,5.0,75.0
61,1,698,64,16.72,5.0,75.0
61,1,701,64,16.72,5.0,75.0
61,1,702,64,16.72,5.0,75.0
61,1,705,64,16.72,5.0,75.0
61,1,7217,64,16.72,5.0,75.0
61,1,734,64,16.72,5.0,75.0
61,1,735,64,16.72,5.0,75.0
61,1,736,64,16.72,5.0,75.0
61,1,737,64,16.72,5.0,75.0
61,1,738,64,16.72,5.0,75.0
61,1,739,64,16.72,5.0,75.0
61,1,740,64,16.72,5.0,75.0
61,1,744,64,16.72,5.0,75.0
61,1,745,64,16.72,5.0,75.0
61,1,746,64,16.72,5.0,75.0
61,1,747,64,16.72,5.0,75.0
61,1,748,64,16.72,5.0,75.0
61,1,749,64,16.72,5.0,75.0
61,1,751,64,16.72,5.0,75.0
61,1,752,64,16.72,5.0,75.0
61,1,753,64,16.72,5.0,75.0
61,1,754,64,16.72,5.0,75.0
61,1,755,64,16.72,5.0,75.0
61,1,756,64,16.72,5.0,75.0
61,1,757,64,16.72,5.0,75.0
61,1,758,64,16.72,5.0,75.0
61,1,759,64,16.72,5.0,75.0
61,1,761,64,16.72,5.0,75.0
61,1,767,64,16.72,5.0,75.0
61,1,768,64,16.72,5.0,75.0
61,1,769,64,16.72,5.0,75.0
61,1,770,64,16.72,5.0,75.0
61,1,771,64,16.72,5.0,75.0
366,1,1204,63,16.83,5.0,135.0
366,1,1702,63,16.83,5.0,135.0
366,1,18,63,16.83,5.0,135.0
366,1,19,63,16.83,5.0,135.0
366,1,20,63,16.83,5.0,135.0
366,1,24,63,16.83,5.0,135.0
366,1,349,63,16.83,5.0,135.0
366,1,3846,63,16.83,5.0,135.0
366,1,3847,63,16.83,5.0,135.0
366,1,3848,63,16.83,5.0,135.0
366,1,3849,63,16.83,5.0,135.0
366,1,3857,63,16.83,5.0,135.0
366,1,39,63,16.83,5.0,135.0
366,1,40,63,16.83,5.0,135.0
366,1,409,63,16.83,5.0,135.0
366,1,41,63,16.83,5.0,135.0
366,1,413,63,16.83,5.0,135.0
366,1,415,63,16.83,5.0,135.0
366,1,419,63,16.83,5.0,135.0
366,1,42,63,16.83,5.0,135.0
366,1,426,63,16.83,5.0,135.0
366,1,427,63,16.83,5.0,135.0
366,1,428,63,16.83,5.0,135.0
366,1,429,63,16.83,5.0,135.0
366,1,43,63,16.83,5.0,135.0
366,1,430,63,16.83,5.0,135.0
366,1,431,63,16.83,5.0,135.0
366,1,432,63,16.83,5.0,135.0
366,1,433,63,16.83,5.0,135.0
366,1,435,63,16.83,5.0,135.0
366,1,436,63,16.83,5.0,135.0
366,1,437,63,16.83,5.0,135.0
366,1,438,63,16.83,5.0,135.0
366,1,439,63,16.83,5.0,135.0
366,1,44,63,16.83,5.0,135.0
366,1,440,63,16.83,5.0,135.0
366,1,45,63,16.83,5.0,135.0
366,1,46,63,16.83,5.0,135.0
366,1,460,63,16.83,5.0,135.0
366,1,461,63,16.83,5.0,135.0
366,1,462,63,16.83,5.0,135.0
366,1,463,63,16.83,5.0,135.0
366,1,464,63,16.83,5.0,135.0
366,1,467,63,16.83,5.0,135.0
366,1,47,63,16.83,5.0,135.0
366,1,48,63,16.83,5.0,135.0
366,1,50,63,16.83,5.0,135.0
366,1,51,63,16.83,5.0,135.0
366,1,52,63,16.83,5.0,135.0
366,1,53,63,16.83,5.0,135.0
366,1,594,63,16.83,5.0,135.0
366,1,595,63,16.83,5.0,135.0
366,1,596,63,16.83,5.0,135.0
366,1,597,63,16.83,5.0,135.0
366,1,598,63,16.83,5.0,135.0
366,1,599,63,16.83,5.0,135.0
366,1,6296,63,16.83,5.0,135.0
366,1,7735,63,16.83,5.0,135.0
366,1,994,63,16.83,5.0,135.0
366,1,995,63,16.83,5.0,135.0
539,1,134,61,16.97,10.0,50.0
539,1,135,61,16.97,10.0,50.0
539,1,136,61,16.97,10.0,50.0
539,1,137,61,16.97,10.0,50.0
539,1,138,61,16.97,10.0,50.0
539,1,139,61,16.97,10.0,50.0
539,1,141,61,16.97,10.0,50.0
539,1,18,61,16.97,10.0,50.0
539,1,19,61,16.97,10.0,50.0
539,1,20,61,16.97,10.0,50.0
539,1,24,61,16.97,10.0,50.0
539,1,2518,61,16.97,10.0,50.0
539,1,3315,61,16.97,10.0,50.0
539,1,343,61,16.97,10.0,50.0
539,1,344,61,16.97,10.0,50.0
539,1,381,61,16.97,10.0,50.0
539,1,382,61,16.97,10.0,50.0
539,1,3846,61,16.97,10.0,50.0
539,1,3847,61,16.97,10.0,50.0
539,1,3848,61,16.97,10.0,50.0
539,1,3849,61,16.97,10.0,50.0
539,1,385,61,16.97,10.0,50.0
539,1,40,61,16.97,10.0,50.0
539,1,4056,61,16.97,10.0,50.0
539,1,4057,61,16.97,10.0,50.0
539,1,4065,61,16.97,10.0,50.0
539,1,4066,61,16.97,10.0,50.0
539,1,41,61,16.97,10.0,50.0
539,1,42,61,16.97,10.0,50.0
539,1,43,61,16.97,10.0,50.0
539,1,44,61,16.97,10.0,50.0
539,1,4438,61,16.97,10.0,50.0
539,1,4442,61,16.97,10.0,50.0
539,1,4470,61,16.97,10.0,50.0
539,1,4471,61,16.97,10.0,50.0
539,1,4472,61,16.97,10.0,50.0
539,1,4473,61,16.97,10.0,50.0
539,1,45,61,16.97,10.0,50.0
539,1,4509,61,16.97,10.0,50.0
539,1,46,61,16.97,10.0,50.0
539,1,47,61,16.97,10.0,50.0
539,1,48,61,16.97,10.0,50.0
539,1,50,61,16.97,10.0,50.0
539,1,5033,61,16.97,10.0,50.0
539,1,51,61,16.97,10.0,50.0
539,1,52,61,16.97,10.0,50.0
539,1,53,61,16.97,10.0,50.0
539,1,5424,61,16.97,10.0,50.0
539,1,594,61,16.97,10.0,50.0
539,1,595,61,16.97,10.0,50.0
539,1,596,61,16.97,10.0,50.0
539,1,597,61,16.97,10.0,50.0
539,1,598,61,16.97,10.0,50.0
539,1,599,61,16.97,10.0,50.0
539,1,6296,61,16.97,10.0,50.0
539,1,7735,61,16.97,10.0,50.0
539,1,994,61,16.97,10.0,50.0
539,1,995,61,16.97,10.0,50.0
465,1,106,83,17.05,5.0,250.0
465,1,107,83,17.05,5.0,250.0
465,1,130,83,17.05,5.0,250.0
465,1,131,83,17.05,5.0,250.0
465,1,1318,83,17.05,5.0,250.0
465,1,1323,83,17.05,5.0,250.0
465,1,1324,83,17.05,5.0,250.0
465,1,1325,83,17.05,5.0,250.0
465,1,1326,83,17.05,5.0,250.0
465,1,1327,83,17.05,5.0,250.0
465,1,1328,83,17.05,5.0,250.0
465,1,1329,83,17.05,5.0,250.0
465,1,133,83,17.05,5.0,250.0
465,1,1330,83,17.05,5.0,250.0
465,1,1331,83,17.05,5.0,250.0
465,1,1332,83,17.05,5.0,250.0
465,1,1334,83,17.05,5.0,250.0
465,1,1335,83,17.05,5.0,250.0
465,1,1336,83,17.05,5.0,250.0
465,1,1337,83,17.05,5.0,250.0
465,1,1338,83,17.05,5.0,250.0
465,1,1339,83,17.05,5.0,250.0
465,1,134,83,17.05,5.0,250.0
465,1,1340,83,17.05,5.0,250.0
465,1,135,83,17.05,5.0,250.0
465,1,136,83,17.05,5.0,250.0
465,1,137,83,17.05,5.0,250.0
465,1,138,83,17.05,5.0,250.0
465,1,139,83,17.05,5.0,250.0
465,1,141,83,17.05,5.0,250.0
465,1,142,83,17.05,5.0,250.0
465,1,172,83,17.05,5.0,250.0
465,1,1819,83,17.05,5.0,250.0
465,1,1820,83,17.05,5.0,250.0
465,1,1821,83,17.05,5.0,250.0
465,1,1822,83,17.05,5.0,250.0
465,1,1823,83,17.05,5.0,250.0
465,1,1966,83,17.05,5.0,250.0
465,1,2178,83,17.05,5.0,250.0
465,1,3315,83,17.05,5.0,250.0
465,1,349,83,17.05,5.0,250.0
465,1,403,83,17.05,5.0,250.0
465,1,442,83,17.05,5.0,250.0
465,1,443,83,17.05,5.0,250.0
465,1,444,83,17.05,5.0,250.0
145,1,1242,77,17.47,5.0,295.0
145,1,1243,77,17.47,5.0,295.0
145,1,1244,77,17.47,5.0,295.0
145,1,1245,77,17.47,5.0,295.0
145,1,1246,77,17.47,5.0,295.0
145,1,1247,77,17.47,5.0,295.0
145,1,1248,77,17.47,5.0,295.0
145,1,1249,77,17.47,5.0,295.0
145,1,1250,77,17.47,5.0,295.0
145,1,1251,77,17.47,5.0,295.0
145,1,1277,77,17.47,5.0,295.0
145,1,130,77,17.47,5.0,295.0
145,1,131,77,17.47,5.0,295.0
145,1,172,77,17.47,5.0,295.0
145,1,213,77,17.47,5.0,295.0
145,1,343,77,17.47,5.0,295.0
145,1,344,77,17.47,5.0,295.0
145,1,381,77,17.47,5.0,295.0
145,1,382,77,17.47,5.0,295.0
145,1,385,77,17.47,5.0,295.0
145,1,40,77,17.47,5.0,295.0
145,1,4509,77,17.47,5.0,295.0
145,1,5033,77,17.47,5.0,295.0
145,1,5732,77,17.47,5.0,295.0
145,1,9296,77,17.47,5.0,295.0
38,0,106464,58,17.5,5.0,70.0
38,0,274,58,17.5,5.0,70.0
38,0,30,58,17.5,5.0,70.0
38,0,31,58,17.5,5.0,70.0
38,0,32,58,17.5,5.0,70.0
38,0,33,58,17.5,5.0,70.0
38,0,3354,58,17.5,5.0,70.0
38,0,34,58,17.5,5.0,70.0
38,0,351,58,17.5,5.0,70.0
38,0,3854,58,17.5,5.0,70.0
38,0,485,58,17.5,5.0,70.0
38,0,486,58,17.5,5.0,70.0
38,0,487,58,17.5,5.0,70.0
38,0,488,58,17.5,5.0,70.0
38,0,489,58,17.5,5.0,70.0
38,0,529,58,17.5,5.0,70.0
38,0,530,58,17.5,5.0,70.0
38,0,531,58,17.5,5.0,70.0
38,0,532,58,17.5,5.0,70.0
38,0,533,58,17.5,5.0,70.0
38,0,534,58,17.5,5.0,70.0
38,0,535,58,17.5,5.0,70.0
38,0,536,58,17.5,5.0,70.0
38,0,537,58,17.5,5.0,70.0
38,0,538,58,17.5,5.0,70.0
38,0,539,58,17.5,5.0,70.0
38,0,540,58,17.5,5.0,70.0
38,0,541,58,17.5,5.0,70.0
38,0,542,58,17.5,5.0,70.0
38,0,543,58,17.5,5.0,70.0
38,0,544,58,17.5,5.0,70.0
38,0,545,58,17.5,5.0,70.0
38,0,546,58,17.5,5.0,70.0
38,0,547,58,17.5,5.0,70.0
38,0,548,58,17.5,5.0,70.0
38,0,549,58,17.5,5.0,70.0
38,0,550,58,17.5,5.0,70.0
38,0,551,58,17.5,5.0,70.0
38,0,552,58,17.5,5.0,70.0
38,0,553,58,17.5,5.0,70.0
38,0,554,58,17.5,5.0,70.0
38,0,555,58,17.5,5.0,70.0
38,0,84,58,17.5,5.0,70.0
843,1,1031,63,17.54,10.0,40.0
843,1,1036,63,17.54,10.0,40.0
843,1,1037,63,17.54,10.0,40.0
843,1,1038,63,17.54,10.0,40.0
843,1,1050,63,17.54,10.0,40.0
843,1,1051,63,17.54,10.0,40.0
843,1,1052,63,17.54,10.0,40.0
843,1,1053,63,17.54,10.0,40.0
843,1,1056,63,17.54,10.0,40.0
843,1,1058,63,17.54,10.0,40.0
843,1,1252,63,17.54,10.0,40.0
843,1,1277,63,17.54,10.0,40.0
843,1,130,63,17.54,10.0,40.0
843,1,131,63,17.54,10.0,40.0
843,1,133,63,17.54,10.0,40.0
843,1,134,63,17.54,10.0,40.0
843,1,135,63,17.54,10.0,40.0
843,1,136,63,17.54,10.0,40.0
843,1,137,63,17.54,10.0,40.0
843,1,138,63,17.54,10.0,40.0
843,1,139,63,17.54,10.0,40.0
843,1,140,63,17.54,10.0,40.0
843,1,142,63,17.54,10.0,40.0
843,1,144,63,17.54,10.0,40.0
843,1,172,63,17.54,10.0,40.0
843,1,1737,63,17.54,10.0,40.0
843,1,1743,63,17.54,10.0,40.0
843,1,1744,63,17.54,10.0,40.0
843,1,1746,63,17.54,10.0,40.0
843,1,289,63,17.54,10.0,40.0
843,1,290,63,17.54,10.0,40.0
843,1,291,63,17.54,10.0,40.0
843,1,304,63,17.54,10.0,40.0
843,1,393,63,17.54,10.0,40.0
843,1,394,63,17.54,10.0,40.0
843,1,41,63,17.54,10.0,40.0
843,1,446,63,17.54,10.0,40.0
843,1,447,63,17.54,10.0,40.0
843,1,448,63,17.54,10.0,40.0
843,1,449,63,17.54,10.0,40.0
843,1,5424,63,17.54,10.0,40.0
843,1,734,63,17.54,10.0,40.0
843,1,735,63,17.54,10.0,40.0
843,1,736,63,17.54,10.0,40.0
843,1,737,63,17.54,10.0,40.0
843,1,738,63,17.54,10.0,40.0
843,1,739,63,17.54,10.0,40.0
843,1,950,63,17.54,10.0,40.0
843,1,951,63,17.54,10.0,40.0
843,1,952,63,17.54,10.0,40.0
843,1,953,63,17.54,10.0,40.0
843,1,954,63,17.54,10.0,40.0
843,1,955,63,17.54,10.0,40.0
843,1,956,63,17.54,10.0,40.0
843,1,957,63,17.54,10.0,40.0
843,1,958,63,17.54,10.0,40.0
843,1,959,63,17.54,10.0,40.0
843,1,974,63,17.54,10.0,40.0
222,1,107,80,17.63,5.0,280.0
222,1,1204,80,17.63,5.0,280.0
222,1,1323,80,17.63,5.0,280.0
222,1,1324,80,17.63,5.0,280.0
222,1,1325,80,17.63,5.0,280.0
222,1,1370,80,17.63,5.0,280.0
222,1,1375,80,17.63,5.0,280.0
222,1,1378,80,17.63,5.0,280.0
222,1,1379,80,17.63,5.0,280.0
222,1,1380,80,17.63,5.0,280.0
222,1,1381,80,17.63,5.0,280.0
222,1,1382,80,17.63,5.0,280.0
222,1,1383,80,17.63,5.0,280.0
222,1,1398,80,17.63,5.0,280.0
222,1,1400,80,17.63,5.0,280.0
222,1,1422,80,17.63,5.0,280.0
222,1,1574,80,17.63,5.0,280.0
222,1,1575,80,17.63,5.0,280.0
222,1,1576,80,17.63,5.0,280.0
222,1,1577,80,17.63,5.0,280.0
222,1,1578,80,17.63,5.0,280.0
222,1,1581,80,17.63,5.0,280.0
222,1,1582,80,17.63,5.0,280.0
222,1,1583,80,17.63,5.0,280.0
222,1,2056,80,17.63,5.0,280.0
222,1,2065,80,17.63,5.0,280.0
222,1,2066,80,17.63,5.0,280.0
222,1,2067,80,17.63,5.0,280.0
222,1,2068,80,17.63,5.0,280.0
222,1,2069,80,17.63,5.0,280.0
222,1,2070,80,17.63,5.0,280.0
222,1,2071,80,17.63,5.0,280.0
222,1,2074,80,17.63,5.0,280.0
222,1,2075,80,17.63,5.0,280.0
222,1,2076,80,17.63,5.0,280.0
222,1,2230,80,17.63,5.0,280.0
222,1,2389,80,17.63,5.0,280.0
222,1,2441,80,17.63,5.0,280.0
222,1,2445,80,17.63,5.0,280.0
222,1,2446,80,17.63,5.0,280.0
222,1,2447,80,17.63,5.0,280.0
222,1,2448,80,17.63,5.0,280.0
222,1,2449,80,17.63,5.0,280.0
222,1,2450,80,17.63,5.0,280.0
222,1,2451,80,17.63,5.0,280.0
222,1,2452,80,17.63,5.0,280.0
222,1,2454,80,17.63,5.0,280.0
222,1,2455,80,17.63,5.0,280.0
222,1,2499,80,17.63,5.0,280.0
222,1,2509,80,17.63,5.0,280.0
222,1,2510,80,17.63,5.0,280.0
222,1,2511,80,17.63,5.0,280.0
222,1,2512,80,17.63,5.0,280.0
222,1,2513,80,17.63,5.0,280.0
222,1,2514,80,17.63,5.0,280.0
222,1,2515,80,17.63,5.0,280.0
222,1,2738,80,17.63,5.0,280.0
222,1,2752,80,17.63,5.0,280.0
222,1,2976,80,17.63,5.0,280.0
222,1,3008,80,17.63,5.0,280.0
222,1,349,80,17.63,5.0,280.0
222,1,3857,80,17.63,5.0,280.0
222,1,4568,80,17.63,5.0,280.0
222,1,458,80,17.63,5.0,280.0
322,1,1800,59,17.63,5.0,70.0
322,1,1803,59,17.63,5.0,70.0
322,1,1804,59,17.63,5.0,70.0
322,1,1805,59,17.63,5.0,70.0
322,1,1806,59,17.63,5.0,70.0
322,1,1807,59,17.63,5.0,70.0
322,1,1808,59,17.63,5.0,70.0
322,1,3118,59,17.63,5.0,70.0
322,1,3222,59,17.63,5.0,70.0
322,1,3556,59,17.63,5.0,70.0
322,1,3557,59,17.63,5.0,70.0
322,1,3558,59,17.63,5.0,70.0
322,1,3559,59,17.63,5.0,70.0
322,1,3560,59,17.63,5.0,70.0
322,1,3561,59,17.63,5.0,70.0
322,1,3562,59,17.63,5.0,70.0
322,1,3563,59,17.63,5.0,70.0
322,1,3564,59,17.63,5.0,70.0
322,1,3565,59,17.63,5.0,70.0
322,1,3566,59,17.63,5.0,70.0
322,1,3567,59,17.63,5.0,70.0
322,1,3568,59,17.63,5.0,70.0
322,1,3569,59,17.63,5.0,70.0
322,1,3570,59,17.63,5.0,70.0
322,1,3571,59,17.63,5.0,70.0
322,1,3572,59,17.63,5.0,70.0
322,1,3573,59,17.63,5.0,70.0
322,1,3574,59,17.63,5.0,70.0
322,1,3575,59,17.63,5.0,70.0
322,1,3576,59,17.63,5.0,70.0
322,1,3577,59,17.63,5.0,70.0
322,1,3578,59,17.63,5.0,70.0
322,1,3579,59,17.63,5.0,70.0
322,1,3580,59,17.63,5.0,70.0
322,1,419,59,17.63,5.0,70.0
322,1,426,59,17.63,5.0,70.0
322,1,427,59,17.63,5.0,70.0
322,1,428,59,17.63,5.0,70.0
322,1,429,59,17.63,5.0,70.0
322,1,430,59,17.63,5.0,70.0
322,1,431,59,17.63,5.0,70.0
322,1,432,59,17.63,5.0,70.0
842,0,1031,62,17.66,5.0,75.0
842,0,1032,62,17.66,5.0,75.0
842,0,1033,62,17.66,5.0,75.0
842,0,1034,62,17.66,5.0,75.0
842,0,1035,62,17.66,5.0,75.0
842,0,1040,62,17.66,5.0,75.0
842,0,1041,62,17.66,5.0,75.0
842,0,1043,62,17.66,5.0,75.0
842,0,1044,62,17.66,5.0,75.0
842,0,1045,62,17.66,5.0,75.0
842,0,1047,62,17.66,5.0,75.0
842,0,1048,62,17.66,5.0,75.0
842,0,126,62,17.66,5.0,75.0
842,0,127,62,17.66,5.0,75.0
842,0,129,62,17.66,5.0,75.0
842,0,130,62,17.66,5.0,75.0
842,0,131,62,17.66,5.0,75.0
842,0,132,62,17.66,5.0,75.0
842,0,133,62,17.66,5.0,75.0
842,0,134,62,17.66,5.0,75.0
842,0,135,62,17.66,5.0,75.0
842,0,136,62,17.66,5.0,75.0
842,0,137,62,17.66,5.0,75.0
842,0,138,62,17.66,5.0,75.0
842,0,139,62,17.66,5.0,75.0
842,0,140,62,17.66,5.0,75.0
842,0,145,62,17.66,5.0,75.0
842,0,1742,62,17.66,5.0,75.0
842,0,215,62,17.66,5.0,75.0
842,0,216,62,17.66,5.0,75.0
842,0,217,62,17.66,5.0,75.0
842,0,264,62,17.66,5.0,75.0
842,0,3315,62,17.66,5.0,75.0
842,0,35,62,17.66,5.0,75.0
842,0,379,62,17.66,5.0,75.0
842,0,380,62,17.66,5.0,75.0
842,0,3855,62,17.66,5.0,75.0
842,0,399,62,17.66,5.0,75.0
842,0,400,62,17.66,5.0,75.0
842,0,401,62,17.66,5.0,75.0
842,0,5424,62,17.66,5.0,75.0
842,0,5844,62,17.66,5.0,75.0
842,0,728,62,17.66,5.0,75.0
842,0,729,62,17.66,5.0,75.0
842,0,730,62,17.66,5.0,75.0
842,0,731,62,17.66,5.0,75.0
842,0,732,62,17.66,5.0,75.0
842,0,939,62,17.66,5.0,75.0
842,0,940,62,17.66,5.0,75.0
842,0,941,62,17.66,5.0,75.0
842,0,942,62,17.66,5.0,75.0
842,0,943,62,17.66,5.0,75.0
842,0,944,62,17.66,5.0,75.0
842,0,945,62,17.66,5.0,75.0
842,0,946,62,17.66,5.0,75.0
842,0,947,62,17.66,5.0,75.0
842,0,948,62,17.66,5.0,75.0
842,0,972,62,17.66,5.0,75.0
842,0,973,62,17.66,5.0,75.0
608,1,1318,61,17.79,5.0,45.0
608,1,1323,61,17.79,5.0,45.0
608,1,1324,61,17.79,5.0,45.0
608,1,1325,61,17.79,5.0,45.0
608,1,1326,61,17.79,5.0,45.0
608,1,1327,61,17.79,5.0,45.0
608,1,1328,61,17.79,5.0,45.0
608,1,1329,61,17.79,5.0,45.0
608,1,1330,61,17.79,5.0,45.0
608,1,1331,61,17.79,5.0,45.0
608,1,1332,61,17.79,5.0,45.0
608,1,1748,61,17.79,5.0,45.0
608,1,2178,61,17.79,5.0,45.0
608,1,2179,61,17.79,5.0,45.0
608,1,2180,61,17.79,5.0,45.0
608,1,2181,61,17.79,5.0,45.0
608,1,2182,61,17.79,5.0,45.0
608,1,2183,61,17.79,5.0,45.0
608,1,2184,61,17.79,5.0,45.0
608,1,2185,61,17.79,5.0,45.0
608,1,2186,61,17.79,5.0,45.0
608,1,2187,61,17.79,5.0,45.0
608,1,2188,61,17.79,5.0,45.0
608,1,2189,61,17.79,5.0,45.0
608,1,2190,61,17.79,5.0,45.0
608,1,2191,61,17.79,5.0,45.0
608,1,705,61,17.79,5.0,45.0
608,1,748,61,17.79,5.0,45.0
608,1,749,61,17.79,5.0,45.0
608,1,750,61,17.79,5.0,45.0
608,1,751,61,17.79,5.0,45.0
608,1,752,61,17.79,5.0,45.0
608,1,753,61,17.79,5.0,45.0
608,1,754,61,17.79,5.0,45.0
608,1,755,61,17.79,5.0,45.0
608,1,756,61,17.79,5.0,45.0
608,1,757,61,17.79,5.0,45.0
608,1,758,61,17.79,5.0,45.0
608,1,759,61,17.79,5.0,45.0
608,1,861,61,17.79,5.0,45.0
178,0,1041,79,17.85,5.0,330.0
178,0,1148,79,17.85,5.0,330.0
178,0,1310,79,17.85,5.0,330.0
178,0,1311,79,17.85,5.0,330.0
178,0,1312,79,17.85,5.0,330.0
178,0,1313,79,17.85,5.0,330.0
178,0,1314,79,17.85,5.0,330.0
178,0,1315,79,17.85,5.0,330.0
178,0,1316,79,17.85,5.0,330.0
178,0,1369,79,17.85,5.0,330.0
178,0,1370,79,17.85,5.0,330.0
178,0,1371,79,17.85,5.0,330.0
178,0,1380,79,17.85,5.0,330.0
178,0,1387,79,17.85,5.0,330.0
178,0,1398,79,17.85,5.0,330.0
178,0,1399,79,17.85,5.0,330.0
178,0,1634,79,17.85,5.0,330.0
178,0,1635,79,17.85,5.0,330.0
178,0,2121,79,17.85,5.0,330.0
178,0,2123,79,17.85,5.0,330.0
178,0,2124,79,17.85,5.0,330.0
178,0,2125,79,17.85,5.0,330.0
178,0,2126,79,17.85,5.0,330.0
178,0,2127,79,17.85,5.0,330.0
178,0,2128,79,17.85,5.0,330.0
178,0,2129,79,17.85,5.0,330.0
178,0,2130,79,17.85,5.0,330.0
178,0,2131,79,17.85,5.0,330.0
178,0,2132,79,17.85,5.0,330.0
178,0,2133,79,17.85,5.0,330.0
178,0,2134,79,17.85,5.0,330.0
178,0,2135,79,17.85,5.0,330.0
178,0,2137,79,17.85,5.0,330.0
178,0,2138,79,17.85,5.0,330.0
178,0,2139,79,17.85,5.0,330.0
178,0,2140,79,17.85,5.0,330.0
178,0,2141,79,17.85,5.0,330.0
178,0,2142,79,17.85,5.0,330.0
178,0,2143,79,17.85,5.0,330.0
178,0,2144,79,17.85,5.0,330.0
178,0,2145,79,17.85,5.0,330.0
178,0,2146,79,17.85,5.0,330.0
178,0,2147,79,17.85,5.0,330.0
178,0,2148,79,17.85,5.0,330.0
178,0,2149,79,17.85,5.0,330.0
178,0,2150,79,17.85,5.0,330.0
178,0,2151,79,17.85,5.0,330.0
178,0,2152,79,17.85,5.0,330.0
178,0,2153,79,17.85,5.0,330.0
178,0,2154,79,17.85,5.0,330.0
178,0,2155,79,17.85,5.0,330.0
178,0,2157,79,17.85,5.0,330.0
178,0,2158,79,17.85,5.0,330.0
178,0,2159,79,17.85,5.0,330.0
178,0,2160,79,17.85,5.0,330.0
178,0,2162,79,17.85,5.0,330.0
178,0,2163,79,17.85,5.0,330.0
178,0,2164,79,17.85,5.0,330.0
178,0,2165,79,17.85,5.0,330.0
178,0,2166,79,17.85,5.0,330.0
178,0,3018,79,17.85,5.0,330.0
178,0,3024,79,17.85,5.0,330.0
178,0,3038,79,17.85,5.0,330.0
178,0,418,79,17.85,5.0,330.0
178,0,4387,79,17.85,5.0,330.0
178,0,454,79,17.85,5.0,330.0
178,0,5844,79,17.85,5.0,330.0
178,0,6263,79,17.85,5.0,330.0
178,0,6307,79,17.85,5.0,330.0
178,0,705,79,17.85,5.0,330.0
178,0,706,79,17.85,5.0,330.0
178,0,707,79,17.85,5.0,330.0
178,0,708,79,17.85,5.0,330.0
178,0,709,79,17.85,5.0,330.0
178,0,710,79,17.85,5.0,330.0
178,0,711,79,17.85,5.0,330.0
178,0,712,79,17.85,5.0,330.0
178,0,713,79,17.85,5.0,330.0
178,0,714,79,17.85,5.0,330.0
178,0,715,79,17.85,5.0,330.0
178,0,716,79,17.85,5.0,330.0
178,0,7304,79,17.85,5.0,330.0
178,0,7320,79,17.85,5.0,330.0
178,0,862,79,17.85,5.0,330.0
178,0,888,79,17.85,5.0,330.0
178,0,932,79,17.85,5.0,330.0
47,1,106667,80,17.88,5.0,280.0
47,1,179,80,17.88,5.0,280.0
47,1,229,80,17.88,5.0,280.0
47,1,230,80,17.88,5.0,280.0
47,1,231,80,17.88,5.0,280.0
47,1,232,80,17.88,5.0,280.0
47,1,234,80,17.88,5.0,280.0
47,1,235,80,17.88,5.0,280.0
47,1,236,80,17.88,5.0,280.0
47,1,238,80,17.88,5.0,280.0
47,1,240,80,17.88,5.0,280.0
47,1,243,80,17.88,5.0,280.0
47,1,377,80,17.88,5.0,280.0
47,1,392,80,17.88,5.0,280.0
47,1,393,80,17.88,5.0,280.0
47,1,394,80,17.88,5.0,280.0
47,1,395,80,17.88,5.0,280.0
47,1,396,80,17.88,5.0,280.0
47,1,5556,80,17.88,5.0,280.0
47,1,624,80,17.88,5.0,280.0
47,1,625,80,17.88,5.0,280.0
47,1,626,80,17.88,5.0,280.0
47,1,627,80,17.88,5.0,280.0
47,1,628,80,17.88,5.0,280.0
47,1,629,80,17.88,5.0,280.0
47,1,630,80,17.88,5.0,280.0
47,1,631,80,17.88,5.0,280.0
47,1,632,80,17.88,5.0,280.0
47,1,633,80,17.88,5.0,280.0
47,1,7939,80,17.88,5.0,280.0
47,1,8062,80,17.88,5.0,280.0
910,0,117,59,17.88,10.0,110.0
910,0,118,59,17.88,10.0,110.0
910,0,119,59,17.88,10.0,110.0
910,0,120,59,17.88,10.0,110.0
910,0,121,59,17.88,10.0,110.0
910,0,122,59,17.88,10.0,110.0
910,0,123,59,17.88,10.0,110.0
910,0,124,59,17.88,10.0,110.0
910,0,125,59,17.88,10.0,110.0
910,0,126,59,17.88,10.0,110.0
910,0,127,59,17.88,10.0,110.0
910,0,1968,59,17.88,10.0,110.0
910,0,1969,59,17.88,10.0,110.0
910,0,1970,59,17.88,10.0,110.0
910,0,1971,59,17.88,10.0,110.0
910,0,1972,59,17.88,10.0,110.0
910,0,1973,59,17.88,10.0,110.0
910,0,1974,59,17.88,10.0,110.0
910,0,1975,59,17.88,10.0,110.0
910,0,1976,59,17.88,10.0,110.0
910,0,1977,59,17.88,10.0,110.0
910,0,1978,59,17.88,10.0,110.0
910,0,200,59,17.88,10.0,110.0
910,0,201,59,17.88,10.0,110.0
910,0,202,59,17.88,10.0,110.0
910,0,203,59,17.88,10.0,110.0
910,0,204,59,17.88,10.0,110.0
910,0,205,59,17.88,10.0,110.0
910,0,206,59,17.88,10.0,110.0
910,0,207,59,17.88,10.0,110.0
910,0,277,59,17.88,10.0,110.0
910,0,278,59,17.88,10.0,110.0
910,0,281,59,17.88,10.0,110.0
910,0,282,59,17.88,10.0,110.0
910,0,285,59,17.88,10.0,110.0
910,0,403,59,17.88,10.0,110.0
910,0,404,59,17.88,10.0,110.0
910,0,405,59,17.88,10.0,110.0
910,0,406,59,17.88,10.0,110.0
910,0,407,59,17.88,10.0,110.0
910,0,408,59,17.88,10.0,110.0
910,0,409,59,17.88,10.0,110.0
910,0,410,59,17.88,10.0,110.0
910,0,411,59,17.88,10.0,110.0
910,0,412,59,17.88,10.0,110.0
910,0,413,59,17.88,10.0,110.0
910,0,414,59,17.88,10.0,110.0
910,0,415,59,17.88,10.0,110.0
910,0,416,59,17.88,10.0,110.0
910,0,418,59,17.88,10.0,110.0
910,0,419,59,17.88,10.0,110.0
910,0,420,59,17.88,10.0,110.0
910,0,421,59,17.88,10.0,110.0
910,0,422,59,17.88,10.0,110.0
910,0,423,59,17.88,10.0,110.0
910,0,424,59,17.88,10.0,110.0
910,0,426,59,17.88,10.0,110.0
910,0,427,59,17.88,10.0,110.0
910,0,454,59,17.88,10.0,110.0
910,0,8096,59,17.88,10.0,110.0
910,0,8202,59,17.88,10.0,110.0
39,1,1084,56,18.21,10.0,60.0
39,1,351,56,18.21,10.0,60.0
39,1,40,56,18.21,10.0,60.0
39,1,41,56,18.21,10.0,60.0
39,1,42,56,18.21,10.0,60.0
39,1,43,56,18.21,10.0,60.0
39,1,44,56,18.21,10.0,60.0
39,1,45,56,18.21,10.0,60.0
39,1,492,56,18.21,10.0,60.0
39,1,493,56,18.21,10.0,60.0
39,1,494,56,18.21,10.0,60.0
39,1,495,56,18.21,10.0,60.0
39,1,496,56,18.21,10.0,60.0
39,1,497,56,18.21,10.0,60.0
39,1,534,56,18.21,10.0,60.0
39,1,535,56,18.21,10.0,60.0
39,1,537,56,18.21,10.0,60.0
39,1,557,56,18.21,10.0,60.0
39,1,558,56,18.21,10.0,60.0
39,1,559,56,18.21,10.0,60.0
39,1,560,56,18.21,10.0,60.0
39,1,561,56,18.21,10.0,60.0
39,1,562,56,18.21,10.0,60.0
39,1,563,56,18.21,10.0,60.0
39,1,564,56,18.21,10.0,60.0
39,1,565,56,18.21,10.0,60.0
39,1,566,56,18.21,10.0,60.0
39,1,567,56,18.21,10.0,60.0
39,1,568,56,18.21,10.0,60.0
39,1,569,56,18.21,10.0,60.0
39,1,570,56,18.21,10.0,60.0
39,1,571,56,18.21,10.0,60.0
39,1,572,56,18.21,10.0,60.0
39,1,573,56,18.21,10.0,60.0
39,1,574,56,18.21,10.0,60.0
39,1,575,56,18.21,10.0,60.0
39,1,577,56,18.21,10.0,60.0
39,1,579,56,18.21,10.0,60.0
39,1,580,56,18.21,10.0,60.0
39,1,581,56,18.21,10.0,60.0
39,1,582,56,18.21,10.0,60.0
39,1,583,56,18.21,10.0,60.0
39,1,86,56,18.21,10.0,60.0
851,1,1024,78,18.21,5.0,270.0
851,1,1051,78,18.21,5.0,270.0
851,1,1052,78,18.21,5.0,270.0
851,1,1053,78,18.21,5.0,270.0
851,1,1056,78,18.21,5.0,270.0
851,1,1058,78,18.21,5.0,270.0
851,1,1085,78,18.21,5.0,270.0
851,1,1263,78,18.21,5.0,270.0
851,1,141,78,18.21,5.0,270.0
851,1,1743,78,18.21,5.0,270.0
851,1,1744,78,18.21,5.0,270.0
851,1,1746,78,18.21,5.0,270.0
851,1,1891,78,18.21,5.0,270.0
851,1,1950,78,18.21,5.0,270.0
851,1,1953,78,18.21,5.0,270.0
851,1,3846,78,18.21,5.0,270.0
851,1,3847,78,18.21,5.0,270.0
851,1,3848,78,18.21,5.0,270.0
851,1,4429,78,18.21,5.0,270.0
851,1,4430,78,18.21,5.0,270.0
851,1,4431,78,18.21,5.0,270.0
851,1,4432,78,18.21,5.0,270.0
851,1,4763,78,18.21,5.0,270.0
851,1,4832,78,18.21,5.0,270.0
851,1,4833,78,18.21,5.0,270.0
851,1,4834,78,18.21,5.0,270.0
851,1,4836,78,18.21,5.0,270.0
851,1,4839,78,18.21,5.0,270.0
851,1,4840,78,18.21,5.0,270.0
851,1,4841,78,18.21,5.0,270.0
851,1,4842,78,18.21,5.0,270.0
851,1,4843,78,18.21,5.0,270.0
851,1,4845,78,18.21,5.0,270.0
851,1,4846,78,18.21,5.0,270.0
851,1,4847,78,18.21,5.0,270.0
851,1,4848,78,18.21,5.0,270.0
851,1,4849,78,18.21,5.0,270.0
851,1,4851,78,18.21,5.0,270.0
851,1,4852,78,18.21,5.0,270.0
851,1,5899,78,18.21,5.0,270.0
851,1,5900,78,18.21,5.0,270.0
851,1,5901,78,18.21,5.0,270.0
851,1,5992,78,18.21,5.0,270.0
851,1,5993,78,18.21,5.0,270.0
851,1,5994,78,18.21,5.0,270.0
851,1,600,78,18.21,5.0,270.0
851,1,601,78,18.21,5.0,270.0
851,1,603,78,18.21,5.0,270.0
851,1,7734,78,18.21,5.0,270.0
851,1,7735,78,18.21,5.0,270.0
851,1,7781,78,18.21,5.0,270.0
851,1,7787,78,18.21,5.0,270.0
851,1,7789,78,18.21,5.0,270.0
851,1,7790,78,18.21,5.0,270.0
851,1,7791,78,18.21,5.0,270.0
851,1,7886,78,18.21,5.0,270.0
851,1,7920,78,18.21,5.0,270.0
851,1,7938,78,18.21,5.0,270.0
851,1,8349,78,18.21,5.0,270.0
851,1,88,78,18.21,5.0,270.0
851,1,89,78,18.21,5.0,270.0
851,1,90,78,18.21,5.0,270.0
851,1,9280,78,18.21,5.0,270.0
851,1,9299,78,18.21,5.0,270.0
851,1,994,78,18.21,5.0,270.0
45,0,106603,78,18.27,5.0,300.0
45,0,126,78,18.27,5.0,300.0
45,0,179,78,18.27,5.0,300.0
45,0,180,78,18.27,5.0,300.0
45,0,183,78,18.27,5.0,300.0
45,0,186,78,18.27,5.0,300.0
45,0,187,78,18.27,5.0,300.0
45,0,188,78,18.27,5.0,300.0
45,0,189,78,18.27,5.0,300.0
45,0,190,78,18.27,5.0,300.0
45,0,191,78,18.27,5.0,300.0
45,0,192,78,18.27,5.0,300.0
45,0,194,78,18.27,5.0,300.0
45,0,238,78,18.27,5.0,300.0
45,0,3295,78,18.27,5.0,300.0
45,0,3304,78,18.27,5.0,300.0
45,0,3312,78,18.27,5.0,300.0
45,0,3320,78,18.27,5.0,300.0
45,0,378,78,18.27,5.0,300.0
45,0,380,78,18.27,5.0,300.0
45,0,392,78,18.27,5.0,300.0
45,0,4509,78,18.27,5.0,300.0
45,0,5564,78,18.27,5.0,300.0
45,0,614,78,18.27,5.0,300.0
45,0,615,78,18.27,5.0,300.0
45,0,616,78,18.27,5.0,300.0
45,0,617,78,18.27,5.0,300.0
45,0,618,78,18.27,5.0,300.0
45,0,619,78,18.27,5.0,300.0
45,0,621,78,18.27,5.0,300.0
45,0,622,78,18.27,5.0,300.0
45,0,623,78,18.27,5.0,300.0
45,0,8061,78,18.27,5.0,300.0
913,1,124,58,18.45,5.0,90.0
913,1,125,58,18.45,5.0,90.0
913,1,144,58,18.45,5.0,90.0
913,1,146,58,18.45,5.0,90.0
913,1,147,58,18.45,5.0,90.0
913,1,149,58,18.45,5.0,90.0
913,1,150,58,18.45,5.0,90.0
913,1,151,58,18.45,5.0,90.0
913,1,152,58,18.45,5.0,90.0
913,1,1702,58,18.45,5.0,90.0
913,1,1976,58,18.45,5.0,90.0
913,1,1979,58,18.45,5.0,90.0
913,1,1980,58,18.45,5.0,90.0
913,1,1981,58,18.45,5.0,90.0
913,1,1982,58,18.45,5.0,90.0
913,1,1983,58,18.45,5.0,90.0
913,1,1984,58,18.45,5.0,90.0
913,1,1985,58,18.45,5.0,90.0
913,1,1986,58,18.45,5.0,90.0
913,1,1987,58,18.45,5.0,90.0
913,1,1988,58,18.45,5.0,90.0
913,1,218,58,18.45,5.0,90.0
913,1,219,58,18.45,5.0,90.0
913,1,220,58,18.45,5.0,90.0
913,1,221,58,18.45,5.0,90.0
913,1,222,58,18.45,5.0,90.0
913,1,223,58,18.45,5.0,90.0
913,1,224,58,18.45,5.0,90.0
913,1,225,58,18.45,5.0,90.0
913,1,283,58,18.45,5.0,90.0
913,1,284,58,18.45,5.0,90.0
913,1,285,58,18.45,5.0,90.0
913,1,287,58,18.45,5.0,90.0
913,1,288,58,18.45,5.0,90.0
913,1,3179,58,18.45,5.0,90.0
913,1,408,58,18.45,5.0,90.0
913,1,409,58,18.45,5.0,90.0
913,1,413,58,18.45,5.0,90.0
913,1,415,58,18.45,5.0,90.0
913,1,419,58,18.45,5.0,90.0
913,1,426,58,18.45,5.0,90.0
913,1,427,58,18.45,5.0,90.0
913,1,428,58,18.45,5.0,90.0
913,1,429,58,18.45,5.0,90.0
913,1,430,58,18.45,5.0,90.0
913,1,431,58,18.45,5.0,90.0
913,1,432,58,18.45,5.0,90.0
913,1,433,58,18.45,5.0,90.0
913,1,435,58,18.45,5.0,90.0
913,1,436,58,18.45,5.0,90.0
913,1,437,58,18.45,5.0,90.0
913,1,438,58,18.45,5.0,90.0
913,1,439,58,18.45,5.0,90.0
913,1,440,58,18.45,5.0,90.0
913,1,441,58,18.45,5.0,90.0
913,1,442,58,18.45,5.0,90.0
913,1,443,58,18.45,5.0,90.0
913,1,444,58,18.45,5.0,90.0
913,1,4509,58,18.45,5.0,90.0
913,1,4533,58,18.45,5.0,90.0
913,1,8098,58,18.45,5.0,90.0
835,0,129,53,18.49,10.0,40.0
835,0,130,53,18.49,10.0,40.0
835,0,131,53,18.49,10.0,40.0
835,0,132,53,18.49,10.0,40.0
835,0,133,53,18.49,10.0,40.0
835,0,134,53,18.49,10.0,40.0
835,0,135,53,18.49,10.0,40.0
835,0,136,53,18.49,10.0,40.0
835,0,213,53,18.49,10.0,40.0
835,0,274,53,18.49,10.0,40.0
835,0,327,53,18.49,10.0,40.0
835,0,3315,53,18.49,10.0,40.0
835,0,3354,53,18.49,10.0,40.0
835,0,3361,53,18.49,10.0,40.0
835,0,385,53,18.49,10.0,40.0
835,0,387,53,18.49,10.0,40.0
835,0,388,53,18.49,10.0,40.0
835,0,391,53,18.49,10.0,40.0
835,0,4444,53,18.49,10.0,40.0
835,0,5269,53,18.49,10.0,40.0
835,0,5270,53,18.49,10.0,40.0
835,0,788,53,18.49,10.0,40.0
835,0,789,53,18.49,10.0,40.0
546,0,129,51,18.53,5.0,35.0
546,0,130,51,18.53,5.0,35.0
546,0,131,51,18.53,5.0,35.0
546,0,132,51,18.53,5.0,35.0
546,0,133,51,18.53,5.0,35.0
546,0,134,51,18.53,5.0,35.0
546,0,135,51,18.53,5.0,35.0
546,0,136,51,18.53,5.0,35.0
546,0,137,51,18.53,5.0,35.0
546,0,138,51,18.53,5.0,35.0
546,0,139,51,18.53,5.0,35.0
546,0,140,51,18.53,5.0,35.0
546,0,213,51,18.53,5.0,35.0
546,0,274,51,18.53,5.0,35.0
546,0,327,51,18.53,5.0,35.0
546,0,3315,51,18.53,5.0,35.0
546,0,385,51,18.53,5.0,35.0
546,0,387,51,18.53,5.0,35.0
546,0,388,51,18.53,5.0,35.0
546,0,391,51,18.53,5.0,35.0
546,0,40,51,18.53,5.0,35.0
546,0,788,51,18.53,5.0,35.0
546,0,789,51,18.53,5.0,35.0
836,1,106876,52,18.65,5.0,40.0
836,1,1276,52,18.65,5.0,40.0
836,1,1277,52,18.65,5.0,40.0
836,1,130,52,18.65,5.0,40.0
836,1,131,52,18.65,5.0,40.0
836,1,133,52,18.65,5.0,40.0
836,1,134,52,18.65,5.0,40.0
836,1,135,52,18.65,5.0,40.0
836,1,142,52,18.65,5.0,40.0
836,1,172,52,18.65,5.0,40.0
836,1,3361,52,18.65,5.0,40.0
836,1,34,52,18.65,5.0,40.0
836,1,343,52,18.65,5.0,40.0
836,1,344,52,18.65,5.0,40.0
836,1,381,52,18.65,5.0,40.0
836,1,382,52,18.65,5.0,40.0
836,1,385,52,18.65,5.0,40.0
836,1,40,52,18.65,5.0,40.0
836,1,4469,52,18.65,5.0,40.0
836,1,4509,52,18.65,5.0,40.0
836,1,5033,52,18.65,5.0,40.0
836,1,5270,52,18.65,5.0,40.0
836,1,5271,52,18.65,5.0,40.0
386,0,1796,53,18.68,10.0,30.0
386,0,1797,53,18.68,10.0,30.0
386,0,1798,53,18.68,10.0,30.0
386,0,1799,53,18.68,10.0,30.0
386,0,1800,53,18.68,10.0,30.0
386,0,1801,53,18.68,10.0,30.0
386,0,1802,53,18.68,10.0,30.0
386,0,3109,53,18.68,10.0,30.0
386,0,3111,53,18.68,10.0,30.0
386,0,3112,53,18.68,10.0,30.0
386,0,3113,53,18.68,10.0,30.0
386,0,3530,53,18.68,10.0,30.0
386,0,3531,53,18.68,10.0,30.0
386,0,3532,53,18.68,10.0,30.0
386,0,3947,53,18.68,10.0,30.0
386,0,3948,53,18.68,10.0,30.0
386,0,3949,53,18.68,10.0,30.0
386,0,3950,53,18.68,10.0,30.0
386,0,3951,53,18.68,10.0,30.0
386,0,3952,53,18.68,10.0,30.0
386,0,3953,53,18.68,10.0,30.0
386,0,3954,53,18.68,10.0,30.0
386,0,3955,53,18.68,10.0,30.0
386,0,3956,53,18.68,10.0,30.0
386,0,3957,53,18.68,10.0,30.0
386,0,3958,53,18.68,10.0,30.0
386,0,3959,53,18.68,10.0,30.0
386,0,3960,53,18.68,10.0,30.0
386,0,3961,53,18.68,10.0,30.0
386,0,3962,53,18.68,10.0,30.0
386,0,3963,53,18.68,10.0,30.0
386,0,3964,53,18.68,10.0,30.0
386,0,3965,53,18.68,10.0,30.0
386,0,3966,53,18.68,10.0,30.0
386,0,3967,53,18.68,10.0,30.0
386,0,3968,53,18.68,10.0,30.0
386,0,3969,53,18.68,10.0,30.0
386,0,3970,53,18.68,10.0,30.0
386,0,3971,53,18.68,10.0,30.0
386,0,3972,53,18.68,10.0,30.0
386,0,3973,53,18.68,10.0,30.0
386,0,3974,53,18.68,10.0,30.0
386,0,3975,53,18.68,10.0,30.0
386,0,3976,53,18.68,10.0,30.0
386,0,3977,53,18.68,10.0,30.0
386,0,3978,53,18.68,10.0,30.0
386,0,3979,53,18.68,10.0,30.0
386,0,4351,53,18.68,10.0,30.0
6,0,10,56,18.75,10.0,45.0
6,0,106517,56,18.75,10.0,45.0
6,0,1071,56,18.75,10.0,45.0
6,0,108,56,18.75,10.0,45.0
6,0,11,56,18.75,10.0,45.0
6,0,1150,56,18.75,10.0,45.0
6,0,1190,56,18.75,10.0,45.0
6,0,1197,56,18.75,10.0,45.0
6,0,12,56,18.75,10.0,45.0
6,0,13,56,18.75,10.0,45.0
6,0,14,56,18.75,10.0,45.0
6,0,15,56,18.75,10.0,45.0
6,0,16,56,18.75,10.0,45.0
6,0,17,56,18.75,10.0,45.0
6,0,19,56,18.75,10.0,45.0
6,0,20,56,18.75,10.0,45.0
6,0,22,56,18.75,10.0,45.0
6,0,23,56,18.75,10.0,45.0
6,0,24,56,18.75,10.0,45.0
6,0,25,56,18.75,10.0,45.0
6,0,26,56,18.75,10.0,45.0
6,0,27,56,18.75,10.0,45.0
6,0,28,56,18.75,10.0,45.0
6,0,29,56,18.75,10.0,45.0
6,0,31,56,18.75,10.0,45.0
6,0,32,56,18.75,10.0,45.0
6,0,33,56,18.75,10.0,45.0
6,0,34,56,18.75,10.0,45.0
6,0,35,56,18.75,10.0,45.0
6,0,3855,56,18.75,10.0,45.0
6,0,46,56,18.75,10.0,45.0
6,0,53,56,18.75,10.0,45.0
6,0,6467,56,18.75,10.0,45.0
6,0,6689,56,18.75,10.0,45.0
6,0,6690,56,18.75,10.0,45.0
6,0,6691,56,18.75,10.0,45.0
6,0,6692,56,18.75,10.0,45.0
6,0,6693,56,18.75,10.0,45.0
6,0,6694,56,18.75,10.0,45.0
6,0,68,56,18.75,10.0,45.0
6,0,69,56,18.75,10.0,45.0
6,0,70,56,18.75,10.0,45.0
6,0,71,56,18.75,10.0,45.0
6,0,72,56,18.75,10.0,45.0
6,0,73,56,18.75,10.0,45.0
6,0,75,56,18.75,10.0,45.0
6,0,76,56,18.75,10.0,45.0
6,0,77,56,18.75,10.0,45.0
6,0,78,56,18.75,10.0,45.0
6,0,79,56,18.75,10.0,45.0
6,0,8,56,18.75,10.0,45.0
6,0,9,56,18.75,10.0,45.0
538,0,1024,61,18.77,5.0,110.0
538,0,1025,61,18.77,5.0,110.0
538,0,129,61,18.77,5.0,110.0
538,0,130,61,18.77,5.0,110.0
538,0,134,61,18.77,5.0,110.0
538,0,135,61,18.77,5.0,110.0
538,0,136,61,18.77,5.0,110.0
538,0,137,61,18.77,5.0,110.0
538,0,138,61,18.77,5.0,110.0
538,0,139,61,18.77,5.0,110.0
538,0,140,61,18.77,5.0,110.0
538,0,18,61,18.77,5.0,110.0
538,0,19,61,18.77,5.0,110.0
538,0,20,61,18.77,5.0,110.0
538,0,22,61,18.77,5.0,110.0
538,0,23,61,18.77,5.0,110.0
538,0,24,61,18.77,5.0,110.0
538,0,25,61,18.77,5.0,110.0
538,0,26,61,18.77,5.0,110.0
538,0,27,61,18.77,5.0,110.0
538,0,274,61,18.77,5.0,110.0
538,0,28,61,18.77,5.0,110.0
538,0,29,61,18.77,5.0,110.0
538,0,30,61,18.77,5.0,110.0
538,0,31,61,18.77,5.0,110.0
538,0,32,61,18.77,5.0,110.0
538,0,327,61,18.77,5.0,110.0
538,0,33,61,18.77,5.0,110.0
538,0,3315,61,18.77,5.0,110.0
538,0,34,61,18.77,5.0,110.0
538,0,3842,61,18.77,5.0,110.0
538,0,3844,61,18.77,5.0,110.0
538,0,385,61,18.77,5.0,110.0
538,0,387,61,18.77,5.0,110.0
538,0,388,61,18.77,5.0,110.0
538,0,391,61,18.77,5.0,110.0
538,0,40,61,18.77,5.0,110.0
538,0,4055,61,18.77,5.0,110.0
538,0,4056,61,18.77,5.0,110.0
538,0,4057,61,18.77,5.0,110.0
538,0,4065,61,18.77,5.0,110.0
538,0,4438,61,18.77,5.0,110.0
538,0,4440,61,18.77,5.0,110.0
538,0,4442,61,18.77,5.0,110.0
538,0,4443,61,18.77,5.0,110.0
538,0,53,61,18.77,5.0,110.0
538,0,5424,61,18.77,5.0,110.0
538,0,594,61,18.77,5.0,110.0
538,0,595,61,18.77,5.0,110.0
538,0,596,61,18.77,5.0,110.0
538,0,597,61,18.77,5.0,110.0
538,0,598,61,18.77,5.0,110.0
538,0,599,61,18.77,5.0,110.0
538,0,6359,61,18.77,5.0,110.0
538,0,6361,61,18.77,5.0,110.0
538,0,7736,61,18.77,5.0,110.0
538,0,788,61,18.77,5.0,110.0
538,0,789,61,18.77,5.0,110.0
538,0,7915,61,18.77,5.0,110.0
538,0,993,61,18.77,5.0,110.0
860,0,122,55,18.82,10.0,40.0
860,0,123,55,18.82,10.0,40.0
860,0,124,55,18.82,10.0,40.0
860,0,125,55,18.82,10.0,40.0
860,0,126,55,18.82,10.0,40.0
860,0,127,55,18.82,10.0,40.0
860,0,213,55,18.82,10.0,40.0
860,0,215,55,18.82,10.0,40.0
860,0,216,55,18.82,10.0,40.0
860,0,217,55,18.82,10.0,40.0
860,0,3315,55,18.82,10.0,40.0
860,0,35,55,18.82,10.0,40.0
860,0,3855,55,18.82,10.0,40.0
861,1,124,55,18.82,1.0,40.0
861,1,125,55,18.82,1.0,40.0
861,1,1252,55,18.82,1.0,40.0
861,1,145,55,18.82,1.0,40.0
861,1,146,55,18.82,1.0,40.0
861,1,147,55,18.82,1.0,40.0
861,1,213,55,18.82,1.0,40.0
861,1,289,55,18.82,1.0,40.0
861,1,290,55,18.82,1.0,40.0
861,1,291,55,18.82,1.0,40.0
861,1,3315,55,18.82,1.0,40.0
861,1,34,55,18.82,1.0,40.0
387,1,1800,53,18.87,5.0,40.0
387,1,1803,53,18.87,5.0,40.0
387,1,1804,53,18.87,5.0,40.0
387,1,1805,53,18.87,5.0,40.0
387,1,1806,53,18.87,5.0,40.0
387,1,1807,53,18.87,5.0,40.0
387,1,1808,53,18.87,5.0,40.0
387,1,3118,53,18.87,5.0,40.0
387,1,3119,53,18.87,5.0,40.0
387,1,3120,53,18.87,5.0,40.0
387,1,3121,53,18.87,5.0,40.0
387,1,3578,53,18.87,5.0,40.0
387,1,3579,53,18.87,5.0,40.0
387,1,3580,53,18.87,5.0,40.0
387,1,3982,53,18.87,5.0,40.0
387,1,3983,53,18.87,5.0,40.0
387,1,3984,53,18.87,5.0,40.0
387,1,3985,53,18.87,5.0,40.0
387,1,3986,53,18.87,5.0,40.0
387,1,3987,53,18.87,5.0,40.0
387,1,3988,53,18.87,5.0,40.0
387,1,3989,53,18.87,5.0,40.0
387,1,3990,53,18.87,5.0,40.0
387,1,3991,53,18.87,5.0,40.0
387,1,3992,53,18.87,5.0,40.0
387,1,3993,53,18.87,5.0,40.0
387,1,3994,53,18.87,5.0,40.0
387,1,3995,53,18.87,5.0,40.0
387,1,3996,53,18.87,5.0,40.0
387,1,3997,53,18.87,5.0,40.0
387,1,3998,53,18.87,5.0,40.0
387,1,3999,53,18.87,5.0,40.0
387,1,4000,53,18.87,5.0,40.0
387,1,4001,53,18.87,5.0,40.0
387,1,4002,53,18.87,5.0,40.0
387,1,4003,53,18.87,5.0,40.0
387,1,4004,53,18.87,5.0,40.0
387,1,4005,53,18.87,5.0,40.0
387,1,4006,53,18.87,5.0,40.0
387,1,4007,53,18.87,5.0,40.0
387,1,4008,53,18.87,5.0,40.0
387,1,4009,53,18.87,5.0,40.0
387,1,4010,53,18.87,5.0,40.0
387,1,4011,53,18.87,5.0,40.0
387,1,4012,53,18.87,5.0,40.0
387,1,4048,53,18.87,5.0,40.0
387,1,4049,53,18.87,5.0,40.0
387,1,4352,53,18.87,5.0,40.0
541,1,1252,66,18.92,5.0,250.0
541,1,130,66,18.92,5.0,250.0
541,1,131,66,18.92,5.0,250.0
541,1,133,66,18.92,5.0,250.0
541,1,134,66,18.92,5.0,250.0
541,1,135,66,18.92,5.0,250.0
541,1,136,66,18.92,5.0,250.0
541,1,137,66,18.92,5.0,250.0
541,1,138,66,18.92,5.0,250.0
541,1,139,66,18.92,5.0,250.0
541,1,141,66,18.92,5.0,250.0
541,1,142,66,18.92,5.0,250.0
541,1,144,66,18.92,5.0,250.0
541,1,172,66,18.92,5.0,250.0
541,1,289,66,18.92,5.0,250.0
541,1,290,66,18.92,5.0,250.0
541,1,291,66,18.92,5.0,250.0
541,1,304,66,18.92,5.0,250.0
541,1,3315,66,18.92,5.0,250.0
541,1,393,66,18.92,5.0,250.0
541,1,394,66,18.92,5.0,250.0
541,1,41,66,18.92,5.0,250.0
541,1,446,66,18.92,5.0,250.0
541,1,447,66,18.92,5.0,250.0
541,1,448,66,18.92,5.0,250.0
541,1,449,66,18.92,5.0,250.0
541,1,5424,66,18.92,5.0,250.0
541,1,7088,66,18.92,5.0,250.0
541,1,734,66,18.92,5.0,250.0
541,1,735,66,18.92,5.0,250.0
541,1,736,66,18.92,5.0,250.0
541,1,737,66,18.92,5.0,250.0
541,1,738,66,18.92,5.0,250.0
541,1,739,66,18.92,5.0,250.0
541,1,863,66,18.92,5.0,250.0
541,1,887,66,18.92,5.0,250.0
541,1,888,66,18.92,5.0,250.0
541,1,889,66,18.92,5.0,250.0
541,1,937,66,18.92,5.0,250.0
541,1,938,66,18.92,5.0,250.0
541,1,950,66,18.92,5.0,250.0
541,1,951,66,18.92,5.0,250.0
541,1,952,66,18.92,5.0,250.0
541,1,953,66,18.92,5.0,250.0
541,1,954,66,18.92,5.0,250.0
541,1,955,66,18.92,5.0,250.0
541,1,956,66,18.92,5.0,250.0
541,1,957,66,18.92,5.0,250.0
541,1,958,66,18.92,5.0,250.0
541,1,959,66,18.92,5.0,250.0
541,1,960,66,18.92,5.0,250.0
541,1,961,66,18.92,5.0,250.0
541,1,962,66,18.92,5.0,250.0
566,1,1737,53,18.96,10.0,40.0
566,1,2192,53,18.96,10.0,40.0
566,1,2193,53,18.96,10.0,40.0
566,1,5773,53,18.96,10.0,40.0
566,1,5809,53,18.96,10.0,40.0
566,1,5810,53,18.96,10.0,40.0
566,1,5811,53,18.96,10.0,40.0
566,1,5812,53,18.96,10.0,40.0
566,1,5823,53,18.96,10.0,40.0
566,1,5824,53,18.96,10.0,40.0
566,1,6163,53,18.96,10.0,40.0
566,1,6164,53,18.96,10.0,40.0
566,1,866,53,18.96,10.0,40.0
566,1,867,53,18.96,10.0,40.0
566,1,879,53,18.96,10.0,40.0
566,1,880,53,18.96,10.0,40.0
566,1,881,53,18.96,10.0,40.0
566,1,882,53,18.96,10.0,40.0
566,1,884,53,18.96,10.0,40.0
566,1,885,53,18.96,10.0,40.0
566,1,887,53,18.96,10.0,40.0
566,1,981,53,18.96,10.0,40.0
566,1,982,53,18.96,10.0,40.0
566,1,983,53,18.96,10.0,40.0
566,1,986,53,18.96,10.0,40.0
551,0,213,55,19.05,12.0,88.0
551,0,274,55,19.05,12.0,88.0
551,0,327,55,19.05,12.0,88.0
551,0,3315,55,19.05,12.0,88.0
551,0,385,55,19.05,12.0,88.0
551,0,387,55,19.05,12.0,88.0
551,0,388,55,19.05,12.0,88.0
551,0,391,55,19.05,12.0,88.0
551,0,40,55,19.05,12.0,88.0
551,0,788,55,19.05,12.0,88.0
551,0,789,55,19.05,12.0,88.0
552,1,145,55,19.09,7.0,64.0
552,1,213,55,19.09,7.0,64.0
552,1,3315,55,19.09,7.0,64.0
552,1,34,55,19.09,7.0,64.0
552,1,343,55,19.09,7.0,64.0
552,1,344,55,19.09,7.0,64.0
552,1,381,55,19.09,7.0,64.0
552,1,382,55,19.09,7.0,64.0
552,1,385,55,19.09,7.0,64.0
552,1,40,55,19.09,7.0,64.0
552,1,5033,55,19.09,7.0,64.0
545,1,106,71,19.15,5.0,330.0
545,1,107,71,19.15,5.0,330.0
545,1,1323,71,19.15,5.0,330.0
545,1,1324,71,19.15,5.0,330.0
545,1,1325,71,19.15,5.0,330.0
545,1,2111,71,19.15,5.0,330.0
545,1,2112,71,19.15,5.0,330.0
545,1,2114,71,19.15,5.0,330.0
545,1,2119,71,19.15,5.0,330.0
545,1,3315,71,19.15,5.0,330.0
545,1,403,71,19.15,5.0,330.0
545,1,408,71,19.15,5.0,330.0
545,1,441,71,19.15,5.0,330.0
545,1,442,71,19.15,5.0,330.0
545,1,443,71,19.15,5.0,330.0
545,1,444,71,19.15,5.0,330.0
545,1,461,71,19.15,5.0,330.0
545,1,462,71,19.15,5.0,330.0
545,1,463,71,19.15,5.0,330.0
545,1,464,71,19.15,5.0,330.0
545,1,467,71,19.15,5.0,330.0
545,1,698,71,19.15,5.0,330.0
545,1,699,71,19.15,5.0,330.0
545,1,700,71,19.15,5.0,330.0
545,1,701,71,19.15,5.0,330.0
545,1,702,71,19.15,5.0,330.0
545,1,703,71,19.15,5.0,330.0
545,1,704,71,19.15,5.0,330.0
545,1,705,71,19.15,5.0,330.0
545,1,744,71,19.15,5.0,330.0
545,1,745,71,19.15,5.0,330.0
545,1,746,71,19.15,5.0,330.0
545,1,747,71,19.15,5.0,330.0
545,1,748,71,19.15,5.0,330.0
545,1,749,71,19.15,5.0,330.0
545,1,750,71,19.15,5.0,330.0
545,1,751,71,19.15,5.0,330.0
545,1,752,71,19.15,5.0,330.0
545,1,753,71,19.15,5.0,330.0
545,1,754,71,19.15,5.0,330.0
545,1,755,71,19.15,5.0,330.0
545,1,756,71,19.15,5.0,330.0
545,1,757,71,19.15,5.0,330.0
545,1,758,71,19.15,5.0,330.0
545,1,759,71,19.15,5.0,330.0
545,1,761,71,19.15,5.0,330.0
545,1,763,71,19.15,5.0,330.0
545,1,768,71,19.15,5.0,330.0
545,1,769,71,19.15,5.0,330.0
545,1,770,71,19.15,5.0,330.0
545,1,771,71,19.15,5.0,330.0
547,1,129,53,19.15,10.0,70.0
547,1,130,53,19.15,10.0,70.0
547,1,131,53,19.15,10.0,70.0
547,1,133,53,19.15,10.0,70.0
547,1,134,53,19.15,10.0,70.0
547,1,135,53,19.15,10.0,70.0
547,1,136,53,19.15,10.0,70.0
547,1,137,53,19.15,10.0,70.0
547,1,138,53,19.15,10.0,70.0
547,1,139,53,19.15,10.0,70.0
547,1,141,53,19.15,10.0,70.0
547,1,142,53,19.15,10.0,70.0
547,1,213,53,19.15,10.0,70.0
547,1,3315,53,19.15,10.0,70.0
547,1,34,53,19.15,10.0,70.0
547,1,343,53,19.15,10.0,70.0
547,1,344,53,19.15,10.0,70.0
547,1,381,53,19.15,10.0,70.0
547,1,382,53,19.15,10.0,70.0
547,1,385,53,19.15,10.0,70.0
547,1,40,53,19.15,10.0,70.0
547,1,4509,53,19.15,10.0,70.0
547,1,5033,53,19.15,10.0,70.0
1040,0,103,74,19.19,5.0,250.0
1040,0,106815,74,19.19,5.0,250.0
1040,0,106816,74,19.19,5.0,250.0
1040,0,117,74,19.19,5.0,250.0
1040,0,118,74,19.19,5.0,250.0
1040,0,119,74,19.19,5.0,250.0
1040,0,120,74,19.19,5.0,250.0
1040,0,1204,74,19.19,5.0,250.0
1040,0,121,74,19.19,5.0,250.0
1040,0,1318,74,19.19,5.0,250.0
1040,0,1322,74,19.19,5.0,250.0
1040,0,1371,74,19.19,5.0,250.0
1040,0,1372,74,19.19,5.0,250.0
1040,0,1373,74,19.19,5.0,250.0
1040,0,1376,74,19.19,5.0,250.0
1040,0,1378,74,19.19,5.0,250.0
1040,0,1383,74,19.19,5.0,250.0
1040,0,1398,74,19.19,5.0,250.0
1040,0,1399,74,19.19,5.0,250.0
1040,0,1422,74,19.19,5.0,250.0
1040,0,1423,74,19.19,5.0,250.0
1040,0,1447,74,19.19,5.0,250.0
1040,0,1566,74,19.19,5.0,250.0
1040,0,1568,74,19.19,5.0,250.0
1040,0,1575,74,19.19,5.0,250.0
1040,0,1576,74,19.19,5.0,250.0
1040,0,1578,74,19.19,5.0,250.0
1040,0,1581,74,19.19,5.0,250.0
1040,0,1632,74,19.19,5.0,250.0
1040,0,1635,74,19.19,5.0,250.0
1040,0,201,74,19.19,5.0,250.0
1040,0,202,74,19.19,5.0,250.0
1040,0,203,74,19.19,5.0,250.0
1040,0,204,74,19.19,5.0,250.0
1040,0,205,74,19.19,5.0,250.0
1040,0,206,74,19.19,5.0,250.0
1040,0,207,74,19.19,5.0,250.0
1040,0,215,74,19.19,5.0,250.0
1040,0,216,74,19.19,5.0,250.0
1040,0,217,74,19.19,5.0,250.0
1040,0,225,74,19.19,5.0,250.0
1040,0,2738,74,19.19,5.0,250.0
1040,0,283,74,19.19,5.0,250.0
1040,0,284,74,19.19,5.0,250.0
1040,0,287,74,19.19,5.0,250.0
1040,0,288,74,19.19,5.0,250.0
1040,0,2892,74,19.19,5.0,250.0
1040,0,294,74,19.19,5.0,250.0
1040,0,3179,74,19.19,5.0,250.0
1040,0,319,74,19.19,5.0,250.0
1040,0,320,74,19.19,5.0,250.0
1040,0,321,74,19.19,5.0,250.0
1040,0,349,74,19.19,5.0,250.0
1040,0,39,74,19.19,5.0,250.0
1040,0,8605,74,19.19,5.0,250.0
565,0,2192,52,19.23,10.0,45.0
565,0,5797,52,19.23,10.0,45.0
565,0,5798,52,19.23,10.0,45.0
565,0,5805,52,19.23,10.0,45.0
565,0,5806,52,19.23,10.0,45.0
565,0,5807,52,19.23,10.0,45.0
565,0,5808,52,19.23,10.0,45.0
565,0,5809,52,19.23,10.0,45.0
565,0,5822,52,19.23,10.0,45.0
565,0,6320,52,19.23,10.0,45.0
565,0,7273,52,19.23,10.0,45.0
565,0,865,52,19.23,10.0,45.0
565,0,868,52,19.23,10.0,45.0
565,0,869,52,19.23,10.0,45.0
565,0,870,52,19.23,10.0,45.0
565,0,871,52,19.23,10.0,45.0
565,0,873,52,19.23,10.0,45.0
565,0,874,52,19.23,10.0,45.0
565,0,875,52,19.23,10.0,45.0
565,0,876,52,19.23,10.0,45.0
565,0,877,52,19.23,10.0,45.0
565,0,883,52,19.23,10.0,45.0
565,0,886,52,19.23,10.0,45.0
565,0,984,52,19.23,10.0,45.0
565,0,985,52,19.23,10.0,45.0
176,0,106815,49,19.59,10.0,40.0
176,0,106816,49,19.59,10.0,40.0
176,0,1322,49,19.59,10.0,40.0
176,0,1376,49,19.59,10.0,40.0
176,0,1639,49,19.59,10.0,40.0
176,0,1640,49,19.59,10.0,40.0
176,0,1641,49,19.59,10.0,40.0
176,0,1749,49,19.59,10.0,40.0
176,0,1750,49,19.59,10.0,40.0
176,0,1751,49,19.59,10.0,40.0
176,0,1752,49,19.59,10.0,40.0
176,0,1753,49,19.59,10.0,40.0
176,0,1754,49,19.59,10.0,40.0
176,0,1756,49,19.59,10.0,40.0
176,0,1757,49,19.59,10.0,40.0
176,0,1758,49,19.59,10.0,40.0
176,0,2105,49,19.59,10.0,40.0
176,0,2106,49,19.59,10.0,40.0
176,0,2107,49,19.59,10.0,40.0
176,0,2109,49,19.59,10.0,40.0
176,0,2110,49,19.59,10.0,40.0
176,0,2118,49,19.59,10.0,40.0
176,0,2303,49,19.59,10.0,40.0
176,0,248,49,19.59,10.0,40.0
176,0,249,49,19.59,10.0,40.0
176,0,250,49,19.59,10.0,40.0
176,0,251,49,19.59,10.0,40.0
176,0,252,49,19.59,10.0,40.0
176,0,253,49,19.59,10.0,40.0
176,0,254,49,19.59,10.0,40.0
176,0,255,49,19.59,10.0,40.0
176,0,256,49,19.59,10.0,40.0
176,0,258,49,19.59,10.0,40.0
176,0,319,49,19.59,10.0,40.0
176,0,3758,49,19.59,10.0,40.0
176,0,409,49,19.59,10.0,40.0
176,0,410,49,19.59,10.0,40.0
176,0,411,49,19.59,10.0,40.0
176,0,412,49,19.59,10.0,40.0
176,0,413,49,19.59,10.0,40.0
176,0,414,49,19.59,10.0,40.0
176,0,415,49,19.59,10.0,40.0
176,0,416,49,19.59,10.0,40.0
176,0,418,49,19.59,10.0,40.0
176,0,454,49,19.59,10.0,40.0
176,0,461,49,19.59,10.0,40.0
176,0,725,49,19.59,10.0,40.0
176,0,778,49,19.59,10.0,40.0
176,0,780,49,19.59,10.0,40.0
176,0,781,49,19.59,10.0,40.0
176,0,782,49,19.59,10.0,40.0
176,0,783,49,19.59,10.0,40.0
176,0,784,49,19.59,10.0,40.0
176,0,806,49,19.59,10.0,40.0
324,1,3556,51,19.61,10.0,60.0
324,1,3557,51,19.61,10.0,60.0
324,1,3558,51,19.61,10.0,60.0
324,1,3559,51,19.61,10.0,60.0
324,1,3582,51,19.61,10.0,60.0
324,1,3583,51,19.61,10.0,60.0
324,1,3592,51,19.61,10.0,60.0
324,1,3593,51,19.61,10.0,60.0
324,1,3594,51,19.61,10.0,60.0
324,1,3595,51,19.61,10.0,60.0
324,1,3596,51,19.61,10.0,60.0
324,1,3597,51,19.61,10.0,60.0
324,1,3598,51,19.61,10.0,60.0
324,1,419,51,19.61,10.0,60.0
324,1,426,51,19.61,10.0,60.0
324,1,427,51,19.61,10.0,60.0
324,1,428,51,19.61,10.0,60.0
324,1,429,51,19.61,10.0,60.0
324,1,430,51,19.61,10.0,60.0
324,1,431,51,19.61,10.0,60.0
324,1,432,51,19.61,10.0,60.0
324,1,4392,51,19.61,10.0,60.0
630,1,24,51,19.71,10.0,30.0
630,1,248,51,19.71,10.0,30.0
630,1,351,51,19.71,10.0,30.0
630,1,3849,51,19.71,10.0,30.0
630,1,40,51,19.71,10.0,30.0
630,1,41,51,19.71,10.0,30.0
630,1,42,51,19.71,10.0,30.0
630,1,43,51,19.71,10.0,30.0
630,1,44,51,19.71,10.0,30.0
630,1,45,51,19.71,10.0,30.0
630,1,46,51,19.71,10.0,30.0
630,1,47,51,19.71,10.0,30.0
630,1,48,51,19.71,10.0,30.0
630,1,50,51,19.71,10.0,30.0
630,1,504,51,19.71,10.0,30.0
630,1,505,51,19.71,10.0,30.0
630,1,506,51,19.71,10.0,30.0
630,1,507,51,19.71,10.0,30.0
630,1,508,51,19.71,10.0,30.0
630,1,51,51,19.71,10.0,30.0
630,1,52,51,19.71,10.0,30.0
630,1,521,51,19.71,10.0,30.0
630,1,5856,51,19.71,10.0,30.0
630,1,6289,51,19.71,10.0,30.0
630,1,6296,51,19.71,10.0,30.0
630,1,6299,51,19.71,10.0,30.0
630,1,6300,51,19.71,10.0,30.0
630,1,6332,51,19.71,10.0,30.0
630,1,6341,51,19.71,10.0,30.0
630,1,6342,51,19.71,10.0,30.0
630,1,6424,51,19.71,10.0,30.0
630,1,6430,51,19.71,10.0,30.0
630,1,6432,51,19.71,10.0,30.0
630,1,6451,51,19.71,10.0,30.0
630,1,6452,51,19.71,10.0,30.0
630,1,6453,51,19.71,10.0,30.0
630,1,6454,51,19.71,10.0,30.0
630,1,6455,51,19.71,10.0,30.0
630,1,6456,51,19.71,10.0,30.0
630,1,6458,51,19.71,10.0,30.0
630,1,6459,51,19.71,10.0,30.0
630,1,6460,51,19.71,10.0,30.0
630,1,6461,51,19.71,10.0,30.0
630,1,6462,51,19.71,10.0,30.0
630,1,695,51,19.71,10.0,30.0
630,1,7051,51,19.71,10.0,30.0
630,1,777,51,19.71,10.0,30.0
630,1,994,51,19.71,10.0,30.0
630,1,995,51,19.71,10.0,30.0
630,1,996,51,19.71,10.0,30.0
630,1,997,51,19.71,10.0,30.0
630,1,998,51,19.71,10.0,30.0
629,0,1021,50,20.0,5.0,80.0
629,0,1022,50,20.0,5.0,80.0
629,0,1023,50,20.0,5.0,80.0
629,0,1024,50,20.0,5.0,80.0
629,0,1025,50,20.0,5.0,80.0
629,0,22,50,20.0,5.0,80.0
629,0,23,50,20.0,5.0,80.0
629,0,24,50,20.0,5.0,80.0
629,0,248,50,20.0,5.0,80.0
629,0,25,50,20.0,5.0,80.0
629,0,26,50,20.0,5.0,80.0
629,0,27,50,20.0,5.0,80.0
629,0,28,50,20.0,5.0,80.0
629,0,29,50,20.0,5.0,80.0
629,0,30,50,20.0,5.0,80.0
629,0,31,50,20.0,5.0,80.0
629,0,32,50,20.0,5.0,80.0
629,0,33,50,20.0,5.0,80.0
629,0,34,50,20.0,5.0,80.0
629,0,35,50,20.0,5.0,80.0
629,0,351,50,20.0,5.0,80.0
629,0,3855,50,20.0,5.0,80.0
629,0,472,50,20.0,5.0,80.0
629,0,473,50,20.0,5.0,80.0
629,0,474,50,20.0,5.0,80.0
629,0,477,50,20.0,5.0,80.0
629,0,478,50,20.0,5.0,80.0
629,0,520,50,20.0,5.0,80.0
629,0,53,50,20.0,5.0,80.0
629,0,5833,50,20.0,5.0,80.0
629,0,5865,50,20.0,5.0,80.0
629,0,5866,50,20.0,5.0,80.0
629,0,6290,50,20.0,5.0,80.0
629,0,6313,50,20.0,5.0,80.0
629,0,6314,50,20.0,5.0,80.0
629,0,6324,50,20.0,5.0,80.0
629,0,6326,50,20.0,5.0,80.0
629,0,6327,50,20.0,5.0,80.0
629,0,6424,50,20.0,5.0,80.0
629,0,6427,50,20.0,5.0,80.0
629,0,6441,50,20.0,5.0,80.0
629,0,6442,50,20.0,5.0,80.0
629,0,6443,50,20.0,5.0,80.0
629,0,6444,50,20.0,5.0,80.0
629,0,6445,50,20.0,5.0,80.0
629,0,6446,50,20.0,5.0,80.0
629,0,6447,50,20.0,5.0,80.0
629,0,6448,50,20.0,5.0,80.0
629,0,6449,50,20.0,5.0,80.0
629,0,6450,50,20.0,5.0,80.0
629,0,6451,50,20.0,5.0,80.0
629,0,6467,50,20.0,5.0,80.0
629,0,695,50,20.0,5.0,80.0
629,0,777,50,20.0,5.0,80.0
629,0,993,50,20.0,5.0,80.0
371,0,3552,51,20.2,5.0,55.0
371,0,3553,51,20.2,5.0,55.0
371,0,3554,51,20.2,5.0,55.0
371,0,3555,51,20.2,5.0,55.0
371,0,3588,51,20.2,5.0,55.0
371,0,3590,51,20.2,5.0,55.0
371,0,3874,51,20.2,5.0,55.0
371,0,3876,51,20.2,5.0,55.0
371,0,3877,51,20.2,5.0,55.0
371,0,3878,51,20.2,5.0,55.0
371,0,3879,51,20.2,5.0,55.0
371,0,3880,51,20.2,5.0,55.0
371,0,3881,51,20.2,5.0,55.0
371,0,3882,51,20.2,5.0,55.0
371,0,3883,51,20.2,5.0,55.0
371,0,3884,51,20.2,5.0,55.0
371,0,3885,51,20.2,5.0,55.0
371,0,3886,51,20.2,5.0,55.0
371,0,3887,51,20.2,5.0,55.0
371,0,3888,51,20.2,5.0,55.0
371,0,3889,51,20.2,5.0,55.0
371,0,3890,51,20.2,5.0,55.0
371,0,3891,51,20.2,5.0,55.0
371,0,3892,51,20.2,5.0,55.0
371,0,3893,51,20.2,5.0,55.0
371,0,3894,51,20.2,5.0,55.0
371,0,3895,51,20.2,5.0,55.0
371,0,3896,51,20.2,5.0,55.0
371,0,3897,51,20.2,5.0,55.0
371,0,3898,51,20.2,5.0,55.0
371,0,3899,51,20.2,5.0,55.0
371,0,419,51,20.2,5.0,55.0
371,0,420,51,20.2,5.0,55.0
371,0,421,51,20.2,5.0,55.0
371,0,422,51,20.2,5.0,55.0
371,0,423,51,20.2,5.0,55.0
371,0,424,51,20.2,5.0,55.0
371,0,426,51,20.2,5.0,55.0
371,0,427,51,20.2,5.0,55.0
371,0,4351,51,20.2,5.0,55.0
371,0,4356,51,20.2,5.0,55.0
7,1,100,67,20.52,5.0,250.0
7,1,101,67,20.52,5.0,250.0
7,1,1188,67,20.52,5.0,250.0
7,1,1190,67,20.52,5.0,250.0
7,1,1197,67,20.52,5.0,250.0
7,1,15,67,20.52,5.0,250.0
7,1,19,67,20.52,5.0,250.0
7,1,20,67,20.52,5.0,250.0
7,1,24,67,20.52,5.0,250.0
7,1,39,67,20.52,5.0,250.0
7,1,40,67,20.52,5.0,250.0
7,1,41,67,20.52,5.0,250.0
7,1,42,67,20.52,5.0,250.0
7,1,43,67,20.52,5.0,250.0
7,1,44,67,20.52,5.0,250.0
7,1,45,67,20.52,5.0,250.0
7,1,46,67,20.52,5.0,250.0
7,1,47,67,20.52,5.0,250.0
7,1,48,67,20.52,5.0,250.0
7,1,50,67,20.52,5.0,250.0
7,1,51,67,20.52,5.0,250.0
7,1,52,67,20.52,5.0,250.0
7,1,53,67,20.52,5.0,250.0
7,1,54,67,20.52,5.0,250.0
7,1,55,67,20.52,5.0,250.0
7,1,57,67,20.52,5.0,250.0
7,1,58,67,20.52,5.0,250.0
7,1,59,67,20.52,5.0,250.0
7,1,6,67,20.52,5.0,250.0
7,1,60,67,20.52,5.0,250.0
7,1,61,67,20.52,5.0,250.0
7,1,62,67,20.52,5.0,250.0
7,1,6296,67,20.52,5.0,250.0
7,1,6696,67,20.52,5.0,250.0
7,1,6697,67,20.52,5.0,250.0
7,1,6698,67,20.52,5.0,250.0
7,1,6699,67,20.52,5.0,250.0
7,1,6700,67,20.52,5.0,250.0
7,1,6701,67,20.52,5.0,250.0
7,1,6702,67,20.52,5.0,250.0
7,1,7,67,20.52,5.0,250.0
7,1,7587,67,20.52,5.0,250.0
7,1,91,67,20.52,5.0,250.0
7,1,92,67,20.52,5.0,250.0
7,1,93,67,20.52,5.0,250.0
7,1,94,67,20.52,5.0,250.0
7,1,95,67,20.52,5.0,250.0
7,1,96,67,20.52,5.0,250.0
7,1,97,67,20.52,5.0,250.0
7,1,98,67,20.52,5.0,250.0
7,1,99,67,20.52,5.0,250.0
704,0,1024,48,20.52,5.0,105.0
704,0,1025,48,20.52,5.0,105.0
704,0,1040,48,20.52,5.0,105.0
704,0,1041,48,20.52,5.0,105.0
704,0,1043,48,20.52,5.0,105.0
704,0,1044,48,20.52,5.0,105.0
704,0,1045,48,20.52,5.0,105.0
704,0,105,48,20.52,5.0,105.0
704,0,106,48,20.52,5.0,105.0
704,0,107,48,20.52,5.0,105.0
704,0,1204,48,20.52,5.0,105.0
704,0,1637,48,20.52,5.0,105.0
704,0,1638,48,20.52,5.0,105.0
704,0,18,48,20.52,5.0,105.0
704,0,19,48,20.52,5.0,105.0
704,0,20,48,20.52,5.0,105.0
704,0,22,48,20.52,5.0,105.0
704,0,23,48,20.52,5.0,105.0
704,0,24,48,20.52,5.0,105.0
704,0,25,48,20.52,5.0,105.0
704,0,26,48,20.52,5.0,105.0
704,0,27,48,20.52,5.0,105.0
704,0,28,48,20.52,5.0,105.0
704,0,29,48,20.52,5.0,105.0
704,0,30,48,20.52,5.0,105.0
704,0,31,48,20.52,5.0,105.0
704,0,32,48,20.52,5.0,105.0
704,0,33,48,20.52,5.0,105.0
704,0,34,48,20.52,5.0,105.0
704,0,3842,48,20.52,5.0,105.0
704,0,3844,48,20.52,5.0,105.0
704,0,53,48,20.52,5.0,105.0
704,0,5844,48,20.52,5.0,105.0
704,0,5892,48,20.52,5.0,105.0
704,0,5894,48,20.52,5.0,105.0
704,0,5898,48,20.52,5.0,105.0
704,0,594,48,20.52,5.0,105.0
704,0,595,48,20.52,5.0,105.0
704,0,596,48,20.52,5.0,105.0
704,0,597,48,20.52,5.0,105.0
704,0,598,48,20.52,5.0,105.0
704,0,599,48,20.52,5.0,105.0
704,0,6530,48,20.52,5.0,105.0
704,0,6941,48,20.52,5.0,105.0
704,0,734,48,20.52,5.0,105.0
704,0,7736,48,20.52,5.0,105.0
704,0,7909,48,20.52,5.0,105.0
704,0,7910,48,20.52,5.0,105.0
704,0,7912,48,20.52,5.0,105.0
704,0,7915,48,20.52,5.0,105.0
510,0,1253,46,20.54,10.0,45.0
510,0,1254,46,20.54,10.0,45.0
510,0,1255,46,20.54,10.0,45.0
510,0,129,46,20.54,10.0,45.0
510,0,130,46,20.54,10.0,45.0
510,0,131,46,20.54,10.0,45.0
510,0,132,46,20.54,10.0,45.0
510,0,133,46,20.54,10.0,45.0
510,0,134,46,20.54,10.0,45.0
510,0,135,46,20.54,10.0,45.0
510,0,136,46,20.54,10.0,45.0
510,0,137,46,20.54,10.0,45.0
510,0,138,46,20.54,10.0,45.0
510,0,139,46,20.54,10.0,45.0
510,0,140,46,20.54,10.0,45.0
510,0,3315,46,20.54,10.0,45.0
510,0,5361,46,20.54,10.0,45.0
510,0,5362,46,20.54,10.0,45.0
510,0,5363,46,20.54,10.0,45.0
510,0,5364,46,20.54,10.0,45.0
510,0,5365,46,20.54,10.0,45.0
510,0,5366,46,20.54,10.0,45.0
510,0,5367,46,20.54,10.0,45.0
510,0,5368,46,20.54,10.0,45.0
510,0,5369,46,20.54,10.0,45.0
473,1,103,49,20.82,5.0,45.0
473,1,105,49,20.82,5.0,45.0
473,1,107,49,20.82,5.0,45.0
473,1,1204,49,20.82,5.0,45.0
473,1,319,49,20.82,5.0,45.0
473,1,321,49,20.82,5.0,45.0
473,1,39,49,20.82,5.0,45.0
473,1,40,49,20.82,5.0,45.0
473,1,41,49,20.82,5.0,45.0
473,1,42,49,20.82,5.0,45.0
473,1,43,49,20.82,5.0,45.0
473,1,44,49,20.82,5.0,45.0
473,1,45,49,20.82,5.0,45.0
473,1,461,49,20.82,5.0,45.0
473,1,4762,49,20.82,5.0,45.0
473,1,492,49,20.82,5.0,45.0
473,1,493,49,20.82,5.0,45.0
473,1,494,49,20.82,5.0,45.0
473,1,495,49,20.82,5.0,45.0
473,1,496,49,20.82,5.0,45.0
473,1,497,49,20.82,5.0,45.0
473,1,498,49,20.82,5.0,45.0
473,1,5034,49,20.82,5.0,45.0
473,1,5035,49,20.82,5.0,45.0
473,1,5036,49,20.82,5.0,45.0
473,1,5037,49,20.82,5.0,45.0
473,1,5038,49,20.82,5.0,45.0
473,1,5039,49,20.82,5.0,45.0
473,1,5040,49,20.82,5.0,45.0
473,1,5041,49,20.82,5.0,45.0
473,1,5042,49,20.82,5.0,45.0
473,1,558,49,20.82,5.0,45.0
473,1,559,49,20.82,5.0,45.0
473,1,560,49,20.82,5.0,45.0
473,1,561,49,20.82,5.0,45.0
473,1,562,49,20.82,5.0,45.0
473,1,563,49,20.82,5.0,45.0
473,1,564,49,20.82,5.0,45.0
473,1,565,49,20.82,5.0,45.0
473,1,566,49,20.82,5.0,45.0
473,1,567,49,20.82,5.0,45.0
149,1,106,60,20.92,10.0,225.0
149,1,1242,60,20.92,10.0,225.0
149,1,1243,60,20.92,10.0,225.0
149,1,1244,60,20.92,10.0,225.0
149,1,1245,60,20.92,10.0,225.0
149,1,1246,60,20.92,10.0,225.0
149,1,1247,60,20.92,10.0,225.0
149,1,1248,60,20.92,10.0,225.0
149,1,1249,60,20.92,10.0,225.0
149,1,1786,60,20.92,10.0,225.0
149,1,1787,60,20.92,10.0,225.0
149,1,1814,60,20.92,10.0,225.0
149,1,1815,60,20.92,10.0,225.0
149,1,1818,60,20.92,10.0,225.0
149,1,1819,60,20.92,10.0,225.0
149,1,1820,60,20.92,10.0,225.0
149,1,1821,60,20.92,10.0,225.0
149,1,1822,60,20.92,10.0,225.0
149,1,1823,60,20.92,10.0,225.0
149,1,1824,60,20.92,10.0,225.0
149,1,1825,60,20.92,10.0,225.0
149,1,1826,60,20.92,10.0,225.0
149,1,1827,60,20.92,10.0,225.0
149,1,1828,60,20.92,10.0,225.0
149,1,1830,60,20.92,10.0,225.0
149,1,1831,60,20.92,10.0,225.0
149,1,795,60,20.92,10.0,225.0
149,1,9296,60,20.92,10.0,225.0
472,0,102,46,20.98,5.0,80.0
472,0,105,46,20.98,5.0,80.0
472,0,107,46,20.98,5.0,80.0
472,0,2230,46,20.98,5.0,80.0
472,0,274,46,20.98,5.0,80.0
472,0,31,46,20.98,5.0,80.0
472,0,32,46,20.98,5.0,80.0
472,0,3212,46,20.98,5.0,80.0
472,0,33,46,20.98,5.0,80.0
472,0,34,46,20.98,5.0,80.0
472,0,3857,46,20.98,5.0,80.0
472,0,40,46,20.98,5.0,80.0
472,0,4762,46,20.98,5.0,80.0
472,0,484,46,20.98,5.0,80.0
472,0,485,46,20.98,5.0,80.0
472,0,486,46,20.98,5.0,80.0
472,0,487,46,20.98,5.0,80.0
472,0,488,46,20.98,5.0,80.0
472,0,489,46,20.98,5.0,80.0
472,0,5024,46,20.98,5.0,80.0
472,0,5025,46,20.98,5.0,80.0
472,0,5026,46,20.98,5.0,80.0
472,0,5027,46,20.98,5.0,80.0
472,0,5028,46,20.98,5.0,80.0
472,0,5029,46,20.98,5.0,80.0
472,0,5030,46,20.98,5.0,80.0
472,0,5031,46,20.98,5.0,80.0
472,0,5032,46,20.98,5.0,80.0
472,0,546,46,20.98,5.0,80.0
472,0,547,46,20.98,5.0,80.0
472,0,548,46,20.98,5.0,80.0
472,0,549,46,20.98,5.0,80.0
472,0,550,46,20.98,5.0,80.0
472,0,551,46,20.98,5.0,80.0
472,0,552,46,20.98,5.0,80.0
472,0,553,46,20.98,5.0,80.0
472,0,554,46,20.98,5.0,80.0
472,0,555,46,20.98,5.0,80.0
511,1,1254,48,21.04,5.0,65.0
511,1,1263,48,21.04,5.0,65.0
511,1,1265,48,21.04,5.0,65.0
511,1,130,48,21.04,5.0,65.0
511,1,131,48,21.04,5.0,65.0
511,1,133,48,21.04,5.0,65.0
511,1,134,48,21.04,5.0,65.0
511,1,135,48,21.04,5.0,65.0
511,1,136,48,21.04,5.0,65.0
511,1,137,48,21.04,5.0,65.0
511,1,138,48,21.04,5.0,65.0
511,1,139,48,21.04,5.0,65.0
511,1,141,48,21.04,5.0,65.0
511,1,142,48,21.04,5.0,65.0
511,1,172,48,21.04,5.0,65.0
511,1,3315,48,21.04,5.0,65.0
511,1,5361,48,21.04,5.0,65.0
511,1,5370,48,21.04,5.0,65.0
511,1,5371,48,21.04,5.0,65.0
511,1,5372,48,21.04,5.0,65.0
511,1,5373,48,21.04,5.0,65.0
511,1,5374,48,21.04,5.0,65.0
511,1,5375,48,21.04,5.0,65.0
511,1,5376,48,21.04,5.0,65.0
511,1,5377,48,21.04,5.0,65.0
372,1,3556,52,21.25,5.0,90.0
372,1,3557,52,21.25,5.0,90.0
372,1,3558,52,21.25,5.0,90.0
372,1,3559,52,21.25,5.0,90.0
372,1,3593,52,21.25,5.0,90.0
372,1,3889,52,21.25,5.0,90.0
372,1,3890,52,21.25,5.0,90.0
372,1,3900,52,21.25,5.0,90.0
372,1,3901,52,21.25,5.0,90.0
372,1,3902,52,21.25,5.0,90.0
372,1,3903,52,21.25,5.0,90.0
372,1,3904,52,21.25,5.0,90.0
372,1,3907,52,21.25,5.0,90.0
372,1,3908,52,21.25,5.0,90.0
372,1,3909,52,21.25,5.0,90.0
372,1,3910,52,21.25,5.0,90.0
372,1,3911,52,21.25,5.0,90.0
372,1,3912,52,21.25,5.0,90.0
372,1,3915,52,21.25,5.0,90.0
372,1,3916,52,21.25,5.0,90.0
372,1,3917,52,21.25,5.0,90.0
372,1,3919,52,21.25,5.0,90.0
372,1,3920,52,21.25,5.0,90.0
372,1,3921,52,21.25,5.0,90.0
372,1,3922,52,21.25,5.0,90.0
372,1,3923,52,21.25,5.0,90.0
372,1,419,52,21.25,5.0,90.0
372,1,426,52,21.25,5.0,90.0
372,1,427,52,21.25,5.0,90.0
372,1,428,52,21.25,5.0,90.0
372,1,429,52,21.25,5.0,90.0
372,1,430,52,21.25,5.0,90.0
372,1,431,52,21.25,5.0,90.0
372,1,432,52,21.25,5.0,90.0
372,1,4352,52,21.25,5.0,90.0
372,1,4392,52,21.25,5.0,90.0
372,1,4399,52,21.25,5.0,90.0
372,1,4400,52,21.25,5.0,90.0
372,1,4409,52,21.25,5.0,90.0
372,1,4410,52,21.25,5.0,90.0
372,1,4414,52,21.25,5.0,90.0
897,1,106880,48,21.25,5.0,50.0
897,1,1959,48,21.25,5.0,50.0
897,1,1960,48,21.25,5.0,50.0
897,1,1961,48,21.25,5.0,50.0
897,1,1962,48,21.25,5.0,50.0
897,1,2008,48,21.25,5.0,50.0
897,1,2009,48,21.25,5.0,50.0
897,1,2023,48,21.25,5.0,50.0
897,1,2024,48,21.25,5.0,50.0
897,1,289,48,21.25,5.0,50.0
897,1,4504,48,21.25,5.0,50.0
897,1,4505,48,21.25,5.0,50.0
897,1,7775,48,21.25,5.0,50.0
897,1,7778,48,21.25,5.0,50.0
897,1,7779,48,21.25,5.0,50.0
897,1,8042,48,21.25,5.0,50.0
897,1,8046,48,21.25,5.0,50.0
897,1,8047,48,21.25,5.0,50.0
604,1,3846,43,21.28,5.0,55.0
604,1,3847,43,21.28,5.0,55.0
604,1,3848,43,21.28,5.0,55.0
604,1,589,43,21.28,5.0,55.0
604,1,594,43,21.28,5.0,55.0
604,1,5996,43,21.28,5.0,55.0
604,1,5997,43,21.28,5.0,55.0
604,1,5999,43,21.28,5.0,55.0
604,1,6,43,21.28,5.0,55.0
604,1,600,43,21.28,5.0,55.0
604,1,6000,43,21.28,5.0,55.0
604,1,6001,43,21.28,5.0,55.0
604,1,6002,43,21.28,5.0,55.0
604,1,6003,43,21.28,5.0,55.0
604,1,6004,43,21.28,5.0,55.0
604,1,6005,43,21.28,5.0,55.0
604,1,6006,43,21.28,5.0,55.0
604,1,601,43,21.28,5.0,55.0
604,1,603,43,21.28,5.0,55.0
604,1,604,43,21.28,5.0,55.0
604,1,605,43,21.28,5.0,55.0
604,1,606,43,21.28,5.0,55.0
604,1,607,43,21.28,5.0,55.0
604,1,608,43,21.28,5.0,55.0
604,1,6177,43,21.28,5.0,55.0
604,1,6178,43,21.28,5.0,55.0
604,1,6179,43,21.28,5.0,55.0
604,1,6180,43,21.28,5.0,55.0
604,1,6181,43,21.28,5.0,55.0
604,1,6188,43,21.28,5.0,55.0
604,1,6189,43,21.28,5.0,55.0
604,1,6190,43,21.28,5.0,55.0
604,1,6191,43,21.28,5.0,55.0
604,1,6192,43,21.28,5.0,55.0
604,1,62,43,21.28,5.0,55.0
604,1,7,43,21.28,5.0,55.0
604,1,7701,43,21.28,5.0,55.0
604,1,7704,43,21.28,5.0,55.0
604,1,7735,43,21.28,5.0,55.0
604,1,7920,43,21.28,5.0,55.0
604,1,8,43,21.28,5.0,55.0
604,1,993,43,21.28,5.0,55.0
604,1,994,43,21.28,5.0,55.0
604,1,995,43,21.28,5.0,55.0
223,0,1277,45,21.44,10.0,45.0
223,0,174,45,21.44,10.0,45.0
223,0,175,45,21.44,10.0,45.0
223,0,176,45,21.44,10.0,45.0
223,0,177,45,21.44,10.0,45.0
223,0,178,45,21.44,10.0,45.0
223,0,179,45,21.44,10.0,45.0
223,0,180,45,21.44,10.0,45.0
223,0,183,45,21.44,10.0,45.0
223,0,186,45,21.44,10.0,45.0
223,0,187,45,21.44,10.0,45.0
223,0,188,45,21.44,10.0,45.0
223,0,189,45,21.44,10.0,45.0
223,0,190,45,21.44,10.0,45.0
223,0,191,45,21.44,10.0,45.0
223,0,192,45,21.44,10.0,45.0
223,0,194,45,21.44,10.0,45.0
223,0,238,45,21.44,10.0,45.0
223,0,2517,45,21.44,10.0,45.0
223,0,2518,45,21.44,10.0,45.0
223,0,2519,45,21.44,10.0,45.0
223,0,3295,45,21.44,10.0,45.0
223,0,3304,45,21.44,10.0,45.0
223,0,3312,45,21.44,10.0,45.0
223,0,376,45,21.44,10.0,45.0
223,0,377,45,21.44,10.0,45.0
223,0,378,45,21.44,10.0,45.0
223,0,380,45,21.44,10.0,45.0
223,0,403,45,21.44,10.0,45.0
223,0,406,45,21.44,10.0,45.0
223,0,409,45,21.44,10.0,45.0
223,0,410,45,21.44,10.0,45.0
223,0,411,45,21.44,10.0,45.0
223,0,412,45,21.44,10.0,45.0
223,0,413,45,21.44,10.0,45.0
223,0,414,45,21.44,10.0,45.0
223,0,415,45,21.44,10.0,45.0
223,0,416,45,21.44,10.0,45.0
223,0,418,45,21.44,10.0,45.0
223,0,419,45,21.44,10.0,45.0
223,0,420,45,21.44,10.0,45.0
223,0,421,45,21.44,10.0,45.0
223,0,422,45,21.44,10.0,45.0
223,0,423,45,21.44,10.0,45.0
223,0,424,45,21.44,10.0,45.0
223,0,426,45,21.44,10.0,45.0
223,0,427,45,21.44,10.0,45.0
223,0,441,45,21.44,10.0,45.0
223,0,443,45,21.44,10.0,45.0
223,0,444,45,21.44,10.0,45.0
223,0,454,45,21.44,10.0,45.0
223,0,5564,45,21.44,10.0,45.0
223,0,619,45,21.44,10.0,45.0
223,0,621,45,21.44,10.0,45.0
223,0,622,45,21.44,10.0,45.0
223,0,623,45,21.44,10.0,45.0
317,0,3498,11,21.45,1.0,64.0
440,0,106826,41,21.46,20.0,50.0
440,0,1079,41,21.46,20.0,50.0
440,0,1255,41,21.46,20.0,50.0
440,0,140,41,21.46,20.0,50.0
440,0,1863,41,21.46,20.0,50.0
440,0,1944,41,21.46,20.0,50.0
440,0,4425,41,21.46,20.0,50.0
440,0,4426,41,21.46,20.0,50.0
440,0,4427,41,21.46,20.0,50.0
440,0,4428,41,21.46,20.0,50.0
440,0,4713,41,21.46,20.0,50.0
440,0,4714,41,21.46,20.0,50.0
440,0,4715,41,21.46,20.0,50.0
440,0,4716,41,21.46,20.0,50.0
440,0,4717,41,21.46,20.0,50.0
440,0,4718,41,21.46,20.0,50.0
440,0,4719,41,21.46,20.0,50.0
440,0,4720,41,21.46,20.0,50.0
440,0,4721,41,21.46,20.0,50.0
440,0,4722,41,21.46,20.0,50.0
440,0,4723,41,21.46,20.0,50.0
440,0,4724,41,21.46,20.0,50.0
440,0,4725,41,21.46,20.0,50.0
440,0,4727,41,21.46,20.0,50.0
440,0,4728,41,21.46,20.0,50.0
440,0,4729,41,21.46,20.0,50.0
440,0,4730,41,21.46,20.0,50.0
440,0,4732,41,21.46,20.0,50.0
440,0,4733,41,21.46,20.0,50.0
440,0,4734,41,21.46,20.0,50.0
440,0,4735,41,21.46,20.0,50.0
440,0,4736,41,21.46,20.0,50.0
440,0,4737,41,21.46,20.0,50.0
440,0,4738,41,21.46,20.0,50.0
440,0,4739,41,21.46,20.0,50.0
440,0,4740,41,21.46,20.0,50.0
440,0,4741,41,21.46,20.0,50.0
440,0,4742,41,21.46,20.0,50.0
440,0,4743,41,21.46,20.0,50.0
440,0,4744,41,21.46,20.0,50.0
440,0,4745,41,21.46,20.0,50.0
440,0,4746,41,21.46,20.0,50.0
440,0,4748,41,21.46,20.0,50.0
440,0,4749,41,21.46,20.0,50.0
440,0,4750,41,21.46,20.0,50.0
440,0,4753,41,21.46,20.0,50.0
440,0,4754,41,21.46,20.0,50.0
440,0,4756,41,21.46,20.0,50.0
440,0,4758,41,21.46,20.0,50.0
440,0,4759,41,21.46,20.0,50.0
440,0,4760,41,21.46,20.0,50.0
440,0,4761,41,21.46,20.0,50.0
440,0,4811,41,21.46,20.0,50.0
440,0,4812,41,21.46,20.0,50.0
440,0,4813,41,21.46,20.0,50.0
440,0,4815,41,21.46,20.0,50.0
440,0,4816,41,21.46,20.0,50.0
440,0,4817,41,21.46,20.0,50.0
440,0,4818,41,21.46,20.0,50.0
440,0,4819,41,21.46,20.0,50.0
440,0,4820,41,21.46,20.0,50.0
440,0,4821,41,21.46,20.0,50.0
440,0,4822,41,21.46,20.0,50.0
440,0,4823,41,21.46,20.0,50.0
440,0,4824,41,21.46,20.0,50.0
440,0,4825,41,21.46,20.0,50.0
440,0,4827,41,21.46,20.0,50.0
440,0,4828,41,21.46,20.0,50.0
440,0,4829,41,21.46,20.0,50.0
440,0,4830,41,21.46,20.0,50.0
440,0,4831,41,21.46,20.0,50.0
440,0,590,41,21.46,20.0,50.0
440,0,6603,41,21.46,20.0,50.0
440,0,6605,41,21.46,20.0,50.0
440,0,6682,41,21.46,20.0,50.0
440,0,7262,41,21.46,20.0,50.0
440,0,7647,41,21.46,20.0,50.0
440,0,7652,41,21.46,20.0,50.0
440,0,7782,41,21.46,20.0,50.0
440,0,7784,41,21.46,20.0,50.0
440,0,7933,41,21.46,20.0,50.0
440,0,7936,41,21.46,20.0,50.0
440,0,7937,41,21.46,20.0,50.0
440,0,80,41,21.46,20.0,50.0
440,0,81,41,21.46,20.0,50.0
440,0,82,41,21.46,20.0,50.0
440,0,9279,41,21.46,20.0,50.0
445,1,1085,41,21.46,20.0,50.0
445,1,1263,41,21.46,20.0,50.0
445,1,141,41,21.46,20.0,50.0
445,1,1891,41,21.46,20.0,50.0
445,1,1950,41,21.46,20.0,50.0
445,1,1952,41,21.46,20.0,50.0
445,1,1953,41,21.46,20.0,50.0
445,1,4429,41,21.46,20.0,50.0
445,1,4430,41,21.46,20.0,50.0
445,1,4431,41,21.46,20.0,50.0
445,1,4432,41,21.46,20.0,50.0
445,1,4728,41,21.46,20.0,50.0
445,1,4763,41,21.46,20.0,50.0
445,1,4764,41,21.46,20.0,50.0
445,1,4765,41,21.46,20.0,50.0
445,1,4771,41,21.46,20.0,50.0
445,1,4774,41,21.46,20.0,50.0
445,1,4775,41,21.46,20.0,50.0
445,1,4776,41,21.46,20.0,50.0
445,1,4777,41,21.46,20.0,50.0
445,1,4778,41,21.46,20.0,50.0
445,1,4779,41,21.46,20.0,50.0
445,1,4780,41,21.46,20.0,50.0
445,1,4781,41,21.46,20.0,50.0
445,1,4782,41,21.46,20.0,50.0
445,1,4783,41,21.46,20.0,50.0
445,1,4784,41,21.46,20.0,50.0
445,1,4785,41,21.46,20.0,50.0
445,1,4786,41,21.46,20.0,50.0
445,1,4787,41,21.46,20.0,50.0
445,1,4788,41,21.46,20.0,50.0
445,1,4789,41,21.46,20.0,50.0
445,1,4790,41,21.46,20.0,50.0
445,1,4791,41,21.46,20.0,50.0
445,1,4792,41,21.46,20.0,50.0
445,1,4794,41,21.46,20.0,50.0
445,1,4795,41,21.46,20.0,50.0
445,1,4796,41,21.46,20.0,50.0
445,1,4798,41,21.46,20.0,50.0
445,1,4799,41,21.46,20.0,50.0
445,1,4800,41,21.46,20.0,50.0
445,1,4801,41,21.46,20.0,50.0
445,1,4802,41,21.46,20.0,50.0
445,1,4803,41,21.46,20.0,50.0
445,1,4804,41,21.46,20.0,50.0
445,1,4805,41,21.46,20.0,50.0
445,1,4806,41,21.46,20.0,50.0
445,1,4807,41,21.46,20.0,50.0
445,1,4808,41,21.46,20.0,50.0
445,1,4809,41,21.46,20.0,50.0
445,1,4810,41,21.46,20.0,50.0
445,1,4832,41,21.46,20.0,50.0
445,1,4833,41,21.46,20.0,50.0
445,1,4834,41,21.46,20.0,50.0
445,1,4836,41,21.46,20.0,50.0
445,1,4839,41,21.46,20.0,50.0
445,1,4840,41,21.46,20.0,50.0
445,1,4842,41,21.46,20.0,50.0
445,1,4843,41,21.46,20.0,50.0
445,1,4845,41,21.46,20.0,50.0
445,1,4846,41,21.46,20.0,50.0
445,1,4847,41,21.46,20.0,50.0
445,1,4848,41,21.46,20.0,50.0
445,1,4849,41,21.46,20.0,50.0
445,1,4851,41,21.46,20.0,50.0
445,1,4852,41,21.46,20.0,50.0
445,1,603,41,21.46,20.0,50.0
445,1,6605,41,21.46,20.0,50.0
445,1,6646,41,21.46,20.0,50.0
445,1,6687,41,21.46,20.0,50.0
445,1,6728,41,21.46,20.0,50.0
445,1,6729,41,21.46,20.0,50.0
445,1,7667,41,21.46,20.0,50.0
445,1,7668,41,21.46,20.0,50.0
445,1,7669,41,21.46,20.0,50.0
445,1,7671,41,21.46,20.0,50.0
445,1,7786,41,21.46,20.0,50.0
445,1,7787,41,21.46,20.0,50.0
445,1,7789,41,21.46,20.0,50.0
445,1,7792,41,21.46,20.0,50.0
445,1,7886,41,21.46,20.0,50.0
445,1,7892,41,21.46,20.0,50.0
445,1,7938,41,21.46,20.0,50.0
445,1,8349,41,21.46,20.0,50.0
445,1,88,41,21.46,20.0,50.0
445,1,89,41,21.46,20.0,50.0
445,1,90,41,21.46,20.0,50.0
445,1,9280,41,21.46,20.0,50.0
896,0,1963,47,21.7,20.0,50.0
896,0,2008,47,21.7,20.0,50.0
896,0,2009,47,21.7,20.0,50.0
896,0,2010,47,21.7,20.0,50.0
896,0,2011,47,21.7,20.0,50.0
896,0,208,47,21.7,20.0,50.0
896,0,217,47,21.7,20.0,50.0
896,0,3165,47,21.7,20.0,50.0
896,0,331,47,21.7,20.0,50.0
896,0,4479,47,21.7,20.0,50.0
896,0,4480,47,21.7,20.0,50.0
896,0,7775,47,21.7,20.0,50.0
896,0,7776,47,21.7,20.0,50.0
896,0,7777,47,21.7,20.0,50.0
896,0,8042,47,21.7,20.0,50.0
896,0,8044,47,21.7,20.0,50.0
896,0,8045,47,21.7,20.0,50.0
898,0,1963,47,21.7,20.0,50.0
898,0,2011,47,21.7,20.0,50.0
898,0,208,47,21.7,20.0,50.0
898,0,217,47,21.7,20.0,50.0
898,0,3165,47,21.7,20.0,50.0
898,0,331,47,21.7,20.0,50.0
898,0,4479,47,21.7,20.0,50.0
898,0,4480,47,21.7,20.0,50.0
898,0,7775,47,21.7,20.0,50.0
898,0,7776,47,21.7,20.0,50.0
898,0,7777,47,21.7,20.0,50.0
898,0,8042,47,21.7,20.0,50.0
898,0,8044,47,21.7,20.0,50.0
898,0,8045,47,21.7,20.0,50.0
898,0,8048,47,21.7,20.0,50.0
898,0,8049,47,21.7,20.0,50.0
898,0,8050,47,21.7,20.0,50.0
898,0,8051,47,21.7,20.0,50.0
899,1,106880,47,21.7,20.0,50.0
899,1,1959,47,21.7,20.0,50.0
899,1,1960,47,21.7,20.0,50.0
899,1,1961,47,21.7,20.0,50.0
899,1,1962,47,21.7,20.0,50.0
899,1,2023,47,21.7,20.0,50.0
899,1,289,47,21.7,20.0,50.0
899,1,4504,47,21.7,20.0,50.0
899,1,4505,47,21.7,20.0,50.0
899,1,7775,47,21.7,20.0,50.0
899,1,7778,47,21.7,20.0,50.0
899,1,7779,47,21.7,20.0,50.0
899,1,8042,47,21.7,20.0,50.0
899,1,8046,47,21.7,20.0,50.0
899,1,8047,47,21.7,20.0,50.0
899,1,8049,47,21.7,20.0,50.0
899,1,8052,47,21.7,20.0,50.0
899,1,8053,47,21.7,20.0,50.0
899,1,8054,47,21.7,20.0,50.0
297,0,1260,42,21.9,10.0,45.0
297,0,1277,42,21.9,10.0,45.0
297,0,145,42,21.9,10.0,45.0
297,0,186,42,21.9,10.0,45.0
297,0,187,42,21.9,10.0,45.0
297,0,188,42,21.9,10.0,45.0
297,0,189,42,21.9,10.0,45.0
297,0,190,42,21.9,10.0,45.0
297,0,191,42,21.9,10.0,45.0
297,0,192,42,21.9,10.0,45.0
297,0,194,42,21.9,10.0,45.0
297,0,213,42,21.9,10.0,45.0
297,0,238,42,21.9,10.0,45.0
297,0,2517,42,21.9,10.0,45.0
297,0,2518,42,21.9,10.0,45.0
297,0,3287,42,21.9,10.0,45.0
297,0,3288,42,21.9,10.0,45.0
297,0,3289,42,21.9,10.0,45.0
297,0,3295,42,21.9,10.0,45.0
297,0,3304,42,21.9,10.0,45.0
297,0,3347,42,21.9,10.0,45.0
297,0,3348,42,21.9,10.0,45.0
297,0,3349,42,21.9,10.0,45.0
297,0,3350,42,21.9,10.0,45.0
297,0,3351,42,21.9,10.0,45.0
297,0,3354,42,21.9,10.0,45.0
297,0,34,42,21.9,10.0,45.0
297,0,343,42,21.9,10.0,45.0
297,0,344,42,21.9,10.0,45.0
297,0,376,42,21.9,10.0,45.0
297,0,377,42,21.9,10.0,45.0
297,0,378,42,21.9,10.0,45.0
297,0,379,42,21.9,10.0,45.0
297,0,380,42,21.9,10.0,45.0
297,0,381,42,21.9,10.0,45.0
297,0,382,42,21.9,10.0,45.0
297,0,385,42,21.9,10.0,45.0
297,0,5033,42,21.9,10.0,45.0
297,0,621,42,21.9,10.0,45.0
297,0,622,42,21.9,10.0,45.0
297,0,623,42,21.9,10.0,45.0
365,0,102,65,21.92,10.0,390.0
365,0,1024,65,21.92,10.0,390.0
365,0,1025,65,21.92,10.0,390.0
365,0,103,65,21.92,10.0,390.0
365,0,105,65,21.92,10.0,390.0
365,0,1204,65,21.92,10.0,390.0
365,0,1639,65,21.92,10.0,390.0
365,0,1640,65,21.92,10.0,390.0
365,0,1641,65,21.92,10.0,390.0
365,0,18,65,21.92,10.0,390.0
365,0,19,65,21.92,10.0,390.0
365,0,20,65,21.92,10.0,390.0
365,0,22,65,21.92,10.0,390.0
365,0,23,65,21.92,10.0,390.0
365,0,24,65,21.92,10.0,390.0
365,0,25,65,21.92,10.0,390.0
365,0,26,65,21.92,10.0,390.0
365,0,27,65,21.92,10.0,390.0
365,0,28,65,21.92,10.0,390.0
365,0,29,65,21.92,10.0,390.0
365,0,30,65,21.92,10.0,390.0
365,0,31,65,21.92,10.0,390.0
365,0,32,65,21.92,10.0,390.0
365,0,320,65,21.92,10.0,390.0
365,0,321,65,21.92,10.0,390.0
365,0,33,65,21.92,10.0,390.0
365,0,34,65,21.92,10.0,390.0
365,0,35,65,21.92,10.0,390.0
365,0,3842,65,21.92,10.0,390.0
365,0,3844,65,21.92,10.0,390.0
365,0,3855,65,21.92,10.0,390.0
365,0,409,65,21.92,10.0,390.0
365,0,410,65,21.92,10.0,390.0
365,0,411,65,21.92,10.0,390.0
365,0,412,65,21.92,10.0,390.0
365,0,413,65,21.92,10.0,390.0
365,0,414,65,21.92,10.0,390.0
365,0,415,65,21.92,10.0,390.0
365,0,416,65,21.92,10.0,390.0
365,0,418,65,21.92,10.0,390.0
365,0,419,65,21.92,10.0,390.0
365,0,420,65,21.92,10.0,390.0
365,0,421,65,21.92,10.0,390.0
365,0,422,65,21.92,10.0,390.0
365,0,423,65,21.92,10.0,390.0
365,0,424,65,21.92,10.0,390.0
365,0,426,65,21.92,10.0,390.0
365,0,427,65,21.92,10.0,390.0
365,0,454,65,21.92,10.0,390.0
365,0,53,65,21.92,10.0,390.0
365,0,594,65,21.92,10.0,390.0
365,0,595,65,21.92,10.0,390.0
365,0,596,65,21.92,10.0,390.0
365,0,597,65,21.92,10.0,390.0
365,0,598,65,21.92,10.0,390.0
365,0,599,65,21.92,10.0,390.0
365,0,6467,65,21.92,10.0,390.0
365,0,7736,65,21.92,10.0,390.0
365,0,7915,65,21.92,10.0,390.0
365,0,993,65,21.92,10.0,390.0
603,0,1024,44,21.93,15.0,45.0
603,0,1025,44,21.93,15.0,45.0
603,0,3842,44,21.93,15.0,45.0
603,0,3844,44,21.93,15.0,45.0
603,0,586,44,21.93,15.0,45.0
603,0,587,44,21.93,15.0,45.0
603,0,588,44,21.93,15.0,45.0
603,0,590,44,21.93,15.0,45.0
603,0,591,44,21.93,15.0,45.0
603,0,592,44,21.93,15.0,45.0
603,0,593,44,21.93,15.0,45.0
603,0,5978,44,21.93,15.0,45.0
603,0,5979,44,21.93,15.0,45.0
603,0,5980,44,21.93,15.0,45.0
603,0,5981,44,21.93,15.0,45.0
603,0,5982,44,21.93,15.0,45.0
603,0,5983,44,21.93,15.0,45.0
603,0,5984,44,21.93,15.0,45.0
603,0,5985,44,21.93,15.0,45.0
603,0,5986,44,21.93,15.0,45.0
603,0,5987,44,21.93,15.0,45.0
603,0,5988,44,21.93,15.0,45.0
603,0,5989,44,21.93,15.0,45.0
603,0,5990,44,21.93,15.0,45.0
603,0,5991,44,21.93,15.0,45.0
603,0,5992,44,21.93,15.0,45.0
603,0,5993,44,21.93,15.0,45.0
603,0,5994,44,21.93,15.0,45.0
603,0,607,44,21.93,15.0,45.0
603,0,608,44,21.93,15.0,45.0
603,0,6172,44,21.93,15.0,45.0
603,0,6173,44,21.93,15.0,45.0
603,0,6174,44,21.93,15.0,45.0
603,0,6175,44,21.93,15.0,45.0
603,0,6176,44,21.93,15.0,45.0
603,0,6183,44,21.93,15.0,45.0
603,0,6184,44,21.93,15.0,45.0
603,0,6185,44,21.93,15.0,45.0
603,0,6186,44,21.93,15.0,45.0
603,0,6187,44,21.93,15.0,45.0
603,0,7736,44,21.93,15.0,45.0
603,0,7763,44,21.93,15.0,45.0
603,0,7915,44,21.93,15.0,45.0
603,0,993,44,21.93,15.0,45.0
214,1,106,47,22.02,10.0,65.0
214,1,107,47,22.02,10.0,65.0
214,1,1204,47,22.02,10.0,65.0
214,1,1318,47,22.02,10.0,65.0
214,1,1323,47,22.02,10.0,65.0
214,1,1324,47,22.02,10.0,65.0
214,1,1325,47,22.02,10.0,65.0
214,1,1326,47,22.02,10.0,65.0
214,1,1327,47,22.02,10.0,65.0
214,1,1328,47,22.02,10.0,65.0
214,1,1329,47,22.02,10.0,65.0
214,1,1330,47,22.02,10.0,65.0
214,1,1331,47,22.02,10.0,65.0
214,1,1332,47,22.02,10.0,65.0
214,1,1334,47,22.02,10.0,65.0
214,1,1335,47,22.02,10.0,65.0
214,1,1336,47,22.02,10.0,65.0
214,1,1337,47,22.02,10.0,65.0
214,1,1338,47,22.02,10.0,65.0
214,1,1339,47,22.02,10.0,65.0
214,1,1340,47,22.02,10.0,65.0
214,1,2178,47,22.02,10.0,65.0
214,1,2232,47,22.02,10.0,65.0
214,1,2235,47,22.02,10.0,65.0
214,1,2238,47,22.02,10.0,65.0
214,1,2239,47,22.02,10.0,65.0
214,1,2240,47,22.02,10.0,65.0
214,1,2241,47,22.02,10.0,65.0
214,1,2279,47,22.02,10.0,65.0
214,1,2280,47,22.02,10.0,65.0
214,1,2281,47,22.02,10.0,65.0
214,1,349,47,22.02,10.0,65.0
214,1,3857,47,22.02,10.0,65.0
214,1,39,47,22.02,10.0,65.0
607,0,106815,63,22.06,10.0,340.0
607,0,106816,63,22.06,10.0,340.0
607,0,1310,63,22.06,10.0,340.0
607,0,1311,63,22.06,10.0,340.0
607,0,1312,63,22.06,10.0,340.0
607,0,1313,63,22.06,10.0,340.0
607,0,1314,63,22.06,10.0,340.0
607,0,1315,63,22.06,10.0,340.0
607,0,1316,63,22.06,10.0,340.0
607,0,1317,63,22.06,10.0,340.0
607,0,1318,63,22.06,10.0,340.0
607,0,1322,63,22.06,10.0,340.0
607,0,1376,63,22.06,10.0,340.0
607,0,1747,63,22.06,10.0,340.0
607,0,2142,63,22.06,10.0,340.0
607,0,2143,63,22.06,10.0,340.0
607,0,2144,63,22.06,10.0,340.0
607,0,2145,63,22.06,10.0,340.0
607,0,2146,63,22.06,10.0,340.0
607,0,2147,63,22.06,10.0,340.0
607,0,2148,63,22.06,10.0,340.0
607,0,2149,63,22.06,10.0,340.0
607,0,2150,63,22.06,10.0,340.0
607,0,2151,63,22.06,10.0,340.0
607,0,2152,63,22.06,10.0,340.0
607,0,2153,63,22.06,10.0,340.0
607,0,2154,63,22.06,10.0,340.0
607,0,2155,63,22.06,10.0,340.0
607,0,319,63,22.06,10.0,340.0
607,0,320,63,22.06,10.0,340.0
607,0,705,63,22.06,10.0,340.0
607,0,706,63,22.06,10.0,340.0
607,0,707,63,22.06,10.0,340.0
607,0,708,63,22.06,10.0,340.0
607,0,709,63,22.06,10.0,340.0
607,0,710,63,22.06,10.0,340.0
607,0,711,63,22.06,10.0,340.0
607,0,712,63,22.06,10.0,340.0
607,0,713,63,22.06,10.0,340.0
607,0,714,63,22.06,10.0,340.0
607,0,715,63,22.06,10.0,340.0
607,0,716,63,22.06,10.0,340.0
607,0,717,63,22.06,10.0,340.0
358,1,106,44,22.16,5.0,50.0
358,1,107,44,22.16,5.0,50.0
358,1,1318,44,22.16,5.0,50.0
358,1,1323,44,22.16,5.0,50.0
358,1,1324,44,22.16,5.0,50.0
358,1,1325,44,22.16,5.0,50.0
358,1,1326,44,22.16,5.0,50.0
358,1,1327,44,22.16,5.0,50.0
358,1,1328,44,22.16,5.0,50.0
358,1,1329,44,22.16,5.0,50.0
358,1,1330,44,22.16,5.0,50.0
358,1,1331,44,22.16,5.0,50.0
358,1,1332,44,22.16,5.0,50.0
358,1,1702,44,22.16,5.0,50.0
358,1,2178,44,22.16,5.0,50.0
358,1,2179,44,22.16,5.0,50.0
358,1,2180,44,22.16,5.0,50.0
358,1,2181,44,22.16,5.0,50.0
358,1,2182,44,22.16,5.0,50.0
358,1,2183,44,22.16,5.0,50.0
358,1,2184,44,22.16,5.0,50.0
358,1,409,44,22.16,5.0,50.0
358,1,413,44,22.16,5.0,50.0
358,1,415,44,22.16,5.0,50.0
358,1,419,44,22.16,5.0,50.0
358,1,426,44,22.16,5.0,50.0
358,1,427,44,22.16,5.0,50.0
358,1,428,44,22.16,5.0,50.0
358,1,429,44,22.16,5.0,50.0
358,1,430,44,22.16,5.0,50.0
358,1,431,44,22.16,5.0,50.0
358,1,432,44,22.16,5.0,50.0
358,1,433,44,22.16,5.0,50.0
358,1,435,44,22.16,5.0,50.0
358,1,436,44,22.16,5.0,50.0
358,1,437,44,22.16,5.0,50.0
358,1,438,44,22.16,5.0,50.0
358,1,439,44,22.16,5.0,50.0
358,1,440,44,22.16,5.0,50.0
358,1,461,44,22.16,5.0,50.0
358,1,462,44,22.16,5.0,50.0
358,1,463,44,22.16,5.0,50.0
358,1,464,44,22.16,5.0,50.0
358,1,467,44,22.16,5.0,50.0
358,1,698,44,22.16,5.0,50.0
358,1,699,44,22.16,5.0,50.0
358,1,700,44,22.16,5.0,50.0
358,1,701,44,22.16,5.0,50.0
358,1,702,44,22.16,5.0,50.0
358,1,703,44,22.16,5.0,50.0
358,1,704,44,22.16,5.0,50.0
358,1,705,44,22.16,5.0,50.0
358,1,748,44,22.16,5.0,50.0
358,1,749,44,22.16,5.0,50.0
358,1,750,44,22.16,5.0,50.0
358,1,751,44,22.16,5.0,50.0
358,1,752,44,22.16,5.0,50.0
358,1,753,44,22.16,5.0,50.0
358,1,754,44,22.16,5.0,50.0
358,1,755,44,22.16,5.0,50.0
358,1,756,44,22.16,5.0,50.0
358,1,757,44,22.16,5.0,50.0
358,1,758,44,22.16,5.0,50.0
358,1,759,44,22.16,5.0,50.0
358,1,761,44,22.16,5.0,50.0
358,1,763,44,22.16,5.0,50.0
358,1,769,44,22.16,5.0,50.0
358,1,770,44,22.16,5.0,50.0
358,1,771,44,22.16,5.0,50.0
14,0,194,43,22.23,1.0,84.0
224,1,106812,43,22.33,5.0,80.0
224,1,1702,43,22.33,5.0,80.0
224,1,174,43,22.33,5.0,80.0
224,1,179,43,22.33,5.0,80.0
224,1,229,43,22.33,5.0,80.0
224,1,230,43,22.33,5.0,80.0
224,1,231,43,22.33,5.0,80.0
224,1,232,43,22.33,5.0,80.0
224,1,234,43,22.33,5.0,80.0
224,1,235,43,22.33,5.0,80.0
224,1,236,43,22.33,5.0,80.0
224,1,238,43,22.33,5.0,80.0
224,1,240,43,22.33,5.0,80.0
224,1,243,43,22.33,5.0,80.0
224,1,244,43,22.33,5.0,80.0
224,1,245,43,22.33,5.0,80.0
224,1,246,43,22.33,5.0,80.0
224,1,247,43,22.33,5.0,80.0
224,1,3317,43,22.33,5.0,80.0
224,1,377,43,22.33,5.0,80.0
224,1,392,43,22.33,5.0,80.0
224,1,393,43,22.33,5.0,80.0
224,1,395,43,22.33,5.0,80.0
224,1,396,43,22.33,5.0,80.0
224,1,408,43,22.33,5.0,80.0
224,1,413,43,22.33,5.0,80.0
224,1,415,43,22.33,5.0,80.0
224,1,419,43,22.33,5.0,80.0
224,1,426,43,22.33,5.0,80.0
224,1,427,43,22.33,5.0,80.0
224,1,428,43,22.33,5.0,80.0
224,1,429,43,22.33,5.0,80.0
224,1,430,43,22.33,5.0,80.0
224,1,431,43,22.33,5.0,80.0
224,1,432,43,22.33,5.0,80.0
224,1,433,43,22.33,5.0,80.0
224,1,435,43,22.33,5.0,80.0
224,1,436,43,22.33,5.0,80.0
224,1,437,43,22.33,5.0,80.0
224,1,438,43,22.33,5.0,80.0
224,1,439,43,22.33,5.0,80.0
224,1,440,43,22.33,5.0,80.0
224,1,441,43,22.33,5.0,80.0
224,1,442,43,22.33,5.0,80.0
224,1,443,43,22.33,5.0,80.0
224,1,444,43,22.33,5.0,80.0
224,1,5556,43,22.33,5.0,80.0
224,1,619,43,22.33,5.0,80.0
224,1,624,43,22.33,5.0,80.0
224,1,625,43,22.33,5.0,80.0
224,1,626,43,22.33,5.0,80.0
224,1,627,43,22.33,5.0,80.0
224,1,7939,43,22.33,5.0,80.0
224,1,8062,43,22.33,5.0,80.0
213,0,103,46,22.39,5.0,90.0
213,0,105,46,22.39,5.0,90.0
213,0,106815,46,22.39,5.0,90.0
213,0,106816,46,22.39,5.0,90.0
213,0,108,46,22.39,5.0,90.0
213,0,1204,46,22.39,5.0,90.0
213,0,1303,46,22.39,5.0,90.0
213,0,1305,46,22.39,5.0,90.0
213,0,1306,46,22.39,5.0,90.0
213,0,1307,46,22.39,5.0,90.0
213,0,1308,46,22.39,5.0,90.0
213,0,1309,46,22.39,5.0,90.0
213,0,1310,46,22.39,5.0,90.0
213,0,1311,46,22.39,5.0,90.0
213,0,1312,46,22.39,5.0,90.0
213,0,1313,46,22.39,5.0,90.0
213,0,1314,46,22.39,5.0,90.0
213,0,1315,46,22.39,5.0,90.0
213,0,1316,46,22.39,5.0,90.0
213,0,1317,46,22.39,5.0,90.0
213,0,1318,46,22.39,5.0,90.0
213,0,1321,46,22.39,5.0,90.0
213,0,1322,46,22.39,5.0,90.0
213,0,1339,46,22.39,5.0,90.0
213,0,2232,46,22.39,5.0,90.0
213,0,2235,46,22.39,5.0,90.0
213,0,2238,46,22.39,5.0,90.0
213,0,2239,46,22.39,5.0,90.0
213,0,2240,46,22.39,5.0,90.0
213,0,2241,46,22.39,5.0,90.0
213,0,2284,46,22.39,5.0,90.0
213,0,2285,46,22.39,5.0,90.0
213,0,2286,46,22.39,5.0,90.0
213,0,319,46,22.39,5.0,90.0
213,0,320,46,22.39,5.0,90.0
213,0,321,46,22.39,5.0,90.0
1130,0,5844,41,22.6,1.65,103.35
267,0,103,46,22.61,10.0,50.0
267,0,106816,46,22.61,10.0,50.0
267,0,1204,46,22.61,10.0,50.0
267,0,1208,46,22.61,10.0,50.0
267,0,1322,46,22.61,10.0,50.0
267,0,2361,46,22.61,10.0,50.0
267,0,2362,46,22.61,10.0,50.0
267,0,2533,46,22.61,10.0,50.0
267,0,2534,46,22.61,10.0,50.0
267,0,2535,46,22.61,10.0,50.0
267,0,2536,46,22.61,10.0,50.0
267,0,2537,46,22.61,10.0,50.0
267,0,2538,46,22.61,10.0,50.0
267,0,2539,46,22.61,10.0,50.0
267,0,2540,46,22.61,10.0,50.0
267,0,2549,46,22.61,10.0,50.0
267,0,2550,46,22.61,10.0,50.0
267,0,3055,46,22.61,10.0,50.0
267,0,3056,46,22.61,10.0,50.0
267,0,3057,46,22.61,10.0,50.0
267,0,3058,46,22.61,10.0,50.0
267,0,3079,46,22.61,10.0,50.0
267,0,3080,46,22.61,10.0,50.0
267,0,319,46,22.61,10.0,50.0
267,0,320,46,22.61,10.0,50.0
267,0,321,46,22.61,10.0,50.0
267,0,349,46,22.61,10.0,50.0
248,1,105,48,22.71,5.0,60.0
248,1,107,48,22.71,5.0,60.0
248,1,108,48,22.71,5.0,60.0
248,1,1323,48,22.71,5.0,60.0
248,1,1324,48,22.71,5.0,60.0
248,1,1325,48,22.71,5.0,60.0
248,1,1370,48,22.71,5.0,60.0
248,1,1375,48,22.71,5.0,60.0
248,1,1379,48,22.71,5.0,60.0
248,1,1380,48,22.71,5.0,60.0
248,1,1381,48,22.71,5.0,60.0
248,1,1382,48,22.71,5.0,60.0
248,1,1436,48,22.71,5.0,60.0
248,1,2230,48,22.71,5.0,60.0
248,1,2982,48,22.71,5.0,60.0
248,1,2983,48,22.71,5.0,60.0
248,1,2984,48,22.71,5.0,60.0
248,1,2985,48,22.71,5.0,60.0
248,1,2986,48,22.71,5.0,60.0
248,1,3212,48,22.71,5.0,60.0
248,1,3857,48,22.71,5.0,60.0
298,1,1261,34,22.79,5.0,50.0
298,1,1277,34,22.79,5.0,50.0
298,1,213,34,22.79,5.0,50.0
298,1,229,34,22.79,5.0,50.0
298,1,230,34,22.79,5.0,50.0
298,1,231,34,22.79,5.0,50.0
298,1,232,34,22.79,5.0,50.0
298,1,234,34,22.79,5.0,50.0
298,1,235,34,22.79,5.0,50.0
298,1,236,34,22.79,5.0,50.0
298,1,238,34,22.79,5.0,50.0
298,1,274,34,22.79,5.0,50.0
298,1,327,34,22.79,5.0,50.0
298,1,3289,34,22.79,5.0,50.0
298,1,3338,34,22.79,5.0,50.0
298,1,3347,34,22.79,5.0,50.0
298,1,3350,34,22.79,5.0,50.0
298,1,3354,34,22.79,5.0,50.0
298,1,3356,34,22.79,5.0,50.0
298,1,3357,34,22.79,5.0,50.0
298,1,3359,34,22.79,5.0,50.0
298,1,3360,34,22.79,5.0,50.0
298,1,377,34,22.79,5.0,50.0
298,1,385,34,22.79,5.0,50.0
298,1,387,34,22.79,5.0,50.0
298,1,388,34,22.79,5.0,50.0
298,1,391,34,22.79,5.0,50.0
298,1,393,34,22.79,5.0,50.0
298,1,394,34,22.79,5.0,50.0
298,1,395,34,22.79,5.0,50.0
298,1,396,34,22.79,5.0,50.0
298,1,624,34,22.79,5.0,50.0
298,1,625,34,22.79,5.0,50.0
298,1,626,34,22.79,5.0,50.0
298,1,627,34,22.79,5.0,50.0
298,1,788,34,22.79,5.0,50.0
298,1,789,34,22.79,5.0,50.0
298,1,7939,34,22.79,5.0,50.0
298,1,8062,34,22.79,5.0,50.0
318,1,3524,11,22.82,1.0,59.0
247,0,103,45,23.0,10.0,50.0
247,0,106815,45,23.0,10.0,50.0
247,0,106816,45,23.0,10.0,50.0
247,0,1204,45,23.0,10.0,50.0
247,0,1318,45,23.0,10.0,50.0
247,0,1321,45,23.0,10.0,50.0
247,0,1322,45,23.0,10.0,50.0
247,0,1371,45,23.0,10.0,50.0
247,0,1372,45,23.0,10.0,50.0
247,0,1373,45,23.0,10.0,50.0
247,0,1378,45,23.0,10.0,50.0
247,0,2892,45,23.0,10.0,50.0
247,0,2977,45,23.0,10.0,50.0
247,0,2978,45,23.0,10.0,50.0
247,0,2979,45,23.0,10.0,50.0
247,0,2980,45,23.0,10.0,50.0
247,0,2981,45,23.0,10.0,50.0
247,0,319,45,23.0,10.0,50.0
247,0,320,45,23.0,10.0,50.0
247,0,321,45,23.0,10.0,50.0
247,0,349,45,23.0,10.0,50.0
247,0,39,45,23.0,10.0,50.0
81,1,1031,46,23.04,5.0,55.0
81,1,1036,46,23.04,5.0,55.0
81,1,1037,46,23.04,5.0,55.0
81,1,1038,46,23.04,5.0,55.0
81,1,1050,46,23.04,5.0,55.0
81,1,1051,46,23.04,5.0,55.0
81,1,1052,46,23.04,5.0,55.0
81,1,1053,46,23.04,5.0,55.0
81,1,1056,46,23.04,5.0,55.0
81,1,1058,46,23.04,5.0,55.0
81,1,1737,46,23.04,5.0,55.0
81,1,1743,46,23.04,5.0,55.0
81,1,1744,46,23.04,5.0,55.0
81,1,1746,46,23.04,5.0,55.0
81,1,304,46,23.04,5.0,55.0
81,1,40,46,23.04,5.0,55.0
81,1,734,46,23.04,5.0,55.0
81,1,735,46,23.04,5.0,55.0
81,1,736,46,23.04,5.0,55.0
81,1,737,46,23.04,5.0,55.0
81,1,738,46,23.04,5.0,55.0
81,1,739,46,23.04,5.0,55.0
81,1,949,46,23.04,5.0,55.0
81,1,950,46,23.04,5.0,55.0
81,1,951,46,23.04,5.0,55.0
81,1,952,46,23.04,5.0,55.0
81,1,953,46,23.04,5.0,55.0
81,1,954,46,23.04,5.0,55.0
81,1,955,46,23.04,5.0,55.0
81,1,956,46,23.04,5.0,55.0
81,1,957,46,23.04,5.0,55.0
81,1,958,46,23.04,5.0,55.0
81,1,959,46,23.04,5.0,55.0
81,1,974,46,23.04,5.0,55.0
411,1,106564,42,23.1,5.0,50.0
411,1,1277,42,23.1,5.0,50.0
411,1,130,42,23.1,5.0,50.0
411,1,131,42,23.1,5.0,50.0
411,1,133,42,23.1,5.0,50.0
411,1,134,42,23.1,5.0,50.0
411,1,135,42,23.1,5.0,50.0
411,1,137,42,23.1,5.0,50.0
411,1,142,42,23.1,5.0,50.0
411,1,172,42,23.1,5.0,50.0
411,1,213,42,23.1,5.0,50.0
411,1,3354,42,23.1,5.0,50.0
411,1,343,42,23.1,5.0,50.0
411,1,344,42,23.1,5.0,50.0
411,1,381,42,23.1,5.0,50.0
411,1,382,42,23.1,5.0,50.0
411,1,385,42,23.1,5.0,50.0
411,1,4493,42,23.1,5.0,50.0
411,1,4494,42,23.1,5.0,50.0
411,1,4495,42,23.1,5.0,50.0
411,1,4496,42,23.1,5.0,50.0
411,1,4509,42,23.1,5.0,50.0
411,1,5033,42,23.1,5.0,50.0
411,1,5732,42,23.1,5.0,50.0
733,1,106828,37,23.11,5.0,205.0
733,1,1085,37,23.11,5.0,205.0
733,1,1743,37,23.11,5.0,205.0
733,1,1744,37,23.11,5.0,205.0
733,1,2210,37,23.11,5.0,205.0
733,1,3846,37,23.11,5.0,205.0
733,1,3847,37,23.11,5.0,205.0
733,1,3848,37,23.11,5.0,205.0
733,1,4763,37,23.11,5.0,205.0
733,1,5894,37,23.11,5.0,205.0
733,1,5898,37,23.11,5.0,205.0
733,1,594,37,23.11,5.0,205.0
733,1,5991,37,23.11,5.0,205.0
733,1,5993,37,23.11,5.0,205.0
733,1,5994,37,23.11,5.0,205.0
733,1,600,37,23.11,5.0,205.0
733,1,601,37,23.11,5.0,205.0
733,1,6038,37,23.11,5.0,205.0
733,1,6040,37,23.11,5.0,205.0
733,1,6127,37,23.11,5.0,205.0
733,1,6128,37,23.11,5.0,205.0
733,1,6159,37,23.11,5.0,205.0
733,1,6160,37,23.11,5.0,205.0
733,1,6217,37,23.11,5.0,205.0
733,1,6263,37,23.11,5.0,205.0
733,1,6264,37,23.11,5.0,205.0
733,1,6275,37,23.11,5.0,205.0
733,1,6516,37,23.11,5.0,205.0
733,1,6527,37,23.11,5.0,205.0
733,1,6941,37,23.11,5.0,205.0
733,1,6943,37,23.11,5.0,205.0
733,1,6944,37,23.11,5.0,205.0
733,1,6945,37,23.11,5.0,205.0
733,1,7065,37,23.11,5.0,205.0
733,1,7066,37,23.11,5.0,205.0
733,1,7067,37,23.11,5.0,205.0
733,1,7068,37,23.11,5.0,205.0
733,1,7069,37,23.11,5.0,205.0
733,1,7070,37,23.11,5.0,205.0
733,1,7071,37,23.11,5.0,205.0
733,1,7302,37,23.11,5.0,205.0
733,1,7308,37,23.11,5.0,205.0
733,1,7662,37,23.11,5.0,205.0
733,1,7735,37,23.11,5.0,205.0
733,1,7791,37,23.11,5.0,205.0
733,1,7920,37,23.11,5.0,205.0
733,1,89,37,23.11,5.0,205.0
733,1,90,37,23.11,5.0,205.0
733,1,9280,37,23.11,5.0,205.0
733,1,994,37,23.11,5.0,205.0
733,1,995,37,23.11,5.0,205.0
242,1,107,47,23.19,5.0,145.0
242,1,1323,47,23.19,5.0,145.0
242,1,1324,47,23.19,5.0,145.0
242,1,1325,47,23.19,5.0,145.0
242,1,1369,47,23.19,5.0,145.0
242,1,1370,47,23.19,5.0,145.0
242,1,1374,47,23.19,5.0,145.0
242,1,1375,47,23.19,5.0,145.0
242,1,1379,47,23.19,5.0,145.0
242,1,1380,47,23.19,5.0,145.0
242,1,1381,47,23.19,5.0,145.0
242,1,1398,47,23.19,5.0,145.0
242,1,1400,47,23.19,5.0,145.0
242,1,1432,47,23.19,5.0,145.0
242,1,1574,47,23.19,5.0,145.0
242,1,1634,47,23.19,5.0,145.0
242,1,2159,47,23.19,5.0,145.0
242,1,2332,47,23.19,5.0,145.0
242,1,2333,47,23.19,5.0,145.0
242,1,2335,47,23.19,5.0,145.0
242,1,2877,47,23.19,5.0,145.0
242,1,2878,47,23.19,5.0,145.0
242,1,2879,47,23.19,5.0,145.0
242,1,2893,47,23.19,5.0,145.0
242,1,2894,47,23.19,5.0,145.0
242,1,2895,47,23.19,5.0,145.0
242,1,2896,47,23.19,5.0,145.0
242,1,2897,47,23.19,5.0,145.0
242,1,2898,47,23.19,5.0,145.0
242,1,2899,47,23.19,5.0,145.0
242,1,2900,47,23.19,5.0,145.0
242,1,2901,47,23.19,5.0,145.0
242,1,2902,47,23.19,5.0,145.0
242,1,2903,47,23.19,5.0,145.0
242,1,2904,47,23.19,5.0,145.0
327,0,3218,41,23.29,5.0,60.0
327,0,3219,41,23.29,5.0,60.0
327,0,3221,41,23.29,5.0,60.0
327,0,3223,41,23.29,5.0,60.0
327,0,3224,41,23.29,5.0,60.0
327,0,3225,41,23.29,5.0,60.0
327,0,3226,41,23.29,5.0,60.0
327,0,3264,41,23.29,5.0,60.0
327,0,3505,41,23.29,5.0,60.0
327,0,3506,41,23.29,5.0,60.0
327,0,3507,41,23.29,5.0,60.0
327,0,3508,41,23.29,5.0,60.0
327,0,3509,41,23.29,5.0,60.0
327,0,3510,41,23.29,5.0,60.0
327,0,3511,41,23.29,5.0,60.0
327,0,3512,41,23.29,5.0,60.0
327,0,3539,41,23.29,5.0,60.0
327,0,3649,41,23.29,5.0,60.0
327,0,3650,41,23.29,5.0,60.0
327,0,3651,41,23.29,5.0,60.0
327,0,3652,41,23.29,5.0,60.0
327,0,3653,41,23.29,5.0,60.0
327,0,3654,41,23.29,5.0,60.0
327,0,3655,41,23.29,5.0,60.0
327,0,418,41,23.29,5.0,60.0
327,0,419,41,23.29,5.0,60.0
730,0,1024,37,23.38,5.0,175.0
730,0,1025,37,23.38,5.0,175.0
730,0,1044,37,23.38,5.0,175.0
730,0,1045,37,23.38,5.0,175.0
730,0,1078,37,23.38,5.0,175.0
730,0,2124,37,23.38,5.0,175.0
730,0,2125,37,23.38,5.0,175.0
730,0,3842,37,23.38,5.0,175.0
730,0,3844,37,23.38,5.0,175.0
730,0,4761,37,23.38,5.0,175.0
730,0,5892,37,23.38,5.0,175.0
730,0,5894,37,23.38,5.0,175.0
730,0,5898,37,23.38,5.0,175.0
730,0,591,37,23.38,5.0,175.0
730,0,592,37,23.38,5.0,175.0
730,0,593,37,23.38,5.0,175.0
730,0,594,37,23.38,5.0,175.0
730,0,6034,37,23.38,5.0,175.0
730,0,6038,37,23.38,5.0,175.0
730,0,6059,37,23.38,5.0,175.0
730,0,6129,37,23.38,5.0,175.0
730,0,6130,37,23.38,5.0,175.0
730,0,6161,37,23.38,5.0,175.0
730,0,6162,37,23.38,5.0,175.0
730,0,6216,37,23.38,5.0,175.0
730,0,6259,37,23.38,5.0,175.0
730,0,6260,37,23.38,5.0,175.0
730,0,6306,37,23.38,5.0,175.0
730,0,6530,37,23.38,5.0,175.0
730,0,6941,37,23.38,5.0,175.0
730,0,7054,37,23.38,5.0,175.0
730,0,7055,37,23.38,5.0,175.0
730,0,7056,37,23.38,5.0,175.0
730,0,7057,37,23.38,5.0,175.0
730,0,7059,37,23.38,5.0,175.0
730,0,7060,37,23.38,5.0,175.0
730,0,7304,37,23.38,5.0,175.0
730,0,7661,37,23.38,5.0,175.0
730,0,7684,37,23.38,5.0,175.0
730,0,7736,37,23.38,5.0,175.0
730,0,7904,37,23.38,5.0,175.0
730,0,7909,37,23.38,5.0,175.0
730,0,7910,37,23.38,5.0,175.0
730,0,7912,37,23.38,5.0,175.0
730,0,7915,37,23.38,5.0,175.0
730,0,82,37,23.38,5.0,175.0
730,0,8892,37,23.38,5.0,175.0
730,0,9279,37,23.38,5.0,175.0
359,0,117,41,23.41,20.0,60.0
359,0,118,41,23.41,20.0,60.0
359,0,119,41,23.41,20.0,60.0
359,0,120,41,23.41,20.0,60.0
359,0,121,41,23.41,20.0,60.0
359,0,1641,41,23.41,20.0,60.0
359,0,1749,41,23.41,20.0,60.0
359,0,1750,41,23.41,20.0,60.0
359,0,1751,41,23.41,20.0,60.0
359,0,1752,41,23.41,20.0,60.0
359,0,1753,41,23.41,20.0,60.0
359,0,1754,41,23.41,20.0,60.0
359,0,1756,41,23.41,20.0,60.0
359,0,1757,41,23.41,20.0,60.0
359,0,1758,41,23.41,20.0,60.0
359,0,1783,41,23.41,20.0,60.0
359,0,1963,41,23.41,20.0,60.0
359,0,1990,41,23.41,20.0,60.0
359,0,200,41,23.41,20.0,60.0
359,0,201,41,23.41,20.0,60.0
359,0,202,41,23.41,20.0,60.0
359,0,203,41,23.41,20.0,60.0
359,0,204,41,23.41,20.0,60.0
359,0,205,41,23.41,20.0,60.0
359,0,206,41,23.41,20.0,60.0
359,0,207,41,23.41,20.0,60.0
359,0,277,41,23.41,20.0,60.0
359,0,278,41,23.41,20.0,60.0
359,0,281,41,23.41,20.0,60.0
359,0,282,41,23.41,20.0,60.0
359,0,3165,41,23.41,20.0,60.0
359,0,3166,41,23.41,20.0,60.0
359,0,331,41,23.41,20.0,60.0
359,0,3362,41,23.41,20.0,60.0
359,0,3363,41,23.41,20.0,60.0
359,0,3758,41,23.41,20.0,60.0
359,0,3811,41,23.41,20.0,60.0
359,0,3812,41,23.41,20.0,60.0
359,0,3813,41,23.41,20.0,60.0
359,0,409,41,23.41,20.0,60.0
359,0,410,41,23.41,20.0,60.0
359,0,411,41,23.41,20.0,60.0
359,0,412,41,23.41,20.0,60.0
359,0,413,41,23.41,20.0,60.0
359,0,414,41,23.41,20.0,60.0
359,0,415,41,23.41,20.0,60.0
359,0,416,41,23.41,20.0,60.0
359,0,418,41,23.41,20.0,60.0
359,0,454,41,23.41,20.0,60.0
359,0,788,41,23.41,20.0,60.0
359,0,8202,41,23.41,20.0,60.0
359,0,8605,41,23.41,20.0,60.0
40,0,105,44,23.52,5.0,70.0
40,0,1068,44,23.52,5.0,70.0
40,0,106813,44,23.52,5.0,70.0
40,0,107,44,23.52,5.0,70.0
40,0,1071,44,23.52,5.0,70.0
40,0,1153,44,23.52,5.0,70.0
40,0,19,44,23.52,5.0,70.0
40,0,20,44,23.52,5.0,70.0
40,0,22,44,23.52,5.0,70.0
40,0,2230,44,23.52,5.0,70.0
40,0,23,44,23.52,5.0,70.0
40,0,25,44,23.52,5.0,70.0
40,0,26,44,23.52,5.0,70.0
40,0,27,44,23.52,5.0,70.0
40,0,274,44,23.52,5.0,70.0
40,0,28,44,23.52,5.0,70.0
40,0,29,44,23.52,5.0,70.0
40,0,30,44,23.52,5.0,70.0
40,0,31,44,23.52,5.0,70.0
40,0,32,44,23.52,5.0,70.0
40,0,3212,44,23.52,5.0,70.0
40,0,33,44,23.52,5.0,70.0
40,0,3354,44,23.52,5.0,70.0
40,0,34,44,23.52,5.0,70.0
40,0,3857,44,23.52,5.0,70.0
40,0,458,44,23.52,5.0,70.0
40,0,53,44,23.52,5.0,70.0
40,0,584,44,23.52,5.0,70.0
40,0,585,44,23.52,5.0,70.0
40,0,586,44,23.52,5.0,70.0
40,0,587,44,23.52,5.0,70.0
40,0,588,44,23.52,5.0,70.0
40,0,594,44,23.52,5.0,70.0
40,0,595,44,23.52,5.0,70.0
40,0,596,44,23.52,5.0,70.0
40,0,597,44,23.52,5.0,70.0
40,0,599,44,23.52,5.0,70.0
40,0,5994,44,23.52,5.0,70.0
40,0,600,44,23.52,5.0,70.0
40,0,601,44,23.52,5.0,70.0
40,0,603,44,23.52,5.0,70.0
40,0,6293,44,23.52,5.0,70.0
40,0,68,44,23.52,5.0,70.0
40,0,69,44,23.52,5.0,70.0
40,0,70,44,23.52,5.0,70.0
40,0,72,44,23.52,5.0,70.0
40,0,73,44,23.52,5.0,70.0
40,0,75,44,23.52,5.0,70.0
40,0,76,44,23.52,5.0,70.0
40,0,77,44,23.52,5.0,70.0
40,0,78,44,23.52,5.0,70.0
40,0,79,44,23.52,5.0,70.0
40,0,7920,44,23.52,5.0,70.0
40,0,8,44,23.52,5.0,70.0
71,1,6087,41,23.78,10.0,40.0
71,1,7089,41,23.78,10.0,40.0
71,1,830,41,23.78,10.0,40.0
71,1,831,41,23.78,10.0,40.0
71,1,890,41,23.78,10.0,40.0
71,1,892,41,23.78,10.0,40.0
71,1,893,41,23.78,10.0,40.0
71,1,894,41,23.78,10.0,40.0
71,1,895,41,23.78,10.0,40.0
71,1,896,41,23.78,10.0,40.0
71,1,897,41,23.78,10.0,40.0
71,1,898,41,23.78,10.0,40.0
71,1,899,41,23.78,10.0,40.0
71,1,900,41,23.78,10.0,40.0
71,1,901,41,23.78,10.0,40.0
71,1,903,41,23.78,10.0,40.0
71,1,904,41,23.78,10.0,40.0
71,1,905,41,23.78,10.0,40.0
71,1,906,41,23.78,10.0,40.0
71,1,907,41,23.78,10.0,40.0
71,1,908,41,23.78,10.0,40.0
71,1,909,41,23.78,10.0,40.0
71,1,910,41,23.78,10.0,40.0
71,1,911,41,23.78,10.0,40.0
71,1,912,41,23.78,10.0,40.0
71,1,913,41,23.78,10.0,40.0
71,1,914,41,23.78,10.0,40.0
71,1,915,41,23.78,10.0,40.0
71,1,916,41,23.78,10.0,40.0
71,1,917,41,23.78,10.0,40.0
71,1,918,41,23.78,10.0,40.0
71,1,919,41,23.78,10.0,40.0
71,1,920,41,23.78,10.0,40.0
71,1,921,41,23.78,10.0,40.0
71,1,922,41,23.78,10.0,40.0
71,1,923,41,23.78,10.0,40.0
71,1,924,41,23.78,10.0,40.0
71,1,925,41,23.78,10.0,40.0
71,1,926,41,23.78,10.0,40.0
71,1,927,41,23.78,10.0,40.0
71,1,928,41,23.78,10.0,40.0
71,1,929,41,23.78,10.0,40.0
71,1,930,41,23.78,10.0,40.0
847,0,10,39,23.85,5.0,95.0
847,0,1071,39,23.85,5.0,95.0
847,0,1079,39,23.85,5.0,95.0
847,0,11,39,23.85,5.0,95.0
847,0,12,39,23.85,5.0,95.0
847,0,1255,39,23.85,5.0,95.0
847,0,140,39,23.85,5.0,95.0
847,0,1863,39,23.85,5.0,95.0
847,0,1944,39,23.85,5.0,95.0
847,0,4425,39,23.85,5.0,95.0
847,0,4426,39,23.85,5.0,95.0
847,0,4427,39,23.85,5.0,95.0
847,0,4428,39,23.85,5.0,95.0
847,0,4811,39,23.85,5.0,95.0
847,0,4812,39,23.85,5.0,95.0
847,0,4813,39,23.85,5.0,95.0
847,0,4815,39,23.85,5.0,95.0
847,0,4816,39,23.85,5.0,95.0
847,0,4817,39,23.85,5.0,95.0
847,0,4818,39,23.85,5.0,95.0
847,0,4819,39,23.85,5.0,95.0
847,0,4820,39,23.85,5.0,95.0
847,0,4821,39,23.85,5.0,95.0
847,0,4822,39,23.85,5.0,95.0
847,0,4825,39,23.85,5.0,95.0
847,0,4827,39,23.85,5.0,95.0
847,0,4828,39,23.85,5.0,95.0
847,0,4829,39,23.85,5.0,95.0
847,0,4830,39,23.85,5.0,95.0
847,0,4831,39,23.85,5.0,95.0
847,0,68,39,23.85,5.0,95.0
847,0,69,39,23.85,5.0,95.0
847,0,70,39,23.85,5.0,95.0
847,0,71,39,23.85,5.0,95.0
847,0,72,39,23.85,5.0,95.0
847,0,73,39,23.85,5.0,95.0
847,0,75,39,23.85,5.0,95.0
847,0,76,39,23.85,5.0,95.0
847,0,77,39,23.85,5.0,95.0
847,0,7781,39,23.85,5.0,95.0
847,0,7782,39,23.85,5.0,95.0
847,0,7783,39,23.85,5.0,95.0
847,0,7784,39,23.85,5.0,95.0
847,0,78,39,23.85,5.0,95.0
847,0,79,39,23.85,5.0,95.0
847,0,7933,39,23.85,5.0,95.0
847,0,7936,39,23.85,5.0,95.0
847,0,7937,39,23.85,5.0,95.0
847,0,8,39,23.85,5.0,95.0
847,0,80,39,23.85,5.0,95.0
847,0,81,39,23.85,5.0,95.0
847,0,82,39,23.85,5.0,95.0
847,0,9,39,23.85,5.0,95.0
357,0,106815,45,23.89,5.0,125.0
357,0,106816,45,23.89,5.0,125.0
357,0,1310,45,23.89,5.0,125.0
357,0,1311,45,23.89,5.0,125.0
357,0,1312,45,23.89,5.0,125.0
357,0,1313,45,23.89,5.0,125.0
357,0,1314,45,23.89,5.0,125.0
357,0,1315,45,23.89,5.0,125.0
357,0,1316,45,23.89,5.0,125.0
357,0,1317,45,23.89,5.0,125.0
357,0,1318,45,23.89,5.0,125.0
357,0,1322,45,23.89,5.0,125.0
357,0,1376,45,23.89,5.0,125.0
357,0,1639,45,23.89,5.0,125.0
357,0,1640,45,23.89,5.0,125.0
357,0,1641,45,23.89,5.0,125.0
357,0,2150,45,23.89,5.0,125.0
357,0,2151,45,23.89,5.0,125.0
357,0,2152,45,23.89,5.0,125.0
357,0,2153,45,23.89,5.0,125.0
357,0,2154,45,23.89,5.0,125.0
357,0,2155,45,23.89,5.0,125.0
357,0,319,45,23.89,5.0,125.0
357,0,320,45,23.89,5.0,125.0
357,0,409,45,23.89,5.0,125.0
357,0,410,45,23.89,5.0,125.0
357,0,411,45,23.89,5.0,125.0
357,0,412,45,23.89,5.0,125.0
357,0,413,45,23.89,5.0,125.0
357,0,414,45,23.89,5.0,125.0
357,0,415,45,23.89,5.0,125.0
357,0,416,45,23.89,5.0,125.0
357,0,418,45,23.89,5.0,125.0
357,0,419,45,23.89,5.0,125.0
357,0,420,45,23.89,5.0,125.0
357,0,421,45,23.89,5.0,125.0
357,0,422,45,23.89,5.0,125.0
357,0,423,45,23.89,5.0,125.0
357,0,424,45,23.89,5.0,125.0
357,0,426,45,23.89,5.0,125.0
357,0,427,45,23.89,5.0,125.0
357,0,454,45,23.89,5.0,125.0
357,0,698,45,23.89,5.0,125.0
357,0,699,45,23.89,5.0,125.0
357,0,700,45,23.89,5.0,125.0
357,0,701,45,23.89,5.0,125.0
357,0,702,45,23.89,5.0,125.0
357,0,703,45,23.89,5.0,125.0
357,0,704,45,23.89,5.0,125.0
357,0,705,45,23.89,5.0,125.0
357,0,706,45,23.89,5.0,125.0
357,0,707,45,23.89,5.0,125.0
357,0,708,45,23.89,5.0,125.0
357,0,709,45,23.89,5.0,125.0
357,0,710,45,23.89,5.0,125.0
357,0,711,45,23.89,5.0,125.0
357,0,712,45,23.89,5.0,125.0
357,0,713,45,23.89,5.0,125.0
357,0,714,45,23.89,5.0,125.0
357,0,715,45,23.89,5.0,125.0
357,0,716,45,23.89,5.0,125.0
357,0,717,45,23.89,5.0,125.0
357,0,761,45,23.89,5.0,125.0
357,0,762,45,23.89,5.0,125.0
357,0,763,45,23.89,5.0,125.0
357,0,764,45,23.89,5.0,125.0
357,0,765,45,23.89,5.0,125.0
70,0,6201,41,24.02,10.0,40.0
70,0,812,41,24.02,10.0,40.0
70,0,822,41,24.02,10.0,40.0
70,0,823,41,24.02,10.0,40.0
70,0,824,41,24.02,10.0,40.0
70,0,825,41,24.02,10.0,40.0
70,0,826,41,24.02,10.0,40.0
70,0,827,41,24.02,10.0,40.0
70,0,828,41,24.02,10.0,40.0
70,0,829,41,24.02,10.0,40.0
70,0,830,41,24.02,10.0,40.0
70,0,831,41,24.02,10.0,40.0
70,0,832,41,24.02,10.0,40.0
70,0,833,41,24.02,10.0,40.0
70,0,834,41,24.02,10.0,40.0
70,0,836,41,24.02,10.0,40.0
70,0,837,41,24.02,10.0,40.0
70,0,838,41,24.02,10.0,40.0
70,0,839,41,24.02,10.0,40.0
70,0,840,41,24.02,10.0,40.0
70,0,841,41,24.02,10.0,40.0
70,0,842,41,24.02,10.0,40.0
70,0,843,41,24.02,10.0,40.0
70,0,844,41,24.02,10.0,40.0
70,0,845,41,24.02,10.0,40.0
70,0,846,41,24.02,10.0,40.0
70,0,847,41,24.02,10.0,40.0
70,0,848,41,24.02,10.0,40.0
70,0,849,41,24.02,10.0,40.0
70,0,850,41,24.02,10.0,40.0
70,0,851,41,24.02,10.0,40.0
70,0,852,41,24.02,10.0,40.0
70,0,853,41,24.02,10.0,40.0
70,0,854,41,24.02,10.0,40.0
70,0,855,41,24.02,10.0,40.0
70,0,856,41,24.02,10.0,40.0
70,0,857,41,24.02,10.0,40.0
70,0,858,41,24.02,10.0,40.0
70,0,859,41,24.02,10.0,40.0
70,0,860,41,24.02,10.0,40.0
70,0,890,41,24.02,10.0,40.0
70,0,916,41,24.02,10.0,40.0
70,0,928,41,24.02,10.0,40.0
80,0,1031,43,24.07,5.0,125.0
80,0,1032,43,24.07,5.0,125.0
80,0,1033,43,24.07,5.0,125.0
80,0,1034,43,24.07,5.0,125.0
80,0,1035,43,24.07,5.0,125.0
80,0,1040,43,24.07,5.0,125.0
80,0,1041,43,24.07,5.0,125.0
80,0,1043,43,24.07,5.0,125.0
80,0,1044,43,24.07,5.0,125.0
80,0,1045,43,24.07,5.0,125.0
80,0,1047,43,24.07,5.0,125.0
80,0,1048,43,24.07,5.0,125.0
80,0,1660,43,24.07,5.0,125.0
80,0,1742,43,24.07,5.0,125.0
80,0,264,43,24.07,5.0,125.0
80,0,35,43,24.07,5.0,125.0
80,0,3855,43,24.07,5.0,125.0
80,0,5844,43,24.07,5.0,125.0
80,0,6467,43,24.07,5.0,125.0
80,0,728,43,24.07,5.0,125.0
80,0,729,43,24.07,5.0,125.0
80,0,730,43,24.07,5.0,125.0
80,0,731,43,24.07,5.0,125.0
80,0,732,43,24.07,5.0,125.0
80,0,939,43,24.07,5.0,125.0
80,0,941,43,24.07,5.0,125.0
80,0,942,43,24.07,5.0,125.0
80,0,943,43,24.07,5.0,125.0
80,0,944,43,24.07,5.0,125.0
80,0,945,43,24.07,5.0,125.0
80,0,946,43,24.07,5.0,125.0
80,0,947,43,24.07,5.0,125.0
80,0,948,43,24.07,5.0,125.0
80,0,949,43,24.07,5.0,125.0
80,0,972,43,24.07,5.0,125.0
80,0,973,43,24.07,5.0,125.0
410,0,106563,40,24.25,10.0,50.0
410,0,129,40,24.25,10.0,50.0
410,0,130,40,24.25,10.0,50.0
410,0,131,40,24.25,10.0,50.0
410,0,132,40,24.25,10.0,50.0
410,0,133,40,24.25,10.0,50.0
410,0,134,40,24.25,10.0,50.0
410,0,135,40,24.25,10.0,50.0
410,0,137,40,24.25,10.0,50.0
410,0,213,40,24.25,10.0,50.0
410,0,274,40,24.25,10.0,50.0
410,0,327,40,24.25,10.0,50.0
410,0,3315,40,24.25,10.0,50.0
410,0,3354,40,24.25,10.0,50.0
410,0,385,40,24.25,10.0,50.0
410,0,387,40,24.25,10.0,50.0
410,0,388,40,24.25,10.0,50.0
410,0,391,40,24.25,10.0,50.0
410,0,4488,40,24.25,10.0,50.0
410,0,4489,40,24.25,10.0,50.0
410,0,4490,40,24.25,10.0,50.0
410,0,4491,40,24.25,10.0,50.0
410,0,4492,40,24.25,10.0,50.0
410,0,788,40,24.25,10.0,50.0
410,0,789,40,24.25,10.0,50.0
727,1,6480,39,24.38,1.0,99.0
727,1,7050,39,24.39,1.35,98.65
111,1,106564,40,24.5,5.0,65.0
111,1,1254,40,24.5,5.0,65.0
111,1,1257,40,24.5,5.0,65.0
111,1,1258,40,24.5,5.0,65.0
111,1,1259,40,24.5,5.0,65.0
111,1,1261,40,24.5,5.0,65.0
111,1,1262,40,24.5,5.0,65.0
111,1,1263,40,24.5,5.0,65.0
111,1,1265,40,24.5,5.0,65.0
111,1,1275,40,24.5,5.0,65.0
111,1,1277,40,24.5,5.0,65.0
111,1,130,40,24.5,5.0,65.0
111,1,131,40,24.5,5.0,65.0
111,1,133,40,24.5,5.0,65.0
111,1,134,40,24.5,5.0,65.0
111,1,135,40,24.5,5.0,65.0
111,1,138,40,24.5,5.0,65.0
111,1,139,40,24.5,5.0,65.0
111,1,141,40,24.5,5.0,65.0
111,1,142,40,24.5,5.0,65.0
111,1,172,40,24.5,5.0,65.0
570,1,106830,39,24.87,5.0,60.0
570,1,1746,39,24.87,5.0,60.0
570,1,5845,39,24.87,5.0,60.0
570,1,5846,39,24.87,5.0,60.0
570,1,5847,39,24.87,5.0,60.0
570,1,5848,39,24.87,5.0,60.0
570,1,5849,39,24.87,5.0,60.0
570,1,5856,39,24.87,5.0,60.0
570,1,5877,39,24.87,5.0,60.0
570,1,5878,39,24.87,5.0,60.0
570,1,5879,39,24.87,5.0,60.0
570,1,5880,39,24.87,5.0,60.0
570,1,5881,39,24.87,5.0,60.0
570,1,5882,39,24.87,5.0,60.0
570,1,5883,39,24.87,5.0,60.0
570,1,5884,39,24.87,5.0,60.0
569,0,1041,38,25.0,15.0,45.0
569,0,5833,38,25.0,15.0,45.0
569,0,5841,38,25.0,15.0,45.0
569,0,5842,38,25.0,15.0,45.0
569,0,5843,38,25.0,15.0,45.0
569,0,5844,38,25.0,15.0,45.0
569,0,5867,38,25.0,15.0,45.0
569,0,5868,38,25.0,15.0,45.0
569,0,5869,38,25.0,15.0,45.0
569,0,5870,38,25.0,15.0,45.0
569,0,5871,38,25.0,15.0,45.0
569,0,5872,38,25.0,15.0,45.0
569,0,5873,38,25.0,15.0,45.0
569,0,5874,38,25.0,15.0,45.0
569,0,5875,38,25.0,15.0,45.0
569,0,6307,38,25.0,15.0,45.0
569,0,6312,38,25.0,15.0,45.0
569,0,6462,38,25.0,15.0,45.0
69,1,1277,41,25.0,5.0,80.0
69,1,130,41,25.0,5.0,80.0
69,1,131,41,25.0,5.0,80.0
69,1,172,41,25.0,5.0,80.0
69,1,248,41,25.0,5.0,80.0
69,1,253,41,25.0,5.0,80.0
69,1,258,41,25.0,5.0,80.0
69,1,311,41,25.0,5.0,80.0
69,1,312,41,25.0,5.0,80.0
69,1,313,41,25.0,5.0,80.0
69,1,314,41,25.0,5.0,80.0
69,1,315,41,25.0,5.0,80.0
69,1,316,41,25.0,5.0,80.0
69,1,317,41,25.0,5.0,80.0
69,1,343,41,25.0,5.0,80.0
69,1,344,41,25.0,5.0,80.0
69,1,381,41,25.0,5.0,80.0
69,1,382,41,25.0,5.0,80.0
69,1,385,41,25.0,5.0,80.0
69,1,40,41,25.0,5.0,80.0
69,1,4509,41,25.0,5.0,80.0
69,1,5033,41,25.0,5.0,80.0
69,1,734,41,25.0,5.0,80.0
69,1,735,41,25.0,5.0,80.0
69,1,736,41,25.0,5.0,80.0
69,1,737,41,25.0,5.0,80.0
69,1,738,41,25.0,5.0,80.0
69,1,739,41,25.0,5.0,80.0
69,1,740,41,25.0,5.0,80.0
69,1,785,41,25.0,5.0,80.0
69,1,790,41,25.0,5.0,80.0
69,1,791,41,25.0,5.0,80.0
69,1,792,41,25.0,5.0,80.0
69,1,793,41,25.0,5.0,80.0
69,1,795,41,25.0,5.0,80.0
69,1,800,41,25.0,5.0,80.0
69,1,801,41,25.0,5.0,80.0
69,1,802,41,25.0,5.0,80.0
69,1,803,41,25.0,5.0,80.0
69,1,804,41,25.0,5.0,80.0
69,1,805,41,25.0,5.0,80.0
69,1,806,41,25.0,5.0,80.0
110,0,106563,39,25.13,15.0,65.0
110,0,1253,39,25.13,15.0,65.0
110,0,1254,39,25.13,15.0,65.0
110,0,1256,39,25.13,15.0,65.0
110,0,1257,39,25.13,15.0,65.0
110,0,1258,39,25.13,15.0,65.0
110,0,1259,39,25.13,15.0,65.0
110,0,1260,39,25.13,15.0,65.0
110,0,1263,39,25.13,15.0,65.0
110,0,1266,39,25.13,15.0,65.0
110,0,1267,39,25.13,15.0,65.0
110,0,1268,39,25.13,15.0,65.0
110,0,1269,39,25.13,15.0,65.0
110,0,1270,39,25.13,15.0,65.0
110,0,1271,39,25.13,15.0,65.0
110,0,129,39,25.13,15.0,65.0
110,0,132,39,25.13,15.0,65.0
110,0,137,39,25.13,15.0,65.0
110,0,140,39,25.13,15.0,65.0
110,0,3315,39,25.13,15.0,65.0
110,0,3830,39,25.13,15.0,65.0
328,1,3217,40,25.13,5.0,75.0
328,1,3222,40,25.13,5.0,75.0
328,1,3258,40,25.13,5.0,75.0
328,1,3259,40,25.13,5.0,75.0
328,1,3260,40,25.13,5.0,75.0
328,1,3261,40,25.13,5.0,75.0
328,1,3262,40,25.13,5.0,75.0
328,1,3263,40,25.13,5.0,75.0
328,1,3513,40,25.13,5.0,75.0
328,1,3514,40,25.13,5.0,75.0
328,1,3515,40,25.13,5.0,75.0
328,1,3516,40,25.13,5.0,75.0
328,1,3517,40,25.13,5.0,75.0
328,1,3518,40,25.13,5.0,75.0
328,1,3519,40,25.13,5.0,75.0
328,1,3656,40,25.13,5.0,75.0
328,1,3657,40,25.13,5.0,75.0
328,1,3658,40,25.13,5.0,75.0
328,1,3659,40,25.13,5.0,75.0
328,1,3660,40,25.13,5.0,75.0
328,1,3661,40,25.13,5.0,75.0
328,1,3662,40,25.13,5.0,75.0
328,1,3663,40,25.13,5.0,75.0
328,1,3664,40,25.13,5.0,75.0
328,1,3665,40,25.13,5.0,75.0
328,1,3666,40,25.13,5.0,75.0
328,1,419,40,25.13,5.0,75.0
740,0,6883,39,25.13,15.0,50.0
740,0,7047,39,25.13,15.0,50.0
740,0,7110,39,25.13,15.0,50.0
740,0,7111,39,25.13,15.0,50.0
740,0,7113,39,25.13,15.0,50.0
740,0,7115,39,25.13,15.0,50.0
740,0,7116,39,25.13,15.0,50.0
740,0,7117,39,25.13,15.0,50.0
740,0,7118,39,25.13,15.0,50.0
740,0,7119,39,25.13,15.0,50.0
740,0,7120,39,25.13,15.0,50.0
740,0,7121,39,25.13,15.0,50.0
740,0,7122,39,25.13,15.0,50.0
740,0,7123,39,25.13,15.0,50.0
740,0,7124,39,25.13,15.0,50.0
740,0,7125,39,25.13,15.0,50.0
740,0,7126,39,25.13,15.0,50.0
740,0,7127,39,25.13,15.0,50.0
740,0,7128,39,25.13,15.0,50.0
740,0,7129,39,25.13,15.0,50.0
740,0,7130,39,25.13,15.0,50.0
740,0,7131,39,25.13,15.0,50.0
740,0,7133,39,25.13,15.0,50.0
740,0,7134,39,25.13,15.0,50.0
740,0,7135,39,25.13,15.0,50.0
740,0,7136,39,25.13,15.0,50.0
740,0,7141,39,25.13,15.0,50.0
740,0,7166,39,25.13,15.0,50.0
740,0,7428,39,25.13,15.0,50.0
740,0,835,39,25.13,15.0,50.0
740,0,836,39,25.13,15.0,50.0
740,0,837,39,25.13,15.0,50.0
740,0,838,39,25.13,15.0,50.0
740,0,839,39,25.13,15.0,50.0
740,0,840,39,25.13,15.0,50.0
740,0,841,39,25.13,15.0,50.0
740,0,842,39,25.13,15.0,50.0
740,0,843,39,25.13,15.0,50.0
740,0,844,39,25.13,15.0,50.0
740,0,845,39,25.13,15.0,50.0
740,0,846,39,25.13,15.0,50.0
740,0,847,39,25.13,15.0,50.0
740,0,848,39,25.13,15.0,50.0
740,0,849,39,25.13,15.0,50.0
740,0,850,39,25.13,15.0,50.0
740,0,851,39,25.13,15.0,50.0
740,0,852,39,25.13,15.0,50.0
740,0,853,39,25.13,15.0,50.0
740,0,854,39,25.13,15.0,50.0
740,0,855,39,25.13,15.0,50.0
740,0,856,39,25.13,15.0,50.0
740,0,857,39,25.13,15.0,50.0
740,0,858,39,25.13,15.0,50.0
740,0,859,39,25.13,15.0,50.0
740,0,860,39,25.13,15.0,50.0
360,1,117,38,25.26,5.0,85.0
360,1,118,38,25.26,5.0,85.0
360,1,119,38,25.26,5.0,85.0
360,1,120,38,25.26,5.0,85.0
360,1,121,38,25.26,5.0,85.0
360,1,1702,38,25.26,5.0,85.0
360,1,1751,38,25.26,5.0,85.0
360,1,1758,38,25.26,5.0,85.0
360,1,1760,38,25.26,5.0,85.0
360,1,1761,38,25.26,5.0,85.0
360,1,1762,38,25.26,5.0,85.0
360,1,1763,38,25.26,5.0,85.0
360,1,1764,38,25.26,5.0,85.0
360,1,1767,38,25.26,5.0,85.0
360,1,1821,38,25.26,5.0,85.0
360,1,1822,38,25.26,5.0,85.0
360,1,1957,38,25.26,5.0,85.0
360,1,1959,38,25.26,5.0,85.0
360,1,1960,38,25.26,5.0,85.0
360,1,1961,38,25.26,5.0,85.0
360,1,1962,38,25.26,5.0,85.0
360,1,1990,38,25.26,5.0,85.0
360,1,201,38,25.26,5.0,85.0
360,1,202,38,25.26,5.0,85.0
360,1,204,38,25.26,5.0,85.0
360,1,205,38,25.26,5.0,85.0
360,1,206,38,25.26,5.0,85.0
360,1,207,38,25.26,5.0,85.0
360,1,225,38,25.26,5.0,85.0
360,1,283,38,25.26,5.0,85.0
360,1,284,38,25.26,5.0,85.0
360,1,287,38,25.26,5.0,85.0
360,1,288,38,25.26,5.0,85.0
360,1,3167,38,25.26,5.0,85.0
360,1,3168,38,25.26,5.0,85.0
360,1,3176,38,25.26,5.0,85.0
360,1,3178,38,25.26,5.0,85.0
360,1,3179,38,25.26,5.0,85.0
360,1,3211,38,25.26,5.0,85.0
360,1,3363,38,25.26,5.0,85.0
360,1,3366,38,25.26,5.0,85.0
360,1,3755,38,25.26,5.0,85.0
360,1,3814,38,25.26,5.0,85.0
360,1,3837,38,25.26,5.0,85.0
360,1,3838,38,25.26,5.0,85.0
360,1,409,38,25.26,5.0,85.0
360,1,414,38,25.26,5.0,85.0
360,1,415,38,25.26,5.0,85.0
360,1,416,38,25.26,5.0,85.0
360,1,419,38,25.26,5.0,85.0
360,1,433,38,25.26,5.0,85.0
360,1,435,38,25.26,5.0,85.0
360,1,438,38,25.26,5.0,85.0
360,1,439,38,25.26,5.0,85.0
360,1,440,38,25.26,5.0,85.0
360,1,464,38,25.26,5.0,85.0
360,1,8605,38,25.26,5.0,85.0
323,0,3552,51,25.47,10.0,294.0
323,0,3553,51,25.47,10.0,294.0
323,0,3554,51,25.47,10.0,294.0
323,0,3555,51,25.47,10.0,294.0
323,0,3581,51,25.47,10.0,294.0
323,0,3582,51,25.47,10.0,294.0
323,0,3583,51,25.47,10.0,294.0
323,0,3584,51,25.47,10.0,294.0
323,0,3585,51,25.47,10.0,294.0
323,0,3586,51,25.47,10.0,294.0
323,0,3587,51,25.47,10.0,294.0
323,0,3588,51,25.47,10.0,294.0
323,0,3590,51,25.47,10.0,294.0
323,0,3899,51,25.47,10.0,294.0
323,0,419,51,25.47,10.0,294.0
323,0,420,51,25.47,10.0,294.0
323,0,421,51,25.47,10.0,294.0
323,0,422,51,25.47,10.0,294.0
323,0,423,51,25.47,10.0,294.0
323,0,424,51,25.47,10.0,294.0
323,0,426,51,25.47,10.0,294.0
323,0,427,51,25.47,10.0,294.0
68,0,106808,40,25.63,10.0,60.0
68,0,1266,40,25.63,10.0,60.0
68,0,129,40,25.63,10.0,60.0
68,0,2105,40,25.63,10.0,60.0
68,0,248,40,25.63,10.0,60.0
68,0,249,40,25.63,10.0,60.0
68,0,250,40,25.63,10.0,60.0
68,0,251,40,25.63,10.0,60.0
68,0,252,40,25.63,10.0,60.0
68,0,254,40,25.63,10.0,60.0
68,0,255,40,25.63,10.0,60.0
68,0,256,40,25.63,10.0,60.0
68,0,257,40,25.63,10.0,60.0
68,0,274,40,25.63,10.0,60.0
68,0,310,40,25.63,10.0,60.0
68,0,327,40,25.63,10.0,60.0
68,0,3315,40,25.63,10.0,60.0
68,0,3354,40,25.63,10.0,60.0
68,0,3830,40,25.63,10.0,60.0
68,0,385,40,25.63,10.0,60.0
68,0,387,40,25.63,10.0,60.0
68,0,388,40,25.63,10.0,60.0
68,0,391,40,25.63,10.0,60.0
68,0,727,40,25.63,10.0,60.0
68,0,729,40,25.63,10.0,60.0
68,0,730,40,25.63,10.0,60.0
68,0,731,40,25.63,10.0,60.0
68,0,732,40,25.63,10.0,60.0
68,0,779,40,25.63,10.0,60.0
68,0,780,40,25.63,10.0,60.0
68,0,781,40,25.63,10.0,60.0
68,0,782,40,25.63,10.0,60.0
68,0,783,40,25.63,10.0,60.0
68,0,784,40,25.63,10.0,60.0
68,0,786,40,25.63,10.0,60.0
68,0,788,40,25.63,10.0,60.0
68,0,789,40,25.63,10.0,60.0
68,0,794,40,25.63,10.0,60.0
68,0,796,40,25.63,10.0,60.0
68,0,797,40,25.63,10.0,60.0
68,0,798,40,25.63,10.0,60.0
68,0,799,40,25.63,10.0,60.0
577,0,1040,39,25.64,20.0,50.0
577,0,1041,39,25.64,20.0,50.0
577,0,4713,39,25.64,20.0,50.0
577,0,4714,39,25.64,20.0,50.0
577,0,4715,39,25.64,20.0,50.0
577,0,4716,39,25.64,20.0,50.0
577,0,4717,39,25.64,20.0,50.0
577,0,4718,39,25.64,20.0,50.0
577,0,4719,39,25.64,20.0,50.0
577,0,4720,39,25.64,20.0,50.0
577,0,4721,39,25.64,20.0,50.0
577,0,4722,39,25.64,20.0,50.0
577,0,4724,39,25.64,20.0,50.0
577,0,4725,39,25.64,20.0,50.0
577,0,4727,39,25.64,20.0,50.0
577,0,4728,39,25.64,20.0,50.0
577,0,4729,39,25.64,20.0,50.0
577,0,4730,39,25.64,20.0,50.0
577,0,4732,39,25.64,20.0,50.0
577,0,4733,39,25.64,20.0,50.0
577,0,4734,39,25.64,20.0,50.0
577,0,4735,39,25.64,20.0,50.0
577,0,4736,39,25.64,20.0,50.0
577,0,4737,39,25.64,20.0,50.0
577,0,4738,39,25.64,20.0,50.0
577,0,4739,39,25.64,20.0,50.0
577,0,4740,39,25.64,20.0,50.0
577,0,4741,39,25.64,20.0,50.0
577,0,4742,39,25.64,20.0,50.0
577,0,4743,39,25.64,20.0,50.0
577,0,5144,39,25.64,20.0,50.0
577,0,5145,39,25.64,20.0,50.0
577,0,5149,39,25.64,20.0,50.0
577,0,5844,39,25.64,20.0,50.0
577,0,5929,39,25.64,20.0,50.0
577,0,5930,39,25.64,20.0,50.0
577,0,5931,39,25.64,20.0,50.0
577,0,5932,39,25.64,20.0,50.0
577,0,5933,39,25.64,20.0,50.0
577,0,6566,39,25.64,20.0,50.0
577,0,6567,39,25.64,20.0,50.0
577,0,6568,39,25.64,20.0,50.0
577,0,6603,39,25.64,20.0,50.0
577,0,6605,39,25.64,20.0,50.0
577,0,6895,39,25.64,20.0,50.0
577,0,7259,39,25.64,20.0,50.0
578,1,1058,39,25.9,5.0,50.0
578,1,1746,39,25.9,5.0,50.0
578,1,4728,39,25.9,5.0,50.0
578,1,4738,39,25.9,5.0,50.0
578,1,4781,39,25.9,5.0,50.0
578,1,4782,39,25.9,5.0,50.0
578,1,4783,39,25.9,5.0,50.0
578,1,4784,39,25.9,5.0,50.0
578,1,4785,39,25.9,5.0,50.0
578,1,4787,39,25.9,5.0,50.0
578,1,4788,39,25.9,5.0,50.0
578,1,4789,39,25.9,5.0,50.0
578,1,4790,39,25.9,5.0,50.0
578,1,4791,39,25.9,5.0,50.0
578,1,4792,39,25.9,5.0,50.0
578,1,4794,39,25.9,5.0,50.0
578,1,4795,39,25.9,5.0,50.0
578,1,4796,39,25.9,5.0,50.0
578,1,4798,39,25.9,5.0,50.0
578,1,4799,39,25.9,5.0,50.0
578,1,4801,39,25.9,5.0,50.0
578,1,4802,39,25.9,5.0,50.0
578,1,4803,39,25.9,5.0,50.0
578,1,4804,39,25.9,5.0,50.0
578,1,4805,39,25.9,5.0,50.0
578,1,4806,39,25.9,5.0,50.0
578,1,4807,39,25.9,5.0,50.0
578,1,4808,39,25.9,5.0,50.0
578,1,4809,39,25.9,5.0,50.0
578,1,4810,39,25.9,5.0,50.0
578,1,5154,39,25.9,5.0,50.0
578,1,5155,39,25.9,5.0,50.0
578,1,5156,39,25.9,5.0,50.0
578,1,5158,39,25.9,5.0,50.0
578,1,5159,39,25.9,5.0,50.0
578,1,5845,39,25.9,5.0,50.0
578,1,5932,39,25.9,5.0,50.0
578,1,5936,39,25.9,5.0,50.0
578,1,5937,39,25.9,5.0,50.0
578,1,5938,39,25.9,5.0,50.0
578,1,5939,39,25.9,5.0,50.0
578,1,6575,39,25.9,5.0,50.0
578,1,6605,39,25.9,5.0,50.0
578,1,6646,39,25.9,5.0,50.0
578,1,6895,39,25.9,5.0,50.0
578,1,7260,39,25.9,5.0,50.0
41,1,100,43,26.16,10.0,80.0
41,1,101,43,26.16,10.0,80.0
41,1,103,43,26.16,10.0,80.0
41,1,106707,43,26.16,10.0,80.0
41,1,107,43,26.16,10.0,80.0
41,1,1186,43,26.16,10.0,80.0
41,1,1187,43,26.16,10.0,80.0
41,1,1196,43,26.16,10.0,80.0
41,1,1204,43,26.16,10.0,80.0
41,1,18,43,26.16,10.0,80.0
41,1,319,43,26.16,10.0,80.0
41,1,320,43,26.16,10.0,80.0
41,1,321,43,26.16,10.0,80.0
41,1,349,43,26.16,10.0,80.0
41,1,39,43,26.16,10.0,80.0
41,1,40,43,26.16,10.0,80.0
41,1,41,43,26.16,10.0,80.0
41,1,42,43,26.16,10.0,80.0
41,1,43,43,26.16,10.0,80.0
41,1,44,43,26.16,10.0,80.0
41,1,45,43,26.16,10.0,80.0
41,1,46,43,26.16,10.0,80.0
41,1,47,43,26.16,10.0,80.0
41,1,48,43,26.16,10.0,80.0
41,1,51,43,26.16,10.0,80.0
41,1,52,43,26.16,10.0,80.0
41,1,53,43,26.16,10.0,80.0
41,1,5761,43,26.16,10.0,80.0
41,1,589,43,26.16,10.0,80.0
41,1,591,43,26.16,10.0,80.0
41,1,592,43,26.16,10.0,80.0
41,1,593,43,26.16,10.0,80.0
41,1,595,43,26.16,10.0,80.0
41,1,596,43,26.16,10.0,80.0
41,1,598,43,26.16,10.0,80.0
41,1,6,43,26.16,10.0,80.0
41,1,604,43,26.16,10.0,80.0
41,1,605,43,26.16,10.0,80.0
41,1,606,43,26.16,10.0,80.0
41,1,607,43,26.16,10.0,80.0
41,1,608,43,26.16,10.0,80.0
41,1,62,43,26.16,10.0,80.0
41,1,6296,43,26.16,10.0,80.0
41,1,6695,43,26.16,10.0,80.0
41,1,6739,43,26.16,10.0,80.0
41,1,7,43,26.16,10.0,80.0
41,1,7904,43,26.16,10.0,80.0
41,1,91,43,26.16,10.0,80.0
41,1,92,43,26.16,10.0,80.0
41,1,93,43,26.16,10.0,80.0
41,1,94,43,26.16,10.0,80.0
41,1,95,43,26.16,10.0,80.0
41,1,96,43,26.16,10.0,80.0
41,1,97,43,26.16,10.0,80.0
41,1,98,43,26.16,10.0,80.0
41,1,99,43,26.16,10.0,80.0
705,1,1015,51,26.18,10.0,335.0
705,1,1056,51,26.18,10.0,335.0
705,1,1058,51,26.18,10.0,335.0
705,1,107,51,26.18,10.0,335.0
705,1,1204,51,26.18,10.0,335.0
705,1,1638,51,26.18,10.0,335.0
705,1,1643,51,26.18,10.0,335.0
705,1,1743,51,26.18,10.0,335.0
705,1,1744,51,26.18,10.0,335.0
705,1,1746,51,26.18,10.0,335.0
705,1,18,51,26.18,10.0,335.0
705,1,1827,51,26.18,10.0,335.0
705,1,19,51,26.18,10.0,335.0
705,1,20,51,26.18,10.0,335.0
705,1,24,51,26.18,10.0,335.0
705,1,319,51,26.18,10.0,335.0
705,1,349,51,26.18,10.0,335.0
705,1,3846,51,26.18,10.0,335.0
705,1,3847,51,26.18,10.0,335.0
705,1,3848,51,26.18,10.0,335.0
705,1,41,51,26.18,10.0,335.0
705,1,42,51,26.18,10.0,335.0
705,1,43,51,26.18,10.0,335.0
705,1,44,51,26.18,10.0,335.0
705,1,45,51,26.18,10.0,335.0
705,1,46,51,26.18,10.0,335.0
705,1,460,51,26.18,10.0,335.0
705,1,461,51,26.18,10.0,335.0
705,1,47,51,26.18,10.0,335.0
705,1,48,51,26.18,10.0,335.0
705,1,50,51,26.18,10.0,335.0
705,1,51,51,26.18,10.0,335.0
705,1,52,51,26.18,10.0,335.0
705,1,53,51,26.18,10.0,335.0
705,1,5894,51,26.18,10.0,335.0
705,1,5898,51,26.18,10.0,335.0
705,1,594,51,26.18,10.0,335.0
705,1,595,51,26.18,10.0,335.0
705,1,596,51,26.18,10.0,335.0
705,1,597,51,26.18,10.0,335.0
705,1,598,51,26.18,10.0,335.0
705,1,599,51,26.18,10.0,335.0
705,1,6296,51,26.18,10.0,335.0
705,1,6527,51,26.18,10.0,335.0
705,1,6941,51,26.18,10.0,335.0
705,1,6943,51,26.18,10.0,335.0
705,1,6944,51,26.18,10.0,335.0
705,1,6945,51,26.18,10.0,335.0
705,1,7735,51,26.18,10.0,335.0
705,1,994,51,26.18,10.0,335.0
419,1,145,39,26.28,5.0,90.0
419,1,3315,39,26.28,5.0,90.0
419,1,343,39,26.28,5.0,90.0
419,1,344,39,26.28,5.0,90.0
419,1,381,39,26.28,5.0,90.0
419,1,382,39,26.28,5.0,90.0
419,1,385,39,26.28,5.0,90.0
419,1,3850,39,26.28,5.0,90.0
419,1,40,39,26.28,5.0,90.0
419,1,41,39,26.28,5.0,90.0
419,1,42,39,26.28,5.0,90.0
419,1,43,39,26.28,5.0,90.0
419,1,44,39,26.28,5.0,90.0
419,1,45,39,26.28,5.0,90.0
419,1,492,39,26.28,5.0,90.0
419,1,493,39,26.28,5.0,90.0
419,1,494,39,26.28,5.0,90.0
419,1,495,39,26.28,5.0,90.0
419,1,496,39,26.28,5.0,90.0
419,1,497,39,26.28,5.0,90.0
419,1,498,39,26.28,5.0,90.0
419,1,499,39,26.28,5.0,90.0
419,1,500,39,26.28,5.0,90.0
419,1,501,39,26.28,5.0,90.0
419,1,502,39,26.28,5.0,90.0
419,1,503,39,26.28,5.0,90.0
419,1,5033,39,26.28,5.0,90.0
419,1,504,39,26.28,5.0,90.0
419,1,505,39,26.28,5.0,90.0
419,1,51,39,26.28,5.0,90.0
419,1,52,39,26.28,5.0,90.0
419,1,521,39,26.28,5.0,90.0
419,1,522,39,26.28,5.0,90.0
419,1,527,39,26.28,5.0,90.0
419,1,528,39,26.28,5.0,90.0
177,1,106812,51,26.37,5.0,305.0
177,1,107,51,26.37,5.0,305.0
177,1,1323,51,26.37,5.0,305.0
177,1,1324,51,26.37,5.0,305.0
177,1,1325,51,26.37,5.0,305.0
177,1,1702,51,26.37,5.0,305.0
177,1,1711,51,26.37,5.0,305.0
177,1,1749,51,26.37,5.0,305.0
177,1,1751,51,26.37,5.0,305.0
177,1,1758,51,26.37,5.0,305.0
177,1,1760,51,26.37,5.0,305.0
177,1,1761,51,26.37,5.0,305.0
177,1,1762,51,26.37,5.0,305.0
177,1,1763,51,26.37,5.0,305.0
177,1,1764,51,26.37,5.0,305.0
177,1,1767,51,26.37,5.0,305.0
177,1,2111,51,26.37,5.0,305.0
177,1,2112,51,26.37,5.0,305.0
177,1,2114,51,26.37,5.0,305.0
177,1,2119,51,26.37,5.0,305.0
177,1,2230,51,26.37,5.0,305.0
177,1,248,51,26.37,5.0,305.0
177,1,253,51,26.37,5.0,305.0
177,1,310,51,26.37,5.0,305.0
177,1,311,51,26.37,5.0,305.0
177,1,312,51,26.37,5.0,305.0
177,1,313,51,26.37,5.0,305.0
177,1,314,51,26.37,5.0,305.0
177,1,315,51,26.37,5.0,305.0
177,1,316,51,26.37,5.0,305.0
177,1,317,51,26.37,5.0,305.0
177,1,320,51,26.37,5.0,305.0
177,1,3755,51,26.37,5.0,305.0
177,1,413,51,26.37,5.0,305.0
177,1,415,51,26.37,5.0,305.0
177,1,433,51,26.37,5.0,305.0
177,1,435,51,26.37,5.0,305.0
177,1,436,51,26.37,5.0,305.0
177,1,437,51,26.37,5.0,305.0
177,1,438,51,26.37,5.0,305.0
177,1,439,51,26.37,5.0,305.0
177,1,440,51,26.37,5.0,305.0
177,1,462,51,26.37,5.0,305.0
177,1,463,51,26.37,5.0,305.0
177,1,464,51,26.37,5.0,305.0
177,1,741,51,26.37,5.0,305.0
177,1,766,51,26.37,5.0,305.0
177,1,785,51,26.37,5.0,305.0
177,1,801,51,26.37,5.0,305.0
177,1,802,51,26.37,5.0,305.0
177,1,803,51,26.37,5.0,305.0
177,1,804,51,26.37,5.0,305.0
177,1,805,51,26.37,5.0,305.0
177,1,806,51,26.37,5.0,305.0
1031,1,105,35,26.43,20.0,35.0
1031,1,106,35,26.43,20.0,35.0
1031,1,107,35,26.43,20.0,35.0
1031,1,149,35,26.43,20.0,35.0
1031,1,150,35,26.43,20.0,35.0
1031,1,151,35,26.43,20.0,35.0
1031,1,152,35,26.43,20.0,35.0
1031,1,153,35,26.43,20.0,35.0
1031,1,155,35,26.43,20.0,35.0
1031,1,160,35,26.43,20.0,35.0
1031,1,165,35,26.43,20.0,35.0
1031,1,166,35,26.43,20.0,35.0
1031,1,167,35,26.43,20.0,35.0
1031,1,168,35,26.43,20.0,35.0
1031,1,169,35,26.43,20.0,35.0
1031,1,170,35,26.43,20.0,35.0
1031,1,171,35,26.43,20.0,35.0
1031,1,329,35,26.43,20.0,35.0
1031,1,340,35,26.43,20.0,35.0
1031,1,341,35,26.43,20.0,35.0
1031,1,343,35,26.43,20.0,35.0
1031,1,344,35,26.43,20.0,35.0
1031,1,345,35,26.43,20.0,35.0
1031,1,346,35,26.43,20.0,35.0
1031,1,347,35,26.43,20.0,35.0
1031,1,348,35,26.43,20.0,35.0
1031,1,4533,35,26.43,20.0,35.0
1031,1,4541,35,26.43,20.0,35.0
1031,1,4615,35,26.43,20.0,35.0
1031,1,4616,35,26.43,20.0,35.0
1031,1,4617,35,26.43,20.0,35.0
1031,1,4618,35,26.43,20.0,35.0
1031,1,4619,35,26.43,20.0,35.0
1031,1,4620,35,26.43,20.0,35.0
1031,1,4621,35,26.43,20.0,35.0
1031,1,4622,35,26.43,20.0,35.0
1031,1,4623,35,26.43,20.0,35.0
1031,1,4624,35,26.43,20.0,35.0
1031,1,4625,35,26.43,20.0,35.0
1031,1,5033,35,26.43,20.0,35.0
927,0,1749,39,26.54,5.0,70.0
927,0,1750,39,26.54,5.0,70.0
927,0,1751,39,26.54,5.0,70.0
927,0,1752,39,26.54,5.0,70.0
927,0,1753,39,26.54,5.0,70.0
927,0,1754,39,26.54,5.0,70.0
927,0,1756,39,26.54,5.0,70.0
927,0,1757,39,26.54,5.0,70.0
927,0,3390,39,26.54,5.0,70.0
927,0,3414,39,26.54,5.0,70.0
927,0,3415,39,26.54,5.0,70.0
927,0,3416,39,26.54,5.0,70.0
927,0,3417,39,26.54,5.0,70.0
927,0,3418,39,26.54,5.0,70.0
927,0,3419,39,26.54,5.0,70.0
927,0,3420,39,26.54,5.0,70.0
927,0,3421,39,26.54,5.0,70.0
927,0,3422,39,26.54,5.0,70.0
927,0,3423,39,26.54,5.0,70.0
927,0,3424,39,26.54,5.0,70.0
927,0,3425,39,26.54,5.0,70.0
927,0,3426,39,26.54,5.0,70.0
927,0,3427,39,26.54,5.0,70.0
927,0,3428,39,26.54,5.0,70.0
927,0,3698,39,26.54,5.0,70.0
927,0,3699,39,26.54,5.0,70.0
927,0,3700,39,26.54,5.0,70.0
927,0,3701,39,26.54,5.0,70.0
927,0,3702,39,26.54,5.0,70.0
927,0,3703,39,26.54,5.0,70.0
927,0,3704,39,26.54,5.0,70.0
927,0,3705,39,26.54,5.0,70.0
927,0,3706,39,26.54,5.0,70.0
927,0,3707,39,26.54,5.0,70.0
927,0,3709,39,26.54,5.0,70.0
927,0,3710,39,26.54,5.0,70.0
927,0,3711,39,26.54,5.0,70.0
927,0,3712,39,26.54,5.0,70.0
927,0,3713,39,26.54,5.0,70.0
927,0,3758,39,26.54,5.0,70.0
927,0,8164,39,26.54,5.0,70.0
849,1,100,38,26.58,5.0,115.0
849,1,101,38,26.58,5.0,115.0
849,1,1085,38,26.58,5.0,115.0
849,1,1263,38,26.58,5.0,115.0
849,1,141,38,26.58,5.0,115.0
849,1,1891,38,26.58,5.0,115.0
849,1,1950,38,26.58,5.0,115.0
849,1,1953,38,26.58,5.0,115.0
849,1,4429,38,26.58,5.0,115.0
849,1,4430,38,26.58,5.0,115.0
849,1,4431,38,26.58,5.0,115.0
849,1,4432,38,26.58,5.0,115.0
849,1,4832,38,26.58,5.0,115.0
849,1,4833,38,26.58,5.0,115.0
849,1,4834,38,26.58,5.0,115.0
849,1,4836,38,26.58,5.0,115.0
849,1,4839,38,26.58,5.0,115.0
849,1,4840,38,26.58,5.0,115.0
849,1,4842,38,26.58,5.0,115.0
849,1,4843,38,26.58,5.0,115.0
849,1,4845,38,26.58,5.0,115.0
849,1,4846,38,26.58,5.0,115.0
849,1,4847,38,26.58,5.0,115.0
849,1,4848,38,26.58,5.0,115.0
849,1,4849,38,26.58,5.0,115.0
849,1,4851,38,26.58,5.0,115.0
849,1,4852,38,26.58,5.0,115.0
849,1,58,38,26.58,5.0,115.0
849,1,59,38,26.58,5.0,115.0
849,1,6,38,26.58,5.0,115.0
849,1,60,38,26.58,5.0,115.0
849,1,61,38,26.58,5.0,115.0
849,1,62,38,26.58,5.0,115.0
849,1,7,38,26.58,5.0,115.0
849,1,7781,38,26.58,5.0,115.0
849,1,7786,38,26.58,5.0,115.0
849,1,7787,38,26.58,5.0,115.0
849,1,7789,38,26.58,5.0,115.0
849,1,7886,38,26.58,5.0,115.0
849,1,7892,38,26.58,5.0,115.0
849,1,7938,38,26.58,5.0,115.0
849,1,8349,38,26.58,5.0,115.0
849,1,88,38,26.58,5.0,115.0
849,1,89,38,26.58,5.0,115.0
849,1,90,38,26.58,5.0,115.0
849,1,91,38,26.58,5.0,115.0
849,1,92,38,26.58,5.0,115.0
849,1,9299,38,26.58,5.0,115.0
849,1,93,38,26.58,5.0,115.0
849,1,94,38,26.58,5.0,115.0
849,1,95,38,26.58,5.0,115.0
849,1,96,38,26.58,5.0,115.0
849,1,97,38,26.58,5.0,115.0
849,1,98,38,26.58,5.0,115.0
849,1,99,38,26.58,5.0,115.0
606,1,106478,39,26.67,5.0,90.0
606,1,106479,39,26.67,5.0,90.0
606,1,106833,39,26.67,5.0,90.0
606,1,1746,39,26.67,5.0,90.0
606,1,6052,39,26.67,5.0,90.0
606,1,6100,39,26.67,5.0,90.0
606,1,6193,39,26.67,5.0,90.0
606,1,6197,39,26.67,5.0,90.0
606,1,6198,39,26.67,5.0,90.0
606,1,6217,39,26.67,5.0,90.0
606,1,6218,39,26.67,5.0,90.0
606,1,6220,39,26.67,5.0,90.0
606,1,6222,39,26.67,5.0,90.0
606,1,6223,39,26.67,5.0,90.0
606,1,6224,39,26.67,5.0,90.0
606,1,6225,39,26.67,5.0,90.0
606,1,6226,39,26.67,5.0,90.0
606,1,6227,39,26.67,5.0,90.0
606,1,6228,39,26.67,5.0,90.0
606,1,6229,39,26.67,5.0,90.0
606,1,6230,39,26.67,5.0,90.0
606,1,6233,39,26.67,5.0,90.0
606,1,6234,39,26.67,5.0,90.0
606,1,6235,39,26.67,5.0,90.0
606,1,6880,39,26.67,5.0,90.0
606,1,6881,39,26.67,5.0,90.0
606,1,6882,39,26.67,5.0,90.0
606,1,6885,39,26.67,5.0,90.0
606,1,6886,39,26.67,5.0,90.0
606,1,6887,39,26.67,5.0,90.0
606,1,6897,39,26.67,5.0,90.0
606,1,7122,39,26.67,5.0,90.0
606,1,7123,39,26.67,5.0,90.0
606,1,7124,39,26.67,5.0,90.0
606,1,7125,39,26.67,5.0,90.0
606,1,7126,39,26.67,5.0,90.0
606,1,7127,39,26.67,5.0,90.0
606,1,7128,39,26.67,5.0,90.0
606,1,7129,39,26.67,5.0,90.0
606,1,7130,39,26.67,5.0,90.0
606,1,7131,39,26.67,5.0,90.0
606,1,7134,39,26.67,5.0,90.0
606,1,7135,39,26.67,5.0,90.0
606,1,7136,39,26.67,5.0,90.0
606,1,7140,39,26.67,5.0,90.0
606,1,7141,39,26.67,5.0,90.0
606,1,7308,39,26.67,5.0,90.0
606,1,7449,39,26.67,5.0,90.0
606,1,7452,39,26.67,5.0,90.0
606,1,7454,39,26.67,5.0,90.0
606,1,7465,39,26.67,5.0,90.0
606,1,813,39,26.67,5.0,90.0
606,1,817,39,26.67,5.0,90.0
606,1,820,39,26.67,5.0,90.0
606,1,822,39,26.67,5.0,90.0
606,1,926,39,26.67,5.0,90.0
606,1,930,39,26.67,5.0,90.0
1028,0,107,35,26.71,20.0,30.0
1028,0,114,35,26.71,20.0,30.0
1028,0,115,35,26.71,20.0,30.0
1028,0,116,35,26.71,20.0,30.0
1028,0,117,35,26.71,20.0,30.0
1028,0,118,35,26.71,20.0,30.0
1028,0,119,35,26.71,20.0,30.0
1028,0,120,35,26.71,20.0,30.0
1028,0,121,35,26.71,20.0,30.0
1028,0,158,35,26.71,20.0,30.0
1028,0,159,35,26.71,20.0,30.0
1028,0,160,35,26.71,20.0,30.0
1028,0,161,35,26.71,20.0,30.0
1028,0,162,35,26.71,20.0,30.0
1028,0,163,35,26.71,20.0,30.0
1028,0,164,35,26.71,20.0,30.0
1028,0,319,35,26.71,20.0,30.0
1028,0,320,35,26.71,20.0,30.0
1028,0,321,35,26.71,20.0,30.0
1028,0,322,35,26.71,20.0,30.0
1028,0,323,35,26.71,20.0,30.0
1028,0,324,35,26.71,20.0,30.0
1028,0,325,35,26.71,20.0,30.0
1028,0,326,35,26.71,20.0,30.0
1028,0,327,35,26.71,20.0,30.0
1028,0,328,35,26.71,20.0,30.0
1028,0,329,35,26.71,20.0,30.0
1028,0,330,35,26.71,20.0,30.0
1028,0,331,35,26.71,20.0,30.0
1028,0,373,35,26.71,20.0,30.0
1028,0,4537,35,26.71,20.0,30.0
1028,0,4626,35,26.71,20.0,30.0
1028,0,4627,35,26.71,20.0,30.0
1028,0,4628,35,26.71,20.0,30.0
1028,0,4629,35,26.71,20.0,30.0
1028,0,4630,35,26.71,20.0,30.0
1028,0,4631,35,26.71,20.0,30.0
1028,0,4632,35,26.71,20.0,30.0
1028,0,4633,35,26.71,20.0,30.0
1028,0,4634,35,26.71,20.0,30.0
1028,0,4635,35,26.71,20.0,30.0
281,0,106822,37,26.76,10.0,50.0
281,0,107,37,26.76,10.0,50.0
281,0,149,37,26.76,10.0,50.0
281,0,150,37,26.76,10.0,50.0
281,0,152,37,26.76,10.0,50.0
281,0,1962,37,26.76,10.0,50.0
281,0,1963,37,26.76,10.0,50.0
281,0,1967,37,26.76,10.0,50.0
281,0,1968,37,26.76,10.0,50.0
281,0,1969,37,26.76,10.0,50.0
281,0,1970,37,26.76,10.0,50.0
281,0,1971,37,26.76,10.0,50.0
281,0,1972,37,26.76,10.0,50.0
281,0,1973,37,26.76,10.0,50.0
281,0,1974,37,26.76,10.0,50.0
281,0,1975,37,26.76,10.0,50.0
281,0,1976,37,26.76,10.0,50.0
281,0,1977,37,26.76,10.0,50.0
281,0,1978,37,26.76,10.0,50.0
281,0,200,37,26.76,10.0,50.0
281,0,218,37,26.76,10.0,50.0
281,0,219,37,26.76,10.0,50.0
281,0,220,37,26.76,10.0,50.0
281,0,221,37,26.76,10.0,50.0
281,0,222,37,26.76,10.0,50.0
281,0,223,37,26.76,10.0,50.0
281,0,2230,37,26.76,10.0,50.0
281,0,224,37,26.76,10.0,50.0
281,0,277,37,26.76,10.0,50.0
281,0,278,37,26.76,10.0,50.0
281,0,281,37,26.76,10.0,50.0
281,0,282,37,26.76,10.0,50.0
281,0,285,37,26.76,10.0,50.0
281,0,3100,37,26.76,10.0,50.0
281,0,3165,37,26.76,10.0,50.0
281,0,3166,37,26.76,10.0,50.0
281,0,3167,37,26.76,10.0,50.0
281,0,3168,37,26.76,10.0,50.0
281,0,3169,37,26.76,10.0,50.0
281,0,3170,37,26.76,10.0,50.0
281,0,3171,37,26.76,10.0,50.0
281,0,3172,37,26.76,10.0,50.0
281,0,325,37,26.76,10.0,50.0
281,0,326,37,26.76,10.0,50.0
281,0,343,37,26.76,10.0,50.0
281,0,344,37,26.76,10.0,50.0
281,0,4533,37,26.76,10.0,50.0
281,0,4542,37,26.76,10.0,50.0
281,0,462,37,26.76,10.0,50.0
281,0,5033,37,26.76,10.0,50.0
281,0,8202,37,26.76,10.0,50.0
605,0,106478,39,26.79,10.0,60.0
605,0,106479,39,26.79,10.0,60.0
605,0,2123,39,26.79,10.0,60.0
605,0,5844,39,26.79,10.0,60.0
605,0,6038,39,26.79,10.0,60.0
605,0,6052,39,26.79,10.0,60.0
605,0,6193,39,26.79,10.0,60.0
605,0,6194,39,26.79,10.0,60.0
605,0,6195,39,26.79,10.0,60.0
605,0,6196,39,26.79,10.0,60.0
605,0,6197,39,26.79,10.0,60.0
605,0,6198,39,26.79,10.0,60.0
605,0,6199,39,26.79,10.0,60.0
605,0,6201,39,26.79,10.0,60.0
605,0,6202,39,26.79,10.0,60.0
605,0,6203,39,26.79,10.0,60.0
605,0,6204,39,26.79,10.0,60.0
605,0,6205,39,26.79,10.0,60.0
605,0,6206,39,26.79,10.0,60.0
605,0,6207,39,26.79,10.0,60.0
605,0,6208,39,26.79,10.0,60.0
605,0,6209,39,26.79,10.0,60.0
605,0,6210,39,26.79,10.0,60.0
605,0,6212,39,26.79,10.0,60.0
605,0,6213,39,26.79,10.0,60.0
605,0,6214,39,26.79,10.0,60.0
605,0,6215,39,26.79,10.0,60.0
605,0,6216,39,26.79,10.0,60.0
605,0,7047,39,26.79,10.0,60.0
605,0,7129,39,26.79,10.0,60.0
605,0,7137,39,26.79,10.0,60.0
605,0,7138,39,26.79,10.0,60.0
605,0,7139,39,26.79,10.0,60.0
605,0,7140,39,26.79,10.0,60.0
605,0,7141,39,26.79,10.0,60.0
605,0,7142,39,26.79,10.0,60.0
605,0,7143,39,26.79,10.0,60.0
605,0,7145,39,26.79,10.0,60.0
605,0,7146,39,26.79,10.0,60.0
605,0,7147,39,26.79,10.0,60.0
605,0,7148,39,26.79,10.0,60.0
605,0,7149,39,26.79,10.0,60.0
605,0,7150,39,26.79,10.0,60.0
605,0,7151,39,26.79,10.0,60.0
605,0,7304,39,26.79,10.0,60.0
605,0,7445,39,26.79,10.0,60.0
605,0,7459,39,26.79,10.0,60.0
605,0,812,39,26.79,10.0,60.0
605,0,823,39,26.79,10.0,60.0
605,0,928,39,26.79,10.0,60.0
678,0,1031,41,26.83,10.0,80.0
678,0,1032,41,26.83,10.0,80.0
678,0,1033,41,26.83,10.0,80.0
678,0,1034,41,26.83,10.0,80.0
678,0,1035,41,26.83,10.0,80.0
678,0,1040,41,26.83,10.0,80.0
678,0,1041,41,26.83,10.0,80.0
678,0,1043,41,26.83,10.0,80.0
678,0,1044,41,26.83,10.0,80.0
678,0,1045,41,26.83,10.0,80.0
678,0,1047,41,26.83,10.0,80.0
678,0,1048,41,26.83,10.0,80.0
678,0,1369,41,26.83,10.0,80.0
678,0,1370,41,26.83,10.0,80.0
678,0,1371,41,26.83,10.0,80.0
678,0,1372,41,26.83,10.0,80.0
678,0,1373,41,26.83,10.0,80.0
678,0,1374,41,26.83,10.0,80.0
678,0,1375,41,26.83,10.0,80.0
678,0,1382,41,26.83,10.0,80.0
678,0,1398,41,26.83,10.0,80.0
678,0,1399,41,26.83,10.0,80.0
678,0,1423,41,26.83,10.0,80.0
678,0,1426,41,26.83,10.0,80.0
678,0,1566,41,26.83,10.0,80.0
678,0,1567,41,26.83,10.0,80.0
678,0,1568,41,26.83,10.0,80.0
678,0,1570,41,26.83,10.0,80.0
678,0,1571,41,26.83,10.0,80.0
678,0,1582,41,26.83,10.0,80.0
678,0,1632,41,26.83,10.0,80.0
678,0,1634,41,26.83,10.0,80.0
678,0,1635,41,26.83,10.0,80.0
678,0,1742,41,26.83,10.0,80.0
678,0,2105,41,26.83,10.0,80.0
678,0,2106,41,26.83,10.0,80.0
678,0,2107,41,26.83,10.0,80.0
678,0,2109,41,26.83,10.0,80.0
678,0,2110,41,26.83,10.0,80.0
678,0,2229,41,26.83,10.0,80.0
678,0,2303,41,26.83,10.0,80.0
678,0,3045,41,26.83,10.0,80.0
678,0,5844,41,26.83,10.0,80.0
678,0,725,41,26.83,10.0,80.0
678,0,779,41,26.83,10.0,80.0
678,0,780,41,26.83,10.0,80.0
678,0,781,41,26.83,10.0,80.0
678,0,782,41,26.83,10.0,80.0
678,0,783,41,26.83,10.0,80.0
678,0,784,41,26.83,10.0,80.0
678,0,939,41,26.83,10.0,80.0
678,0,940,41,26.83,10.0,80.0
678,0,941,41,26.83,10.0,80.0
678,0,942,41,26.83,10.0,80.0
678,0,943,41,26.83,10.0,80.0
678,0,972,41,26.83,10.0,80.0
678,0,973,41,26.83,10.0,80.0
461,1,105,49,27.04,5.0,290.0
461,1,106564,49,27.04,5.0,290.0
461,1,107,49,27.04,5.0,290.0
461,1,1275,49,27.04,5.0,290.0
461,1,1277,49,27.04,5.0,290.0
461,1,130,49,27.04,5.0,290.0
461,1,131,49,27.04,5.0,290.0
461,1,1323,49,27.04,5.0,290.0
461,1,1324,49,27.04,5.0,290.0
461,1,1325,49,27.04,5.0,290.0
461,1,133,49,27.04,5.0,290.0
461,1,134,49,27.04,5.0,290.0
461,1,135,49,27.04,5.0,290.0
461,1,1369,49,27.04,5.0,290.0
461,1,1370,49,27.04,5.0,290.0
461,1,1374,49,27.04,5.0,290.0
461,1,1375,49,27.04,5.0,290.0
461,1,1379,49,27.04,5.0,290.0
461,1,138,49,27.04,5.0,290.0
461,1,1380,49,27.04,5.0,290.0
461,1,1381,49,27.04,5.0,290.0
461,1,1382,49,27.04,5.0,290.0
461,1,139,49,27.04,5.0,290.0
461,1,1400,49,27.04,5.0,290.0
461,1,1401,49,27.04,5.0,290.0
461,1,1402,49,27.04,5.0,290.0
461,1,141,49,27.04,5.0,290.0
461,1,142,49,27.04,5.0,290.0
461,1,172,49,27.04,5.0,290.0
461,1,1819,49,27.04,5.0,290.0
461,1,1820,49,27.04,5.0,290.0
461,1,1821,49,27.04,5.0,290.0
461,1,1822,49,27.04,5.0,290.0
461,1,1823,49,27.04,5.0,290.0
461,1,1966,49,27.04,5.0,290.0
461,1,2159,49,27.04,5.0,290.0
461,1,2230,49,27.04,5.0,290.0
461,1,2332,49,27.04,5.0,290.0
461,1,2333,49,27.04,5.0,290.0
461,1,2335,49,27.04,5.0,290.0
461,1,2336,49,27.04,5.0,290.0
461,1,2337,49,27.04,5.0,290.0
461,1,2338,49,27.04,5.0,290.0
461,1,2339,49,27.04,5.0,290.0
461,1,403,49,27.04,5.0,290.0
461,1,442,49,27.04,5.0,290.0
461,1,443,49,27.04,5.0,290.0
461,1,444,49,27.04,5.0,290.0
494,0,1024,27,27.04,10.0,180.0
494,0,1025,27,27.04,10.0,180.0
494,0,117,27,27.04,10.0,180.0
494,0,118,27,27.04,10.0,180.0
494,0,18,27,27.04,10.0,180.0
494,0,19,27,27.04,10.0,180.0
494,0,20,27,27.04,10.0,180.0
494,0,200,27,27.04,10.0,180.0
494,0,201,27,27.04,10.0,180.0
494,0,202,27,27.04,10.0,180.0
494,0,203,27,27.04,10.0,180.0
494,0,204,27,27.04,10.0,180.0
494,0,205,27,27.04,10.0,180.0
494,0,206,27,27.04,10.0,180.0
494,0,207,27,27.04,10.0,180.0
494,0,22,27,27.04,10.0,180.0
494,0,23,27,27.04,10.0,180.0
494,0,24,27,27.04,10.0,180.0
494,0,25,27,27.04,10.0,180.0
494,0,26,27,27.04,10.0,180.0
494,0,27,27,27.04,10.0,180.0
494,0,277,27,27.04,10.0,180.0
494,0,278,27,27.04,10.0,180.0
494,0,28,27,27.04,10.0,180.0
494,0,281,27,27.04,10.0,180.0
494,0,282,27,27.04,10.0,180.0
494,0,29,27,27.04,10.0,180.0
494,0,30,27,27.04,10.0,180.0
494,0,3842,27,27.04,10.0,180.0
494,0,3844,27,27.04,10.0,180.0
494,0,4475,27,27.04,10.0,180.0
494,0,4476,27,27.04,10.0,180.0
494,0,4477,27,27.04,10.0,180.0
494,0,4478,27,27.04,10.0,180.0
494,0,4479,27,27.04,10.0,180.0
494,0,4480,27,27.04,10.0,180.0
494,0,4482,27,27.04,10.0,180.0
494,0,4483,27,27.04,10.0,180.0
494,0,4484,27,27.04,10.0,180.0
494,0,5272,27,27.04,10.0,180.0
494,0,53,27,27.04,10.0,180.0
494,0,594,27,27.04,10.0,180.0
494,0,595,27,27.04,10.0,180.0
494,0,596,27,27.04,10.0,180.0
494,0,597,27,27.04,10.0,180.0
494,0,598,27,27.04,10.0,180.0
494,0,599,27,27.04,10.0,180.0
494,0,7736,27,27.04,10.0,180.0
494,0,7915,27,27.04,10.0,180.0
494,0,8202,27,27.04,10.0,180.0
494,0,8605,27,27.04,10.0,180.0
494,0,993,27,27.04,10.0,180.0
191,0,1157,36,27.08,5.0,140.0
191,0,1158,36,27.08,5.0,140.0
191,0,1159,36,27.08,5.0,140.0
191,0,1161,36,27.08,5.0,140.0
191,0,1162,36,27.08,5.0,140.0
191,0,1163,36,27.08,5.0,140.0
191,0,1164,36,27.08,5.0,140.0
191,0,1165,36,27.08,5.0,140.0
191,0,1166,36,27.08,5.0,140.0
191,0,1167,36,27.08,5.0,140.0
191,0,1168,36,27.08,5.0,140.0
191,0,1169,36,27.08,5.0,140.0
191,0,1340,36,27.08,5.0,140.0
191,0,2279,36,27.08,5.0,140.0
191,0,2280,36,27.08,5.0,140.0
191,0,2281,36,27.08,5.0,140.0
191,0,2282,36,27.08,5.0,140.0
191,0,2340,36,27.08,5.0,140.0
191,0,2342,36,27.08,5.0,140.0
191,0,35,36,27.08,5.0,140.0
191,0,3855,36,27.08,5.0,140.0
191,0,4532,36,27.08,5.0,140.0
191,0,6467,36,27.08,5.0,140.0
191,0,718,36,27.08,5.0,140.0
191,0,719,36,27.08,5.0,140.0
191,0,720,36,27.08,5.0,140.0
191,0,721,36,27.08,5.0,140.0
191,0,722,36,27.08,5.0,140.0
191,0,723,36,27.08,5.0,140.0
191,0,726,36,27.08,5.0,140.0
191,0,727,36,27.08,5.0,140.0
191,0,729,36,27.08,5.0,140.0
191,0,730,36,27.08,5.0,140.0
191,0,731,36,27.08,5.0,140.0
191,0,732,36,27.08,5.0,140.0
191,0,733,36,27.08,5.0,140.0
191,0,741,36,27.08,5.0,140.0
191,0,766,36,27.08,5.0,140.0
707,1,1006,9,27.22,25.0,30.0
707,1,1007,9,27.22,25.0,30.0
707,1,1008,9,27.22,25.0,30.0
707,1,1010,9,27.22,25.0,30.0
707,1,1041,9,27.22,25.0,30.0
707,1,1058,9,27.22,25.0,30.0
707,1,106707,9,27.22,25.0,30.0
707,1,106708,9,27.22,25.0,30.0
707,1,106709,9,27.22,25.0,30.0
707,1,106710,9,27.22,25.0,30.0
707,1,106711,9,27.22,25.0,30.0
707,1,19,9,27.22,25.0,30.0
707,1,52,9,27.22,25.0,30.0
707,1,53,9,27.22,25.0,30.0
707,1,5842,9,27.22,25.0,30.0
707,1,5843,9,27.22,25.0,30.0
707,1,5844,9,27.22,25.0,30.0
707,1,595,9,27.22,25.0,30.0
707,1,596,9,27.22,25.0,30.0
707,1,598,9,27.22,25.0,30.0
707,1,599,9,27.22,25.0,30.0
707,1,6298,9,27.22,25.0,30.0
707,1,6683,9,27.22,25.0,30.0
707,1,6737,9,27.22,25.0,30.0
707,1,6739,9,27.22,25.0,30.0
707,1,6743,9,27.22,25.0,30.0
707,1,6948,9,27.22,25.0,30.0
707,1,6949,9,27.22,25.0,30.0
707,1,7226,9,27.22,25.0,30.0
707,1,7243,9,27.22,25.0,30.0
792,0,2123,38,27.5,5.0,60.0
792,0,6038,38,27.5,5.0,60.0
792,0,6052,38,27.5,5.0,60.0
792,0,6202,38,27.5,5.0,60.0
792,0,6203,38,27.5,5.0,60.0
792,0,6204,38,27.5,5.0,60.0
792,0,6205,38,27.5,5.0,60.0
792,0,6206,38,27.5,5.0,60.0
792,0,6207,38,27.5,5.0,60.0
792,0,6208,38,27.5,5.0,60.0
792,0,6209,38,27.5,5.0,60.0
792,0,6210,38,27.5,5.0,60.0
792,0,6212,38,27.5,5.0,60.0
792,0,6213,38,27.5,5.0,60.0
792,0,6214,38,27.5,5.0,60.0
792,0,6215,38,27.5,5.0,60.0
792,0,6260,38,27.5,5.0,60.0
792,0,6879,38,27.5,5.0,60.0
792,0,6880,38,27.5,5.0,60.0
792,0,6881,38,27.5,5.0,60.0
792,0,6882,38,27.5,5.0,60.0
792,0,7110,38,27.5,5.0,60.0
792,0,7111,38,27.5,5.0,60.0
792,0,7166,38,27.5,5.0,60.0
792,0,7304,38,27.5,5.0,60.0
792,0,7305,38,27.5,5.0,60.0
792,0,7428,38,27.5,5.0,60.0
792,0,7429,38,27.5,5.0,60.0
792,0,7430,38,27.5,5.0,60.0
792,0,7431,38,27.5,5.0,60.0
792,0,7432,38,27.5,5.0,60.0
792,0,7433,38,27.5,5.0,60.0
792,0,7434,38,27.5,5.0,60.0
792,0,7435,38,27.5,5.0,60.0
792,0,7436,38,27.5,5.0,60.0
792,0,7437,38,27.5,5.0,60.0
792,0,7438,38,27.5,5.0,60.0
792,0,7445,38,27.5,5.0,60.0
792,0,7459,38,27.5,5.0,60.0
792,0,812,38,27.5,5.0,60.0
792,0,820,38,27.5,5.0,60.0
792,0,822,38,27.5,5.0,60.0
792,0,928,38,27.5,5.0,60.0
792,0,929,38,27.5,5.0,60.0
706,0,1007,9,27.78,25.0,30.0
706,0,1011,9,27.78,25.0,30.0
706,0,1013,9,27.78,25.0,30.0
706,0,106703,9,27.78,25.0,30.0
706,0,106704,9,27.78,25.0,30.0
706,0,106705,9,27.78,25.0,30.0
706,0,106706,9,27.78,25.0,30.0
706,0,1645,9,27.78,25.0,30.0
706,0,1746,9,27.78,25.0,30.0
706,0,18,9,27.78,25.0,30.0
706,0,19,9,27.78,25.0,30.0
706,0,22,9,27.78,25.0,30.0
706,0,53,9,27.78,25.0,30.0
706,0,5845,9,27.78,25.0,30.0
706,0,5847,9,27.78,25.0,30.0
706,0,5848,9,27.78,25.0,30.0
706,0,594,9,27.78,25.0,30.0
706,0,595,9,27.78,25.0,30.0
706,0,596,9,27.78,25.0,30.0
706,0,597,9,27.78,25.0,30.0
706,0,598,9,27.78,25.0,30.0
706,0,599,9,27.78,25.0,30.0
706,0,6295,9,27.78,25.0,30.0
706,0,6683,9,27.78,25.0,30.0
706,0,6734,9,27.78,25.0,30.0
706,0,6737,9,27.78,25.0,30.0
706,0,6949,9,27.78,25.0,30.0
706,0,7228,9,27.78,25.0,30.0
706,0,7245,9,27.78,25.0,30.0
706,0,7258,9,27.78,25.0,30.0
1049,1,1242,32,27.97,15.0,50.0
1049,1,1800,32,27.97,15.0,50.0
1049,1,1803,32,27.97,15.0,50.0
1049,1,1804,32,27.97,15.0,50.0
1049,1,1805,32,27.97,15.0,50.0
1049,1,1806,32,27.97,15.0,50.0
1049,1,1807,32,27.97,15.0,50.0
1049,1,8282,32,27.97,15.0,50.0
1049,1,8283,32,27.97,15.0,50.0
1049,1,8608,32,27.97,15.0,50.0
1049,1,8609,32,27.97,15.0,50.0
1049,1,8610,32,27.97,15.0,50.0
194,1,1170,35,28.14,15.0,60.0
194,1,1171,35,28.14,15.0,60.0
194,1,1172,35,28.14,15.0,60.0
194,1,1173,35,28.14,15.0,60.0
194,1,1174,35,28.14,15.0,60.0
194,1,1175,35,28.14,15.0,60.0
194,1,1176,35,28.14,15.0,60.0
194,1,1177,35,28.14,15.0,60.0
194,1,1179,35,28.14,15.0,60.0
194,1,1180,35,28.14,15.0,60.0
194,1,1181,35,28.14,15.0,60.0
194,1,1182,35,28.14,15.0,60.0
194,1,1340,35,28.14,15.0,60.0
194,1,2243,35,28.14,15.0,60.0
194,1,2244,35,28.14,15.0,60.0
194,1,2284,35,28.14,15.0,60.0
194,1,2285,35,28.14,15.0,60.0
194,1,2286,35,28.14,15.0,60.0
194,1,2287,35,28.14,15.0,60.0
194,1,2288,35,28.14,15.0,60.0
194,1,2289,35,28.14,15.0,60.0
194,1,2290,35,28.14,15.0,60.0
194,1,2291,35,28.14,15.0,60.0
194,1,2292,35,28.14,15.0,60.0
194,1,2293,35,28.14,15.0,60.0
194,1,2294,35,28.14,15.0,60.0
194,1,2295,35,28.14,15.0,60.0
194,1,2296,35,28.14,15.0,60.0
194,1,2302,35,28.14,15.0,60.0
194,1,2303,35,28.14,15.0,60.0
194,1,40,35,28.14,15.0,60.0
194,1,6935,35,28.14,15.0,60.0
194,1,726,35,28.14,15.0,60.0
194,1,733,35,28.14,15.0,60.0
194,1,734,35,28.14,15.0,60.0
194,1,735,35,28.14,15.0,60.0
194,1,736,35,28.14,15.0,60.0
194,1,737,35,28.14,15.0,60.0
194,1,738,35,28.14,15.0,60.0
194,1,739,35,28.14,15.0,60.0
194,1,740,35,28.14,15.0,60.0
194,1,744,35,28.14,15.0,60.0
194,1,745,35,28.14,15.0,60.0
194,1,746,35,28.14,15.0,60.0
194,1,747,35,28.14,15.0,60.0
194,1,767,35,28.14,15.0,60.0
194,1,768,35,28.14,15.0,60.0
183,1,107,37,28.24,5.0,100.0
183,1,1323,37,28.24,5.0,100.0
183,1,1324,37,28.24,5.0,100.0
183,1,1325,37,28.24,5.0,100.0
183,1,2111,37,28.24,5.0,100.0
183,1,2112,37,28.24,5.0,100.0
183,1,2114,37,28.24,5.0,100.0
183,1,2221,37,28.24,5.0,100.0
183,1,2229,37,28.24,5.0,100.0
183,1,4549,37,28.24,5.0,100.0
183,1,4551,37,28.24,5.0,100.0
183,1,698,37,28.24,5.0,100.0
183,1,700,37,28.24,5.0,100.0
183,1,701,37,28.24,5.0,100.0
183,1,702,37,28.24,5.0,100.0
183,1,703,37,28.24,5.0,100.0
183,1,705,37,28.24,5.0,100.0
183,1,718,37,28.24,5.0,100.0
183,1,744,37,28.24,5.0,100.0
183,1,745,37,28.24,5.0,100.0
183,1,746,37,28.24,5.0,100.0
183,1,748,37,28.24,5.0,100.0
183,1,749,37,28.24,5.0,100.0
183,1,750,37,28.24,5.0,100.0
183,1,751,37,28.24,5.0,100.0
183,1,752,37,28.24,5.0,100.0
183,1,753,37,28.24,5.0,100.0
183,1,754,37,28.24,5.0,100.0
183,1,755,37,28.24,5.0,100.0
183,1,756,37,28.24,5.0,100.0
183,1,757,37,28.24,5.0,100.0
183,1,758,37,28.24,5.0,100.0
183,1,759,37,28.24,5.0,100.0
183,1,761,37,28.24,5.0,100.0
183,1,768,37,28.24,5.0,100.0
183,1,769,37,28.24,5.0,100.0
183,1,770,37,28.24,5.0,100.0
183,1,771,37,28.24,5.0,100.0
134,0,1032,36,28.33,10.0,30.0
134,0,1033,36,28.33,10.0,30.0
134,0,1034,36,28.33,10.0,30.0
134,0,1035,36,28.33,10.0,30.0
134,0,1043,36,28.33,10.0,30.0
134,0,1044,36,28.33,10.0,30.0
134,0,1045,36,28.33,10.0,30.0
134,0,1047,36,28.33,10.0,30.0
134,0,1048,36,28.33,10.0,30.0
134,0,105,36,28.33,10.0,30.0
134,0,1204,36,28.33,10.0,30.0
134,0,1637,36,28.33,10.0,30.0
134,0,1642,36,28.33,10.0,30.0
134,0,1645,36,28.33,10.0,30.0
134,0,1652,36,28.33,10.0,30.0
134,0,1658,36,28.33,10.0,30.0
134,0,1660,36,28.33,10.0,30.0
134,0,1661,36,28.33,10.0,30.0
134,0,1662,36,28.33,10.0,30.0
134,0,1667,36,28.33,10.0,30.0
134,0,1671,36,28.33,10.0,30.0
134,0,1677,36,28.33,10.0,30.0
134,0,1680,36,28.33,10.0,30.0
134,0,1683,36,28.33,10.0,30.0
134,0,1685,36,28.33,10.0,30.0
134,0,1689,36,28.33,10.0,30.0
134,0,1690,36,28.33,10.0,30.0
134,0,1694,36,28.33,10.0,30.0
134,0,1742,36,28.33,10.0,30.0
134,0,264,36,28.33,10.0,30.0
134,0,3211,36,28.33,10.0,30.0
134,0,409,36,28.33,10.0,30.0
134,0,410,36,28.33,10.0,30.0
134,0,411,36,28.33,10.0,30.0
134,0,418,36,28.33,10.0,30.0
134,0,422,36,28.33,10.0,30.0
134,0,424,36,28.33,10.0,30.0
134,0,429,36,28.33,10.0,30.0
134,0,436,36,28.33,10.0,30.0
134,0,437,36,28.33,10.0,30.0
134,0,4387,36,28.33,10.0,30.0
134,0,450,36,28.33,10.0,30.0
134,0,454,36,28.33,10.0,30.0
134,0,460,36,28.33,10.0,30.0
134,0,462,36,28.33,10.0,30.0
134,0,463,36,28.33,10.0,30.0
134,0,5844,36,28.33,10.0,30.0
134,0,6307,36,28.33,10.0,30.0
134,0,730,36,28.33,10.0,30.0
134,0,731,36,28.33,10.0,30.0
134,0,739,36,28.33,10.0,30.0
134,0,939,36,28.33,10.0,30.0
134,0,943,36,28.33,10.0,30.0
134,0,945,36,28.33,10.0,30.0
134,0,947,36,28.33,10.0,30.0
134,0,948,36,28.33,10.0,30.0
134,0,954,36,28.33,10.0,30.0
134,0,972,36,28.33,10.0,30.0
182,0,106815,36,28.33,5.0,60.0
182,0,106816,36,28.33,5.0,60.0
182,0,107,36,28.33,5.0,60.0
182,0,1148,36,28.33,5.0,60.0
182,0,1321,36,28.33,5.0,60.0
182,0,1322,36,28.33,5.0,60.0
182,0,2107,36,28.33,5.0,60.0
182,0,2109,36,28.33,5.0,60.0
182,0,2110,36,28.33,5.0,60.0
182,0,2226,36,28.33,5.0,60.0
182,0,2229,36,28.33,5.0,60.0
182,0,2230,36,28.33,5.0,60.0
182,0,319,36,28.33,5.0,60.0
182,0,320,36,28.33,5.0,60.0
182,0,699,36,28.33,5.0,60.0
182,0,700,36,28.33,5.0,60.0
182,0,701,36,28.33,5.0,60.0
182,0,702,36,28.33,5.0,60.0
182,0,703,36,28.33,5.0,60.0
182,0,704,36,28.33,5.0,60.0
182,0,705,36,28.33,5.0,60.0
182,0,706,36,28.33,5.0,60.0
182,0,707,36,28.33,5.0,60.0
182,0,708,36,28.33,5.0,60.0
182,0,709,36,28.33,5.0,60.0
182,0,710,36,28.33,5.0,60.0
182,0,711,36,28.33,5.0,60.0
182,0,712,36,28.33,5.0,60.0
182,0,713,36,28.33,5.0,60.0
182,0,714,36,28.33,5.0,60.0
182,0,715,36,28.33,5.0,60.0
182,0,716,36,28.33,5.0,60.0
182,0,720,36,28.33,5.0,60.0
182,0,722,36,28.33,5.0,60.0
182,0,744,36,28.33,5.0,60.0
182,0,746,36,28.33,5.0,60.0
182,0,747,36,28.33,5.0,60.0
182,0,761,36,28.33,5.0,60.0
182,0,762,36,28.33,5.0,60.0
182,0,763,36,28.33,5.0,60.0
182,0,764,36,28.33,5.0,60.0
182,0,765,36,28.33,5.0,60.0
352,1,106562,35,28.57,10.0,120.0
352,1,1277,35,28.57,10.0,120.0
352,1,172,35,28.57,10.0,120.0
352,1,1815,35,28.57,10.0,120.0
352,1,3089,35,28.57,10.0,120.0
352,1,3102,35,28.57,10.0,120.0
352,1,3103,35,28.57,10.0,120.0
352,1,3104,35,28.57,10.0,120.0
352,1,3105,35,28.57,10.0,120.0
352,1,3107,35,28.57,10.0,120.0
352,1,3108,35,28.57,10.0,120.0
352,1,3110,35,28.57,10.0,120.0
352,1,3115,35,28.57,10.0,120.0
352,1,3117,35,28.57,10.0,120.0
352,1,3118,35,28.57,10.0,120.0
352,1,3119,35,28.57,10.0,120.0
352,1,3120,35,28.57,10.0,120.0
352,1,3121,35,28.57,10.0,120.0
352,1,3126,35,28.57,10.0,120.0
352,1,3127,35,28.57,10.0,120.0
352,1,3802,35,28.57,10.0,120.0
352,1,3803,35,28.57,10.0,120.0
352,1,3804,35,28.57,10.0,120.0
352,1,3805,35,28.57,10.0,120.0
352,1,3806,35,28.57,10.0,120.0
352,1,3831,35,28.57,10.0,120.0
352,1,3832,35,28.57,10.0,120.0
352,1,795,35,28.57,10.0,120.0
460,0,106563,49,28.57,10.0,385.0
460,0,106815,49,28.57,10.0,385.0
460,0,106816,49,28.57,10.0,385.0
460,0,129,49,28.57,10.0,385.0
460,0,130,49,28.57,10.0,385.0
460,0,131,49,28.57,10.0,385.0
460,0,1318,49,28.57,10.0,385.0
460,0,132,49,28.57,10.0,385.0
460,0,1321,49,28.57,10.0,385.0
460,0,1322,49,28.57,10.0,385.0
460,0,133,49,28.57,10.0,385.0
460,0,134,49,28.57,10.0,385.0
460,0,135,49,28.57,10.0,385.0
460,0,137,49,28.57,10.0,385.0
460,0,1371,49,28.57,10.0,385.0
460,0,1372,49,28.57,10.0,385.0
460,0,1373,49,28.57,10.0,385.0
460,0,1378,49,28.57,10.0,385.0
460,0,138,49,28.57,10.0,385.0
460,0,1383,49,28.57,10.0,385.0
460,0,139,49,28.57,10.0,385.0
460,0,1397,49,28.57,10.0,385.0
460,0,1399,49,28.57,10.0,385.0
460,0,141,49,28.57,10.0,385.0
460,0,1429,49,28.57,10.0,385.0
460,0,1780,49,28.57,10.0,385.0
460,0,1781,49,28.57,10.0,385.0
460,0,1782,49,28.57,10.0,385.0
460,0,1783,49,28.57,10.0,385.0
460,0,1784,49,28.57,10.0,385.0
460,0,1954,49,28.57,10.0,385.0
460,0,2159,49,28.57,10.0,385.0
460,0,2327,49,28.57,10.0,385.0
460,0,2328,49,28.57,10.0,385.0
460,0,2329,49,28.57,10.0,385.0
460,0,2330,49,28.57,10.0,385.0
460,0,2331,49,28.57,10.0,385.0
460,0,2332,49,28.57,10.0,385.0
460,0,2333,49,28.57,10.0,385.0
460,0,2892,49,28.57,10.0,385.0
460,0,319,49,28.57,10.0,385.0
460,0,320,49,28.57,10.0,385.0
460,0,321,49,28.57,10.0,385.0
460,0,322,49,28.57,10.0,385.0
460,0,3315,49,28.57,10.0,385.0
460,0,404,49,28.57,10.0,385.0
460,0,405,49,28.57,10.0,385.0
460,0,406,49,28.57,10.0,385.0
695,1,106841,26,28.65,15.0,285.0
695,1,4728,26,28.65,15.0,285.0
695,1,4794,26,28.65,15.0,285.0
695,1,4795,26,28.65,15.0,285.0
695,1,6589,26,28.65,15.0,285.0
695,1,6590,26,28.65,15.0,285.0
695,1,6625,26,28.65,15.0,285.0
695,1,6626,26,28.65,15.0,285.0
695,1,6628,26,28.65,15.0,285.0
695,1,6629,26,28.65,15.0,285.0
695,1,6630,26,28.65,15.0,285.0
695,1,6632,26,28.65,15.0,285.0
695,1,6633,26,28.65,15.0,285.0
695,1,6634,26,28.65,15.0,285.0
695,1,6635,26,28.65,15.0,285.0
695,1,6636,26,28.65,15.0,285.0
695,1,6637,26,28.65,15.0,285.0
695,1,6638,26,28.65,15.0,285.0
695,1,6639,26,28.65,15.0,285.0
695,1,6640,26,28.65,15.0,285.0
695,1,6641,26,28.65,15.0,285.0
695,1,6642,26,28.65,15.0,285.0
695,1,6643,26,28.65,15.0,285.0
695,1,6644,26,28.65,15.0,285.0
695,1,6645,26,28.65,15.0,285.0
695,1,6646,26,28.65,15.0,285.0
695,1,6884,26,28.65,15.0,285.0
695,1,6885,26,28.65,15.0,285.0
695,1,6886,26,28.65,15.0,285.0
695,1,6887,26,28.65,15.0,285.0
695,1,6888,26,28.65,15.0,285.0
695,1,6889,26,28.65,15.0,285.0
695,1,6890,26,28.65,15.0,285.0
695,1,6891,26,28.65,15.0,285.0
695,1,6893,26,28.65,15.0,285.0
695,1,6897,26,28.65,15.0,285.0
695,1,813,26,28.65,15.0,285.0
695,1,817,26,28.65,15.0,285.0
695,1,830,26,28.65,15.0,285.0
695,1,831,26,28.65,15.0,285.0
695,1,916,26,28.65,15.0,285.0
695,1,917,26,28.65,15.0,285.0
695,1,918,26,28.65,15.0,285.0
695,1,919,26,28.65,15.0,285.0
695,1,920,26,28.65,15.0,285.0
695,1,921,26,28.65,15.0,285.0
695,1,922,26,28.65,15.0,285.0
695,1,923,26,28.65,15.0,285.0
695,1,924,26,28.65,15.0,285.0
695,1,925,26,28.65,15.0,285.0
695,1,926,26,28.65,15.0,285.0
695,1,928,26,28.65,15.0,285.0
392,0,3552,21,28.81,20.0,100.0
392,0,3553,21,28.81,20.0,100.0
392,0,3554,21,28.81,20.0,100.0
392,0,3555,21,28.81,20.0,100.0
392,0,3588,21,28.81,20.0,100.0
392,0,3590,21,28.81,20.0,100.0
392,0,3874,21,28.81,20.0,100.0
392,0,3876,21,28.81,20.0,100.0
392,0,3877,21,28.81,20.0,100.0
392,0,3878,21,28.81,20.0,100.0
392,0,3879,21,28.81,20.0,100.0
392,0,3880,21,28.81,20.0,100.0
392,0,3881,21,28.81,20.0,100.0
392,0,3882,21,28.81,20.0,100.0
392,0,3883,21,28.81,20.0,100.0
392,0,3884,21,28.81,20.0,100.0
392,0,3885,21,28.81,20.0,100.0
392,0,3886,21,28.81,20.0,100.0
392,0,3887,21,28.81,20.0,100.0
392,0,3888,21,28.81,20.0,100.0
392,0,3889,21,28.81,20.0,100.0
392,0,3890,21,28.81,20.0,100.0
392,0,3891,21,28.81,20.0,100.0
392,0,3892,21,28.81,20.0,100.0
392,0,3893,21,28.81,20.0,100.0
392,0,3894,21,28.81,20.0,100.0
392,0,3895,21,28.81,20.0,100.0
392,0,3896,21,28.81,20.0,100.0
392,0,3897,21,28.81,20.0,100.0
392,0,3898,21,28.81,20.0,100.0
392,0,3899,21,28.81,20.0,100.0
392,0,4067,21,28.81,20.0,100.0
392,0,4068,21,28.81,20.0,100.0
392,0,4069,21,28.81,20.0,100.0
392,0,4070,21,28.81,20.0,100.0
392,0,4071,21,28.81,20.0,100.0
392,0,4072,21,28.81,20.0,100.0
392,0,4073,21,28.81,20.0,100.0
392,0,4074,21,28.81,20.0,100.0
392,0,4075,21,28.81,20.0,100.0
392,0,4076,21,28.81,20.0,100.0
392,0,4077,21,28.81,20.0,100.0
392,0,4078,21,28.81,20.0,100.0
392,0,4079,21,28.81,20.0,100.0
392,0,4080,21,28.81,20.0,100.0
392,0,4081,21,28.81,20.0,100.0
392,0,4082,21,28.81,20.0,100.0
392,0,4083,21,28.81,20.0,100.0
392,0,4084,21,28.81,20.0,100.0
392,0,4085,21,28.81,20.0,100.0
392,0,4086,21,28.81,20.0,100.0
392,0,4087,21,28.81,20.0,100.0
392,0,4088,21,28.81,20.0,100.0
392,0,4089,21,28.81,20.0,100.0
392,0,4090,21,28.81,20.0,100.0
392,0,4091,21,28.81,20.0,100.0
392,0,4092,21,28.81,20.0,100.0
392,0,4093,21,28.81,20.0,100.0
392,0,4094,21,28.81,20.0,100.0
392,0,4095,21,28.81,20.0,100.0
392,0,4096,21,28.81,20.0,100.0
392,0,4097,21,28.81,20.0,100.0
392,0,4098,21,28.81,20.0,100.0
392,0,4100,21,28.81,20.0,100.0
392,0,4101,21,28.81,20.0,100.0
392,0,4102,21,28.81,20.0,100.0
392,0,419,21,28.81,20.0,100.0
392,0,420,21,28.81,20.0,100.0
392,0,421,21,28.81,20.0,100.0
392,0,422,21,28.81,20.0,100.0
392,0,423,21,28.81,20.0,100.0
392,0,424,21,28.81,20.0,100.0
392,0,426,21,28.81,20.0,100.0
392,0,427,21,28.81,20.0,100.0
392,0,4347,21,28.81,20.0,100.0
392,0,4351,21,28.81,20.0,100.0
392,0,4356,21,28.81,20.0,100.0
855,1,995,31,29.02,4.65,125.35
877,1,174,36,29.03,5.0,130.0
877,1,179,36,29.03,5.0,130.0
877,1,1939,36,29.03,5.0,130.0
877,1,1940,36,29.03,5.0,130.0
877,1,213,36,29.03,5.0,130.0
877,1,215,36,29.03,5.0,130.0
877,1,216,36,29.03,5.0,130.0
877,1,217,36,29.03,5.0,130.0
877,1,229,36,29.03,5.0,130.0
877,1,230,36,29.03,5.0,130.0
877,1,231,36,29.03,5.0,130.0
877,1,232,36,29.03,5.0,130.0
877,1,234,36,29.03,5.0,130.0
877,1,235,36,29.03,5.0,130.0
877,1,236,36,29.03,5.0,130.0
877,1,238,36,29.03,5.0,130.0
877,1,240,36,29.03,5.0,130.0
877,1,243,36,29.03,5.0,130.0
877,1,244,36,29.03,5.0,130.0
877,1,245,36,29.03,5.0,130.0
877,1,246,36,29.03,5.0,130.0
877,1,247,36,29.03,5.0,130.0
877,1,274,36,29.03,5.0,130.0
877,1,3855,36,29.03,5.0,130.0
877,1,396,36,29.03,5.0,130.0
877,1,447,36,29.03,5.0,130.0
877,1,448,36,29.03,5.0,130.0
877,1,449,36,29.03,5.0,130.0
877,1,4499,36,29.03,5.0,130.0
877,1,4500,36,29.03,5.0,130.0
877,1,5556,36,29.03,5.0,130.0
877,1,5562,36,29.03,5.0,130.0
877,1,624,36,29.03,5.0,130.0
877,1,625,36,29.03,5.0,130.0
877,1,626,36,29.03,5.0,130.0
877,1,627,36,29.03,5.0,130.0
877,1,7939,36,29.03,5.0,130.0
877,1,8062,36,29.03,5.0,130.0
351,0,129,38,29.08,5.0,120.0
351,0,1788,38,29.08,5.0,120.0
351,0,1789,38,29.08,5.0,120.0
351,0,3087,38,29.08,5.0,120.0
351,0,3088,38,29.08,5.0,120.0
351,0,3089,38,29.08,5.0,120.0
351,0,3090,38,29.08,5.0,120.0
351,0,3091,38,29.08,5.0,120.0
351,0,3092,38,29.08,5.0,120.0
351,0,3093,38,29.08,5.0,120.0
351,0,3109,38,29.08,5.0,120.0
351,0,3110,38,29.08,5.0,120.0
351,0,3111,38,29.08,5.0,120.0
351,0,3112,38,29.08,5.0,120.0
351,0,3113,38,29.08,5.0,120.0
351,0,3114,38,29.08,5.0,120.0
351,0,3115,38,29.08,5.0,120.0
351,0,3122,38,29.08,5.0,120.0
351,0,3123,38,29.08,5.0,120.0
351,0,3315,38,29.08,5.0,120.0
351,0,3798,38,29.08,5.0,120.0
351,0,3799,38,29.08,5.0,120.0
351,0,3800,38,29.08,5.0,120.0
351,0,3801,38,29.08,5.0,120.0
351,0,3820,38,29.08,5.0,120.0
351,0,793,38,29.08,5.0,120.0
351,0,794,38,29.08,5.0,120.0
854,0,1025,31,29.11,2.32,132.68
418,0,22,35,29.14,10.0,90.0
418,0,23,35,29.14,10.0,90.0
418,0,274,35,29.14,10.0,90.0
418,0,31,35,29.14,10.0,90.0
418,0,32,35,29.14,10.0,90.0
418,0,327,35,29.14,10.0,90.0
418,0,33,35,29.14,10.0,90.0
418,0,3315,35,29.14,10.0,90.0
418,0,3354,35,29.14,10.0,90.0
418,0,34,35,29.14,10.0,90.0
418,0,385,35,29.14,10.0,90.0
418,0,3850,35,29.14,10.0,90.0
418,0,3851,35,29.14,10.0,90.0
418,0,387,35,29.14,10.0,90.0
418,0,388,35,29.14,10.0,90.0
418,0,391,35,29.14,10.0,90.0
418,0,477,35,29.14,10.0,90.0
418,0,478,35,29.14,10.0,90.0
418,0,479,35,29.14,10.0,90.0
418,0,480,35,29.14,10.0,90.0
418,0,481,35,29.14,10.0,90.0
418,0,482,35,29.14,10.0,90.0
418,0,483,35,29.14,10.0,90.0
418,0,484,35,29.14,10.0,90.0
418,0,485,35,29.14,10.0,90.0
418,0,486,35,29.14,10.0,90.0
418,0,487,35,29.14,10.0,90.0
418,0,488,35,29.14,10.0,90.0
418,0,489,35,29.14,10.0,90.0
418,0,519,35,29.14,10.0,90.0
418,0,520,35,29.14,10.0,90.0
418,0,525,35,29.14,10.0,90.0
418,0,53,35,29.14,10.0,90.0
418,0,788,35,29.14,10.0,90.0
418,0,789,35,29.14,10.0,90.0
929,1,1749,36,29.17,5.0,95.0
929,1,1751,36,29.17,5.0,95.0
929,1,1761,36,29.17,5.0,95.0
929,1,1762,36,29.17,5.0,95.0
929,1,1763,36,29.17,5.0,95.0
929,1,1764,36,29.17,5.0,95.0
929,1,1767,36,29.17,5.0,95.0
929,1,3391,36,29.17,5.0,95.0
929,1,3429,36,29.17,5.0,95.0
929,1,3431,36,29.17,5.0,95.0
929,1,3432,36,29.17,5.0,95.0
929,1,3433,36,29.17,5.0,95.0
929,1,3434,36,29.17,5.0,95.0
929,1,3435,36,29.17,5.0,95.0
929,1,3436,36,29.17,5.0,95.0
929,1,3437,36,29.17,5.0,95.0
929,1,3438,36,29.17,5.0,95.0
929,1,3439,36,29.17,5.0,95.0
929,1,3440,36,29.17,5.0,95.0
929,1,3441,36,29.17,5.0,95.0
929,1,3442,36,29.17,5.0,95.0
929,1,3443,36,29.17,5.0,95.0
929,1,3714,36,29.17,5.0,95.0
929,1,3715,36,29.17,5.0,95.0
929,1,3716,36,29.17,5.0,95.0
929,1,3717,36,29.17,5.0,95.0
929,1,3718,36,29.17,5.0,95.0
929,1,3720,36,29.17,5.0,95.0
929,1,3721,36,29.17,5.0,95.0
929,1,3722,36,29.17,5.0,95.0
929,1,3723,36,29.17,5.0,95.0
929,1,3724,36,29.17,5.0,95.0
929,1,3725,36,29.17,5.0,95.0
929,1,3726,36,29.17,5.0,95.0
929,1,3727,36,29.17,5.0,95.0
929,1,3728,36,29.17,5.0,95.0
929,1,3729,36,29.17,5.0,95.0
929,1,3752,36,29.17,5.0,95.0
929,1,3755,36,29.17,5.0,95.0
929,1,3759,36,29.17,5.0,95.0
854,0,1024,31,29.18,4.43,130.57
834,1,100,28,29.29,5.0,75.0
834,1,1739,28,29.29,5.0,75.0
834,1,57,28,29.29,5.0,75.0
834,1,58,28,29.29,5.0,75.0
834,1,59,28,29.29,5.0,75.0
834,1,5906,28,29.29,5.0,75.0
834,1,5907,28,29.29,5.0,75.0
834,1,6,28,29.29,5.0,75.0
834,1,60,28,29.29,5.0,75.0
834,1,6014,28,29.29,5.0,75.0
834,1,61,28,29.29,5.0,75.0
834,1,6127,28,29.29,5.0,75.0
834,1,6128,28,29.29,5.0,75.0
834,1,6159,28,29.29,5.0,75.0
834,1,6160,28,29.29,5.0,75.0
834,1,62,28,29.29,5.0,75.0
834,1,6282,28,29.29,5.0,75.0
834,1,6283,28,29.29,5.0,75.0
834,1,6284,28,29.29,5.0,75.0
834,1,6285,28,29.29,5.0,75.0
834,1,6286,28,29.29,5.0,75.0
834,1,6287,28,29.29,5.0,75.0
834,1,6288,28,29.29,5.0,75.0
834,1,6289,28,29.29,5.0,75.0
834,1,6292,28,29.29,5.0,75.0
834,1,6299,28,29.29,5.0,75.0
834,1,6300,28,29.29,5.0,75.0
834,1,6414,28,29.29,5.0,75.0
834,1,6468,28,29.29,5.0,75.0
834,1,6470,28,29.29,5.0,75.0
834,1,6482,28,29.29,5.0,75.0
834,1,6497,28,29.29,5.0,75.0
834,1,6498,28,29.29,5.0,75.0
834,1,6505,28,29.29,5.0,75.0
834,1,6508,28,29.29,5.0,75.0
834,1,6513,28,29.29,5.0,75.0
834,1,6514,28,29.29,5.0,75.0
834,1,6515,28,29.29,5.0,75.0
834,1,6516,28,29.29,5.0,75.0
834,1,6912,28,29.29,5.0,75.0
834,1,7,28,29.29,5.0,75.0
834,1,7587,28,29.29,5.0,75.0
834,1,7611,28,29.29,5.0,75.0
834,1,7627,28,29.29,5.0,75.0
834,1,91,28,29.29,5.0,75.0
834,1,92,28,29.29,5.0,75.0
834,1,93,28,29.29,5.0,75.0
834,1,94,28,29.29,5.0,75.0
834,1,95,28,29.29,5.0,75.0
834,1,96,28,29.29,5.0,75.0
834,1,97,28,29.29,5.0,75.0
834,1,98,28,29.29,5.0,75.0
834,1,99,28,29.29,5.0,75.0
241,0,106815,48,29.38,10.0,285.0
241,0,106816,48,29.38,10.0,285.0
241,0,1322,48,29.38,10.0,285.0
241,0,1369,48,29.38,10.0,285.0
241,0,1371,48,29.38,10.0,285.0
241,0,1372,48,29.38,10.0,285.0
241,0,1373,48,29.38,10.0,285.0
241,0,1374,48,29.38,10.0,285.0
241,0,1375,48,29.38,10.0,285.0
241,0,1376,48,29.38,10.0,285.0
241,0,1382,48,29.38,10.0,285.0
241,0,1398,48,29.38,10.0,285.0
241,0,1399,48,29.38,10.0,285.0
241,0,1634,48,29.38,10.0,285.0
241,0,1635,48,29.38,10.0,285.0
241,0,2175,48,29.38,10.0,285.0
241,0,2331,48,29.38,10.0,285.0
241,0,2332,48,29.38,10.0,285.0
241,0,2333,48,29.38,10.0,285.0
241,0,2874,48,29.38,10.0,285.0
241,0,2875,48,29.38,10.0,285.0
241,0,2876,48,29.38,10.0,285.0
241,0,2880,48,29.38,10.0,285.0
241,0,2881,48,29.38,10.0,285.0
241,0,2882,48,29.38,10.0,285.0
241,0,2883,48,29.38,10.0,285.0
241,0,2884,48,29.38,10.0,285.0
241,0,2885,48,29.38,10.0,285.0
241,0,2886,48,29.38,10.0,285.0
241,0,2887,48,29.38,10.0,285.0
241,0,2888,48,29.38,10.0,285.0
241,0,2889,48,29.38,10.0,285.0
241,0,2890,48,29.38,10.0,285.0
241,0,2891,48,29.38,10.0,285.0
241,0,319,48,29.38,10.0,285.0
241,0,320,48,29.38,10.0,285.0
270,1,105,48,29.48,5.0,305.0
270,1,1320,48,29.48,5.0,305.0
270,1,1323,48,29.48,5.0,305.0
270,1,1439,48,29.48,5.0,305.0
270,1,1826,48,29.48,5.0,305.0
270,1,2363,48,29.48,5.0,305.0
270,1,2364,48,29.48,5.0,305.0
270,1,2550,48,29.48,5.0,305.0
270,1,2554,48,29.48,5.0,305.0
270,1,2555,48,29.48,5.0,305.0
270,1,2556,48,29.48,5.0,305.0
270,1,2557,48,29.48,5.0,305.0
270,1,2558,48,29.48,5.0,305.0
270,1,2559,48,29.48,5.0,305.0
270,1,2560,48,29.48,5.0,305.0
270,1,2561,48,29.48,5.0,305.0
270,1,2562,48,29.48,5.0,305.0
270,1,3075,48,29.48,5.0,305.0
270,1,3076,48,29.48,5.0,305.0
270,1,3077,48,29.48,5.0,305.0
270,1,3078,48,29.48,5.0,305.0
270,1,3079,48,29.48,5.0,305.0
270,1,3082,48,29.48,5.0,305.0
270,1,3212,48,29.48,5.0,305.0
270,1,3857,48,29.48,5.0,305.0
270,1,460,48,29.48,5.0,305.0
1044,0,114,32,29.53,10.0,90.0
1044,0,115,32,29.53,10.0,90.0
1044,0,116,32,29.53,10.0,90.0
1044,0,117,32,29.53,10.0,90.0
1044,0,118,32,29.53,10.0,90.0
1044,0,119,32,29.53,10.0,90.0
1044,0,120,32,29.53,10.0,90.0
1044,0,121,32,29.53,10.0,90.0
1044,0,158,32,29.53,10.0,90.0
1044,0,159,32,29.53,10.0,90.0
1044,0,160,32,29.53,10.0,90.0
1044,0,161,32,29.53,10.0,90.0
1044,0,162,32,29.53,10.0,90.0
1044,0,163,32,29.53,10.0,90.0
1044,0,164,32,29.53,10.0,90.0
1044,0,215,32,29.53,10.0,90.0
1044,0,2151,32,29.53,10.0,90.0
1044,0,2152,32,29.53,10.0,90.0
1044,0,2153,32,29.53,10.0,90.0
1044,0,2154,32,29.53,10.0,90.0
1044,0,2155,32,29.53,10.0,90.0
1044,0,216,32,29.53,10.0,90.0
1044,0,217,32,29.53,10.0,90.0
1044,0,2229,32,29.53,10.0,90.0
1044,0,274,32,29.53,10.0,90.0
1044,0,275,32,29.53,10.0,90.0
1044,0,276,32,29.53,10.0,90.0
1044,0,40,32,29.53,10.0,90.0
1044,0,4050,32,29.53,10.0,90.0
1044,0,4051,32,29.53,10.0,90.0
1044,0,4052,32,29.53,10.0,90.0
1044,0,4537,32,29.53,10.0,90.0
1044,0,718,32,29.53,10.0,90.0
1044,0,719,32,29.53,10.0,90.0
1044,0,720,32,29.53,10.0,90.0
1044,0,721,32,29.53,10.0,90.0
1044,0,722,32,29.53,10.0,90.0
1044,0,723,32,29.53,10.0,90.0
1044,0,732,32,29.53,10.0,90.0
135,1,1037,36,29.72,5.0,130.0
135,1,1038,36,29.72,5.0,130.0
135,1,1050,36,29.72,5.0,130.0
135,1,1051,36,29.72,5.0,130.0
135,1,1052,36,29.72,5.0,130.0
135,1,1056,36,29.72,5.0,130.0
135,1,1204,36,29.72,5.0,130.0
135,1,1638,36,29.72,5.0,130.0
135,1,1643,36,29.72,5.0,130.0
135,1,1694,36,29.72,5.0,130.0
135,1,1699,36,29.72,5.0,130.0
135,1,1700,36,29.72,5.0,130.0
135,1,1702,36,29.72,5.0,130.0
135,1,1704,36,29.72,5.0,130.0
135,1,1705,36,29.72,5.0,130.0
135,1,1711,36,29.72,5.0,130.0
135,1,1713,36,29.72,5.0,130.0
135,1,1721,36,29.72,5.0,130.0
135,1,1724,36,29.72,5.0,130.0
135,1,1728,36,29.72,5.0,130.0
135,1,1729,36,29.72,5.0,130.0
135,1,1731,36,29.72,5.0,130.0
135,1,1733,36,29.72,5.0,130.0
135,1,1734,36,29.72,5.0,130.0
135,1,1737,36,29.72,5.0,130.0
135,1,1739,36,29.72,5.0,130.0
135,1,1742,36,29.72,5.0,130.0
135,1,1743,36,29.72,5.0,130.0
135,1,1744,36,29.72,5.0,130.0
135,1,1746,36,29.72,5.0,130.0
135,1,3030,36,29.72,5.0,130.0
135,1,304,36,29.72,5.0,130.0
135,1,321,36,29.72,5.0,130.0
135,1,349,36,29.72,5.0,130.0
135,1,409,36,29.72,5.0,130.0
135,1,419,36,29.72,5.0,130.0
135,1,428,36,29.72,5.0,130.0
135,1,429,36,29.72,5.0,130.0
135,1,430,36,29.72,5.0,130.0
135,1,433,36,29.72,5.0,130.0
135,1,437,36,29.72,5.0,130.0
135,1,438,36,29.72,5.0,130.0
135,1,439,36,29.72,5.0,130.0
135,1,440,36,29.72,5.0,130.0
135,1,450,36,29.72,5.0,130.0
135,1,456,36,29.72,5.0,130.0
135,1,462,36,29.72,5.0,130.0
135,1,463,36,29.72,5.0,130.0
135,1,464,36,29.72,5.0,130.0
135,1,6307,36,29.72,5.0,130.0
135,1,730,36,29.72,5.0,130.0
135,1,736,36,29.72,5.0,130.0
135,1,738,36,29.72,5.0,130.0
135,1,950,36,29.72,5.0,130.0
135,1,951,36,29.72,5.0,130.0
135,1,953,36,29.72,5.0,130.0
135,1,954,36,29.72,5.0,130.0
135,1,957,36,29.72,5.0,130.0
135,1,959,36,29.72,5.0,130.0
1048,0,1242,33,29.85,15.0,90.0
1048,0,1797,33,29.85,15.0,90.0
1048,0,1798,33,29.85,15.0,90.0
1048,0,1799,33,29.85,15.0,90.0
1048,0,1800,33,29.85,15.0,90.0
1048,0,1801,33,29.85,15.0,90.0
1048,0,1802,33,29.85,15.0,90.0
1048,0,8284,33,29.85,15.0,90.0
1048,0,8285,33,29.85,15.0,90.0
1048,0,8606,33,29.85,15.0,90.0
1048,0,8607,33,29.85,15.0,90.0
1048,0,8608,33,29.85,15.0,90.0
462,0,106815,35,30.0,5.0,180.0
462,0,106816,35,30.0,5.0,180.0
462,0,129,35,30.0,5.0,180.0
462,0,130,35,30.0,5.0,180.0
462,0,131,35,30.0,5.0,180.0
462,0,132,35,30.0,5.0,180.0
462,0,1321,35,30.0,5.0,180.0
462,0,1322,35,30.0,5.0,180.0
462,0,133,35,30.0,5.0,180.0
462,0,134,35,30.0,5.0,180.0
462,0,135,35,30.0,5.0,180.0
462,0,136,35,30.0,5.0,180.0
462,0,1369,35,30.0,5.0,180.0
462,0,137,35,30.0,5.0,180.0
462,0,1370,35,30.0,5.0,180.0
462,0,1371,35,30.0,5.0,180.0
462,0,1372,35,30.0,5.0,180.0
462,0,1373,35,30.0,5.0,180.0
462,0,1374,35,30.0,5.0,180.0
462,0,1375,35,30.0,5.0,180.0
462,0,138,35,30.0,5.0,180.0
462,0,139,35,30.0,5.0,180.0
462,0,1398,35,30.0,5.0,180.0
462,0,1399,35,30.0,5.0,180.0
462,0,140,35,30.0,5.0,180.0
462,0,1423,35,30.0,5.0,180.0
462,0,1426,35,30.0,5.0,180.0
462,0,1566,35,30.0,5.0,180.0
462,0,1567,35,30.0,5.0,180.0
462,0,1568,35,30.0,5.0,180.0
462,0,1570,35,30.0,5.0,180.0
462,0,1571,35,30.0,5.0,180.0
462,0,1582,35,30.0,5.0,180.0
462,0,1632,35,30.0,5.0,180.0
462,0,1634,35,30.0,5.0,180.0
462,0,1635,35,30.0,5.0,180.0
462,0,1780,35,30.0,5.0,180.0
462,0,1781,35,30.0,5.0,180.0
462,0,1782,35,30.0,5.0,180.0
462,0,1783,35,30.0,5.0,180.0
462,0,1784,35,30.0,5.0,180.0
462,0,1954,35,30.0,5.0,180.0
462,0,3045,35,30.0,5.0,180.0
462,0,319,35,30.0,5.0,180.0
462,0,320,35,30.0,5.0,180.0
462,0,321,35,30.0,5.0,180.0
462,0,322,35,30.0,5.0,180.0
462,0,3315,35,30.0,5.0,180.0
462,0,404,35,30.0,5.0,180.0
462,0,405,35,30.0,5.0,180.0
462,0,406,35,30.0,5.0,180.0
647,0,10,27,30.37,25.0,55.0
647,0,1024,27,30.37,25.0,55.0
647,0,1025,27,30.37,25.0,55.0
647,0,1028,27,30.37,25.0,55.0
647,0,1030,27,30.37,25.0,55.0
647,0,1071,27,30.37,25.0,55.0
647,0,11,27,30.37,25.0,55.0
647,0,12,27,30.37,25.0,55.0
647,0,13,27,30.37,25.0,55.0
647,0,2132,27,30.37,25.0,55.0
647,0,2133,27,30.37,25.0,55.0
647,0,2134,27,30.37,25.0,55.0
647,0,2135,27,30.37,25.0,55.0
647,0,2137,27,30.37,25.0,55.0
647,0,2138,27,30.37,25.0,55.0
647,0,2139,27,30.37,25.0,55.0
647,0,2140,27,30.37,25.0,55.0
647,0,2141,27,30.37,25.0,55.0
647,0,2142,27,30.37,25.0,55.0
647,0,2143,27,30.37,25.0,55.0
647,0,2144,27,30.37,25.0,55.0
647,0,2145,27,30.37,25.0,55.0
647,0,2146,27,30.37,25.0,55.0
647,0,2147,27,30.37,25.0,55.0
647,0,2148,27,30.37,25.0,55.0
647,0,2149,27,30.37,25.0,55.0
647,0,3842,27,30.37,25.0,55.0
647,0,3844,27,30.37,25.0,55.0
647,0,5886,27,30.37,25.0,55.0
647,0,5887,27,30.37,25.0,55.0
647,0,5888,27,30.37,25.0,55.0
647,0,5889,27,30.37,25.0,55.0
647,0,5890,27,30.37,25.0,55.0
647,0,5891,27,30.37,25.0,55.0
647,0,5899,27,30.37,25.0,55.0
647,0,5901,27,30.37,25.0,55.0
647,0,6316,27,30.37,25.0,55.0
647,0,6517,27,30.37,25.0,55.0
647,0,6518,27,30.37,25.0,55.0
647,0,6519,27,30.37,25.0,55.0
647,0,6520,27,30.37,25.0,55.0
647,0,6521,27,30.37,25.0,55.0
647,0,6522,27,30.37,25.0,55.0
647,0,6523,27,30.37,25.0,55.0
647,0,6524,27,30.37,25.0,55.0
647,0,6525,27,30.37,25.0,55.0
647,0,6542,27,30.37,25.0,55.0
647,0,68,27,30.37,25.0,55.0
647,0,69,27,30.37,25.0,55.0
647,0,698,27,30.37,25.0,55.0
647,0,699,27,30.37,25.0,55.0
647,0,70,27,30.37,25.0,55.0
647,0,700,27,30.37,25.0,55.0
647,0,701,27,30.37,25.0,55.0
647,0,702,27,30.37,25.0,55.0
647,0,703,27,30.37,25.0,55.0
647,0,704,27,30.37,25.0,55.0
647,0,71,27,30.37,25.0,55.0
647,0,72,27,30.37,25.0,55.0
647,0,73,27,30.37,25.0,55.0
647,0,7320,27,30.37,25.0,55.0
647,0,75,27,30.37,25.0,55.0
647,0,76,27,30.37,25.0,55.0
647,0,761,27,30.37,25.0,55.0
647,0,762,27,30.37,25.0,55.0
647,0,763,27,30.37,25.0,55.0
647,0,764,27,30.37,25.0,55.0
647,0,765,27,30.37,25.0,55.0
647,0,77,27,30.37,25.0,55.0
647,0,7736,27,30.37,25.0,55.0
647,0,78,27,30.37,25.0,55.0
647,0,79,27,30.37,25.0,55.0
647,0,7915,27,30.37,25.0,55.0
647,0,8,27,30.37,25.0,55.0
647,0,862,27,30.37,25.0,55.0
647,0,888,27,30.37,25.0,55.0
647,0,9,27,30.37,25.0,55.0
647,0,932,27,30.37,25.0,55.0
647,0,991,27,30.37,25.0,55.0
647,0,993,27,30.37,25.0,55.0
648,1,100,27,30.37,25.0,55.0
648,1,101,27,30.37,25.0,55.0
648,1,1047,27,30.37,25.0,55.0
648,1,1742,27,30.37,25.0,55.0
648,1,2139,27,30.37,25.0,55.0
648,1,2185,27,30.37,25.0,55.0
648,1,2186,27,30.37,25.0,55.0
648,1,2187,27,30.37,25.0,55.0
648,1,2188,27,30.37,25.0,55.0
648,1,2189,27,30.37,25.0,55.0
648,1,2190,27,30.37,25.0,55.0
648,1,2191,27,30.37,25.0,55.0
648,1,2192,27,30.37,25.0,55.0
648,1,2193,27,30.37,25.0,55.0
648,1,2194,27,30.37,25.0,55.0
648,1,2195,27,30.37,25.0,55.0
648,1,2196,27,30.37,25.0,55.0
648,1,2197,27,30.37,25.0,55.0
648,1,2198,27,30.37,25.0,55.0
648,1,2199,27,30.37,25.0,55.0
648,1,2200,27,30.37,25.0,55.0
648,1,2201,27,30.37,25.0,55.0
648,1,2202,27,30.37,25.0,55.0
648,1,2203,27,30.37,25.0,55.0
648,1,3846,27,30.37,25.0,55.0
648,1,3847,27,30.37,25.0,55.0
648,1,3848,27,30.37,25.0,55.0
648,1,57,27,30.37,25.0,55.0
648,1,58,27,30.37,25.0,55.0
648,1,5892,27,30.37,25.0,55.0
648,1,5894,27,30.37,25.0,55.0
648,1,5898,27,30.37,25.0,55.0
648,1,59,27,30.37,25.0,55.0
648,1,5902,27,30.37,25.0,55.0
648,1,5903,27,30.37,25.0,55.0
648,1,5904,27,30.37,25.0,55.0
648,1,5905,27,30.37,25.0,55.0
648,1,5906,27,30.37,25.0,55.0
648,1,5907,27,30.37,25.0,55.0
648,1,5908,27,30.37,25.0,55.0
648,1,6,27,30.37,25.0,55.0
648,1,60,27,30.37,25.0,55.0
648,1,61,27,30.37,25.0,55.0
648,1,62,27,30.37,25.0,55.0
648,1,6518,27,30.37,25.0,55.0
648,1,6530,27,30.37,25.0,55.0
648,1,6533,27,30.37,25.0,55.0
648,1,6534,27,30.37,25.0,55.0
648,1,6535,27,30.37,25.0,55.0
648,1,6536,27,30.37,25.0,55.0
648,1,6537,27,30.37,25.0,55.0
648,1,6538,27,30.37,25.0,55.0
648,1,6539,27,30.37,25.0,55.0
648,1,6540,27,30.37,25.0,55.0
648,1,6541,27,30.37,25.0,55.0
648,1,6543,27,30.37,25.0,55.0
648,1,6941,27,30.37,25.0,55.0
648,1,698,27,30.37,25.0,55.0
648,1,699,27,30.37,25.0,55.0
648,1,7,27,30.37,25.0,55.0
648,1,700,27,30.37,25.0,55.0
648,1,701,27,30.37,25.0,55.0
648,1,702,27,30.37,25.0,55.0
648,1,703,27,30.37,25.0,55.0
648,1,704,27,30.37,25.0,55.0
648,1,761,27,30.37,25.0,55.0
648,1,763,27,30.37,25.0,55.0
648,1,769,27,30.37,25.0,55.0
648,1,770,27,30.37,25.0,55.0
648,1,771,27,30.37,25.0,55.0
648,1,7735,27,30.37,25.0,55.0
648,1,7909,27,30.37,25.0,55.0
648,1,7910,27,30.37,25.0,55.0
648,1,7912,27,30.37,25.0,55.0
648,1,861,27,30.37,25.0,55.0
648,1,91,27,30.37,25.0,55.0
648,1,92,27,30.37,25.0,55.0
648,1,93,27,30.37,25.0,55.0
648,1,94,27,30.37,25.0,55.0
648,1,95,27,30.37,25.0,55.0
648,1,96,27,30.37,25.0,55.0
648,1,97,27,30.37,25.0,55.0
648,1,98,27,30.37,25.0,55.0
648,1,99,27,30.37,25.0,55.0
648,1,994,27,30.37,25.0,55.0
648,1,995,27,30.37,25.0,55.0
793,1,106833,35,30.43,5.0,205.0
793,1,2121,35,30.43,5.0,205.0
793,1,6052,35,30.43,5.0,205.0
793,1,6100,35,30.43,5.0,205.0
793,1,6218,35,30.43,5.0,205.0
793,1,6220,35,30.43,5.0,205.0
793,1,6222,35,30.43,5.0,205.0
793,1,6223,35,30.43,5.0,205.0
793,1,6224,35,30.43,5.0,205.0
793,1,6225,35,30.43,5.0,205.0
793,1,6226,35,30.43,5.0,205.0
793,1,6227,35,30.43,5.0,205.0
793,1,6228,35,30.43,5.0,205.0
793,1,6229,35,30.43,5.0,205.0
793,1,6230,35,30.43,5.0,205.0
793,1,6263,35,30.43,5.0,205.0
793,1,6885,35,30.43,5.0,205.0
793,1,6886,35,30.43,5.0,205.0
793,1,6887,35,30.43,5.0,205.0
793,1,7162,35,30.43,5.0,205.0
793,1,7163,35,30.43,5.0,205.0
793,1,7308,35,30.43,5.0,205.0
793,1,7449,35,30.43,5.0,205.0
793,1,7452,35,30.43,5.0,205.0
793,1,7454,35,30.43,5.0,205.0
793,1,7465,35,30.43,5.0,205.0
793,1,7473,35,30.43,5.0,205.0
793,1,7476,35,30.43,5.0,205.0
793,1,7478,35,30.43,5.0,205.0
793,1,7479,35,30.43,5.0,205.0
793,1,7481,35,30.43,5.0,205.0
793,1,7482,35,30.43,5.0,205.0
793,1,7483,35,30.43,5.0,205.0
793,1,7484,35,30.43,5.0,205.0
793,1,7485,35,30.43,5.0,205.0
793,1,7486,35,30.43,5.0,205.0
793,1,7488,35,30.43,5.0,205.0
793,1,7489,35,30.43,5.0,205.0
793,1,7491,35,30.43,5.0,205.0
793,1,7492,35,30.43,5.0,205.0
793,1,930,35,30.43,5.0,205.0
200,1,107,34,30.88,25.0,60.0
200,1,1110,34,30.88,25.0,60.0
200,1,1142,34,30.88,25.0,60.0
200,1,1170,34,30.88,25.0,60.0
200,1,1171,34,30.88,25.0,60.0
200,1,1172,34,30.88,25.0,60.0
200,1,1173,34,30.88,25.0,60.0
200,1,1174,34,30.88,25.0,60.0
200,1,1175,34,30.88,25.0,60.0
200,1,1176,34,30.88,25.0,60.0
200,1,1177,34,30.88,25.0,60.0
200,1,1179,34,30.88,25.0,60.0
200,1,1180,34,30.88,25.0,60.0
200,1,1181,34,30.88,25.0,60.0
200,1,1182,34,30.88,25.0,60.0
200,1,1303,34,30.88,25.0,60.0
200,1,1318,34,30.88,25.0,60.0
200,1,1323,34,30.88,25.0,60.0
200,1,1324,34,30.88,25.0,60.0
200,1,1325,34,30.88,25.0,60.0
200,1,1326,34,30.88,25.0,60.0
200,1,1327,34,30.88,25.0,60.0
200,1,1328,34,30.88,25.0,60.0
200,1,1329,34,30.88,25.0,60.0
200,1,2243,34,30.88,25.0,60.0
200,1,2244,34,30.88,25.0,60.0
200,1,2284,34,30.88,25.0,60.0
200,1,2285,34,30.88,25.0,60.0
200,1,2286,34,30.88,25.0,60.0
200,1,2287,34,30.88,25.0,60.0
200,1,2288,34,30.88,25.0,60.0
200,1,2289,34,30.88,25.0,60.0
200,1,2290,34,30.88,25.0,60.0
200,1,2291,34,30.88,25.0,60.0
200,1,2292,34,30.88,25.0,60.0
200,1,2293,34,30.88,25.0,60.0
200,1,2294,34,30.88,25.0,60.0
200,1,2295,34,30.88,25.0,60.0
200,1,2296,34,30.88,25.0,60.0
200,1,2354,34,30.88,25.0,60.0
200,1,2355,34,30.88,25.0,60.0
200,1,2356,34,30.88,25.0,60.0
200,1,6935,34,30.88,25.0,60.0
200,1,746,34,30.88,25.0,60.0
200,1,747,34,30.88,25.0,60.0
876,0,1252,32,30.94,5.0,80.0
876,0,174,32,30.94,5.0,80.0
876,0,175,32,30.94,5.0,80.0
876,0,176,32,30.94,5.0,80.0
876,0,177,32,30.94,5.0,80.0
876,0,178,32,30.94,5.0,80.0
876,0,179,32,30.94,5.0,80.0
876,0,180,32,30.94,5.0,80.0
876,0,182,32,30.94,5.0,80.0
876,0,183,32,30.94,5.0,80.0
876,0,186,32,30.94,5.0,80.0
876,0,187,32,30.94,5.0,80.0
876,0,188,32,30.94,5.0,80.0
876,0,189,32,30.94,5.0,80.0
876,0,190,32,30.94,5.0,80.0
876,0,191,32,30.94,5.0,80.0
876,0,1915,32,30.94,5.0,80.0
876,0,1916,32,30.94,5.0,80.0
876,0,192,32,30.94,5.0,80.0
876,0,194,32,30.94,5.0,80.0
876,0,208,32,30.94,5.0,80.0
876,0,213,32,30.94,5.0,80.0
876,0,238,32,30.94,5.0,80.0
876,0,290,32,30.94,5.0,80.0
876,0,291,32,30.94,5.0,80.0
876,0,3295,32,30.94,5.0,80.0
876,0,3304,32,30.94,5.0,80.0
876,0,34,32,30.94,5.0,80.0
876,0,376,32,30.94,5.0,80.0
876,0,399,32,30.94,5.0,80.0
876,0,400,32,30.94,5.0,80.0
876,0,401,32,30.94,5.0,80.0
876,0,4485,32,30.94,5.0,80.0
876,0,4486,32,30.94,5.0,80.0
876,0,5564,32,30.94,5.0,80.0
876,0,621,32,30.94,5.0,80.0
876,0,622,32,30.94,5.0,80.0
876,0,623,32,30.94,5.0,80.0
554,1,1277,22,31.14,5.0,85.0
554,1,130,22,31.14,5.0,85.0
554,1,131,22,31.14,5.0,85.0
554,1,133,22,31.14,5.0,85.0
554,1,134,22,31.14,5.0,85.0
554,1,135,22,31.14,5.0,85.0
554,1,136,22,31.14,5.0,85.0
554,1,137,22,31.14,5.0,85.0
554,1,138,22,31.14,5.0,85.0
554,1,139,22,31.14,5.0,85.0
554,1,141,22,31.14,5.0,85.0
554,1,142,22,31.14,5.0,85.0
554,1,172,22,31.14,5.0,85.0
554,1,403,22,31.14,5.0,85.0
554,1,408,22,31.14,5.0,85.0
554,1,409,22,31.14,5.0,85.0
554,1,413,22,31.14,5.0,85.0
554,1,415,22,31.14,5.0,85.0
554,1,419,22,31.14,5.0,85.0
554,1,426,22,31.14,5.0,85.0
554,1,427,22,31.14,5.0,85.0
554,1,428,22,31.14,5.0,85.0
554,1,429,22,31.14,5.0,85.0
554,1,430,22,31.14,5.0,85.0
554,1,431,22,31.14,5.0,85.0
554,1,432,22,31.14,5.0,85.0
554,1,435,22,31.14,5.0,85.0
554,1,436,22,31.14,5.0,85.0
554,1,437,22,31.14,5.0,85.0
554,1,438,22,31.14,5.0,85.0
554,1,439,22,31.14,5.0,85.0
554,1,440,22,31.14,5.0,85.0
554,1,441,22,31.14,5.0,85.0
554,1,442,22,31.14,5.0,85.0
554,1,443,22,31.14,5.0,85.0
554,1,444,22,31.14,5.0,85.0
554,1,466,22,31.14,5.0,85.0
199,0,106815,33,31.36,10.0,165.0
199,0,106816,33,31.36,10.0,165.0
199,0,107,33,31.36,10.0,165.0
199,0,1110,33,31.36,10.0,165.0
199,0,1127,33,31.36,10.0,165.0
199,0,1157,33,31.36,10.0,165.0
199,0,1158,33,31.36,10.0,165.0
199,0,1159,33,31.36,10.0,165.0
199,0,1161,33,31.36,10.0,165.0
199,0,1162,33,31.36,10.0,165.0
199,0,1163,33,31.36,10.0,165.0
199,0,1164,33,31.36,10.0,165.0
199,0,1165,33,31.36,10.0,165.0
199,0,1166,33,31.36,10.0,165.0
199,0,1167,33,31.36,10.0,165.0
199,0,1168,33,31.36,10.0,165.0
199,0,1169,33,31.36,10.0,165.0
199,0,1303,33,31.36,10.0,165.0
199,0,1304,33,31.36,10.0,165.0
199,0,1314,33,31.36,10.0,165.0
199,0,1315,33,31.36,10.0,165.0
199,0,1316,33,31.36,10.0,165.0
199,0,1317,33,31.36,10.0,165.0
199,0,1318,33,31.36,10.0,165.0
199,0,1321,33,31.36,10.0,165.0
199,0,1322,33,31.36,10.0,165.0
199,0,2230,33,31.36,10.0,165.0
199,0,2269,33,31.36,10.0,165.0
199,0,2270,33,31.36,10.0,165.0
199,0,2271,33,31.36,10.0,165.0
199,0,2272,33,31.36,10.0,165.0
199,0,2273,33,31.36,10.0,165.0
199,0,2274,33,31.36,10.0,165.0
199,0,2275,33,31.36,10.0,165.0
199,0,2276,33,31.36,10.0,165.0
199,0,2277,33,31.36,10.0,165.0
199,0,2278,33,31.36,10.0,165.0
199,0,2279,33,31.36,10.0,165.0
199,0,2280,33,31.36,10.0,165.0
199,0,2281,33,31.36,10.0,165.0
199,0,2282,33,31.36,10.0,165.0
199,0,2340,33,31.36,10.0,165.0
199,0,2342,33,31.36,10.0,165.0
199,0,2352,33,31.36,10.0,165.0
199,0,2353,33,31.36,10.0,165.0
199,0,2354,33,31.36,10.0,165.0
199,0,319,33,31.36,10.0,165.0
199,0,320,33,31.36,10.0,165.0
199,0,718,33,31.36,10.0,165.0
199,0,719,33,31.36,10.0,165.0
581,0,1071,6,31.67,20.0,50.0
581,0,584,6,31.67,20.0,50.0
581,0,585,6,31.67,20.0,50.0
581,0,586,6,31.67,20.0,50.0
581,0,587,6,31.67,20.0,50.0
581,0,588,6,31.67,20.0,50.0
581,0,590,6,31.67,20.0,50.0
581,0,591,6,31.67,20.0,50.0
581,0,592,6,31.67,20.0,50.0
581,0,593,6,31.67,20.0,50.0
581,0,594,6,31.67,20.0,50.0
581,0,5994,6,31.67,20.0,50.0
581,0,6014,6,31.67,20.0,50.0
581,0,6015,6,31.67,20.0,50.0
581,0,69,6,31.67,20.0,50.0
581,0,70,6,31.67,20.0,50.0
581,0,71,6,31.67,20.0,50.0
581,0,72,6,31.67,20.0,50.0
581,0,73,6,31.67,20.0,50.0
581,0,75,6,31.67,20.0,50.0
581,0,76,6,31.67,20.0,50.0
581,0,7627,6,31.67,20.0,50.0
581,0,77,6,31.67,20.0,50.0
581,0,78,6,31.67,20.0,50.0
581,0,79,6,31.67,20.0,50.0
581,0,8,6,31.67,20.0,50.0
116,0,102,33,31.82,10.0,65.0
116,0,103,33,31.82,10.0,65.0
116,0,106815,33,31.82,10.0,65.0
116,0,106816,33,31.82,10.0,65.0
116,0,1204,33,31.82,10.0,65.0
116,0,1318,33,31.82,10.0,65.0
116,0,1321,33,31.82,10.0,65.0
116,0,1322,33,31.82,10.0,65.0
116,0,1371,33,31.82,10.0,65.0
116,0,1372,33,31.82,10.0,65.0
116,0,1373,33,31.82,10.0,65.0
116,0,1378,33,31.82,10.0,65.0
116,0,1383,33,31.82,10.0,65.0
116,0,1387,33,31.82,10.0,65.0
116,0,1388,33,31.82,10.0,65.0
116,0,1390,33,31.82,10.0,65.0
116,0,1391,33,31.82,10.0,65.0
116,0,1392,33,31.82,10.0,65.0
116,0,1393,33,31.82,10.0,65.0
116,0,1394,33,31.82,10.0,65.0
116,0,1395,33,31.82,10.0,65.0
116,0,1396,33,31.82,10.0,65.0
116,0,1397,33,31.82,10.0,65.0
116,0,1399,33,31.82,10.0,65.0
116,0,1409,33,31.82,10.0,65.0
116,0,1429,33,31.82,10.0,65.0
116,0,2892,33,31.82,10.0,65.0
116,0,319,33,31.82,10.0,65.0
116,0,320,33,31.82,10.0,65.0
116,0,321,33,31.82,10.0,65.0
116,0,349,33,31.82,10.0,65.0
701,1,1170,29,32.07,10.0,90.0
701,1,1171,29,32.07,10.0,90.0
701,1,1172,29,32.07,10.0,90.0
701,1,1173,29,32.07,10.0,90.0
701,1,1174,29,32.07,10.0,90.0
701,1,1175,29,32.07,10.0,90.0
701,1,1176,29,32.07,10.0,90.0
701,1,1177,29,32.07,10.0,90.0
701,1,1179,29,32.07,10.0,90.0
701,1,1180,29,32.07,10.0,90.0
701,1,1181,29,32.07,10.0,90.0
701,1,1182,29,32.07,10.0,90.0
701,1,1339,29,32.07,10.0,90.0
701,1,1340,29,32.07,10.0,90.0
701,1,1583,29,32.07,10.0,90.0
701,1,2185,29,32.07,10.0,90.0
701,1,2186,29,32.07,10.0,90.0
701,1,2187,29,32.07,10.0,90.0
701,1,2188,29,32.07,10.0,90.0
701,1,2189,29,32.07,10.0,90.0
701,1,2190,29,32.07,10.0,90.0
701,1,2191,29,32.07,10.0,90.0
701,1,2243,29,32.07,10.0,90.0
701,1,2284,29,32.07,10.0,90.0
701,1,2285,29,32.07,10.0,90.0
701,1,2286,29,32.07,10.0,90.0
701,1,2287,29,32.07,10.0,90.0
701,1,2288,29,32.07,10.0,90.0
701,1,2289,29,32.07,10.0,90.0
701,1,2290,29,32.07,10.0,90.0
701,1,2291,29,32.07,10.0,90.0
701,1,2292,29,32.07,10.0,90.0
701,1,2293,29,32.07,10.0,90.0
701,1,2294,29,32.07,10.0,90.0
701,1,2295,29,32.07,10.0,90.0
701,1,2296,29,32.07,10.0,90.0
701,1,2738,29,32.07,10.0,90.0
701,1,2745,29,32.07,10.0,90.0
701,1,4568,29,32.07,10.0,90.0
701,1,6925,29,32.07,10.0,90.0
701,1,6931,29,32.07,10.0,90.0
701,1,6933,29,32.07,10.0,90.0
701,1,6934,29,32.07,10.0,90.0
701,1,6935,29,32.07,10.0,90.0
701,1,705,29,32.07,10.0,90.0
701,1,748,29,32.07,10.0,90.0
701,1,749,29,32.07,10.0,90.0
701,1,750,29,32.07,10.0,90.0
701,1,751,29,32.07,10.0,90.0
701,1,752,29,32.07,10.0,90.0
701,1,753,29,32.07,10.0,90.0
701,1,754,29,32.07,10.0,90.0
701,1,755,29,32.07,10.0,90.0
701,1,756,29,32.07,10.0,90.0
701,1,757,29,32.07,10.0,90.0
701,1,758,29,32.07,10.0,90.0
701,1,759,29,32.07,10.0,90.0
701,1,861,29,32.07,10.0,90.0
700,0,1157,29,32.41,25.0,70.0
700,0,1158,29,32.41,25.0,70.0
700,0,1159,29,32.41,25.0,70.0
700,0,1161,29,32.41,25.0,70.0
700,0,1162,29,32.41,25.0,70.0
700,0,1163,29,32.41,25.0,70.0
700,0,1164,29,32.41,25.0,70.0
700,0,1165,29,32.41,25.0,70.0
700,0,1166,29,32.41,25.0,70.0
700,0,1167,29,32.41,25.0,70.0
700,0,1168,29,32.41,25.0,70.0
700,0,1169,29,32.41,25.0,70.0
700,0,1303,29,32.41,25.0,70.0
700,0,1566,29,32.41,25.0,70.0
700,0,1567,29,32.41,25.0,70.0
700,0,1568,29,32.41,25.0,70.0
700,0,2142,29,32.41,25.0,70.0
700,0,2143,29,32.41,25.0,70.0
700,0,2144,29,32.41,25.0,70.0
700,0,2145,29,32.41,25.0,70.0
700,0,2146,29,32.41,25.0,70.0
700,0,2147,29,32.41,25.0,70.0
700,0,2148,29,32.41,25.0,70.0
700,0,2149,29,32.41,25.0,70.0
700,0,2269,29,32.41,25.0,70.0
700,0,2270,29,32.41,25.0,70.0
700,0,2271,29,32.41,25.0,70.0
700,0,2272,29,32.41,25.0,70.0
700,0,2273,29,32.41,25.0,70.0
700,0,2274,29,32.41,25.0,70.0
700,0,2275,29,32.41,25.0,70.0
700,0,2276,29,32.41,25.0,70.0
700,0,2277,29,32.41,25.0,70.0
700,0,2278,29,32.41,25.0,70.0
700,0,2279,29,32.41,25.0,70.0
700,0,2280,29,32.41,25.0,70.0
700,0,2281,29,32.41,25.0,70.0
700,0,2282,29,32.41,25.0,70.0
700,0,2340,29,32.41,25.0,70.0
700,0,2342,29,32.41,25.0,70.0
700,0,2740,29,32.41,25.0,70.0
700,0,2741,29,32.41,25.0,70.0
700,0,6924,29,32.41,25.0,70.0
700,0,6925,29,32.41,25.0,70.0
700,0,705,29,32.41,25.0,70.0
700,0,706,29,32.41,25.0,70.0
700,0,707,29,32.41,25.0,70.0
700,0,708,29,32.41,25.0,70.0
700,0,709,29,32.41,25.0,70.0
700,0,710,29,32.41,25.0,70.0
700,0,711,29,32.41,25.0,70.0
700,0,712,29,32.41,25.0,70.0
700,0,713,29,32.41,25.0,70.0
700,0,714,29,32.41,25.0,70.0
700,0,715,29,32.41,25.0,70.0
700,0,716,29,32.41,25.0,70.0
700,0,717,29,32.41,25.0,70.0
741,1,6087,39,32.56,10.0,295.0
741,1,6897,39,32.56,10.0,295.0
741,1,7089,39,32.56,10.0,295.0
741,1,7137,39,32.56,10.0,295.0
741,1,7138,39,32.56,10.0,295.0
741,1,7139,39,32.56,10.0,295.0
741,1,7140,39,32.56,10.0,295.0
741,1,7141,39,32.56,10.0,295.0
741,1,7142,39,32.56,10.0,295.0
741,1,7143,39,32.56,10.0,295.0
741,1,7144,39,32.56,10.0,295.0
741,1,7145,39,32.56,10.0,295.0
741,1,7146,39,32.56,10.0,295.0
741,1,7147,39,32.56,10.0,295.0
741,1,7148,39,32.56,10.0,295.0
741,1,7149,39,32.56,10.0,295.0
741,1,7150,39,32.56,10.0,295.0
741,1,7151,39,32.56,10.0,295.0
741,1,7152,39,32.56,10.0,295.0
741,1,7153,39,32.56,10.0,295.0
741,1,7154,39,32.56,10.0,295.0
741,1,7155,39,32.56,10.0,295.0
741,1,7156,39,32.56,10.0,295.0
741,1,7157,39,32.56,10.0,295.0
741,1,7158,39,32.56,10.0,295.0
741,1,7160,39,32.56,10.0,295.0
741,1,7162,39,32.56,10.0,295.0
741,1,7163,39,32.56,10.0,295.0
741,1,7478,39,32.56,10.0,295.0
741,1,7479,39,32.56,10.0,295.0
741,1,890,39,32.56,10.0,295.0
741,1,892,39,32.56,10.0,295.0
741,1,893,39,32.56,10.0,295.0
741,1,894,39,32.56,10.0,295.0
741,1,895,39,32.56,10.0,295.0
741,1,896,39,32.56,10.0,295.0
741,1,897,39,32.56,10.0,295.0
741,1,898,39,32.56,10.0,295.0
741,1,899,39,32.56,10.0,295.0
741,1,900,39,32.56,10.0,295.0
741,1,901,39,32.56,10.0,295.0
741,1,903,39,32.56,10.0,295.0
741,1,904,39,32.56,10.0,295.0
741,1,905,39,32.56,10.0,295.0
741,1,906,39,32.56,10.0,295.0
741,1,907,39,32.56,10.0,295.0
741,1,908,39,32.56,10.0,295.0
741,1,909,39,32.56,10.0,295.0
741,1,910,39,32.56,10.0,295.0
741,1,911,39,32.56,10.0,295.0
741,1,912,39,32.56,10.0,295.0
741,1,913,39,32.56,10.0,295.0
741,1,914,39,32.56,10.0,295.0
741,1,915,39,32.56,10.0,295.0
741,1,916,39,32.56,10.0,295.0
679,1,1031,42,32.62,5.0,270.0
679,1,1036,42,32.62,5.0,270.0
679,1,1037,42,32.62,5.0,270.0
679,1,1038,42,32.62,5.0,270.0
679,1,1050,42,32.62,5.0,270.0
679,1,1051,42,32.62,5.0,270.0
679,1,1052,42,32.62,5.0,270.0
679,1,1053,42,32.62,5.0,270.0
679,1,1056,42,32.62,5.0,270.0
679,1,1318,42,32.62,5.0,270.0
679,1,1378,42,32.62,5.0,270.0
679,1,1379,42,32.62,5.0,270.0
679,1,1380,42,32.62,5.0,270.0
679,1,1381,42,32.62,5.0,270.0
679,1,1382,42,32.62,5.0,270.0
679,1,1383,42,32.62,5.0,270.0
679,1,1400,42,32.62,5.0,270.0
679,1,1401,42,32.62,5.0,270.0
679,1,1422,42,32.62,5.0,270.0
679,1,1574,42,32.62,5.0,270.0
679,1,1575,42,32.62,5.0,270.0
679,1,1576,42,32.62,5.0,270.0
679,1,1577,42,32.62,5.0,270.0
679,1,1578,42,32.62,5.0,270.0
679,1,1581,42,32.62,5.0,270.0
679,1,1582,42,32.62,5.0,270.0
679,1,1583,42,32.62,5.0,270.0
679,1,1737,42,32.62,5.0,270.0
679,1,1743,42,32.62,5.0,270.0
679,1,1744,42,32.62,5.0,270.0
679,1,1746,42,32.62,5.0,270.0
679,1,2111,42,32.62,5.0,270.0
679,1,2112,42,32.62,5.0,270.0
679,1,2114,42,32.62,5.0,270.0
679,1,2119,42,32.62,5.0,270.0
679,1,2738,42,32.62,5.0,270.0
679,1,3008,42,32.62,5.0,270.0
679,1,4568,42,32.62,5.0,270.0
679,1,6771,42,32.62,5.0,270.0
679,1,741,42,32.62,5.0,270.0
679,1,766,42,32.62,5.0,270.0
679,1,785,42,32.62,5.0,270.0
679,1,801,42,32.62,5.0,270.0
679,1,802,42,32.62,5.0,270.0
679,1,803,42,32.62,5.0,270.0
679,1,804,42,32.62,5.0,270.0
679,1,805,42,32.62,5.0,270.0
679,1,806,42,32.62,5.0,270.0
679,1,955,42,32.62,5.0,270.0
679,1,956,42,32.62,5.0,270.0
679,1,957,42,32.62,5.0,270.0
679,1,958,42,32.62,5.0,270.0
679,1,959,42,32.62,5.0,270.0
679,1,974,42,32.62,5.0,270.0
139,1,1036,31,32.9,10.0,60.0
139,1,1037,31,32.9,10.0,60.0
139,1,1038,31,32.9,10.0,60.0
139,1,1050,31,32.9,10.0,60.0
139,1,1051,31,32.9,10.0,60.0
139,1,1052,31,32.9,10.0,60.0
139,1,1053,31,32.9,10.0,60.0
139,1,1056,31,32.9,10.0,60.0
139,1,1058,31,32.9,10.0,60.0
139,1,106812,31,32.9,10.0,60.0
139,1,1204,31,32.9,10.0,60.0
139,1,1638,31,32.9,10.0,60.0
139,1,1643,31,32.9,10.0,60.0
139,1,1702,31,32.9,10.0,60.0
139,1,1711,31,32.9,10.0,60.0
139,1,1737,31,32.9,10.0,60.0
139,1,1739,31,32.9,10.0,60.0
139,1,1743,31,32.9,10.0,60.0
139,1,1744,31,32.9,10.0,60.0
139,1,1746,31,32.9,10.0,60.0
139,1,1751,31,32.9,10.0,60.0
139,1,1758,31,32.9,10.0,60.0
139,1,1760,31,32.9,10.0,60.0
139,1,1761,31,32.9,10.0,60.0
139,1,1762,31,32.9,10.0,60.0
139,1,1763,31,32.9,10.0,60.0
139,1,1764,31,32.9,10.0,60.0
139,1,1767,31,32.9,10.0,60.0
139,1,304,31,32.9,10.0,60.0
139,1,320,31,32.9,10.0,60.0
139,1,321,31,32.9,10.0,60.0
139,1,3211,31,32.9,10.0,60.0
139,1,349,31,32.9,10.0,60.0
139,1,3755,31,32.9,10.0,60.0
139,1,414,31,32.9,10.0,60.0
139,1,415,31,32.9,10.0,60.0
139,1,416,31,32.9,10.0,60.0
139,1,419,31,32.9,10.0,60.0
139,1,433,31,32.9,10.0,60.0
139,1,435,31,32.9,10.0,60.0
139,1,438,31,32.9,10.0,60.0
139,1,439,31,32.9,10.0,60.0
139,1,440,31,32.9,10.0,60.0
139,1,462,31,32.9,10.0,60.0
139,1,463,31,32.9,10.0,60.0
139,1,464,31,32.9,10.0,60.0
139,1,736,31,32.9,10.0,60.0
139,1,737,31,32.9,10.0,60.0
139,1,738,31,32.9,10.0,60.0
139,1,739,31,32.9,10.0,60.0
139,1,950,31,32.9,10.0,60.0
139,1,951,31,32.9,10.0,60.0
139,1,952,31,32.9,10.0,60.0
139,1,953,31,32.9,10.0,60.0
139,1,954,31,32.9,10.0,60.0
139,1,955,31,32.9,10.0,60.0
139,1,956,31,32.9,10.0,60.0
139,1,957,31,32.9,10.0,60.0
139,1,958,31,32.9,10.0,60.0
139,1,959,31,32.9,10.0,60.0
139,1,974,31,32.9,10.0,60.0
887,1,229,31,32.9,5.0,90.0
887,1,230,31,32.9,5.0,90.0
887,1,231,31,32.9,5.0,90.0
887,1,232,31,32.9,5.0,90.0
887,1,234,31,32.9,5.0,90.0
887,1,235,31,32.9,5.0,90.0
887,1,236,31,32.9,5.0,90.0
887,1,238,31,32.9,5.0,90.0
887,1,3315,31,32.9,5.0,90.0
887,1,3317,31,32.9,5.0,90.0
887,1,377,31,32.9,5.0,90.0
887,1,392,31,32.9,5.0,90.0
887,1,393,31,32.9,5.0,90.0
887,1,395,31,32.9,5.0,90.0
887,1,396,31,32.9,5.0,90.0
887,1,5545,31,32.9,5.0,90.0
887,1,5565,31,32.9,5.0,90.0
887,1,5568,31,32.9,5.0,90.0
887,1,5569,31,32.9,5.0,90.0
887,1,5570,31,32.9,5.0,90.0
887,1,5574,31,32.9,5.0,90.0
887,1,5576,31,32.9,5.0,90.0
887,1,5577,31,32.9,5.0,90.0
887,1,624,31,32.9,5.0,90.0
887,1,625,31,32.9,5.0,90.0
887,1,626,31,32.9,5.0,90.0
887,1,627,31,32.9,5.0,90.0
887,1,671,31,32.9,5.0,90.0
887,1,673,31,32.9,5.0,90.0
887,1,674,31,32.9,5.0,90.0
887,1,7803,31,32.9,5.0,90.0
887,1,7837,31,32.9,5.0,90.0
887,1,7838,31,32.9,5.0,90.0
887,1,7839,31,32.9,5.0,90.0
887,1,7864,31,32.9,5.0,90.0
887,1,7865,31,32.9,5.0,90.0
887,1,7866,31,32.9,5.0,90.0
887,1,7867,31,32.9,5.0,90.0
887,1,7868,31,32.9,5.0,90.0
887,1,7939,31,32.9,5.0,90.0
887,1,7941,31,32.9,5.0,90.0
887,1,7957,31,32.9,5.0,90.0
887,1,7964,31,32.9,5.0,90.0
887,1,7997,31,32.9,5.0,90.0
887,1,7998,31,32.9,5.0,90.0
887,1,7999,31,32.9,5.0,90.0
887,1,8000,31,32.9,5.0,90.0
887,1,8001,31,32.9,5.0,90.0
887,1,8002,31,32.9,5.0,90.0
887,1,8003,31,32.9,5.0,90.0
887,1,8004,31,32.9,5.0,90.0
887,1,8005,31,32.9,5.0,90.0
887,1,8006,31,32.9,5.0,90.0
887,1,8062,31,32.9,5.0,90.0
582,1,100,10,33.0,10.0,80.0
582,1,589,10,33.0,10.0,80.0
582,1,594,10,33.0,10.0,80.0
582,1,6,10,33.0,10.0,80.0
582,1,600,10,33.0,10.0,80.0
582,1,601,10,33.0,10.0,80.0
582,1,6014,10,33.0,10.0,80.0
582,1,603,10,33.0,10.0,80.0
582,1,604,10,33.0,10.0,80.0
582,1,605,10,33.0,10.0,80.0
582,1,606,10,33.0,10.0,80.0
582,1,607,10,33.0,10.0,80.0
582,1,608,10,33.0,10.0,80.0
582,1,62,10,33.0,10.0,80.0
582,1,6414,10,33.0,10.0,80.0
582,1,7,10,33.0,10.0,80.0
582,1,7627,10,33.0,10.0,80.0
582,1,7920,10,33.0,10.0,80.0
582,1,91,10,33.0,10.0,80.0
582,1,92,10,33.0,10.0,80.0
582,1,93,10,33.0,10.0,80.0
582,1,94,10,33.0,10.0,80.0
582,1,95,10,33.0,10.0,80.0
582,1,96,10,33.0,10.0,80.0
582,1,97,10,33.0,10.0,80.0
582,1,98,10,33.0,10.0,80.0
582,1,99,10,33.0,10.0,80.0
197,0,106815,30,33.5,5.0,145.0
197,0,106816,30,33.5,5.0,145.0
197,0,107,30,33.5,5.0,145.0
197,0,1157,30,33.5,5.0,145.0
197,0,1158,30,33.5,5.0,145.0
197,0,1159,30,33.5,5.0,145.0
197,0,1161,30,33.5,5.0,145.0
197,0,1162,30,33.5,5.0,145.0
197,0,1163,30,33.5,5.0,145.0
197,0,1164,30,33.5,5.0,145.0
197,0,1165,30,33.5,5.0,145.0
197,0,1166,30,33.5,5.0,145.0
197,0,1167,30,33.5,5.0,145.0
197,0,1168,30,33.5,5.0,145.0
197,0,1169,30,33.5,5.0,145.0
197,0,1303,30,33.5,5.0,145.0
197,0,1304,30,33.5,5.0,145.0
197,0,1316,30,33.5,5.0,145.0
197,0,1317,30,33.5,5.0,145.0
197,0,1318,30,33.5,5.0,145.0
197,0,1322,30,33.5,5.0,145.0
197,0,1376,30,33.5,5.0,145.0
197,0,2230,30,33.5,5.0,145.0
197,0,2269,30,33.5,5.0,145.0
197,0,2270,30,33.5,5.0,145.0
197,0,2271,30,33.5,5.0,145.0
197,0,2272,30,33.5,5.0,145.0
197,0,2273,30,33.5,5.0,145.0
197,0,2274,30,33.5,5.0,145.0
197,0,2275,30,33.5,5.0,145.0
197,0,2276,30,33.5,5.0,145.0
197,0,2277,30,33.5,5.0,145.0
197,0,2278,30,33.5,5.0,145.0
197,0,2279,30,33.5,5.0,145.0
197,0,2280,30,33.5,5.0,145.0
197,0,2281,30,33.5,5.0,145.0
197,0,2282,30,33.5,5.0,145.0
197,0,2340,30,33.5,5.0,145.0
197,0,2342,30,33.5,5.0,145.0
197,0,2343,30,33.5,5.0,145.0
197,0,2344,30,33.5,5.0,145.0
197,0,2345,30,33.5,5.0,145.0
197,0,2346,30,33.5,5.0,145.0
197,0,319,30,33.5,5.0,145.0
197,0,320,30,33.5,5.0,145.0
197,0,718,30,33.5,5.0,145.0
197,0,719,30,33.5,5.0,145.0
197,0,720,30,33.5,5.0,145.0
197,0,721,30,33.5,5.0,145.0
197,0,722,30,33.5,5.0,145.0
1083,1,1800,27,33.52,5.0,60.0
1083,1,1803,27,33.52,5.0,60.0
1083,1,1804,27,33.52,5.0,60.0
1083,1,1805,27,33.52,5.0,60.0
1083,1,1806,27,33.52,5.0,60.0
1083,1,1807,27,33.52,5.0,60.0
1083,1,1808,27,33.52,5.0,60.0
1083,1,3121,27,33.52,5.0,60.0
1083,1,3141,27,33.52,5.0,60.0
1083,1,3143,27,33.52,5.0,60.0
1083,1,3150,27,33.52,5.0,60.0
1083,1,3151,27,33.52,5.0,60.0
1083,1,3152,27,33.52,5.0,60.0
1083,1,3153,27,33.52,5.0,60.0
1083,1,3154,27,33.52,5.0,60.0
1083,1,3155,27,33.52,5.0,60.0
1083,1,3156,27,33.52,5.0,60.0
1083,1,3157,27,33.52,5.0,60.0
1083,1,3158,27,33.52,5.0,60.0
1083,1,3160,27,33.52,5.0,60.0
138,0,1031,30,34.0,5.0,90.0
138,0,1032,30,34.0,5.0,90.0
138,0,1033,30,34.0,5.0,90.0
138,0,1034,30,34.0,5.0,90.0
138,0,1035,30,34.0,5.0,90.0
138,0,1040,30,34.0,5.0,90.0
138,0,1041,30,34.0,5.0,90.0
138,0,1043,30,34.0,5.0,90.0
138,0,1044,30,34.0,5.0,90.0
138,0,1045,30,34.0,5.0,90.0
138,0,1047,30,34.0,5.0,90.0
138,0,1048,30,34.0,5.0,90.0
138,0,105,30,34.0,5.0,90.0
138,0,1637,30,34.0,5.0,90.0
138,0,1639,30,34.0,5.0,90.0
138,0,1640,30,34.0,5.0,90.0
138,0,1641,30,34.0,5.0,90.0
138,0,1642,30,34.0,5.0,90.0
138,0,1685,30,34.0,5.0,90.0
138,0,1742,30,34.0,5.0,90.0
138,0,1749,30,34.0,5.0,90.0
138,0,1750,30,34.0,5.0,90.0
138,0,1752,30,34.0,5.0,90.0
138,0,1753,30,34.0,5.0,90.0
138,0,1754,30,34.0,5.0,90.0
138,0,1756,30,34.0,5.0,90.0
138,0,1757,30,34.0,5.0,90.0
138,0,1758,30,34.0,5.0,90.0
138,0,264,30,34.0,5.0,90.0
138,0,3212,30,34.0,5.0,90.0
138,0,3757,30,34.0,5.0,90.0
138,0,3758,30,34.0,5.0,90.0
138,0,409,30,34.0,5.0,90.0
138,0,410,30,34.0,5.0,90.0
138,0,411,30,34.0,5.0,90.0
138,0,412,30,34.0,5.0,90.0
138,0,413,30,34.0,5.0,90.0
138,0,418,30,34.0,5.0,90.0
138,0,436,30,34.0,5.0,90.0
138,0,437,30,34.0,5.0,90.0
138,0,454,30,34.0,5.0,90.0
138,0,460,30,34.0,5.0,90.0
138,0,461,30,34.0,5.0,90.0
138,0,5844,30,34.0,5.0,90.0
138,0,728,30,34.0,5.0,90.0
138,0,729,30,34.0,5.0,90.0
138,0,730,30,34.0,5.0,90.0
138,0,731,30,34.0,5.0,90.0
138,0,939,30,34.0,5.0,90.0
138,0,940,30,34.0,5.0,90.0
138,0,941,30,34.0,5.0,90.0
138,0,942,30,34.0,5.0,90.0
138,0,943,30,34.0,5.0,90.0
138,0,944,30,34.0,5.0,90.0
138,0,945,30,34.0,5.0,90.0
138,0,946,30,34.0,5.0,90.0
138,0,947,30,34.0,5.0,90.0
138,0,948,30,34.0,5.0,90.0
138,0,972,30,34.0,5.0,90.0
138,0,973,30,34.0,5.0,90.0
198,1,107,30,34.0,20.0,60.0
198,1,1170,30,34.0,20.0,60.0
198,1,1171,30,34.0,20.0,60.0
198,1,1172,30,34.0,20.0,60.0
198,1,1173,30,34.0,20.0,60.0
198,1,1174,30,34.0,20.0,60.0
198,1,1175,30,34.0,20.0,60.0
198,1,1176,30,34.0,20.0,60.0
198,1,1177,30,34.0,20.0,60.0
198,1,1179,30,34.0,20.0,60.0
198,1,1180,30,34.0,20.0,60.0
198,1,1181,30,34.0,20.0,60.0
198,1,1182,30,34.0,20.0,60.0
198,1,1318,30,34.0,20.0,60.0
198,1,1323,30,34.0,20.0,60.0
198,1,1324,30,34.0,20.0,60.0
198,1,1325,30,34.0,20.0,60.0
198,1,1326,30,34.0,20.0,60.0
198,1,1327,30,34.0,20.0,60.0
198,1,1340,30,34.0,20.0,60.0
198,1,2243,30,34.0,20.0,60.0
198,1,2244,30,34.0,20.0,60.0
198,1,2284,30,34.0,20.0,60.0
198,1,2285,30,34.0,20.0,60.0
198,1,2286,30,34.0,20.0,60.0
198,1,2287,30,34.0,20.0,60.0
198,1,2288,30,34.0,20.0,60.0
198,1,2289,30,34.0,20.0,60.0
198,1,2290,30,34.0,20.0,60.0
198,1,2291,30,34.0,20.0,60.0
198,1,2292,30,34.0,20.0,60.0
198,1,2293,30,34.0,20.0,60.0
198,1,2294,30,34.0,20.0,60.0
198,1,2295,30,34.0,20.0,60.0
198,1,2296,30,34.0,20.0,60.0
198,1,2347,30,34.0,20.0,60.0
198,1,2348,30,34.0,20.0,60.0
198,1,2349,30,34.0,20.0,60.0
198,1,2350,30,34.0,20.0,60.0
198,1,6935,30,34.0,20.0,60.0
198,1,744,30,34.0,20.0,60.0
198,1,745,30,34.0,20.0,60.0
198,1,746,30,34.0,20.0,60.0
198,1,747,30,34.0,20.0,60.0
198,1,768,30,34.0,20.0,60.0
355,0,1310,30,34.0,15.0,70.0
355,0,1311,30,34.0,15.0,70.0
355,0,1312,30,34.0,15.0,70.0
355,0,1313,30,34.0,15.0,70.0
355,0,1314,30,34.0,15.0,70.0
355,0,1315,30,34.0,15.0,70.0
355,0,1316,30,34.0,15.0,70.0
355,0,1369,30,34.0,15.0,70.0
355,0,1370,30,34.0,15.0,70.0
355,0,1371,30,34.0,15.0,70.0
355,0,1372,30,34.0,15.0,70.0
355,0,1382,30,34.0,15.0,70.0
355,0,1387,30,34.0,15.0,70.0
355,0,1398,30,34.0,15.0,70.0
355,0,1399,30,34.0,15.0,70.0
355,0,1634,30,34.0,15.0,70.0
355,0,1635,30,34.0,15.0,70.0
355,0,1749,30,34.0,15.0,70.0
355,0,1750,30,34.0,15.0,70.0
355,0,1751,30,34.0,15.0,70.0
355,0,1752,30,34.0,15.0,70.0
355,0,1753,30,34.0,15.0,70.0
355,0,1754,30,34.0,15.0,70.0
355,0,1756,30,34.0,15.0,70.0
355,0,1757,30,34.0,15.0,70.0
355,0,1758,30,34.0,15.0,70.0
355,0,2150,30,34.0,15.0,70.0
355,0,2151,30,34.0,15.0,70.0
355,0,2152,30,34.0,15.0,70.0
355,0,2153,30,34.0,15.0,70.0
355,0,2154,30,34.0,15.0,70.0
355,0,2155,30,34.0,15.0,70.0
355,0,2157,30,34.0,15.0,70.0
355,0,2158,30,34.0,15.0,70.0
355,0,2159,30,34.0,15.0,70.0
355,0,2160,30,34.0,15.0,70.0
355,0,2162,30,34.0,15.0,70.0
355,0,2163,30,34.0,15.0,70.0
355,0,2164,30,34.0,15.0,70.0
355,0,2165,30,34.0,15.0,70.0
355,0,2166,30,34.0,15.0,70.0
355,0,3018,30,34.0,15.0,70.0
355,0,3038,30,34.0,15.0,70.0
355,0,3758,30,34.0,15.0,70.0
355,0,3834,30,34.0,15.0,70.0
355,0,416,30,34.0,15.0,70.0
355,0,418,30,34.0,15.0,70.0
355,0,454,30,34.0,15.0,70.0
355,0,698,30,34.0,15.0,70.0
355,0,699,30,34.0,15.0,70.0
355,0,700,30,34.0,15.0,70.0
355,0,701,30,34.0,15.0,70.0
355,0,702,30,34.0,15.0,70.0
355,0,703,30,34.0,15.0,70.0
355,0,704,30,34.0,15.0,70.0
355,0,705,30,34.0,15.0,70.0
355,0,706,30,34.0,15.0,70.0
355,0,707,30,34.0,15.0,70.0
355,0,708,30,34.0,15.0,70.0
355,0,709,30,34.0,15.0,70.0
355,0,710,30,34.0,15.0,70.0
355,0,711,30,34.0,15.0,70.0
355,0,712,30,34.0,15.0,70.0
355,0,713,30,34.0,15.0,70.0
355,0,714,30,34.0,15.0,70.0
355,0,715,30,34.0,15.0,70.0
355,0,716,30,34.0,15.0,70.0
355,0,761,30,34.0,15.0,70.0
355,0,762,30,34.0,15.0,70.0
355,0,763,30,34.0,15.0,70.0
355,0,764,30,34.0,15.0,70.0
355,0,765,30,34.0,15.0,70.0
1060,0,3510,27,34.07,20.0,60.0
1060,0,3512,27,34.07,20.0,60.0
1060,0,8651,27,34.07,20.0,60.0
1060,0,8652,27,34.07,20.0,60.0
1060,0,8653,27,34.07,20.0,60.0
1060,0,8654,27,34.07,20.0,60.0
1060,0,8655,27,34.07,20.0,60.0
1060,0,8656,27,34.07,20.0,60.0
1060,0,8679,27,34.07,20.0,60.0
1060,0,8680,27,34.07,20.0,60.0
1060,0,8681,27,34.07,20.0,60.0
1060,0,8682,27,34.07,20.0,60.0
1060,0,8683,27,34.07,20.0,60.0
1060,0,8684,27,34.07,20.0,60.0
1060,0,8685,27,34.07,20.0,60.0
833,0,10,28,34.11,5.0,160.0
833,0,1031,28,34.11,5.0,160.0
833,0,106659,28,34.11,5.0,160.0
833,0,1071,28,34.11,5.0,160.0
833,0,11,28,34.11,5.0,160.0
833,0,12,28,34.11,5.0,160.0
833,0,13,28,34.11,5.0,160.0
833,0,14,28,34.11,5.0,160.0
833,0,15,28,34.11,5.0,160.0
833,0,5887,28,34.11,5.0,160.0
833,0,5888,28,34.11,5.0,160.0
833,0,6014,28,34.11,5.0,160.0
833,0,6015,28,34.11,5.0,160.0
833,0,6059,28,34.11,5.0,160.0
833,0,6094,28,34.11,5.0,160.0
833,0,6129,28,34.11,5.0,160.0
833,0,6130,28,34.11,5.0,160.0
833,0,6161,28,34.11,5.0,160.0
833,0,6162,28,34.11,5.0,160.0
833,0,6282,28,34.11,5.0,160.0
833,0,6285,28,34.11,5.0,160.0
833,0,6286,28,34.11,5.0,160.0
833,0,6288,28,34.11,5.0,160.0
833,0,6290,28,34.11,5.0,160.0
833,0,6302,28,34.11,5.0,160.0
833,0,6303,28,34.11,5.0,160.0
833,0,6304,28,34.11,5.0,160.0
833,0,6444,28,34.11,5.0,160.0
833,0,6446,28,34.11,5.0,160.0
833,0,6470,28,34.11,5.0,160.0
833,0,6496,28,34.11,5.0,160.0
833,0,6497,28,34.11,5.0,160.0
833,0,6498,28,34.11,5.0,160.0
833,0,6499,28,34.11,5.0,160.0
833,0,6511,28,34.11,5.0,160.0
833,0,6512,28,34.11,5.0,160.0
833,0,69,28,34.11,5.0,160.0
833,0,6912,28,34.11,5.0,160.0
833,0,70,28,34.11,5.0,160.0
833,0,71,28,34.11,5.0,160.0
833,0,72,28,34.11,5.0,160.0
833,0,73,28,34.11,5.0,160.0
833,0,75,28,34.11,5.0,160.0
833,0,7589,28,34.11,5.0,160.0
833,0,76,28,34.11,5.0,160.0
833,0,7627,28,34.11,5.0,160.0
833,0,77,28,34.11,5.0,160.0
833,0,7764,28,34.11,5.0,160.0
833,0,78,28,34.11,5.0,160.0
833,0,79,28,34.11,5.0,160.0
833,0,8,28,34.11,5.0,160.0
833,0,9,28,34.11,5.0,160.0
282,1,106822,42,34.17,5.0,300.0
282,1,107,42,34.17,5.0,300.0
282,1,149,42,34.17,5.0,300.0
282,1,150,42,34.17,5.0,300.0
282,1,151,42,34.17,5.0,300.0
282,1,152,42,34.17,5.0,300.0
282,1,1957,42,34.17,5.0,300.0
282,1,1959,42,34.17,5.0,300.0
282,1,1960,42,34.17,5.0,300.0
282,1,1961,42,34.17,5.0,300.0
282,1,1976,42,34.17,5.0,300.0
282,1,1979,42,34.17,5.0,300.0
282,1,1980,42,34.17,5.0,300.0
282,1,1981,42,34.17,5.0,300.0
282,1,1982,42,34.17,5.0,300.0
282,1,1983,42,34.17,5.0,300.0
282,1,1984,42,34.17,5.0,300.0
282,1,1985,42,34.17,5.0,300.0
282,1,1986,42,34.17,5.0,300.0
282,1,1987,42,34.17,5.0,300.0
282,1,1988,42,34.17,5.0,300.0
282,1,1989,42,34.17,5.0,300.0
282,1,218,42,34.17,5.0,300.0
282,1,219,42,34.17,5.0,300.0
282,1,220,42,34.17,5.0,300.0
282,1,221,42,34.17,5.0,300.0
282,1,222,42,34.17,5.0,300.0
282,1,223,42,34.17,5.0,300.0
282,1,224,42,34.17,5.0,300.0
282,1,225,42,34.17,5.0,300.0
282,1,283,42,34.17,5.0,300.0
282,1,284,42,34.17,5.0,300.0
282,1,285,42,34.17,5.0,300.0
282,1,287,42,34.17,5.0,300.0
282,1,288,42,34.17,5.0,300.0
282,1,3167,42,34.17,5.0,300.0
282,1,3173,42,34.17,5.0,300.0
282,1,3174,42,34.17,5.0,300.0
282,1,3175,42,34.17,5.0,300.0
282,1,3176,42,34.17,5.0,300.0
282,1,3177,42,34.17,5.0,300.0
282,1,3178,42,34.17,5.0,300.0
282,1,3179,42,34.17,5.0,300.0
282,1,319,42,34.17,5.0,300.0
282,1,331,42,34.17,5.0,300.0
282,1,4533,42,34.17,5.0,300.0
282,1,461,42,34.17,5.0,300.0
282,1,462,42,34.17,5.0,300.0
282,1,491,42,34.17,5.0,300.0
356,1,1327,32,34.22,5.0,70.0
356,1,1328,32,34.22,5.0,70.0
356,1,1329,32,34.22,5.0,70.0
356,1,1330,32,34.22,5.0,70.0
356,1,1331,32,34.22,5.0,70.0
356,1,1332,32,34.22,5.0,70.0
356,1,1370,32,34.22,5.0,70.0
356,1,1380,32,34.22,5.0,70.0
356,1,1381,32,34.22,5.0,70.0
356,1,1383,32,34.22,5.0,70.0
356,1,1400,32,34.22,5.0,70.0
356,1,1401,32,34.22,5.0,70.0
356,1,1574,32,34.22,5.0,70.0
356,1,1575,32,34.22,5.0,70.0
356,1,1702,32,34.22,5.0,70.0
356,1,1749,32,34.22,5.0,70.0
356,1,1751,32,34.22,5.0,70.0
356,1,1758,32,34.22,5.0,70.0
356,1,1760,32,34.22,5.0,70.0
356,1,1761,32,34.22,5.0,70.0
356,1,1762,32,34.22,5.0,70.0
356,1,1763,32,34.22,5.0,70.0
356,1,1764,32,34.22,5.0,70.0
356,1,1767,32,34.22,5.0,70.0
356,1,2167,32,34.22,5.0,70.0
356,1,2168,32,34.22,5.0,70.0
356,1,2169,32,34.22,5.0,70.0
356,1,2170,32,34.22,5.0,70.0
356,1,2171,32,34.22,5.0,70.0
356,1,2173,32,34.22,5.0,70.0
356,1,2174,32,34.22,5.0,70.0
356,1,2175,32,34.22,5.0,70.0
356,1,2176,32,34.22,5.0,70.0
356,1,2177,32,34.22,5.0,70.0
356,1,2178,32,34.22,5.0,70.0
356,1,2179,32,34.22,5.0,70.0
356,1,2180,32,34.22,5.0,70.0
356,1,2181,32,34.22,5.0,70.0
356,1,2182,32,34.22,5.0,70.0
356,1,2183,32,34.22,5.0,70.0
356,1,2184,32,34.22,5.0,70.0
356,1,3037,32,34.22,5.0,70.0
356,1,3038,32,34.22,5.0,70.0
356,1,3755,32,34.22,5.0,70.0
356,1,433,32,34.22,5.0,70.0
356,1,435,32,34.22,5.0,70.0
356,1,436,32,34.22,5.0,70.0
356,1,698,32,34.22,5.0,70.0
356,1,699,32,34.22,5.0,70.0
356,1,700,32,34.22,5.0,70.0
356,1,701,32,34.22,5.0,70.0
356,1,702,32,34.22,5.0,70.0
356,1,703,32,34.22,5.0,70.0
356,1,704,32,34.22,5.0,70.0
356,1,705,32,34.22,5.0,70.0
356,1,748,32,34.22,5.0,70.0
356,1,749,32,34.22,5.0,70.0
356,1,750,32,34.22,5.0,70.0
356,1,751,32,34.22,5.0,70.0
356,1,752,32,34.22,5.0,70.0
356,1,753,32,34.22,5.0,70.0
356,1,754,32,34.22,5.0,70.0
356,1,755,32,34.22,5.0,70.0
356,1,756,32,34.22,5.0,70.0
356,1,757,32,34.22,5.0,70.0
356,1,758,32,34.22,5.0,70.0
356,1,759,32,34.22,5.0,70.0
356,1,761,32,34.22,5.0,70.0
356,1,763,32,34.22,5.0,70.0
356,1,769,32,34.22,5.0,70.0
356,1,770,32,34.22,5.0,70.0
356,1,771,32,34.22,5.0,70.0
393,1,3556,23,34.35,5.0,165.0
393,1,3557,23,34.35,5.0,165.0
393,1,3558,23,34.35,5.0,165.0
393,1,3559,23,34.35,5.0,165.0
393,1,3593,23,34.35,5.0,165.0
393,1,3889,23,34.35,5.0,165.0
393,1,3890,23,34.35,5.0,165.0
393,1,3900,23,34.35,5.0,165.0
393,1,3901,23,34.35,5.0,165.0
393,1,3902,23,34.35,5.0,165.0
393,1,3903,23,34.35,5.0,165.0
393,1,3904,23,34.35,5.0,165.0
393,1,3907,23,34.35,5.0,165.0
393,1,3908,23,34.35,5.0,165.0
393,1,3909,23,34.35,5.0,165.0
393,1,3910,23,34.35,5.0,165.0
393,1,3911,23,34.35,5.0,165.0
393,1,3912,23,34.35,5.0,165.0
393,1,3915,23,34.35,5.0,165.0
393,1,3916,23,34.35,5.0,165.0
393,1,3917,23,34.35,5.0,165.0
393,1,3919,23,34.35,5.0,165.0
393,1,3920,23,34.35,5.0,165.0
393,1,3921,23,34.35,5.0,165.0
393,1,3922,23,34.35,5.0,165.0
393,1,3923,23,34.35,5.0,165.0
393,1,3944,23,34.35,5.0,165.0
393,1,4103,23,34.35,5.0,165.0
393,1,4104,23,34.35,5.0,165.0
393,1,4105,23,34.35,5.0,165.0
393,1,4106,23,34.35,5.0,165.0
393,1,4107,23,34.35,5.0,165.0
393,1,4108,23,34.35,5.0,165.0
393,1,4109,23,34.35,5.0,165.0
393,1,4110,23,34.35,5.0,165.0
393,1,4111,23,34.35,5.0,165.0
393,1,4112,23,34.35,5.0,165.0
393,1,4113,23,34.35,5.0,165.0
393,1,4115,23,34.35,5.0,165.0
393,1,4116,23,34.35,5.0,165.0
393,1,4117,23,34.35,5.0,165.0
393,1,4118,23,34.35,5.0,165.0
393,1,4119,23,34.35,5.0,165.0
393,1,4120,23,34.35,5.0,165.0
393,1,4121,23,34.35,5.0,165.0
393,1,4122,23,34.35,5.0,165.0
393,1,4123,23,34.35,5.0,165.0
393,1,4124,23,34.35,5.0,165.0
393,1,4125,23,34.35,5.0,165.0
393,1,4126,23,34.35,5.0,165.0
393,1,4127,23,34.35,5.0,165.0
393,1,4128,23,34.35,5.0,165.0
393,1,4130,23,34.35,5.0,165.0
393,1,4131,23,34.35,5.0,165.0
393,1,4132,23,34.35,5.0,165.0
393,1,4133,23,34.35,5.0,165.0
393,1,4134,23,34.35,5.0,165.0
393,1,4135,23,34.35,5.0,165.0
393,1,4136,23,34.35,5.0,165.0
393,1,4137,23,34.35,5.0,165.0
393,1,419,23,34.35,5.0,165.0
393,1,426,23,34.35,5.0,165.0
393,1,427,23,34.35,5.0,165.0
393,1,428,23,34.35,5.0,165.0
393,1,429,23,34.35,5.0,165.0
393,1,430,23,34.35,5.0,165.0
393,1,431,23,34.35,5.0,165.0
393,1,432,23,34.35,5.0,165.0
393,1,4323,23,34.35,5.0,165.0
393,1,4338,23,34.35,5.0,165.0
393,1,4352,23,34.35,5.0,165.0
393,1,4392,23,34.35,5.0,165.0
393,1,4399,23,34.35,5.0,165.0
393,1,4400,23,34.35,5.0,165.0
393,1,4409,23,34.35,5.0,165.0
393,1,4410,23,34.35,5.0,165.0
393,1,4414,23,34.35,5.0,165.0
885,0,126,30,34.5,10.0,70.0
885,0,186,30,34.5,10.0,70.0
885,0,187,30,34.5,10.0,70.0
885,0,188,30,34.5,10.0,70.0
885,0,189,30,34.5,10.0,70.0
885,0,190,30,34.5,10.0,70.0
885,0,191,30,34.5,10.0,70.0
885,0,192,30,34.5,10.0,70.0
885,0,194,30,34.5,10.0,70.0
885,0,238,30,34.5,10.0,70.0
885,0,3295,30,34.5,10.0,70.0
885,0,3304,30,34.5,10.0,70.0
885,0,3315,30,34.5,10.0,70.0
885,0,376,30,34.5,10.0,70.0
885,0,377,30,34.5,10.0,70.0
885,0,378,30,34.5,10.0,70.0
885,0,379,30,34.5,10.0,70.0
885,0,380,30,34.5,10.0,70.0
885,0,4509,30,34.5,10.0,70.0
885,0,5541,30,34.5,10.0,70.0
885,0,5542,30,34.5,10.0,70.0
885,0,5543,30,34.5,10.0,70.0
885,0,5546,30,34.5,10.0,70.0
885,0,5547,30,34.5,10.0,70.0
885,0,5548,30,34.5,10.0,70.0
885,0,5549,30,34.5,10.0,70.0
885,0,5550,30,34.5,10.0,70.0
885,0,5552,30,34.5,10.0,70.0
885,0,5553,30,34.5,10.0,70.0
885,0,5565,30,34.5,10.0,70.0
885,0,5574,30,34.5,10.0,70.0
885,0,621,30,34.5,10.0,70.0
885,0,622,30,34.5,10.0,70.0
885,0,623,30,34.5,10.0,70.0
885,0,636,30,34.5,10.0,70.0
885,0,665,30,34.5,10.0,70.0
885,0,668,30,34.5,10.0,70.0
885,0,7824,30,34.5,10.0,70.0
885,0,7851,30,34.5,10.0,70.0
885,0,7856,30,34.5,10.0,70.0
885,0,7866,30,34.5,10.0,70.0
885,0,7868,30,34.5,10.0,70.0
885,0,7872,30,34.5,10.0,70.0
885,0,7874,30,34.5,10.0,70.0
885,0,7876,30,34.5,10.0,70.0
885,0,7985,30,34.5,10.0,70.0
885,0,7986,30,34.5,10.0,70.0
885,0,7987,30,34.5,10.0,70.0
885,0,7988,30,34.5,10.0,70.0
885,0,7989,30,34.5,10.0,70.0
885,0,7991,30,34.5,10.0,70.0
885,0,7992,30,34.5,10.0,70.0
885,0,7993,30,34.5,10.0,70.0
885,0,7994,30,34.5,10.0,70.0
885,0,8024,30,34.5,10.0,70.0
885,0,8061,30,34.5,10.0,70.0
502,0,117,27,34.63,30.0,60.0
502,0,118,27,34.63,30.0,60.0
502,0,119,27,34.63,30.0,60.0
502,0,120,27,34.63,30.0,60.0
502,0,121,27,34.63,30.0,60.0
502,0,200,27,34.63,30.0,60.0
502,0,201,27,34.63,30.0,60.0
502,0,202,27,34.63,30.0,60.0
502,0,203,27,34.63,30.0,60.0
502,0,204,27,34.63,30.0,60.0
502,0,205,27,34.63,30.0,60.0
502,0,206,27,34.63,30.0,60.0
502,0,207,27,34.63,30.0,60.0
502,0,215,27,34.63,30.0,60.0
502,0,216,27,34.63,30.0,60.0
502,0,217,27,34.63,30.0,60.0
502,0,264,27,34.63,30.0,60.0
502,0,277,27,34.63,30.0,60.0
502,0,278,27,34.63,30.0,60.0
502,0,281,27,34.63,30.0,60.0
502,0,282,27,34.63,30.0,60.0
502,0,35,27,34.63,30.0,60.0
502,0,3855,27,34.63,30.0,60.0
502,0,728,27,34.63,30.0,60.0
502,0,729,27,34.63,30.0,60.0
502,0,730,27,34.63,30.0,60.0
502,0,731,27,34.63,30.0,60.0
502,0,732,27,34.63,30.0,60.0
502,0,8202,27,34.63,30.0,60.0
502,0,8605,27,34.63,30.0,60.0
502,0,862,27,34.63,30.0,60.0
502,0,865,27,34.63,30.0,60.0
502,0,931,27,34.63,30.0,60.0
502,0,932,27,34.63,30.0,60.0
502,0,933,27,34.63,30.0,60.0
502,0,934,27,34.63,30.0,60.0
502,0,935,27,34.63,30.0,60.0
502,0,936,27,34.63,30.0,60.0
502,0,937,27,34.63,30.0,60.0
502,0,938,27,34.63,30.0,60.0
502,0,939,27,34.63,30.0,60.0
502,0,940,27,34.63,30.0,60.0
502,0,941,27,34.63,30.0,60.0
502,0,942,27,34.63,30.0,60.0
502,0,943,27,34.63,30.0,60.0
502,0,944,27,34.63,30.0,60.0
502,0,945,27,34.63,30.0,60.0
502,0,946,27,34.63,30.0,60.0
502,0,947,27,34.63,30.0,60.0
502,0,948,27,34.63,30.0,60.0
1082,0,106819,26,34.81,30.0,65.0
1082,0,140,26,34.81,30.0,65.0
1082,0,1796,26,34.81,30.0,65.0
1082,0,1798,26,34.81,30.0,65.0
1082,0,1799,26,34.81,30.0,65.0
1082,0,1801,26,34.81,30.0,65.0
1082,0,1807,26,34.81,30.0,65.0
1082,0,3109,26,34.81,30.0,65.0
1082,0,3140,26,34.81,30.0,65.0
1082,0,3141,26,34.81,30.0,65.0
1082,0,3142,26,34.81,30.0,65.0
1082,0,3143,26,34.81,30.0,65.0
1082,0,3144,26,34.81,30.0,65.0
1082,0,3145,26,34.81,30.0,65.0
1082,0,3146,26,34.81,30.0,65.0
1082,0,3147,26,34.81,30.0,65.0
1082,0,3148,26,34.81,30.0,65.0
1082,0,3149,26,34.81,30.0,65.0
1082,0,3150,26,34.81,30.0,65.0
1082,0,3151,26,34.81,30.0,65.0
256,1,106821,30,35.33,5.0,120.0
256,1,107,30,35.33,5.0,120.0
256,1,1323,30,35.33,5.0,120.0
256,1,1324,30,35.33,5.0,120.0
256,1,1325,30,35.33,5.0,120.0
256,1,1369,30,35.33,5.0,120.0
256,1,1370,30,35.33,5.0,120.0
256,1,1375,30,35.33,5.0,120.0
256,1,1379,30,35.33,5.0,120.0
256,1,1380,30,35.33,5.0,120.0
256,1,1381,30,35.33,5.0,120.0
256,1,1432,30,35.33,5.0,120.0
256,1,1436,30,35.33,5.0,120.0
256,1,2877,30,35.33,5.0,120.0
256,1,2991,30,35.33,5.0,120.0
256,1,2992,30,35.33,5.0,120.0
256,1,2998,30,35.33,5.0,120.0
256,1,2999,30,35.33,5.0,120.0
256,1,3000,30,35.33,5.0,120.0
256,1,3001,30,35.33,5.0,120.0
256,1,3002,30,35.33,5.0,120.0
256,1,3003,30,35.33,5.0,120.0
256,1,3281,30,35.33,5.0,120.0
256,1,3284,30,35.33,5.0,120.0
256,1,3285,30,35.33,5.0,120.0
815,0,1040,28,35.54,20.0,65.0
815,0,1041,28,35.54,20.0,65.0
815,0,4747,28,35.54,20.0,65.0
815,0,5144,28,35.54,20.0,65.0
815,0,5145,28,35.54,20.0,65.0
815,0,5149,28,35.54,20.0,65.0
815,0,5844,28,35.54,20.0,65.0
815,0,5932,28,35.54,20.0,65.0
815,0,5933,28,35.54,20.0,65.0
815,0,6566,28,35.54,20.0,65.0
815,0,6567,28,35.54,20.0,65.0
815,0,6568,28,35.54,20.0,65.0
815,0,7259,28,35.54,20.0,65.0
815,0,7630,28,35.54,20.0,65.0
815,0,7631,28,35.54,20.0,65.0
815,0,7632,28,35.54,20.0,65.0
815,0,7633,28,35.54,20.0,65.0
815,0,7641,28,35.54,20.0,65.0
815,0,7642,28,35.54,20.0,65.0
815,0,7643,28,35.54,20.0,65.0
816,1,1746,28,35.71,5.0,80.0
816,1,5153,28,35.71,5.0,80.0
816,1,5154,28,35.71,5.0,80.0
816,1,5155,28,35.71,5.0,80.0
816,1,5156,28,35.71,5.0,80.0
816,1,5158,28,35.71,5.0,80.0
816,1,5159,28,35.71,5.0,80.0
816,1,5845,28,35.71,5.0,80.0
816,1,5932,28,35.71,5.0,80.0
816,1,5936,28,35.71,5.0,80.0
816,1,6575,28,35.71,5.0,80.0
816,1,7260,28,35.71,5.0,80.0
816,1,7634,28,35.71,5.0,80.0
816,1,7635,28,35.71,5.0,80.0
816,1,7636,28,35.71,5.0,80.0
816,1,7637,28,35.71,5.0,80.0
816,1,7638,28,35.71,5.0,80.0
816,1,7644,28,35.71,5.0,80.0
816,1,7645,28,35.71,5.0,80.0
816,1,7646,28,35.71,5.0,80.0
891,1,1939,26,35.96,20.0,60.0
891,1,1940,26,35.96,20.0,60.0
891,1,1962,26,35.96,20.0,60.0
891,1,1963,26,35.96,20.0,60.0
891,1,229,26,35.96,20.0,60.0
891,1,230,26,35.96,20.0,60.0
891,1,231,26,35.96,20.0,60.0
891,1,232,26,35.96,20.0,60.0
891,1,3165,26,35.96,20.0,60.0
891,1,396,26,35.96,20.0,60.0
891,1,447,26,35.96,20.0,60.0
891,1,448,26,35.96,20.0,60.0
891,1,449,26,35.96,20.0,60.0
891,1,4499,26,35.96,20.0,60.0
891,1,4500,26,35.96,20.0,60.0
891,1,624,26,35.96,20.0,60.0
891,1,625,26,35.96,20.0,60.0
891,1,626,26,35.96,20.0,60.0
891,1,645,26,35.96,20.0,60.0
891,1,646,26,35.96,20.0,60.0
891,1,647,26,35.96,20.0,60.0
891,1,648,26,35.96,20.0,60.0
891,1,8042,26,35.96,20.0,60.0
1061,1,3513,27,36.11,10.0,120.0
1061,1,3514,27,36.11,10.0,120.0
1061,1,3515,27,36.11,10.0,120.0
1061,1,8657,27,36.11,10.0,120.0
1061,1,8658,27,36.11,10.0,120.0
1061,1,8659,27,36.11,10.0,120.0
1061,1,8660,27,36.11,10.0,120.0
1061,1,8661,27,36.11,10.0,120.0
1061,1,8662,27,36.11,10.0,120.0
1061,1,8680,27,36.11,10.0,120.0
1061,1,8681,27,36.11,10.0,120.0
1061,1,8684,27,36.11,10.0,120.0
1061,1,8686,27,36.11,10.0,120.0
1061,1,8687,27,36.11,10.0,120.0
1061,1,8688,27,36.11,10.0,120.0
1061,1,8689,27,36.11,10.0,120.0
236,1,2056,9,36.11,25.0,55.0
236,1,2065,9,36.11,25.0,55.0
236,1,2066,9,36.11,25.0,55.0
236,1,2067,9,36.11,25.0,55.0
236,1,2068,9,36.11,25.0,55.0
236,1,2069,9,36.11,25.0,55.0
236,1,2070,9,36.11,25.0,55.0
236,1,2071,9,36.11,25.0,55.0
236,1,2074,9,36.11,25.0,55.0
236,1,2075,9,36.11,25.0,55.0
236,1,2076,9,36.11,25.0,55.0
236,1,2389,9,36.11,25.0,55.0
236,1,2441,9,36.11,25.0,55.0
236,1,2445,9,36.11,25.0,55.0
236,1,2446,9,36.11,25.0,55.0
236,1,2447,9,36.11,25.0,55.0
236,1,2448,9,36.11,25.0,55.0
236,1,2449,9,36.11,25.0,55.0
236,1,2450,9,36.11,25.0,55.0
236,1,2451,9,36.11,25.0,55.0
236,1,2452,9,36.11,25.0,55.0
236,1,2454,9,36.11,25.0,55.0
236,1,2455,9,36.11,25.0,55.0
236,1,2456,9,36.11,25.0,55.0
236,1,2629,9,36.11,25.0,55.0
236,1,2630,9,36.11,25.0,55.0
236,1,2632,9,36.11,25.0,55.0
236,1,2633,9,36.11,25.0,55.0
236,1,2634,9,36.11,25.0,55.0
236,1,2635,9,36.11,25.0,55.0
236,1,2636,9,36.11,25.0,55.0
236,1,2638,9,36.11,25.0,55.0
236,1,2639,9,36.11,25.0,55.0
236,1,2640,9,36.11,25.0,55.0
236,1,2642,9,36.11,25.0,55.0
236,1,2643,9,36.11,25.0,55.0
236,1,2644,9,36.11,25.0,55.0
236,1,2645,9,36.11,25.0,55.0
236,1,2647,9,36.11,25.0,55.0
236,1,2648,9,36.11,25.0,55.0
236,1,2649,9,36.11,25.0,55.0
236,1,2650,9,36.11,25.0,55.0
236,1,2652,9,36.11,25.0,55.0
236,1,2654,9,36.11,25.0,55.0
236,1,2655,9,36.11,25.0,55.0
236,1,2656,9,36.11,25.0,55.0
236,1,2657,9,36.11,25.0,55.0
236,1,2658,9,36.11,25.0,55.0
236,1,2752,9,36.11,25.0,55.0
236,1,2759,9,36.11,25.0,55.0
236,1,2762,9,36.11,25.0,55.0
236,1,2766,9,36.11,25.0,55.0
236,1,2769,9,36.11,25.0,55.0
236,1,2773,9,36.11,25.0,55.0
236,1,2778,9,36.11,25.0,55.0
236,1,2783,9,36.11,25.0,55.0
236,1,2785,9,36.11,25.0,55.0
236,1,2976,9,36.11,25.0,55.0
236,1,4568,9,36.11,25.0,55.0
890,0,191,26,36.15,20.0,50.0
890,0,1915,26,36.15,20.0,50.0
890,0,1916,26,36.15,20.0,50.0
890,0,192,26,36.15,20.0,50.0
890,0,194,26,36.15,20.0,50.0
890,0,1959,26,36.15,20.0,50.0
890,0,1960,26,36.15,20.0,50.0
890,0,1961,26,36.15,20.0,50.0
890,0,3304,26,36.15,20.0,50.0
890,0,331,26,36.15,20.0,50.0
890,0,376,26,36.15,20.0,50.0
890,0,399,26,36.15,20.0,50.0
890,0,400,26,36.15,20.0,50.0
890,0,401,26,36.15,20.0,50.0
890,0,4485,26,36.15,20.0,50.0
890,0,4486,26,36.15,20.0,50.0
890,0,621,26,36.15,20.0,50.0
890,0,622,26,36.15,20.0,50.0
890,0,623,26,36.15,20.0,50.0
890,0,641,26,36.15,20.0,50.0
890,0,642,26,36.15,20.0,50.0
890,0,643,26,36.15,20.0,50.0
890,0,644,26,36.15,20.0,50.0
890,0,8042,26,36.15,20.0,50.0
633,0,2134,24,36.25,10.0,120.0
633,0,264,24,36.25,10.0,120.0
633,0,35,24,36.25,10.0,120.0
633,0,3855,24,36.25,10.0,120.0
633,0,5282,24,36.25,10.0,120.0
633,0,5286,24,36.25,10.0,120.0
633,0,5799,24,36.25,10.0,120.0
633,0,6059,24,36.25,10.0,120.0
633,0,6094,24,36.25,10.0,120.0
633,0,6129,24,36.25,10.0,120.0
633,0,6130,24,36.25,10.0,120.0
633,0,6131,24,36.25,10.0,120.0
633,0,6132,24,36.25,10.0,120.0
633,0,6134,24,36.25,10.0,120.0
633,0,6135,24,36.25,10.0,120.0
633,0,6136,24,36.25,10.0,120.0
633,0,6137,24,36.25,10.0,120.0
633,0,6138,24,36.25,10.0,120.0
633,0,6139,24,36.25,10.0,120.0
633,0,6140,24,36.25,10.0,120.0
633,0,6141,24,36.25,10.0,120.0
633,0,6144,24,36.25,10.0,120.0
633,0,6161,24,36.25,10.0,120.0
633,0,6162,24,36.25,10.0,120.0
633,0,6466,24,36.25,10.0,120.0
633,0,6467,24,36.25,10.0,120.0
633,0,728,24,36.25,10.0,120.0
633,0,729,24,36.25,10.0,120.0
633,0,730,24,36.25,10.0,120.0
633,0,731,24,36.25,10.0,120.0
633,0,732,24,36.25,10.0,120.0
633,0,939,24,36.25,10.0,120.0
633,0,940,24,36.25,10.0,120.0
633,0,941,24,36.25,10.0,120.0
633,0,942,24,36.25,10.0,120.0
633,0,943,24,36.25,10.0,120.0
633,0,944,24,36.25,10.0,120.0
633,0,945,24,36.25,10.0,120.0
633,0,946,24,36.25,10.0,120.0
633,0,947,24,36.25,10.0,120.0
633,0,948,24,36.25,10.0,120.0
633,0,949,24,36.25,10.0,120.0
633,0,966,24,36.25,10.0,120.0
633,0,967,24,36.25,10.0,120.0
633,0,968,24,36.25,10.0,120.0
633,0,969,24,36.25,10.0,120.0
633,0,970,24,36.25,10.0,120.0
633,0,973,24,36.25,10.0,120.0
634,1,2201,24,36.25,20.0,90.0
634,1,304,24,36.25,20.0,90.0
634,1,40,24,36.25,20.0,90.0
634,1,5274,24,36.25,20.0,90.0
634,1,5819,24,36.25,20.0,90.0
634,1,6127,24,36.25,20.0,90.0
634,1,6128,24,36.25,20.0,90.0
634,1,6133,24,36.25,20.0,90.0
634,1,6149,24,36.25,20.0,90.0
634,1,6150,24,36.25,20.0,90.0
634,1,6151,24,36.25,20.0,90.0
634,1,6152,24,36.25,20.0,90.0
634,1,6153,24,36.25,20.0,90.0
634,1,6154,24,36.25,20.0,90.0
634,1,6155,24,36.25,20.0,90.0
634,1,6156,24,36.25,20.0,90.0
634,1,6157,24,36.25,20.0,90.0
634,1,6158,24,36.25,20.0,90.0
634,1,6159,24,36.25,20.0,90.0
634,1,6160,24,36.25,20.0,90.0
634,1,6468,24,36.25,20.0,90.0
634,1,6516,24,36.25,20.0,90.0
634,1,734,24,36.25,20.0,90.0
634,1,735,24,36.25,20.0,90.0
634,1,736,24,36.25,20.0,90.0
634,1,737,24,36.25,20.0,90.0
634,1,738,24,36.25,20.0,90.0
634,1,739,24,36.25,20.0,90.0
634,1,949,24,36.25,20.0,90.0
634,1,950,24,36.25,20.0,90.0
634,1,951,24,36.25,20.0,90.0
634,1,952,24,36.25,20.0,90.0
634,1,953,24,36.25,20.0,90.0
634,1,954,24,36.25,20.0,90.0
634,1,955,24,36.25,20.0,90.0
634,1,956,24,36.25,20.0,90.0
634,1,957,24,36.25,20.0,90.0
634,1,958,24,36.25,20.0,90.0
634,1,959,24,36.25,20.0,90.0
634,1,974,24,36.25,20.0,90.0
634,1,975,24,36.25,20.0,90.0
634,1,976,24,36.25,20.0,90.0
634,1,977,24,36.25,20.0,90.0
634,1,978,24,36.25,20.0,90.0
634,1,979,24,36.25,20.0,90.0
634,1,980,24,36.25,20.0,90.0
722,0,106731,12,36.25,5.0,75.0
722,0,2433,12,36.25,5.0,75.0
722,0,2830,12,36.25,5.0,75.0
722,0,5189,12,36.25,5.0,75.0
722,0,5190,12,36.25,5.0,75.0
722,0,5191,12,36.25,5.0,75.0
722,0,5192,12,36.25,5.0,75.0
722,0,5193,12,36.25,5.0,75.0
722,0,5194,12,36.25,5.0,75.0
722,0,5195,12,36.25,5.0,75.0
722,0,5196,12,36.25,5.0,75.0
722,0,5197,12,36.25,5.0,75.0
722,0,5198,12,36.25,5.0,75.0
722,0,5199,12,36.25,5.0,75.0
722,0,5200,12,36.25,5.0,75.0
722,0,5202,12,36.25,5.0,75.0
722,0,5203,12,36.25,5.0,75.0
722,0,5204,12,36.25,5.0,75.0
722,0,6982,12,36.25,5.0,75.0
722,0,6983,12,36.25,5.0,75.0
722,0,6984,12,36.25,5.0,75.0
722,0,6985,12,36.25,5.0,75.0
722,0,6986,12,36.25,5.0,75.0
722,0,6987,12,36.25,5.0,75.0
722,0,6988,12,36.25,5.0,75.0
722,0,6989,12,36.25,5.0,75.0
722,0,6990,12,36.25,5.0,75.0
722,0,6991,12,36.25,5.0,75.0
722,0,6992,12,36.25,5.0,75.0
722,0,6993,12,36.25,5.0,75.0
722,0,6995,12,36.25,5.0,75.0
722,0,6996,12,36.25,5.0,75.0
722,0,6997,12,36.25,5.0,75.0
722,0,6998,12,36.25,5.0,75.0
722,0,6999,12,36.25,5.0,75.0
722,0,7000,12,36.25,5.0,75.0
722,0,7001,12,36.25,5.0,75.0
722,0,7002,12,36.25,5.0,75.0
722,0,7003,12,36.25,5.0,75.0
722,0,7004,12,36.25,5.0,75.0
722,0,7005,12,36.25,5.0,75.0
722,0,7006,12,36.25,5.0,75.0
722,0,7007,12,36.25,5.0,75.0
722,0,7008,12,36.25,5.0,75.0
722,0,7009,12,36.25,5.0,75.0
722,0,7010,12,36.25,5.0,75.0
722,0,7011,12,36.25,5.0,75.0
722,0,7012,12,36.25,5.0,75.0
722,0,7013,12,36.25,5.0,75.0
722,0,7014,12,36.25,5.0,75.0
722,0,7047,12,36.25,5.0,75.0
722,0,916,12,36.25,5.0,75.0
784,0,1011,26,36.54,30.0,90.0
784,0,1012,26,36.54,30.0,90.0
784,0,1013,26,36.54,30.0,90.0
784,0,1014,26,36.54,30.0,90.0
784,0,1040,26,36.54,30.0,90.0
784,0,2121,26,36.54,30.0,90.0
784,0,2124,26,36.54,30.0,90.0
784,0,2126,26,36.54,30.0,90.0
784,0,2127,26,36.54,30.0,90.0
784,0,2128,26,36.54,30.0,90.0
784,0,2129,26,36.54,30.0,90.0
784,0,2130,26,36.54,30.0,90.0
784,0,2131,26,36.54,30.0,90.0
784,0,2132,26,36.54,30.0,90.0
784,0,2133,26,36.54,30.0,90.0
784,0,2135,26,36.54,30.0,90.0
784,0,2137,26,36.54,30.0,90.0
784,0,2138,26,36.54,30.0,90.0
784,0,2141,26,36.54,30.0,90.0
784,0,2192,26,36.54,30.0,90.0
784,0,2201,26,36.54,30.0,90.0
784,0,2210,26,36.54,30.0,90.0
784,0,5797,26,36.54,30.0,90.0
784,0,5826,26,36.54,30.0,90.0
784,0,5827,26,36.54,30.0,90.0
784,0,5828,26,36.54,30.0,90.0
784,0,5829,26,36.54,30.0,90.0
784,0,5830,26,36.54,30.0,90.0
784,0,5831,26,36.54,30.0,90.0
784,0,5832,26,36.54,30.0,90.0
784,0,5833,26,36.54,30.0,90.0
784,0,5835,26,36.54,30.0,90.0
784,0,5836,26,36.54,30.0,90.0
784,0,5837,26,36.54,30.0,90.0
784,0,5838,26,36.54,30.0,90.0
784,0,5839,26,36.54,30.0,90.0
784,0,5840,26,36.54,30.0,90.0
784,0,5841,26,36.54,30.0,90.0
784,0,5842,26,36.54,30.0,90.0
784,0,5843,26,36.54,30.0,90.0
784,0,5865,26,36.54,30.0,90.0
784,0,6263,26,36.54,30.0,90.0
784,0,6308,26,36.54,30.0,90.0
784,0,7258,26,36.54,30.0,90.0
784,0,7288,26,36.54,30.0,90.0
784,0,7308,26,36.54,30.0,90.0
784,0,7309,26,36.54,30.0,90.0
784,0,7320,26,36.54,30.0,90.0
784,0,7322,26,36.54,30.0,90.0
784,0,9298,26,36.54,30.0,90.0
500,0,1031,25,36.8,5.0,115.0
500,0,1032,25,36.8,5.0,115.0
500,0,1033,25,36.8,5.0,115.0
500,0,1034,25,36.8,5.0,115.0
500,0,1035,25,36.8,5.0,115.0
500,0,1040,25,36.8,5.0,115.0
500,0,1041,25,36.8,5.0,115.0
500,0,1043,25,36.8,5.0,115.0
500,0,1044,25,36.8,5.0,115.0
500,0,1045,25,36.8,5.0,115.0
500,0,1047,25,36.8,5.0,115.0
500,0,1048,25,36.8,5.0,115.0
500,0,117,25,36.8,5.0,115.0
500,0,118,25,36.8,5.0,115.0
500,0,119,25,36.8,5.0,115.0
500,0,120,25,36.8,5.0,115.0
500,0,121,25,36.8,5.0,115.0
500,0,1742,25,36.8,5.0,115.0
500,0,200,25,36.8,5.0,115.0
500,0,201,25,36.8,5.0,115.0
500,0,202,25,36.8,5.0,115.0
500,0,203,25,36.8,5.0,115.0
500,0,204,25,36.8,5.0,115.0
500,0,205,25,36.8,5.0,115.0
500,0,206,25,36.8,5.0,115.0
500,0,207,25,36.8,5.0,115.0
500,0,215,25,36.8,5.0,115.0
500,0,216,25,36.8,5.0,115.0
500,0,217,25,36.8,5.0,115.0
500,0,264,25,36.8,5.0,115.0
500,0,277,25,36.8,5.0,115.0
500,0,278,25,36.8,5.0,115.0
500,0,281,25,36.8,5.0,115.0
500,0,282,25,36.8,5.0,115.0
500,0,35,25,36.8,5.0,115.0
500,0,3855,25,36.8,5.0,115.0
500,0,5844,25,36.8,5.0,115.0
500,0,728,25,36.8,5.0,115.0
500,0,729,25,36.8,5.0,115.0
500,0,730,25,36.8,5.0,115.0
500,0,731,25,36.8,5.0,115.0
500,0,732,25,36.8,5.0,115.0
500,0,8202,25,36.8,5.0,115.0
500,0,8605,25,36.8,5.0,115.0
500,0,939,25,36.8,5.0,115.0
500,0,940,25,36.8,5.0,115.0
500,0,941,25,36.8,5.0,115.0
500,0,942,25,36.8,5.0,115.0
500,0,943,25,36.8,5.0,115.0
500,0,944,25,36.8,5.0,115.0
500,0,945,25,36.8,5.0,115.0
500,0,946,25,36.8,5.0,115.0
500,0,947,25,36.8,5.0,115.0
500,0,948,25,36.8,5.0,115.0
500,0,972,25,36.8,5.0,115.0
500,0,973,25,36.8,5.0,115.0
1045,1,149,33,37.27,5.0,300.0
1045,1,150,33,37.27,5.0,300.0
1045,1,151,33,37.27,5.0,300.0
1045,1,152,33,37.27,5.0,300.0
1045,1,153,33,37.27,5.0,300.0
1045,1,155,33,37.27,5.0,300.0
1045,1,160,33,37.27,5.0,300.0
1045,1,165,33,37.27,5.0,300.0
1045,1,166,33,37.27,5.0,300.0
1045,1,167,33,37.27,5.0,300.0
1045,1,168,33,37.27,5.0,300.0
1045,1,169,33,37.27,5.0,300.0
1045,1,170,33,37.27,5.0,300.0
1045,1,171,33,37.27,5.0,300.0
1045,1,2119,33,37.27,5.0,300.0
1045,1,2151,33,37.27,5.0,300.0
1045,1,2152,33,37.27,5.0,300.0
1045,1,2153,33,37.27,5.0,300.0
1045,1,2154,33,37.27,5.0,300.0
1045,1,2155,33,37.27,5.0,300.0
1045,1,289,33,37.27,5.0,300.0
1045,1,290,33,37.27,5.0,300.0
1045,1,291,33,37.27,5.0,300.0
1045,1,292,33,37.27,5.0,300.0
1045,1,293,33,37.27,5.0,300.0
1045,1,3855,33,37.27,5.0,300.0
1045,1,40,33,37.27,5.0,300.0
1045,1,4050,33,37.27,5.0,300.0
1045,1,4053,33,37.27,5.0,300.0
1045,1,4054,33,37.27,5.0,300.0
1045,1,4533,33,37.27,5.0,300.0
1045,1,4541,33,37.27,5.0,300.0
1045,1,557,33,37.27,5.0,300.0
1045,1,734,33,37.27,5.0,300.0
1045,1,735,33,37.27,5.0,300.0
1045,1,744,33,37.27,5.0,300.0
1045,1,745,33,37.27,5.0,300.0
1045,1,746,33,37.27,5.0,300.0
1045,1,747,33,37.27,5.0,300.0
1045,1,767,33,37.27,5.0,300.0
1045,1,768,33,37.27,5.0,300.0
459,1,106,28,37.5,5.0,70.0
459,1,107,28,37.5,5.0,70.0
459,1,1204,28,37.5,5.0,70.0
459,1,1318,28,37.5,5.0,70.0
459,1,1323,28,37.5,5.0,70.0
459,1,1324,28,37.5,5.0,70.0
459,1,1325,28,37.5,5.0,70.0
459,1,1370,28,37.5,5.0,70.0
459,1,1378,28,37.5,5.0,70.0
459,1,1379,28,37.5,5.0,70.0
459,1,1380,28,37.5,5.0,70.0
459,1,1381,28,37.5,5.0,70.0
459,1,1382,28,37.5,5.0,70.0
459,1,1383,28,37.5,5.0,70.0
459,1,1400,28,37.5,5.0,70.0
459,1,1401,28,37.5,5.0,70.0
459,1,1402,28,37.5,5.0,70.0
459,1,2175,28,37.5,5.0,70.0
459,1,2332,28,37.5,5.0,70.0
459,1,2333,28,37.5,5.0,70.0
459,1,2335,28,37.5,5.0,70.0
459,1,2336,28,37.5,5.0,70.0
459,1,2337,28,37.5,5.0,70.0
459,1,2338,28,37.5,5.0,70.0
459,1,2339,28,37.5,5.0,70.0
459,1,2880,28,37.5,5.0,70.0
459,1,2881,28,37.5,5.0,70.0
459,1,2882,28,37.5,5.0,70.0
459,1,2883,28,37.5,5.0,70.0
459,1,2884,28,37.5,5.0,70.0
459,1,2885,28,37.5,5.0,70.0
459,1,2886,28,37.5,5.0,70.0
459,1,2887,28,37.5,5.0,70.0
459,1,2888,28,37.5,5.0,70.0
459,1,2889,28,37.5,5.0,70.0
459,1,2890,28,37.5,5.0,70.0
459,1,2891,28,37.5,5.0,70.0
459,1,349,28,37.5,5.0,70.0
459,1,3857,28,37.5,5.0,70.0
459,1,458,28,37.5,5.0,70.0
553,0,129,14,37.5,10.0,105.0
553,0,130,14,37.5,10.0,105.0
553,0,131,14,37.5,10.0,105.0
553,0,132,14,37.5,10.0,105.0
553,0,133,14,37.5,10.0,105.0
553,0,134,14,37.5,10.0,105.0
553,0,135,14,37.5,10.0,105.0
553,0,136,14,37.5,10.0,105.0
553,0,137,14,37.5,10.0,105.0
553,0,138,14,37.5,10.0,105.0
553,0,139,14,37.5,10.0,105.0
553,0,140,14,37.5,10.0,105.0
553,0,1702,14,37.5,10.0,105.0
553,0,1749,14,37.5,10.0,105.0
553,0,3315,14,37.5,10.0,105.0
553,0,404,14,37.5,10.0,105.0
553,0,405,14,37.5,10.0,105.0
553,0,406,14,37.5,10.0,105.0
553,0,407,14,37.5,10.0,105.0
553,0,408,14,37.5,10.0,105.0
553,0,409,14,37.5,10.0,105.0
553,0,410,14,37.5,10.0,105.0
553,0,411,14,37.5,10.0,105.0
553,0,412,14,37.5,10.0,105.0
553,0,413,14,37.5,10.0,105.0
553,0,414,14,37.5,10.0,105.0
553,0,415,14,37.5,10.0,105.0
553,0,416,14,37.5,10.0,105.0
553,0,420,14,37.5,10.0,105.0
553,0,421,14,37.5,10.0,105.0
553,0,422,14,37.5,10.0,105.0
553,0,423,14,37.5,10.0,105.0
553,0,424,14,37.5,10.0,105.0
553,0,426,14,37.5,10.0,105.0
553,0,427,14,37.5,10.0,105.0
553,0,433,14,37.5,10.0,105.0
553,0,454,14,37.5,10.0,105.0
694,0,4728,25,38.4,10.0,155.0
694,0,4729,25,38.4,10.0,155.0
694,0,4730,25,38.4,10.0,155.0
694,0,6588,25,38.4,10.0,155.0
694,0,6598,25,38.4,10.0,155.0
694,0,6599,25,38.4,10.0,155.0
694,0,6603,25,38.4,10.0,155.0
694,0,6604,25,38.4,10.0,155.0
694,0,6605,25,38.4,10.0,155.0
694,0,6606,25,38.4,10.0,155.0
694,0,6607,25,38.4,10.0,155.0
694,0,6608,25,38.4,10.0,155.0
694,0,6609,25,38.4,10.0,155.0
694,0,6610,25,38.4,10.0,155.0
694,0,6611,25,38.4,10.0,155.0
694,0,6612,25,38.4,10.0,155.0
694,0,6613,25,38.4,10.0,155.0
694,0,6614,25,38.4,10.0,155.0
694,0,6615,25,38.4,10.0,155.0
694,0,6616,25,38.4,10.0,155.0
694,0,6617,25,38.4,10.0,155.0
694,0,6618,25,38.4,10.0,155.0
694,0,6619,25,38.4,10.0,155.0
694,0,6620,25,38.4,10.0,155.0
694,0,6621,25,38.4,10.0,155.0
694,0,6622,25,38.4,10.0,155.0
694,0,6623,25,38.4,10.0,155.0
694,0,6624,25,38.4,10.0,155.0
694,0,6876,25,38.4,10.0,155.0
694,0,6877,25,38.4,10.0,155.0
694,0,6878,25,38.4,10.0,155.0
694,0,6879,25,38.4,10.0,155.0
694,0,6880,25,38.4,10.0,155.0
694,0,6881,25,38.4,10.0,155.0
694,0,6882,25,38.4,10.0,155.0
694,0,7047,25,38.4,10.0,155.0
694,0,820,25,38.4,10.0,155.0
694,0,822,25,38.4,10.0,155.0
694,0,823,25,38.4,10.0,155.0
694,0,824,25,38.4,10.0,155.0
694,0,825,25,38.4,10.0,155.0
694,0,826,25,38.4,10.0,155.0
694,0,827,25,38.4,10.0,155.0
694,0,828,25,38.4,10.0,155.0
694,0,829,25,38.4,10.0,155.0
694,0,830,25,38.4,10.0,155.0
694,0,831,25,38.4,10.0,155.0
694,0,832,25,38.4,10.0,155.0
694,0,833,25,38.4,10.0,155.0
694,0,834,25,38.4,10.0,155.0
694,0,835,25,38.4,10.0,155.0
728,0,1024,22,38.41,5.0,120.0
728,0,1025,22,38.41,5.0,120.0
728,0,1044,22,38.41,5.0,120.0
728,0,1045,22,38.41,5.0,120.0
728,0,2124,22,38.41,5.0,120.0
728,0,2125,22,38.41,5.0,120.0
728,0,3842,22,38.41,5.0,120.0
728,0,3844,22,38.41,5.0,120.0
728,0,4761,22,38.41,5.0,120.0
728,0,5892,22,38.41,5.0,120.0
728,0,5894,22,38.41,5.0,120.0
728,0,5898,22,38.41,5.0,120.0
728,0,590,22,38.41,5.0,120.0
728,0,591,22,38.41,5.0,120.0
728,0,592,22,38.41,5.0,120.0
728,0,593,22,38.41,5.0,120.0
728,0,594,22,38.41,5.0,120.0
728,0,6034,22,38.41,5.0,120.0
728,0,6038,22,38.41,5.0,120.0
728,0,6059,22,38.41,5.0,120.0
728,0,6129,22,38.41,5.0,120.0
728,0,6130,22,38.41,5.0,120.0
728,0,6161,22,38.41,5.0,120.0
728,0,6162,22,38.41,5.0,120.0
728,0,6259,22,38.41,5.0,120.0
728,0,6260,22,38.41,5.0,120.0
728,0,6306,22,38.41,5.0,120.0
728,0,6530,22,38.41,5.0,120.0
728,0,6941,22,38.41,5.0,120.0
728,0,7054,22,38.41,5.0,120.0
728,0,7055,22,38.41,5.0,120.0
728,0,7056,22,38.41,5.0,120.0
728,0,7057,22,38.41,5.0,120.0
728,0,7059,22,38.41,5.0,120.0
728,0,7060,22,38.41,5.0,120.0
728,0,7304,22,38.41,5.0,120.0
728,0,7305,22,38.41,5.0,120.0
728,0,7661,22,38.41,5.0,120.0
728,0,7736,22,38.41,5.0,120.0
728,0,7909,22,38.41,5.0,120.0
728,0,7910,22,38.41,5.0,120.0
728,0,7912,22,38.41,5.0,120.0
728,0,7915,22,38.41,5.0,120.0
728,0,80,22,38.41,5.0,120.0
728,0,81,22,38.41,5.0,120.0
728,0,82,22,38.41,5.0,120.0
728,0,8892,22,38.41,5.0,120.0
728,0,9279,22,38.41,5.0,120.0
773,0,1010,23,38.7,20.0,65.0
773,0,1031,23,38.7,20.0,65.0
773,0,1032,23,38.7,20.0,65.0
773,0,1033,23,38.7,20.0,65.0
773,0,1041,23,38.7,20.0,65.0
773,0,1043,23,38.7,20.0,65.0
773,0,1044,23,38.7,20.0,65.0
773,0,1045,23,38.7,20.0,65.0
773,0,1047,23,38.7,20.0,65.0
773,0,1048,23,38.7,20.0,65.0
773,0,1742,23,38.7,20.0,65.0
773,0,5144,23,38.7,20.0,65.0
773,0,5145,23,38.7,20.0,65.0
773,0,5149,23,38.7,20.0,65.0
773,0,5844,23,38.7,20.0,65.0
773,0,5933,23,38.7,20.0,65.0
773,0,6307,23,38.7,20.0,65.0
773,0,6566,23,38.7,20.0,65.0
773,0,6567,23,38.7,20.0,65.0
773,0,6568,23,38.7,20.0,65.0
773,0,7229,23,38.7,20.0,65.0
773,0,7230,23,38.7,20.0,65.0
773,0,7231,23,38.7,20.0,65.0
773,0,7232,23,38.7,20.0,65.0
773,0,7233,23,38.7,20.0,65.0
773,0,7234,23,38.7,20.0,65.0
773,0,7235,23,38.7,20.0,65.0
773,0,7249,23,38.7,20.0,65.0
773,0,7250,23,38.7,20.0,65.0
773,0,7252,23,38.7,20.0,65.0
773,0,7253,23,38.7,20.0,65.0
773,0,7254,23,38.7,20.0,65.0
773,0,7255,23,38.7,20.0,65.0
773,0,7256,23,38.7,20.0,65.0
773,0,7257,23,38.7,20.0,65.0
773,0,7259,23,38.7,20.0,65.0
773,0,7271,23,38.7,20.0,65.0
773,0,7273,23,38.7,20.0,65.0
501,1,1031,24,38.75,5.0,145.0
501,1,1036,24,38.75,5.0,145.0
501,1,1037,24,38.75,5.0,145.0
501,1,1038,24,38.75,5.0,145.0
501,1,1050,24,38.75,5.0,145.0
501,1,1051,24,38.75,5.0,145.0
501,1,1052,24,38.75,5.0,145.0
501,1,1053,24,38.75,5.0,145.0
501,1,1056,24,38.75,5.0,145.0
501,1,1058,24,38.75,5.0,145.0
501,1,1252,24,38.75,5.0,145.0
501,1,149,24,38.75,5.0,145.0
501,1,150,24,38.75,5.0,145.0
501,1,151,24,38.75,5.0,145.0
501,1,152,24,38.75,5.0,145.0
501,1,1737,24,38.75,5.0,145.0
501,1,1743,24,38.75,5.0,145.0
501,1,1744,24,38.75,5.0,145.0
501,1,1746,24,38.75,5.0,145.0
501,1,218,24,38.75,5.0,145.0
501,1,219,24,38.75,5.0,145.0
501,1,220,24,38.75,5.0,145.0
501,1,221,24,38.75,5.0,145.0
501,1,222,24,38.75,5.0,145.0
501,1,223,24,38.75,5.0,145.0
501,1,224,24,38.75,5.0,145.0
501,1,225,24,38.75,5.0,145.0
501,1,283,24,38.75,5.0,145.0
501,1,284,24,38.75,5.0,145.0
501,1,285,24,38.75,5.0,145.0
501,1,287,24,38.75,5.0,145.0
501,1,288,24,38.75,5.0,145.0
501,1,289,24,38.75,5.0,145.0
501,1,290,24,38.75,5.0,145.0
501,1,291,24,38.75,5.0,145.0
501,1,304,24,38.75,5.0,145.0
501,1,3179,24,38.75,5.0,145.0
501,1,41,24,38.75,5.0,145.0
501,1,4533,24,38.75,5.0,145.0
501,1,734,24,38.75,5.0,145.0
501,1,735,24,38.75,5.0,145.0
501,1,736,24,38.75,5.0,145.0
501,1,737,24,38.75,5.0,145.0
501,1,738,24,38.75,5.0,145.0
501,1,739,24,38.75,5.0,145.0
501,1,950,24,38.75,5.0,145.0
501,1,951,24,38.75,5.0,145.0
501,1,952,24,38.75,5.0,145.0
501,1,953,24,38.75,5.0,145.0
501,1,954,24,38.75,5.0,145.0
501,1,955,24,38.75,5.0,145.0
501,1,956,24,38.75,5.0,145.0
501,1,957,24,38.75,5.0,145.0
501,1,958,24,38.75,5.0,145.0
501,1,959,24,38.75,5.0,145.0
501,1,974,24,38.75,5.0,145.0
117,1,105,34,38.82,5.0,300.0
117,1,107,34,38.82,5.0,300.0
117,1,1323,34,38.82,5.0,300.0
117,1,1324,34,38.82,5.0,300.0
117,1,1325,34,38.82,5.0,300.0
117,1,1369,34,38.82,5.0,300.0
117,1,1370,34,38.82,5.0,300.0
117,1,1375,34,38.82,5.0,300.0
117,1,1379,34,38.82,5.0,300.0
117,1,1380,34,38.82,5.0,300.0
117,1,1381,34,38.82,5.0,300.0
117,1,1388,34,38.82,5.0,300.0
117,1,1394,34,38.82,5.0,300.0
117,1,1400,34,38.82,5.0,300.0
117,1,1401,34,38.82,5.0,300.0
117,1,1402,34,38.82,5.0,300.0
117,1,1403,34,38.82,5.0,300.0
117,1,1404,34,38.82,5.0,300.0
117,1,1405,34,38.82,5.0,300.0
117,1,1406,34,38.82,5.0,300.0
117,1,1407,34,38.82,5.0,300.0
117,1,1408,34,38.82,5.0,300.0
117,1,1409,34,38.82,5.0,300.0
117,1,1410,34,38.82,5.0,300.0
117,1,1432,34,38.82,5.0,300.0
117,1,1436,34,38.82,5.0,300.0
117,1,2173,34,38.82,5.0,300.0
117,1,2230,34,38.82,5.0,300.0
117,1,3212,34,38.82,5.0,300.0
117,1,3857,34,38.82,5.0,300.0
117,1,458,34,38.82,5.0,300.0
729,1,1085,19,38.95,5.0,110.0
729,1,1743,19,38.95,5.0,110.0
729,1,1744,19,38.95,5.0,110.0
729,1,2121,19,38.95,5.0,110.0
729,1,2210,19,38.95,5.0,110.0
729,1,3846,19,38.95,5.0,110.0
729,1,3847,19,38.95,5.0,110.0
729,1,3848,19,38.95,5.0,110.0
729,1,4763,19,38.95,5.0,110.0
729,1,5894,19,38.95,5.0,110.0
729,1,5898,19,38.95,5.0,110.0
729,1,594,19,38.95,5.0,110.0
729,1,5991,19,38.95,5.0,110.0
729,1,5992,19,38.95,5.0,110.0
729,1,5993,19,38.95,5.0,110.0
729,1,5994,19,38.95,5.0,110.0
729,1,600,19,38.95,5.0,110.0
729,1,601,19,38.95,5.0,110.0
729,1,603,19,38.95,5.0,110.0
729,1,6038,19,38.95,5.0,110.0
729,1,6040,19,38.95,5.0,110.0
729,1,6127,19,38.95,5.0,110.0
729,1,6128,19,38.95,5.0,110.0
729,1,6159,19,38.95,5.0,110.0
729,1,6160,19,38.95,5.0,110.0
729,1,6263,19,38.95,5.0,110.0
729,1,6264,19,38.95,5.0,110.0
729,1,6275,19,38.95,5.0,110.0
729,1,6516,19,38.95,5.0,110.0
729,1,6527,19,38.95,5.0,110.0
729,1,6941,19,38.95,5.0,110.0
729,1,6943,19,38.95,5.0,110.0
729,1,6944,19,38.95,5.0,110.0
729,1,6945,19,38.95,5.0,110.0
729,1,7065,19,38.95,5.0,110.0
729,1,7066,19,38.95,5.0,110.0
729,1,7067,19,38.95,5.0,110.0
729,1,7068,19,38.95,5.0,110.0
729,1,7069,19,38.95,5.0,110.0
729,1,7070,19,38.95,5.0,110.0
729,1,7071,19,38.95,5.0,110.0
729,1,7302,19,38.95,5.0,110.0
729,1,7308,19,38.95,5.0,110.0
729,1,7735,19,38.95,5.0,110.0
729,1,7920,19,38.95,5.0,110.0
729,1,88,19,38.95,5.0,110.0
729,1,89,19,38.95,5.0,110.0
729,1,90,19,38.95,5.0,110.0
729,1,9280,19,38.95,5.0,110.0
729,1,994,19,38.95,5.0,110.0
729,1,995,19,38.95,5.0,110.0
458,0,102,26,39.04,10.0,55.0
458,0,103,26,39.04,10.0,55.0
458,0,105,26,39.04,10.0,55.0
458,0,106815,26,39.04,10.0,55.0
458,0,106816,26,39.04,10.0,55.0
458,0,1204,26,39.04,10.0,55.0
458,0,1318,26,39.04,10.0,55.0
458,0,1322,26,39.04,10.0,55.0
458,0,1369,26,39.04,10.0,55.0
458,0,1370,26,39.04,10.0,55.0
458,0,1371,26,39.04,10.0,55.0
458,0,1372,26,39.04,10.0,55.0
458,0,1373,26,39.04,10.0,55.0
458,0,1374,26,39.04,10.0,55.0
458,0,1376,26,39.04,10.0,55.0
458,0,1397,26,39.04,10.0,55.0
458,0,1398,26,39.04,10.0,55.0
458,0,1399,26,39.04,10.0,55.0
458,0,2159,26,39.04,10.0,55.0
458,0,2327,26,39.04,10.0,55.0
458,0,2328,26,39.04,10.0,55.0
458,0,2329,26,39.04,10.0,55.0
458,0,2330,26,39.04,10.0,55.0
458,0,2331,26,39.04,10.0,55.0
458,0,2332,26,39.04,10.0,55.0
458,0,2333,26,39.04,10.0,55.0
458,0,2880,26,39.04,10.0,55.0
458,0,2881,26,39.04,10.0,55.0
458,0,2882,26,39.04,10.0,55.0
458,0,2883,26,39.04,10.0,55.0
458,0,2884,26,39.04,10.0,55.0
458,0,2885,26,39.04,10.0,55.0
458,0,2886,26,39.04,10.0,55.0
458,0,2887,26,39.04,10.0,55.0
458,0,2888,26,39.04,10.0,55.0
458,0,2889,26,39.04,10.0,55.0
458,0,2890,26,39.04,10.0,55.0
458,0,2891,26,39.04,10.0,55.0
458,0,319,26,39.04,10.0,55.0
458,0,320,26,39.04,10.0,55.0
458,0,321,26,39.04,10.0,55.0
96,0,1101,23,39.13,15.0,75.0
96,0,1102,23,39.13,15.0,75.0
96,0,1103,23,39.13,15.0,75.0
96,0,1104,23,39.13,15.0,75.0
96,0,1105,23,39.13,15.0,75.0
96,0,1106,23,39.13,15.0,75.0
96,0,1107,23,39.13,15.0,75.0
96,0,1108,23,39.13,15.0,75.0
96,0,1109,23,39.13,15.0,75.0
96,0,1113,23,39.13,15.0,75.0
96,0,1114,23,39.13,15.0,75.0
96,0,1118,23,39.13,15.0,75.0
96,0,1120,23,39.13,15.0,75.0
96,0,1122,23,39.13,15.0,75.0
96,0,1123,23,39.13,15.0,75.0
96,0,1124,23,39.13,15.0,75.0
96,0,1128,23,39.13,15.0,75.0
96,0,1142,23,39.13,15.0,75.0
96,0,1150,23,39.13,15.0,75.0
96,0,1152,23,39.13,15.0,75.0
96,0,1153,23,39.13,15.0,75.0
96,0,1154,23,39.13,15.0,75.0
96,0,1155,23,39.13,15.0,75.0
96,0,1156,23,39.13,15.0,75.0
96,0,1191,23,39.13,15.0,75.0
96,0,1192,23,39.13,15.0,75.0
96,0,1197,23,39.13,15.0,75.0
96,0,19,23,39.13,15.0,75.0
96,0,20,23,39.13,15.0,75.0
96,0,22,23,39.13,15.0,75.0
96,0,23,23,39.13,15.0,75.0
96,0,261,23,39.13,15.0,75.0
96,0,308,23,39.13,15.0,75.0
96,0,309,23,39.13,15.0,75.0
96,0,310,23,39.13,15.0,75.0
96,0,3834,23,39.13,15.0,75.0
96,0,747,23,39.13,15.0,75.0
96,0,749,23,39.13,15.0,75.0
96,0,750,23,39.13,15.0,75.0
96,0,751,23,39.13,15.0,75.0
96,0,752,23,39.13,15.0,75.0
96,0,753,23,39.13,15.0,75.0
96,0,754,23,39.13,15.0,75.0
96,0,779,23,39.13,15.0,75.0
96,0,780,23,39.13,15.0,75.0
96,0,781,23,39.13,15.0,75.0
96,0,782,23,39.13,15.0,75.0
96,0,783,23,39.13,15.0,75.0
119,1,105,26,39.23,5.0,105.0
119,1,107,26,39.23,5.0,105.0
119,1,1323,26,39.23,5.0,105.0
119,1,1324,26,39.23,5.0,105.0
119,1,1325,26,39.23,5.0,105.0
119,1,1369,26,39.23,5.0,105.0
119,1,1370,26,39.23,5.0,105.0
119,1,1375,26,39.23,5.0,105.0
119,1,1379,26,39.23,5.0,105.0
119,1,1380,26,39.23,5.0,105.0
119,1,1381,26,39.23,5.0,105.0
119,1,1400,26,39.23,5.0,105.0
119,1,1401,26,39.23,5.0,105.0
119,1,1402,26,39.23,5.0,105.0
119,1,1403,26,39.23,5.0,105.0
119,1,1412,26,39.23,5.0,105.0
119,1,1415,26,39.23,5.0,105.0
119,1,1416,26,39.23,5.0,105.0
119,1,1432,26,39.23,5.0,105.0
119,1,1436,26,39.23,5.0,105.0
119,1,2230,26,39.23,5.0,105.0
119,1,3212,26,39.23,5.0,105.0
119,1,3857,26,39.23,5.0,105.0
119,1,458,26,39.23,5.0,105.0
1080,0,140,23,39.35,20.0,110.0
1080,0,5423,23,39.35,20.0,110.0
1080,0,5424,23,39.35,20.0,110.0
1080,0,8724,23,39.35,20.0,110.0
1080,0,8725,23,39.35,20.0,110.0
1080,0,8726,23,39.35,20.0,110.0
1080,0,8727,23,39.35,20.0,110.0
1080,0,8728,23,39.35,20.0,110.0
1080,0,8729,23,39.35,20.0,110.0
1080,0,8730,23,39.35,20.0,110.0
1080,0,8731,23,39.35,20.0,110.0
1080,0,8732,23,39.35,20.0,110.0
1080,0,8733,23,39.35,20.0,110.0
1080,0,8734,23,39.35,20.0,110.0
1081,1,141,23,39.35,25.0,110.0
1081,1,5425,23,39.35,25.0,110.0
1081,1,8724,23,39.35,25.0,110.0
1081,1,8728,23,39.35,25.0,110.0
1081,1,8733,23,39.35,25.0,110.0
1081,1,8735,23,39.35,25.0,110.0
1081,1,8736,23,39.35,25.0,110.0
1081,1,8737,23,39.35,25.0,110.0
1081,1,8738,23,39.35,25.0,110.0
1081,1,8739,23,39.35,25.0,110.0
1081,1,8740,23,39.35,25.0,110.0
1081,1,8741,23,39.35,25.0,110.0
1081,1,8742,23,39.35,25.0,110.0
1081,1,8743,23,39.35,25.0,110.0
118,0,102,26,39.81,20.0,60.0
118,0,103,26,39.81,20.0,60.0
118,0,106815,26,39.81,20.0,60.0
118,0,106816,26,39.81,20.0,60.0
118,0,1204,26,39.81,20.0,60.0
118,0,1318,26,39.81,20.0,60.0
118,0,1321,26,39.81,20.0,60.0
118,0,1322,26,39.81,20.0,60.0
118,0,1371,26,39.81,20.0,60.0
118,0,1372,26,39.81,20.0,60.0
118,0,1373,26,39.81,20.0,60.0
118,0,1378,26,39.81,20.0,60.0
118,0,1383,26,39.81,20.0,60.0
118,0,1396,26,39.81,20.0,60.0
118,0,1397,26,39.81,20.0,60.0
118,0,1399,26,39.81,20.0,60.0
118,0,1412,26,39.81,20.0,60.0
118,0,1413,26,39.81,20.0,60.0
118,0,1414,26,39.81,20.0,60.0
118,0,1429,26,39.81,20.0,60.0
118,0,2892,26,39.81,20.0,60.0
118,0,319,26,39.81,20.0,60.0
118,0,320,26,39.81,20.0,60.0
118,0,321,26,39.81,20.0,60.0
118,0,349,26,39.81,20.0,60.0
777,1,1010,21,40.0,5.0,80.0
777,1,1031,21,40.0,5.0,80.0
777,1,1032,21,40.0,5.0,80.0
777,1,1033,21,40.0,5.0,80.0
777,1,1043,21,40.0,5.0,80.0
777,1,1044,21,40.0,5.0,80.0
777,1,1045,21,40.0,5.0,80.0
777,1,1047,21,40.0,5.0,80.0
777,1,1048,21,40.0,5.0,80.0
777,1,1742,21,40.0,5.0,80.0
777,1,1746,21,40.0,5.0,80.0
777,1,4750,21,40.0,5.0,80.0
777,1,5153,21,40.0,5.0,80.0
777,1,5154,21,40.0,5.0,80.0
777,1,5155,21,40.0,5.0,80.0
777,1,5156,21,40.0,5.0,80.0
777,1,5158,21,40.0,5.0,80.0
777,1,5159,21,40.0,5.0,80.0
777,1,5936,21,40.0,5.0,80.0
777,1,6575,21,40.0,5.0,80.0
777,1,6729,21,40.0,5.0,80.0
777,1,7236,21,40.0,5.0,80.0
777,1,7237,21,40.0,5.0,80.0
777,1,7238,21,40.0,5.0,80.0
777,1,7239,21,40.0,5.0,80.0
777,1,7240,21,40.0,5.0,80.0
777,1,7241,21,40.0,5.0,80.0
777,1,7242,21,40.0,5.0,80.0
777,1,7249,21,40.0,5.0,80.0
777,1,7260,21,40.0,5.0,80.0
777,1,7263,21,40.0,5.0,80.0
777,1,7266,21,40.0,5.0,80.0
777,1,7267,21,40.0,5.0,80.0
777,1,7268,21,40.0,5.0,80.0
777,1,7269,21,40.0,5.0,80.0
777,1,7271,21,40.0,5.0,80.0
777,1,7273,21,40.0,5.0,80.0
777,1,7275,21,40.0,5.0,80.0
777,1,7276,21,40.0,5.0,80.0
788,0,1040,22,40.0,25.0,60.0
788,0,1041,22,40.0,25.0,60.0
788,0,106831,22,40.0,25.0,60.0
788,0,106838,22,40.0,25.0,60.0
788,0,4713,22,40.0,25.0,60.0
788,0,4714,22,40.0,25.0,60.0
788,0,4715,22,40.0,25.0,60.0
788,0,4716,22,40.0,25.0,60.0
788,0,4717,22,40.0,25.0,60.0
788,0,4718,22,40.0,25.0,60.0
788,0,4719,22,40.0,25.0,60.0
788,0,4720,22,40.0,25.0,60.0
788,0,4721,22,40.0,25.0,60.0
788,0,4722,22,40.0,25.0,60.0
788,0,4723,22,40.0,25.0,60.0
788,0,4724,22,40.0,25.0,60.0
788,0,4725,22,40.0,25.0,60.0
788,0,4727,22,40.0,25.0,60.0
788,0,4728,22,40.0,25.0,60.0
788,0,4729,22,40.0,25.0,60.0
788,0,4730,22,40.0,25.0,60.0
788,0,4732,22,40.0,25.0,60.0
788,0,4733,22,40.0,25.0,60.0
788,0,4734,22,40.0,25.0,60.0
788,0,4735,22,40.0,25.0,60.0
788,0,4736,22,40.0,25.0,60.0
788,0,4737,22,40.0,25.0,60.0
788,0,4738,22,40.0,25.0,60.0
788,0,4739,22,40.0,25.0,60.0
788,0,4740,22,40.0,25.0,60.0
788,0,4741,22,40.0,25.0,60.0
788,0,4742,22,40.0,25.0,60.0
788,0,4743,22,40.0,25.0,60.0
788,0,5144,22,40.0,25.0,60.0
788,0,5145,22,40.0,25.0,60.0
788,0,5149,22,40.0,25.0,60.0
788,0,5844,22,40.0,25.0,60.0
788,0,5929,22,40.0,25.0,60.0
788,0,5930,22,40.0,25.0,60.0
788,0,5931,22,40.0,25.0,60.0
788,0,6566,22,40.0,25.0,60.0
788,0,6567,22,40.0,25.0,60.0
788,0,6568,22,40.0,25.0,60.0
788,0,6603,22,40.0,25.0,60.0
788,0,6605,22,40.0,25.0,60.0
788,0,7259,22,40.0,25.0,60.0
788,0,7325,22,40.0,25.0,60.0
788,0,7326,22,40.0,25.0,60.0
788,0,7327,22,40.0,25.0,60.0
788,0,7328,22,40.0,25.0,60.0
788,0,7329,22,40.0,25.0,60.0
788,0,7330,22,40.0,25.0,60.0
788,0,7331,22,40.0,25.0,60.0
788,0,7333,22,40.0,25.0,60.0
788,0,7334,22,40.0,25.0,60.0
788,0,7335,22,40.0,25.0,60.0
788,0,7336,22,40.0,25.0,60.0
788,0,7337,22,40.0,25.0,60.0
788,0,7338,22,40.0,25.0,60.0
788,0,7339,22,40.0,25.0,60.0
788,0,7340,22,40.0,25.0,60.0
788,0,7341,22,40.0,25.0,60.0
788,0,7342,22,40.0,25.0,60.0
788,0,7343,22,40.0,25.0,60.0
788,0,7344,22,40.0,25.0,60.0
788,0,7345,22,40.0,25.0,60.0
788,0,7346,22,40.0,25.0,60.0
788,0,7347,22,40.0,25.0,60.0
788,0,7348,22,40.0,25.0,60.0
788,0,7349,22,40.0,25.0,60.0
788,0,7350,22,40.0,25.0,60.0
788,0,7351,22,40.0,25.0,60.0
788,0,7352,22,40.0,25.0,60.0
788,0,7353,22,40.0,25.0,60.0
788,0,7354,22,40.0,25.0,60.0
788,0,7355,22,40.0,25.0,60.0
788,0,7356,22,40.0,25.0,60.0
788,0,7357,22,40.0,25.0,60.0
788,0,7358,22,40.0,25.0,60.0
788,0,7359,22,40.0,25.0,60.0
788,0,7360,22,40.0,25.0,60.0
788,0,7361,22,40.0,25.0,60.0
788,0,7362,22,40.0,25.0,60.0
788,0,7363,22,40.0,25.0,60.0
788,0,7364,22,40.0,25.0,60.0
788,0,7365,22,40.0,25.0,60.0
788,0,7366,22,40.0,25.0,60.0
788,0,7367,22,40.0,25.0,60.0
788,0,7368,22,40.0,25.0,60.0
788,0,7369,22,40.0,25.0,60.0
788,0,7407,22,40.0,25.0,60.0
787,1,1004,26,40.19,10.0,95.0
787,1,1005,26,40.19,10.0,95.0
787,1,1006,26,40.19,10.0,95.0
787,1,1007,26,40.19,10.0,95.0
787,1,1008,26,40.19,10.0,95.0
787,1,1010,26,40.19,10.0,95.0
787,1,1645,26,40.19,10.0,95.0
787,1,1746,26,40.19,10.0,95.0
787,1,2134,26,40.19,10.0,95.0
787,1,2139,26,40.19,10.0,95.0
787,1,2192,26,40.19,10.0,95.0
787,1,2193,26,40.19,10.0,95.0
787,1,2194,26,40.19,10.0,95.0
787,1,2195,26,40.19,10.0,95.0
787,1,2196,26,40.19,10.0,95.0
787,1,2197,26,40.19,10.0,95.0
787,1,2198,26,40.19,10.0,95.0
787,1,2199,26,40.19,10.0,95.0
787,1,2200,26,40.19,10.0,95.0
787,1,2202,26,40.19,10.0,95.0
787,1,2203,26,40.19,10.0,95.0
787,1,2204,26,40.19,10.0,95.0
787,1,2205,26,40.19,10.0,95.0
787,1,2206,26,40.19,10.0,95.0
787,1,2207,26,40.19,10.0,95.0
787,1,2208,26,40.19,10.0,95.0
787,1,2209,26,40.19,10.0,95.0
787,1,2210,26,40.19,10.0,95.0
787,1,5837,26,40.19,10.0,95.0
787,1,5847,26,40.19,10.0,95.0
787,1,5848,26,40.19,10.0,95.0
787,1,5849,26,40.19,10.0,95.0
787,1,5850,26,40.19,10.0,95.0
787,1,5851,26,40.19,10.0,95.0
787,1,5852,26,40.19,10.0,95.0
787,1,5853,26,40.19,10.0,95.0
787,1,5854,26,40.19,10.0,95.0
787,1,5855,26,40.19,10.0,95.0
787,1,5856,26,40.19,10.0,95.0
787,1,5857,26,40.19,10.0,95.0
787,1,5858,26,40.19,10.0,95.0
787,1,5859,26,40.19,10.0,95.0
787,1,5860,26,40.19,10.0,95.0
787,1,5861,26,40.19,10.0,95.0
787,1,5862,26,40.19,10.0,95.0
787,1,5863,26,40.19,10.0,95.0
787,1,6260,26,40.19,10.0,95.0
787,1,7302,26,40.19,10.0,95.0
787,1,7303,26,40.19,10.0,95.0
787,1,7304,26,40.19,10.0,95.0
787,1,7305,26,40.19,10.0,95.0
100,1,1108,24,40.63,10.0,120.0
100,1,1113,24,40.63,10.0,120.0
100,1,1114,24,40.63,10.0,120.0
100,1,1115,24,40.63,10.0,120.0
100,1,1117,24,40.63,10.0,120.0
100,1,1119,24,40.63,10.0,120.0
100,1,1121,24,40.63,10.0,120.0
100,1,1123,24,40.63,10.0,120.0
100,1,1127,24,40.63,10.0,120.0
100,1,1128,24,40.63,10.0,120.0
100,1,1129,24,40.63,10.0,120.0
100,1,1130,24,40.63,10.0,120.0
100,1,1131,24,40.63,10.0,120.0
100,1,1132,24,40.63,10.0,120.0
100,1,1133,24,40.63,10.0,120.0
100,1,1134,24,40.63,10.0,120.0
100,1,1135,24,40.63,10.0,120.0
100,1,1136,24,40.63,10.0,120.0
100,1,1148,24,40.63,10.0,120.0
100,1,1183,24,40.63,10.0,120.0
100,1,1184,24,40.63,10.0,120.0
100,1,1185,24,40.63,10.0,120.0
100,1,1186,24,40.63,10.0,120.0
100,1,1187,24,40.63,10.0,120.0
100,1,1188,24,40.63,10.0,120.0
100,1,1192,24,40.63,10.0,120.0
100,1,1194,24,40.63,10.0,120.0
100,1,1195,24,40.63,10.0,120.0
100,1,1196,24,40.63,10.0,120.0
100,1,1197,24,40.63,10.0,120.0
100,1,258,24,40.63,10.0,120.0
100,1,259,24,40.63,10.0,120.0
100,1,260,24,40.63,10.0,120.0
100,1,307,24,40.63,10.0,120.0
100,1,51,24,40.63,10.0,120.0
100,1,52,24,40.63,10.0,120.0
100,1,711,24,40.63,10.0,120.0
100,1,712,24,40.63,10.0,120.0
100,1,713,24,40.63,10.0,120.0
100,1,714,24,40.63,10.0,120.0
100,1,715,24,40.63,10.0,120.0
100,1,716,24,40.63,10.0,120.0
100,1,718,24,40.63,10.0,120.0
100,1,802,24,40.63,10.0,120.0
100,1,803,24,40.63,10.0,120.0
100,1,804,24,40.63,10.0,120.0
100,1,805,24,40.63,10.0,120.0
100,1,806,24,40.63,10.0,120.0
478,0,30,3,40.88,2.65,117.35
1077,1,1257,23,41.52,20.0,85.0
1077,1,1258,23,41.52,20.0,85.0
1077,1,1259,23,41.52,20.0,85.0
1077,1,1261,23,41.52,20.0,85.0
1077,1,1262,23,41.52,20.0,85.0
1077,1,1263,23,41.52,20.0,85.0
1077,1,1265,23,41.52,20.0,85.0
1077,1,1274,23,41.52,20.0,85.0
1077,1,141,23,41.52,20.0,85.0
1077,1,5560,23,41.52,20.0,85.0
1077,1,8713,23,41.52,20.0,85.0
1077,1,8714,23,41.52,20.0,85.0
1077,1,8715,23,41.52,20.0,85.0
1077,1,8716,23,41.52,20.0,85.0
1077,1,8717,23,41.52,20.0,85.0
1077,1,8718,23,41.52,20.0,85.0
463,1,106,34,41.62,5.0,271.0
463,1,107,34,41.62,5.0,271.0
463,1,1277,34,41.62,5.0,271.0
463,1,130,34,41.62,5.0,271.0
463,1,131,34,41.62,5.0,271.0
463,1,1318,34,41.62,5.0,271.0
463,1,1323,34,41.62,5.0,271.0
463,1,1324,34,41.62,5.0,271.0
463,1,1325,34,41.62,5.0,271.0
463,1,133,34,41.62,5.0,271.0
463,1,134,34,41.62,5.0,271.0
463,1,135,34,41.62,5.0,271.0
463,1,136,34,41.62,5.0,271.0
463,1,137,34,41.62,5.0,271.0
463,1,1370,34,41.62,5.0,271.0
463,1,1378,34,41.62,5.0,271.0
463,1,1379,34,41.62,5.0,271.0
463,1,138,34,41.62,5.0,271.0
463,1,1380,34,41.62,5.0,271.0
463,1,1381,34,41.62,5.0,271.0
463,1,1382,34,41.62,5.0,271.0
463,1,1383,34,41.62,5.0,271.0
463,1,139,34,41.62,5.0,271.0
463,1,1400,34,41.62,5.0,271.0
463,1,1401,34,41.62,5.0,271.0
463,1,141,34,41.62,5.0,271.0
463,1,142,34,41.62,5.0,271.0
463,1,1422,34,41.62,5.0,271.0
463,1,1574,34,41.62,5.0,271.0
463,1,1575,34,41.62,5.0,271.0
463,1,1576,34,41.62,5.0,271.0
463,1,1577,34,41.62,5.0,271.0
463,1,1578,34,41.62,5.0,271.0
463,1,1581,34,41.62,5.0,271.0
463,1,1582,34,41.62,5.0,271.0
463,1,1583,34,41.62,5.0,271.0
463,1,172,34,41.62,5.0,271.0
463,1,1819,34,41.62,5.0,271.0
463,1,1820,34,41.62,5.0,271.0
463,1,1821,34,41.62,5.0,271.0
463,1,1822,34,41.62,5.0,271.0
463,1,1823,34,41.62,5.0,271.0
463,1,1966,34,41.62,5.0,271.0
463,1,2738,34,41.62,5.0,271.0
463,1,3008,34,41.62,5.0,271.0
463,1,349,34,41.62,5.0,271.0
463,1,403,34,41.62,5.0,271.0
463,1,442,34,41.62,5.0,271.0
463,1,443,34,41.62,5.0,271.0
463,1,444,34,41.62,5.0,271.0
463,1,4568,34,41.62,5.0,271.0
175,1,106812,24,41.67,10.0,120.0
175,1,107,24,41.67,10.0,120.0
175,1,1323,24,41.67,10.0,120.0
175,1,1324,24,41.67,10.0,120.0
175,1,1325,24,41.67,10.0,120.0
175,1,1702,24,41.67,10.0,120.0
175,1,1711,24,41.67,10.0,120.0
175,1,2111,24,41.67,10.0,120.0
175,1,2112,24,41.67,10.0,120.0
175,1,2114,24,41.67,10.0,120.0
175,1,2115,24,41.67,10.0,120.0
175,1,2116,24,41.67,10.0,120.0
175,1,2119,24,41.67,10.0,120.0
175,1,2230,24,41.67,10.0,120.0
175,1,248,24,41.67,10.0,120.0
175,1,253,24,41.67,10.0,120.0
175,1,310,24,41.67,10.0,120.0
175,1,311,24,41.67,10.0,120.0
175,1,312,24,41.67,10.0,120.0
175,1,313,24,41.67,10.0,120.0
175,1,314,24,41.67,10.0,120.0
175,1,315,24,41.67,10.0,120.0
175,1,316,24,41.67,10.0,120.0
175,1,317,24,41.67,10.0,120.0
175,1,320,24,41.67,10.0,120.0
175,1,413,24,41.67,10.0,120.0
175,1,415,24,41.67,10.0,120.0
175,1,419,24,41.67,10.0,120.0
175,1,426,24,41.67,10.0,120.0
175,1,427,24,41.67,10.0,120.0
175,1,428,24,41.67,10.0,120.0
175,1,429,24,41.67,10.0,120.0
175,1,430,24,41.67,10.0,120.0
175,1,431,24,41.67,10.0,120.0
175,1,432,24,41.67,10.0,120.0
175,1,433,24,41.67,10.0,120.0
175,1,435,24,41.67,10.0,120.0
175,1,436,24,41.67,10.0,120.0
175,1,437,24,41.67,10.0,120.0
175,1,438,24,41.67,10.0,120.0
175,1,439,24,41.67,10.0,120.0
175,1,440,24,41.67,10.0,120.0
175,1,462,24,41.67,10.0,120.0
175,1,463,24,41.67,10.0,120.0
175,1,464,24,41.67,10.0,120.0
175,1,7088,24,41.67,10.0,120.0
175,1,741,24,41.67,10.0,120.0
175,1,766,24,41.67,10.0,120.0
175,1,777,24,41.67,10.0,120.0
175,1,785,24,41.67,10.0,120.0
175,1,801,24,41.67,10.0,120.0
175,1,802,24,41.67,10.0,120.0
175,1,803,24,41.67,10.0,120.0
175,1,804,24,41.67,10.0,120.0
175,1,805,24,41.67,10.0,120.0
175,1,806,24,41.67,10.0,120.0
175,1,863,24,41.67,10.0,120.0
175,1,887,24,41.67,10.0,120.0
175,1,888,24,41.67,10.0,120.0
175,1,889,24,41.67,10.0,120.0
175,1,937,24,41.67,10.0,120.0
175,1,938,24,41.67,10.0,120.0
175,1,960,24,41.67,10.0,120.0
175,1,961,24,41.67,10.0,120.0
175,1,962,24,41.67,10.0,120.0
469,1,106,26,43.08,10.0,85.0
469,1,107,26,43.08,10.0,85.0
469,1,1318,26,43.08,10.0,85.0
469,1,1323,26,43.08,10.0,85.0
469,1,1324,26,43.08,10.0,85.0
469,1,1325,26,43.08,10.0,85.0
469,1,1326,26,43.08,10.0,85.0
469,1,1327,26,43.08,10.0,85.0
469,1,1328,26,43.08,10.0,85.0
469,1,134,26,43.08,10.0,85.0
469,1,135,26,43.08,10.0,85.0
469,1,136,26,43.08,10.0,85.0
469,1,137,26,43.08,10.0,85.0
469,1,138,26,43.08,10.0,85.0
469,1,139,26,43.08,10.0,85.0
469,1,140,26,43.08,10.0,85.0
469,1,172,26,43.08,10.0,85.0
469,1,1819,26,43.08,10.0,85.0
469,1,1820,26,43.08,10.0,85.0
469,1,1821,26,43.08,10.0,85.0
469,1,1822,26,43.08,10.0,85.0
469,1,1823,26,43.08,10.0,85.0
469,1,1966,26,43.08,10.0,85.0
469,1,3315,26,43.08,10.0,85.0
469,1,349,26,43.08,10.0,85.0
469,1,403,26,43.08,10.0,85.0
469,1,4056,26,43.08,10.0,85.0
469,1,4057,26,43.08,10.0,85.0
469,1,4065,26,43.08,10.0,85.0
469,1,4066,26,43.08,10.0,85.0
469,1,442,26,43.08,10.0,85.0
469,1,443,26,43.08,10.0,85.0
469,1,4438,26,43.08,10.0,85.0
469,1,444,26,43.08,10.0,85.0
469,1,4442,26,43.08,10.0,85.0
469,1,4470,26,43.08,10.0,85.0
469,1,4471,26,43.08,10.0,85.0
469,1,4472,26,43.08,10.0,85.0
469,1,4473,26,43.08,10.0,85.0
469,1,5015,26,43.08,10.0,85.0
469,1,5020,26,43.08,10.0,85.0
469,1,5021,26,43.08,10.0,85.0
469,1,5022,26,43.08,10.0,85.0
469,1,5023,26,43.08,10.0,85.0
1076,0,1253,22,43.18,20.0,85.0
1076,0,1254,22,43.18,20.0,85.0
1076,0,1255,22,43.18,20.0,85.0
1076,0,1256,22,43.18,20.0,85.0
1076,0,1257,22,43.18,20.0,85.0
1076,0,1258,22,43.18,20.0,85.0
1076,0,1259,22,43.18,20.0,85.0
1076,0,1260,22,43.18,20.0,85.0
1076,0,140,22,43.18,20.0,85.0
1076,0,5563,22,43.18,20.0,85.0
1076,0,8713,22,43.18,20.0,85.0
1076,0,8714,22,43.18,20.0,85.0
1076,0,8715,22,43.18,20.0,85.0
1076,0,8716,22,43.18,20.0,85.0
1076,0,8717,22,43.18,20.0,85.0
1076,0,8718,22,43.18,20.0,85.0
789,1,106832,24,43.33,5.0,175.0
789,1,1746,24,43.33,5.0,175.0
789,1,4728,24,43.33,5.0,175.0
789,1,4781,24,43.33,5.0,175.0
789,1,4782,24,43.33,5.0,175.0
789,1,4783,24,43.33,5.0,175.0
789,1,4784,24,43.33,5.0,175.0
789,1,4785,24,43.33,5.0,175.0
789,1,4786,24,43.33,5.0,175.0
789,1,4787,24,43.33,5.0,175.0
789,1,4788,24,43.33,5.0,175.0
789,1,4789,24,43.33,5.0,175.0
789,1,4790,24,43.33,5.0,175.0
789,1,4791,24,43.33,5.0,175.0
789,1,4792,24,43.33,5.0,175.0
789,1,4794,24,43.33,5.0,175.0
789,1,4795,24,43.33,5.0,175.0
789,1,4796,24,43.33,5.0,175.0
789,1,4798,24,43.33,5.0,175.0
789,1,4799,24,43.33,5.0,175.0
789,1,4801,24,43.33,5.0,175.0
789,1,4802,24,43.33,5.0,175.0
789,1,4803,24,43.33,5.0,175.0
789,1,4804,24,43.33,5.0,175.0
789,1,4805,24,43.33,5.0,175.0
789,1,4806,24,43.33,5.0,175.0
789,1,4807,24,43.33,5.0,175.0
789,1,4808,24,43.33,5.0,175.0
789,1,4809,24,43.33,5.0,175.0
789,1,4810,24,43.33,5.0,175.0
789,1,5153,24,43.33,5.0,175.0
789,1,5154,24,43.33,5.0,175.0
789,1,5155,24,43.33,5.0,175.0
789,1,5156,24,43.33,5.0,175.0
789,1,5158,24,43.33,5.0,175.0
789,1,5159,24,43.33,5.0,175.0
789,1,5845,24,43.33,5.0,175.0
789,1,5932,24,43.33,5.0,175.0
789,1,5937,24,43.33,5.0,175.0
789,1,5938,24,43.33,5.0,175.0
789,1,5939,24,43.33,5.0,175.0
789,1,6575,24,43.33,5.0,175.0
789,1,6605,24,43.33,5.0,175.0
789,1,6646,24,43.33,5.0,175.0
789,1,6895,24,43.33,5.0,175.0
789,1,7260,24,43.33,5.0,175.0
789,1,7325,24,43.33,5.0,175.0
789,1,7335,24,43.33,5.0,175.0
789,1,7370,24,43.33,5.0,175.0
789,1,7371,24,43.33,5.0,175.0
789,1,7372,24,43.33,5.0,175.0
789,1,7373,24,43.33,5.0,175.0
789,1,7374,24,43.33,5.0,175.0
789,1,7375,24,43.33,5.0,175.0
789,1,7376,24,43.33,5.0,175.0
789,1,7377,24,43.33,5.0,175.0
789,1,7378,24,43.33,5.0,175.0
789,1,7379,24,43.33,5.0,175.0
789,1,7380,24,43.33,5.0,175.0
789,1,7381,24,43.33,5.0,175.0
789,1,7382,24,43.33,5.0,175.0
789,1,7383,24,43.33,5.0,175.0
789,1,7384,24,43.33,5.0,175.0
789,1,7385,24,43.33,5.0,175.0
789,1,7386,24,43.33,5.0,175.0
789,1,7387,24,43.33,5.0,175.0
789,1,7388,24,43.33,5.0,175.0
789,1,7389,24,43.33,5.0,175.0
789,1,7390,24,43.33,5.0,175.0
789,1,7391,24,43.33,5.0,175.0
789,1,7392,24,43.33,5.0,175.0
789,1,7393,24,43.33,5.0,175.0
789,1,7394,24,43.33,5.0,175.0
789,1,7395,24,43.33,5.0,175.0
789,1,7396,24,43.33,5.0,175.0
789,1,7397,24,43.33,5.0,175.0
789,1,7398,24,43.33,5.0,175.0
789,1,7399,24,43.33,5.0,175.0
789,1,7400,24,43.33,5.0,175.0
789,1,7401,24,43.33,5.0,175.0
789,1,7402,24,43.33,5.0,175.0
789,1,7403,24,43.33,5.0,175.0
789,1,7405,24,43.33,5.0,175.0
789,1,7406,24,43.33,5.0,175.0
789,1,7407,24,43.33,5.0,175.0
789,1,7408,24,43.33,5.0,175.0
789,1,7409,24,43.33,5.0,175.0
789,1,7410,24,43.33,5.0,175.0
789,1,7411,24,43.33,5.0,175.0
789,1,7412,24,43.33,5.0,175.0
789,1,7413,24,43.33,5.0,175.0
761,1,2115,22,43.86,10.0,85.0
761,1,2116,22,43.86,10.0,85.0
761,1,2185,22,43.86,10.0,85.0
761,1,2186,22,43.86,10.0,85.0
761,1,2187,22,43.86,10.0,85.0
761,1,2188,22,43.86,10.0,85.0
761,1,2189,22,43.86,10.0,85.0
761,1,2190,22,43.86,10.0,85.0
761,1,2191,22,43.86,10.0,85.0
761,1,248,22,43.86,10.0,85.0
761,1,469,22,43.86,10.0,85.0
761,1,470,22,43.86,10.0,85.0
761,1,471,22,43.86,10.0,85.0
761,1,498,22,43.86,10.0,85.0
761,1,499,22,43.86,10.0,85.0
761,1,500,22,43.86,10.0,85.0
761,1,501,22,43.86,10.0,85.0
761,1,502,22,43.86,10.0,85.0
761,1,503,22,43.86,10.0,85.0
761,1,5034,22,43.86,10.0,85.0
761,1,5035,22,43.86,10.0,85.0
761,1,5036,22,43.86,10.0,85.0
761,1,5037,22,43.86,10.0,85.0
761,1,5038,22,43.86,10.0,85.0
761,1,5039,22,43.86,10.0,85.0
761,1,504,22,43.86,10.0,85.0
761,1,5040,22,43.86,10.0,85.0
761,1,5041,22,43.86,10.0,85.0
761,1,5042,22,43.86,10.0,85.0
761,1,505,22,43.86,10.0,85.0
761,1,506,22,43.86,10.0,85.0
761,1,507,22,43.86,10.0,85.0
761,1,508,22,43.86,10.0,85.0
761,1,51,22,43.86,10.0,85.0
761,1,52,22,43.86,10.0,85.0
761,1,521,22,43.86,10.0,85.0
761,1,53,22,43.86,10.0,85.0
761,1,534,22,43.86,10.0,85.0
761,1,535,22,43.86,10.0,85.0
761,1,558,22,43.86,10.0,85.0
761,1,559,22,43.86,10.0,85.0
761,1,560,22,43.86,10.0,85.0
761,1,561,22,43.86,10.0,85.0
761,1,562,22,43.86,10.0,85.0
761,1,563,22,43.86,10.0,85.0
761,1,564,22,43.86,10.0,85.0
761,1,565,22,43.86,10.0,85.0
761,1,566,22,43.86,10.0,85.0
761,1,567,22,43.86,10.0,85.0
761,1,572,22,43.86,10.0,85.0
761,1,573,22,43.86,10.0,85.0
761,1,574,22,43.86,10.0,85.0
761,1,575,22,43.86,10.0,85.0
761,1,576,22,43.86,10.0,85.0
761,1,577,22,43.86,10.0,85.0
761,1,579,22,43.86,10.0,85.0
761,1,580,22,43.86,10.0,85.0
761,1,581,22,43.86,10.0,85.0
761,1,582,22,43.86,10.0,85.0
761,1,583,22,43.86,10.0,85.0
761,1,6478,22,43.86,10.0,85.0
761,1,6543,22,43.86,10.0,85.0
761,1,698,22,43.86,10.0,85.0
761,1,699,22,43.86,10.0,85.0
761,1,700,22,43.86,10.0,85.0
761,1,701,22,43.86,10.0,85.0
761,1,702,22,43.86,10.0,85.0
761,1,703,22,43.86,10.0,85.0
761,1,704,22,43.86,10.0,85.0
761,1,7220,22,43.86,10.0,85.0
761,1,761,22,43.86,10.0,85.0
761,1,763,22,43.86,10.0,85.0
761,1,769,22,43.86,10.0,85.0
761,1,770,22,43.86,10.0,85.0
761,1,771,22,43.86,10.0,85.0
761,1,777,22,43.86,10.0,85.0
761,1,861,22,43.86,10.0,85.0
761,1,863,22,43.86,10.0,85.0
761,1,887,22,43.86,10.0,85.0
761,1,889,22,43.86,10.0,85.0
761,1,937,22,43.86,10.0,85.0
761,1,938,22,43.86,10.0,85.0
761,1,960,22,43.86,10.0,85.0
761,1,961,22,43.86,10.0,85.0
761,1,962,22,43.86,10.0,85.0
291,0,106,23,45.0,30.0,75.0
291,0,107,23,45.0,30.0,75.0
291,0,1639,23,45.0,30.0,75.0
291,0,1640,23,45.0,30.0,75.0
291,0,1641,23,45.0,30.0,75.0
291,0,1827,23,45.0,30.0,75.0
291,0,3100,23,45.0,30.0,75.0
291,0,3235,23,45.0,30.0,75.0
291,0,3236,23,45.0,30.0,75.0
291,0,3249,23,45.0,30.0,75.0
291,0,3250,23,45.0,30.0,75.0
291,0,3251,23,45.0,30.0,75.0
291,0,3265,23,45.0,30.0,75.0
291,0,3266,23,45.0,30.0,75.0
291,0,3267,23,45.0,30.0,75.0
291,0,3268,23,45.0,30.0,75.0
291,0,3269,23,45.0,30.0,75.0
291,0,3270,23,45.0,30.0,75.0
291,0,3271,23,45.0,30.0,75.0
291,0,3272,23,45.0,30.0,75.0
291,0,3275,23,45.0,30.0,75.0
291,0,3276,23,45.0,30.0,75.0
291,0,3279,23,45.0,30.0,75.0
291,0,409,23,45.0,30.0,75.0
291,0,410,23,45.0,30.0,75.0
291,0,411,23,45.0,30.0,75.0
291,0,412,23,45.0,30.0,75.0
291,0,467,23,45.0,30.0,75.0
292,1,1827,23,45.0,10.0,100.0
292,1,319,23,45.0,10.0,100.0
292,1,3234,23,45.0,10.0,100.0
292,1,3236,23,45.0,10.0,100.0
292,1,3238,23,45.0,10.0,100.0
292,1,3240,23,45.0,10.0,100.0
292,1,3241,23,45.0,10.0,100.0
292,1,3242,23,45.0,10.0,100.0
292,1,3253,23,45.0,10.0,100.0
292,1,3265,23,45.0,10.0,100.0
292,1,3266,23,45.0,10.0,100.0
292,1,3267,23,45.0,10.0,100.0
292,1,3268,23,45.0,10.0,100.0
292,1,3269,23,45.0,10.0,100.0
292,1,3270,23,45.0,10.0,100.0
292,1,3271,23,45.0,10.0,100.0
292,1,3278,23,45.0,10.0,100.0
292,1,3279,23,45.0,10.0,100.0
292,1,409,23,45.0,10.0,100.0
292,1,438,23,45.0,10.0,100.0
292,1,439,23,45.0,10.0,100.0
292,1,440,23,45.0,10.0,100.0
292,1,460,23,45.0,10.0,100.0
292,1,461,23,45.0,10.0,100.0
292,1,462,23,45.0,10.0,100.0
292,1,463,23,45.0,10.0,100.0
292,1,464,23,45.0,10.0,100.0
625,0,1059,5,45.0,35.0,65.0
625,0,1064,5,45.0,35.0,65.0
625,0,1092,5,45.0,35.0,65.0
625,0,1094,5,45.0,35.0,65.0
625,0,1095,5,45.0,35.0,65.0
625,0,1096,5,45.0,35.0,65.0
625,0,1097,5,45.0,35.0,65.0
625,0,1098,5,45.0,35.0,65.0
625,0,6014,5,45.0,35.0,65.0
625,0,6015,5,45.0,35.0,65.0
625,0,6412,5,45.0,35.0,65.0
625,0,69,5,45.0,35.0,65.0
625,0,70,5,45.0,35.0,65.0
625,0,71,5,45.0,35.0,65.0
625,0,7627,5,45.0,35.0,65.0
656,0,4728,1,45.0,45.0,45.0
656,0,4729,1,45.0,45.0,45.0
656,0,4730,1,45.0,45.0,45.0
656,0,5130,1,45.0,45.0,45.0
656,0,5131,1,45.0,45.0,45.0
656,0,6045,1,45.0,45.0,45.0
656,0,6046,1,45.0,45.0,45.0
656,0,6047,1,45.0,45.0,45.0
656,0,6048,1,45.0,45.0,45.0
656,0,6049,1,45.0,45.0,45.0
656,0,6050,1,45.0,45.0,45.0
656,0,6052,1,45.0,45.0,45.0
656,0,6053,1,45.0,45.0,45.0
656,0,6054,1,45.0,45.0,45.0
656,0,6055,1,45.0,45.0,45.0
656,0,6056,1,45.0,45.0,45.0
656,0,6059,1,45.0,45.0,45.0
656,0,6060,1,45.0,45.0,45.0
656,0,6061,1,45.0,45.0,45.0
656,0,6062,1,45.0,45.0,45.0
656,0,6063,1,45.0,45.0,45.0
656,0,6064,1,45.0,45.0,45.0
656,0,6065,1,45.0,45.0,45.0
656,0,6066,1,45.0,45.0,45.0
656,0,6067,1,45.0,45.0,45.0
656,0,6068,1,45.0,45.0,45.0
656,0,6069,1,45.0,45.0,45.0
656,0,6070,1,45.0,45.0,45.0
656,0,6071,1,45.0,45.0,45.0
656,0,6072,1,45.0,45.0,45.0
656,0,6073,1,45.0,45.0,45.0
656,0,6074,1,45.0,45.0,45.0
656,0,6077,1,45.0,45.0,45.0
656,0,6129,1,45.0,45.0,45.0
656,0,6130,1,45.0,45.0,45.0
656,0,6591,1,45.0,45.0,45.0
656,0,6592,1,45.0,45.0,45.0
656,0,6593,1,45.0,45.0,45.0
656,0,6594,1,45.0,45.0,45.0
656,0,6595,1,45.0,45.0,45.0
656,0,6598,1,45.0,45.0,45.0
656,0,6603,1,45.0,45.0,45.0
656,0,6604,1,45.0,45.0,45.0
656,0,6605,1,45.0,45.0,45.0
656,0,6606,1,45.0,45.0,45.0
656,0,6607,1,45.0,45.0,45.0
656,0,6608,1,45.0,45.0,45.0
656,0,6609,1,45.0,45.0,45.0
656,0,6610,1,45.0,45.0,45.0
656,0,6611,1,45.0,45.0,45.0
656,0,6612,1,45.0,45.0,45.0
656,0,6613,1,45.0,45.0,45.0
656,0,6614,1,45.0,45.0,45.0
656,0,6615,1,45.0,45.0,45.0
656,0,6616,1,45.0,45.0,45.0
656,0,6617,1,45.0,45.0,45.0
656,0,6618,1,45.0,45.0,45.0
656,0,6619,1,45.0,45.0,45.0
656,0,6620,1,45.0,45.0,45.0
656,0,6621,1,45.0,45.0,45.0
656,0,6622,1,45.0,45.0,45.0
656,0,6623,1,45.0,45.0,45.0
656,0,6624,1,45.0,45.0,45.0
656,0,7459,1,45.0,45.0,45.0
656,0,761,1,45.0,45.0,45.0
656,0,762,1,45.0,45.0,45.0
656,0,763,1,45.0,45.0,45.0
656,0,849,1,45.0,45.0,45.0
495,1,1186,28,45.39,5.0,310.0
495,1,152,28,45.39,5.0,310.0
495,1,18,28,45.39,5.0,310.0
495,1,19,28,45.39,5.0,310.0
495,1,20,28,45.39,5.0,310.0
495,1,218,28,45.39,5.0,310.0
495,1,219,28,45.39,5.0,310.0
495,1,220,28,45.39,5.0,310.0
495,1,221,28,45.39,5.0,310.0
495,1,222,28,45.39,5.0,310.0
495,1,223,28,45.39,5.0,310.0
495,1,224,28,45.39,5.0,310.0
495,1,225,28,45.39,5.0,310.0
495,1,283,28,45.39,5.0,310.0
495,1,284,28,45.39,5.0,310.0
495,1,285,28,45.39,5.0,310.0
495,1,287,28,45.39,5.0,310.0
495,1,288,28,45.39,5.0,310.0
495,1,3179,28,45.39,5.0,310.0
495,1,3846,28,45.39,5.0,310.0
495,1,3847,28,45.39,5.0,310.0
495,1,3848,28,45.39,5.0,310.0
495,1,3849,28,45.39,5.0,310.0
495,1,4477,28,45.39,5.0,310.0
495,1,4501,28,45.39,5.0,310.0
495,1,4502,28,45.39,5.0,310.0
495,1,4503,28,45.39,5.0,310.0
495,1,4504,28,45.39,5.0,310.0
495,1,4505,28,45.39,5.0,310.0
495,1,4506,28,45.39,5.0,310.0
495,1,4507,28,45.39,5.0,310.0
495,1,4508,28,45.39,5.0,310.0
495,1,46,28,45.39,5.0,310.0
495,1,47,28,45.39,5.0,310.0
495,1,48,28,45.39,5.0,310.0
495,1,50,28,45.39,5.0,310.0
495,1,51,28,45.39,5.0,310.0
495,1,52,28,45.39,5.0,310.0
495,1,5273,28,45.39,5.0,310.0
495,1,53,28,45.39,5.0,310.0
495,1,594,28,45.39,5.0,310.0
495,1,595,28,45.39,5.0,310.0
495,1,596,28,45.39,5.0,310.0
495,1,597,28,45.39,5.0,310.0
495,1,598,28,45.39,5.0,310.0
495,1,599,28,45.39,5.0,310.0
495,1,6296,28,45.39,5.0,310.0
495,1,7735,28,45.39,5.0,310.0
495,1,994,28,45.39,5.0,310.0
495,1,995,28,45.39,5.0,310.0
14,0,106602,21,45.48,30.0,85.0
14,0,149,21,45.48,30.0,85.0
14,0,150,21,45.48,30.0,85.0
14,0,152,21,45.48,30.0,85.0
14,0,174,21,45.48,30.0,85.0
14,0,175,21,45.48,30.0,85.0
14,0,176,21,45.48,30.0,85.0
14,0,177,21,45.48,30.0,85.0
14,0,178,21,45.48,30.0,85.0
14,0,180,21,45.48,30.0,85.0
14,0,182,21,45.48,30.0,85.0
14,0,183,21,45.48,30.0,85.0
14,0,186,21,45.48,30.0,85.0
14,0,187,21,45.48,30.0,85.0
14,0,188,21,45.48,30.0,85.0
14,0,189,21,45.48,30.0,85.0
14,0,190,21,45.48,30.0,85.0
14,0,191,21,45.48,30.0,85.0
14,0,192,21,45.48,30.0,85.0
14,0,196,21,45.48,30.0,85.0
14,0,197,21,45.48,30.0,85.0
14,0,198,21,45.48,30.0,85.0
14,0,199,21,45.48,30.0,85.0
14,0,200,21,45.48,30.0,85.0
14,0,211,21,45.48,30.0,85.0
14,0,213,21,45.48,30.0,85.0
14,0,218,21,45.48,30.0,85.0
14,0,219,21,45.48,30.0,85.0
14,0,220,21,45.48,30.0,85.0
14,0,221,21,45.48,30.0,85.0
14,0,222,21,45.48,30.0,85.0
14,0,223,21,45.48,30.0,85.0
14,0,224,21,45.48,30.0,85.0
14,0,289,21,45.48,30.0,85.0
14,0,290,21,45.48,30.0,85.0
14,0,291,21,45.48,30.0,85.0
14,0,3295,21,45.48,30.0,85.0
14,0,3304,21,45.48,30.0,85.0
14,0,3333,21,45.48,30.0,85.0
14,0,34,21,45.48,30.0,85.0
14,0,4533,21,45.48,30.0,85.0
14,0,4542,21,45.48,30.0,85.0
14,0,5564,21,45.48,30.0,85.0
15,1,106796,21,45.48,15.0,95.0
15,1,117,21,45.48,15.0,95.0
15,1,118,21,45.48,15.0,95.0
15,1,119,21,45.48,15.0,95.0
15,1,120,21,45.48,15.0,95.0
15,1,121,21,45.48,15.0,95.0
15,1,174,21,45.48,15.0,95.0
15,1,179,21,45.48,15.0,95.0
15,1,196,21,45.48,15.0,95.0
15,1,199,21,45.48,15.0,95.0
15,1,201,21,45.48,15.0,95.0
15,1,202,21,45.48,15.0,95.0
15,1,204,21,45.48,15.0,95.0
15,1,205,21,45.48,15.0,95.0
15,1,206,21,45.48,15.0,95.0
15,1,207,21,45.48,15.0,95.0
15,1,213,21,45.48,15.0,95.0
15,1,215,21,45.48,15.0,95.0
15,1,216,21,45.48,15.0,95.0
15,1,217,21,45.48,15.0,95.0
15,1,225,21,45.48,15.0,95.0
15,1,226,21,45.48,15.0,95.0
15,1,227,21,45.48,15.0,95.0
15,1,229,21,45.48,15.0,95.0
15,1,230,21,45.48,15.0,95.0
15,1,231,21,45.48,15.0,95.0
15,1,232,21,45.48,15.0,95.0
15,1,234,21,45.48,15.0,95.0
15,1,235,21,45.48,15.0,95.0
15,1,236,21,45.48,15.0,95.0
15,1,238,21,45.48,15.0,95.0
15,1,240,21,45.48,15.0,95.0
15,1,243,21,45.48,15.0,95.0
15,1,244,21,45.48,15.0,95.0
15,1,245,21,45.48,15.0,95.0
15,1,246,21,45.48,15.0,95.0
15,1,247,21,45.48,15.0,95.0
15,1,274,21,45.48,15.0,95.0
15,1,3838,21,45.48,15.0,95.0
15,1,3855,21,45.48,15.0,95.0
15,1,5556,21,45.48,15.0,95.0
15,1,5562,21,45.48,15.0,95.0
15,1,627,21,45.48,15.0,95.0
15,1,7939,21,45.48,15.0,95.0
15,1,8062,21,45.48,15.0,95.0
685,1,106839,22,45.91,25.0,110.0
685,1,106886,22,45.91,25.0,110.0
685,1,2209,22,45.91,25.0,110.0
685,1,5845,22,45.91,25.0,110.0
685,1,6038,22,45.91,25.0,110.0
685,1,6039,22,45.91,25.0,110.0
685,1,6040,22,45.91,25.0,110.0
685,1,6041,22,45.91,25.0,110.0
685,1,6042,22,45.91,25.0,110.0
685,1,6043,22,45.91,25.0,110.0
685,1,6044,22,45.91,25.0,110.0
685,1,6514,22,45.91,25.0,110.0
685,1,6797,22,45.91,25.0,110.0
685,1,6798,22,45.91,25.0,110.0
685,1,6799,22,45.91,25.0,110.0
685,1,6806,22,45.91,25.0,110.0
685,1,6821,22,45.91,25.0,110.0
685,1,6822,22,45.91,25.0,110.0
685,1,6823,22,45.91,25.0,110.0
685,1,6824,22,45.91,25.0,110.0
685,1,6825,22,45.91,25.0,110.0
685,1,6826,22,45.91,25.0,110.0
685,1,6827,22,45.91,25.0,110.0
685,1,6828,22,45.91,25.0,110.0
685,1,6829,22,45.91,25.0,110.0
685,1,6830,22,45.91,25.0,110.0
685,1,6831,22,45.91,25.0,110.0
685,1,6832,22,45.91,25.0,110.0
685,1,6833,22,45.91,25.0,110.0
685,1,6834,22,45.91,25.0,110.0
685,1,6836,22,45.91,25.0,110.0
685,1,6837,22,45.91,25.0,110.0
685,1,6838,22,45.91,25.0,110.0
685,1,6839,22,45.91,25.0,110.0
685,1,6840,22,45.91,25.0,110.0
685,1,6841,22,45.91,25.0,110.0
685,1,698,22,45.91,25.0,110.0
685,1,699,22,45.91,25.0,110.0
685,1,700,22,45.91,25.0,110.0
685,1,7302,22,45.91,25.0,110.0
685,1,7305,22,45.91,25.0,110.0
685,1,7308,22,45.91,25.0,110.0
685,1,761,22,45.91,25.0,110.0
685,1,763,22,45.91,25.0,110.0
685,1,769,22,45.91,25.0,110.0
685,1,770,22,45.91,25.0,110.0
685,1,771,22,45.91,25.0,110.0
684,0,106839,21,45.95,5.0,125.0
684,0,106886,21,45.95,5.0,125.0
684,0,2121,21,45.95,5.0,125.0
684,0,2124,21,45.95,5.0,125.0
684,0,2126,21,45.95,5.0,125.0
684,0,5844,21,45.95,5.0,125.0
684,0,6030,21,45.95,5.0,125.0
684,0,6031,21,45.95,5.0,125.0
684,0,6032,21,45.95,5.0,125.0
684,0,6033,21,45.95,5.0,125.0
684,0,6034,21,45.95,5.0,125.0
684,0,6035,21,45.95,5.0,125.0
684,0,6038,21,45.95,5.0,125.0
684,0,6511,21,45.95,5.0,125.0
684,0,6774,21,45.95,5.0,125.0
684,0,6775,21,45.95,5.0,125.0
684,0,6776,21,45.95,5.0,125.0
684,0,6778,21,45.95,5.0,125.0
684,0,6800,21,45.95,5.0,125.0
684,0,6801,21,45.95,5.0,125.0
684,0,6802,21,45.95,5.0,125.0
684,0,6803,21,45.95,5.0,125.0
684,0,6804,21,45.95,5.0,125.0
684,0,6805,21,45.95,5.0,125.0
684,0,6806,21,45.95,5.0,125.0
684,0,6808,21,45.95,5.0,125.0
684,0,6809,21,45.95,5.0,125.0
684,0,6810,21,45.95,5.0,125.0
684,0,6811,21,45.95,5.0,125.0
684,0,6812,21,45.95,5.0,125.0
684,0,6813,21,45.95,5.0,125.0
684,0,6814,21,45.95,5.0,125.0
684,0,6815,21,45.95,5.0,125.0
684,0,6816,21,45.95,5.0,125.0
684,0,6817,21,45.95,5.0,125.0
684,0,6818,21,45.95,5.0,125.0
684,0,6819,21,45.95,5.0,125.0
684,0,6820,21,45.95,5.0,125.0
684,0,698,21,45.95,5.0,125.0
684,0,699,21,45.95,5.0,125.0
684,0,700,21,45.95,5.0,125.0
684,0,7304,21,45.95,5.0,125.0
684,0,761,21,45.95,5.0,125.0
684,0,762,21,45.95,5.0,125.0
684,0,763,21,45.95,5.0,125.0
684,0,764,21,45.95,5.0,125.0
684,0,765,21,45.95,5.0,125.0
403,1,1263,20,46.0,25.0,115.0
403,1,141,20,46.0,25.0,115.0
403,1,4429,20,46.0,25.0,115.0
403,1,4430,20,46.0,25.0,115.0
403,1,4431,20,46.0,25.0,115.0
403,1,4432,20,46.0,25.0,115.0
403,1,4433,20,46.0,25.0,115.0
403,1,4434,20,46.0,25.0,115.0
403,1,4435,20,46.0,25.0,115.0
403,1,4436,20,46.0,25.0,115.0
403,1,4437,20,46.0,25.0,115.0
626,1,100,5,46.0,40.0,70.0
626,1,1059,5,46.0,40.0,70.0
626,1,1060,5,46.0,40.0,70.0
626,1,1061,5,46.0,40.0,70.0
626,1,1062,5,46.0,40.0,70.0
626,1,1063,5,46.0,40.0,70.0
626,1,1064,5,46.0,40.0,70.0
626,1,1065,5,46.0,40.0,70.0
626,1,1066,5,46.0,40.0,70.0
626,1,1067,5,46.0,40.0,70.0
626,1,6014,5,46.0,40.0,70.0
626,1,6414,5,46.0,40.0,70.0
626,1,7627,5,46.0,40.0,70.0
626,1,98,5,46.0,40.0,70.0
626,1,99,5,46.0,40.0,70.0
1130,0,1041,20,46.25,40.0,105.0
1130,0,8873,20,46.25,40.0,105.0
1130,0,8874,20,46.25,40.0,105.0
1130,0,8875,20,46.25,40.0,105.0
1130,0,8876,20,46.25,40.0,105.0
1130,0,8877,20,46.25,40.0,105.0
1130,0,8878,20,46.25,40.0,105.0
1130,0,8880,20,46.25,40.0,105.0
1130,0,8881,20,46.25,40.0,105.0
1130,0,8882,20,46.25,40.0,105.0
1130,0,8886,20,46.25,40.0,105.0
1131,1,1058,20,46.25,40.0,105.0
1131,1,1746,20,46.25,40.0,105.0
1131,1,5845,20,46.25,40.0,105.0
1131,1,8877,20,46.25,40.0,105.0
1131,1,8883,20,46.25,40.0,105.0
1131,1,8884,20,46.25,40.0,105.0
1131,1,8885,20,46.25,40.0,105.0
1131,1,8886,20,46.25,40.0,105.0
1131,1,8887,20,46.25,40.0,105.0
1131,1,8888,20,46.25,40.0,105.0
1131,1,8889,20,46.25,40.0,105.0
1131,1,8890,20,46.25,40.0,105.0
1131,1,8891,20,46.25,40.0,105.0
402,0,1255,20,46.25,25.0,110.0
402,0,140,20,46.25,25.0,110.0
402,0,4420,20,46.25,25.0,110.0
402,0,4421,20,46.25,25.0,110.0
402,0,4422,20,46.25,25.0,110.0
402,0,4423,20,46.25,25.0,110.0
402,0,4424,20,46.25,25.0,110.0
402,0,4425,20,46.25,25.0,110.0
402,0,4426,20,46.25,25.0,110.0
402,0,4427,20,46.25,25.0,110.0
402,0,4428,20,46.25,25.0,110.0
317,0,3500,5,47.0,15.0,65.0
317,0,3501,5,47.0,15.0,65.0
317,0,3502,5,47.0,15.0,65.0
317,0,3503,5,47.0,15.0,65.0
317,0,3504,5,47.0,15.0,65.0
317,0,3505,5,47.0,15.0,65.0
317,0,3506,5,47.0,15.0,65.0
317,0,3507,5,47.0,15.0,65.0
317,0,3508,5,47.0,15.0,65.0
317,0,3509,5,47.0,15.0,65.0
317,0,3510,5,47.0,15.0,65.0
317,0,3511,5,47.0,15.0,65.0
317,0,3512,5,47.0,15.0,65.0
317,0,418,5,47.0,15.0,65.0
317,0,419,5,47.0,15.0,65.0
476,0,106829,17,47.06,40.0,100.0
476,0,5075,17,47.06,40.0,100.0
476,0,5076,17,47.06,40.0,100.0
476,0,5077,17,47.06,40.0,100.0
476,0,5078,17,47.06,40.0,100.0
476,0,5079,17,47.06,40.0,100.0
476,0,5080,17,47.06,40.0,100.0
476,0,5081,17,47.06,40.0,100.0
476,0,5082,17,47.06,40.0,100.0
476,0,5083,17,47.06,40.0,100.0
476,0,5084,17,47.06,40.0,100.0
476,0,5085,17,47.06,40.0,100.0
476,0,5086,17,47.06,40.0,100.0
476,0,5087,17,47.06,40.0,100.0
476,0,5089,17,47.06,40.0,100.0
476,0,5090,17,47.06,40.0,100.0
476,0,5091,17,47.06,40.0,100.0
476,0,5092,17,47.06,40.0,100.0
476,0,5093,17,47.06,40.0,100.0
476,0,5094,17,47.06,40.0,100.0
476,0,5095,17,47.06,40.0,100.0
476,0,5096,17,47.06,40.0,100.0
476,0,5097,17,47.06,40.0,100.0
476,0,5098,17,47.06,40.0,100.0
476,0,761,17,47.06,40.0,100.0
477,1,106829,17,47.06,40.0,100.0
477,1,5075,17,47.06,40.0,100.0
477,1,5076,17,47.06,40.0,100.0
477,1,5077,17,47.06,40.0,100.0
477,1,5078,17,47.06,40.0,100.0
477,1,5079,17,47.06,40.0,100.0
477,1,5080,17,47.06,40.0,100.0
477,1,5081,17,47.06,40.0,100.0
477,1,5082,17,47.06,40.0,100.0
477,1,5083,17,47.06,40.0,100.0
477,1,5084,17,47.06,40.0,100.0
477,1,5085,17,47.06,40.0,100.0
477,1,5086,17,47.06,40.0,100.0
477,1,5087,17,47.06,40.0,100.0
477,1,5089,17,47.06,40.0,100.0
477,1,5090,17,47.06,40.0,100.0
477,1,5091,17,47.06,40.0,100.0
477,1,5092,17,47.06,40.0,100.0
477,1,5093,17,47.06,40.0,100.0
477,1,5094,17,47.06,40.0,100.0
477,1,5095,17,47.06,40.0,100.0
477,1,5097,17,47.06,40.0,100.0
477,1,5098,17,47.06,40.0,100.0
477,1,5099,17,47.06,40.0,100.0
477,1,761,17,47.06,40.0,100.0
585,0,2121,19,47.89,30.0,130.0
585,0,2124,19,47.89,30.0,130.0
585,0,2126,19,47.89,30.0,130.0
585,0,5844,19,47.89,30.0,130.0
585,0,6030,19,47.89,30.0,130.0
585,0,6031,19,47.89,30.0,130.0
585,0,6032,19,47.89,30.0,130.0
585,0,6033,19,47.89,30.0,130.0
585,0,6034,19,47.89,30.0,130.0
585,0,6035,19,47.89,30.0,130.0
585,0,6038,19,47.89,30.0,130.0
585,0,7304,19,47.89,30.0,130.0
586,1,2209,19,47.89,30.0,125.0
586,1,5845,19,47.89,30.0,125.0
586,1,6038,19,47.89,30.0,125.0
586,1,6039,19,47.89,30.0,125.0
586,1,6040,19,47.89,30.0,125.0
586,1,6041,19,47.89,30.0,125.0
586,1,6042,19,47.89,30.0,125.0
586,1,6043,19,47.89,30.0,125.0
586,1,6044,19,47.89,30.0,125.0
586,1,7302,19,47.89,30.0,125.0
586,1,7305,19,47.89,30.0,125.0
586,1,7308,19,47.89,30.0,125.0
255,0,106815,29,48.97,10.0,435.0
255,0,106816,29,48.97,10.0,435.0
255,0,1318,29,48.97,10.0,435.0
255,0,1321,29,48.97,10.0,435.0
255,0,1322,29,48.97,10.0,435.0
255,0,1371,29,48.97,10.0,435.0
255,0,1372,29,48.97,10.0,435.0
255,0,1373,29,48.97,10.0,435.0
255,0,1378,29,48.97,10.0,435.0
255,0,1383,29,48.97,10.0,435.0
255,0,2876,29,48.97,10.0,435.0
255,0,2892,29,48.97,10.0,435.0
255,0,2988,29,48.97,10.0,435.0
255,0,2989,29,48.97,10.0,435.0
255,0,2990,29,48.97,10.0,435.0
255,0,2995,29,48.97,10.0,435.0
255,0,2996,29,48.97,10.0,435.0
255,0,2997,29,48.97,10.0,435.0
255,0,319,29,48.97,10.0,435.0
255,0,320,29,48.97,10.0,435.0
255,0,3283,29,48.97,10.0,435.0
255,0,8800,29,48.97,10.0,435.0
255,0,8807,29,48.97,10.0,435.0
503,1,1252,26,49.23,10.0,350.0
503,1,149,26,49.23,10.0,350.0
503,1,150,26,49.23,10.0,350.0
503,1,151,26,49.23,10.0,350.0
503,1,152,26,49.23,10.0,350.0
503,1,218,26,49.23,10.0,350.0
503,1,219,26,49.23,10.0,350.0
503,1,220,26,49.23,10.0,350.0
503,1,221,26,49.23,10.0,350.0
503,1,222,26,49.23,10.0,350.0
503,1,223,26,49.23,10.0,350.0
503,1,224,26,49.23,10.0,350.0
503,1,225,26,49.23,10.0,350.0
503,1,283,26,49.23,10.0,350.0
503,1,284,26,49.23,10.0,350.0
503,1,285,26,49.23,10.0,350.0
503,1,287,26,49.23,10.0,350.0
503,1,288,26,49.23,10.0,350.0
503,1,289,26,49.23,10.0,350.0
503,1,290,26,49.23,10.0,350.0
503,1,291,26,49.23,10.0,350.0
503,1,304,26,49.23,10.0,350.0
503,1,3179,26,49.23,10.0,350.0
503,1,41,26,49.23,10.0,350.0
503,1,4533,26,49.23,10.0,350.0
503,1,7088,26,49.23,10.0,350.0
503,1,734,26,49.23,10.0,350.0
503,1,735,26,49.23,10.0,350.0
503,1,736,26,49.23,10.0,350.0
503,1,737,26,49.23,10.0,350.0
503,1,738,26,49.23,10.0,350.0
503,1,739,26,49.23,10.0,350.0
503,1,863,26,49.23,10.0,350.0
503,1,887,26,49.23,10.0,350.0
503,1,888,26,49.23,10.0,350.0
503,1,889,26,49.23,10.0,350.0
503,1,937,26,49.23,10.0,350.0
503,1,938,26,49.23,10.0,350.0
503,1,950,26,49.23,10.0,350.0
503,1,951,26,49.23,10.0,350.0
503,1,952,26,49.23,10.0,350.0
503,1,953,26,49.23,10.0,350.0
503,1,954,26,49.23,10.0,350.0
503,1,955,26,49.23,10.0,350.0
503,1,956,26,49.23,10.0,350.0
503,1,957,26,49.23,10.0,350.0
503,1,958,26,49.23,10.0,350.0
503,1,959,26,49.23,10.0,350.0
503,1,960,26,49.23,10.0,350.0
503,1,961,26,49.23,10.0,350.0
503,1,962,26,49.23,10.0,350.0
671,1,100,20,49.25,5.0,115.0
671,1,101,20,49.25,5.0,115.0
671,1,106675,20,49.25,5.0,115.0
671,1,106676,20,49.25,5.0,115.0
671,1,106677,20,49.25,5.0,115.0
671,1,106678,20,49.25,5.0,115.0
671,1,106679,20,49.25,5.0,115.0
671,1,107,20,49.25,5.0,115.0
671,1,1186,20,49.25,5.0,115.0
671,1,1188,20,49.25,5.0,115.0
671,1,1192,20,49.25,5.0,115.0
671,1,1197,20,49.25,5.0,115.0
671,1,1204,20,49.25,5.0,115.0
671,1,15,20,49.25,5.0,115.0
671,1,19,20,49.25,5.0,115.0
671,1,20,20,49.25,5.0,115.0
671,1,319,20,49.25,5.0,115.0
671,1,321,20,49.25,5.0,115.0
671,1,349,20,49.25,5.0,115.0
671,1,3857,20,49.25,5.0,115.0
671,1,39,20,49.25,5.0,115.0
671,1,40,20,49.25,5.0,115.0
671,1,41,20,49.25,5.0,115.0
671,1,42,20,49.25,5.0,115.0
671,1,43,20,49.25,5.0,115.0
671,1,44,20,49.25,5.0,115.0
671,1,45,20,49.25,5.0,115.0
671,1,46,20,49.25,5.0,115.0
671,1,461,20,49.25,5.0,115.0
671,1,47,20,49.25,5.0,115.0
671,1,48,20,49.25,5.0,115.0
671,1,50,20,49.25,5.0,115.0
671,1,51,20,49.25,5.0,115.0
671,1,52,20,49.25,5.0,115.0
671,1,53,20,49.25,5.0,115.0
671,1,54,20,49.25,5.0,115.0
671,1,55,20,49.25,5.0,115.0
671,1,57,20,49.25,5.0,115.0
671,1,58,20,49.25,5.0,115.0
671,1,59,20,49.25,5.0,115.0
671,1,6,20,49.25,5.0,115.0
671,1,60,20,49.25,5.0,115.0
671,1,61,20,49.25,5.0,115.0
671,1,62,20,49.25,5.0,115.0
671,1,6296,20,49.25,5.0,115.0
671,1,6697,20,49.25,5.0,115.0
671,1,6698,20,49.25,5.0,115.0
671,1,6699,20,49.25,5.0,115.0
671,1,6700,20,49.25,5.0,115.0
671,1,6701,20,49.25,5.0,115.0
671,1,6702,20,49.25,5.0,115.0
671,1,6900,20,49.25,5.0,115.0
671,1,7,20,49.25,5.0,115.0
671,1,7587,20,49.25,5.0,115.0
671,1,91,20,49.25,5.0,115.0
671,1,92,20,49.25,5.0,115.0
671,1,93,20,49.25,5.0,115.0
671,1,94,20,49.25,5.0,115.0
671,1,95,20,49.25,5.0,115.0
671,1,96,20,49.25,5.0,115.0
671,1,97,20,49.25,5.0,115.0
671,1,98,20,49.25,5.0,115.0
671,1,99,20,49.25,5.0,115.0
726,0,129,19,49.74,5.0,100.0
726,0,130,19,49.74,5.0,100.0
726,0,131,19,49.74,5.0,100.0
726,0,22,19,49.74,5.0,100.0
726,0,23,19,49.74,5.0,100.0
726,0,24,19,49.74,5.0,100.0
726,0,248,19,49.74,5.0,100.0
726,0,25,19,49.74,5.0,100.0
726,0,26,19,49.74,5.0,100.0
726,0,27,19,49.74,5.0,100.0
726,0,274,19,49.74,5.0,100.0
726,0,28,19,49.74,5.0,100.0
726,0,29,19,49.74,5.0,100.0
726,0,30,19,49.74,5.0,100.0
726,0,31,19,49.74,5.0,100.0
726,0,32,19,49.74,5.0,100.0
726,0,327,19,49.74,5.0,100.0
726,0,33,19,49.74,5.0,100.0
726,0,3315,19,49.74,5.0,100.0
726,0,34,19,49.74,5.0,100.0
726,0,385,19,49.74,5.0,100.0
726,0,387,19,49.74,5.0,100.0
726,0,388,19,49.74,5.0,100.0
726,0,391,19,49.74,5.0,100.0
726,0,40,19,49.74,5.0,100.0
726,0,472,19,49.74,5.0,100.0
726,0,473,19,49.74,5.0,100.0
726,0,474,19,49.74,5.0,100.0
726,0,477,19,49.74,5.0,100.0
726,0,478,19,49.74,5.0,100.0
726,0,520,19,49.74,5.0,100.0
726,0,53,19,49.74,5.0,100.0
726,0,5805,19,49.74,5.0,100.0
726,0,5806,19,49.74,5.0,100.0
726,0,5807,19,49.74,5.0,100.0
726,0,5809,19,49.74,5.0,100.0
726,0,6290,19,49.74,5.0,100.0
726,0,6326,19,49.74,5.0,100.0
726,0,6327,19,49.74,5.0,100.0
726,0,6424,19,49.74,5.0,100.0
726,0,6427,19,49.74,5.0,100.0
726,0,6444,19,49.74,5.0,100.0
726,0,6445,19,49.74,5.0,100.0
726,0,6446,19,49.74,5.0,100.0
726,0,6447,19,49.74,5.0,100.0
726,0,6448,19,49.74,5.0,100.0
726,0,6449,19,49.74,5.0,100.0
726,0,6450,19,49.74,5.0,100.0
726,0,6473,19,49.74,5.0,100.0
726,0,6474,19,49.74,5.0,100.0
726,0,6475,19,49.74,5.0,100.0
726,0,6484,19,49.74,5.0,100.0
726,0,6657,19,49.74,5.0,100.0
726,0,6658,19,49.74,5.0,100.0
726,0,6659,19,49.74,5.0,100.0
726,0,6660,19,49.74,5.0,100.0
726,0,695,19,49.74,5.0,100.0
726,0,7050,19,49.74,5.0,100.0
726,0,777,19,49.74,5.0,100.0
726,0,788,19,49.74,5.0,100.0
726,0,789,19,49.74,5.0,100.0
726,0,790,19,49.74,5.0,100.0
726,0,791,19,49.74,5.0,100.0
726,0,792,19,49.74,5.0,100.0
726,0,793,19,49.74,5.0,100.0
726,0,794,19,49.74,5.0,100.0
523,1,5440,21,49.97,4.47,135.53
169,1,1204,20,50.0,10.0,105.0
169,1,1828,20,50.0,10.0,105.0
169,1,2008,20,50.0,10.0,105.0
169,1,2009,20,50.0,10.0,105.0
169,1,2017,20,50.0,10.0,105.0
169,1,2018,20,50.0,10.0,105.0
169,1,2019,20,50.0,10.0,105.0
169,1,2020,20,50.0,10.0,105.0
169,1,2021,20,50.0,10.0,105.0
169,1,2022,20,50.0,10.0,105.0
169,1,2023,20,50.0,10.0,105.0
169,1,2024,20,50.0,10.0,105.0
169,1,291,20,50.0,10.0,105.0
169,1,294,20,50.0,10.0,105.0
169,1,319,20,50.0,10.0,105.0
169,1,349,20,50.0,10.0,105.0
169,1,3857,20,50.0,10.0,105.0
169,1,460,20,50.0,10.0,105.0
169,1,461,20,50.0,10.0,105.0
318,1,3513,5,50.0,30.0,60.0
318,1,3514,5,50.0,30.0,60.0
318,1,3515,5,50.0,30.0,60.0
318,1,3516,5,50.0,30.0,60.0
318,1,3517,5,50.0,30.0,60.0
318,1,3518,5,50.0,30.0,60.0
318,1,3519,5,50.0,30.0,60.0
318,1,3520,5,50.0,30.0,60.0
318,1,3521,5,50.0,30.0,60.0
318,1,3522,5,50.0,30.0,60.0
318,1,419,5,50.0,30.0,60.0
727,1,1277,19,50.0,20.0,100.0
727,1,130,19,50.0,20.0,100.0
727,1,131,19,50.0,20.0,100.0
727,1,145,19,50.0,20.0,100.0
727,1,172,19,50.0,20.0,100.0
727,1,24,19,50.0,20.0,100.0
727,1,248,19,50.0,20.0,100.0
727,1,343,19,50.0,20.0,100.0
727,1,344,19,50.0,20.0,100.0
727,1,381,19,50.0,20.0,100.0
727,1,382,19,50.0,20.0,100.0
727,1,385,19,50.0,20.0,100.0
727,1,40,19,50.0,20.0,100.0
727,1,41,19,50.0,20.0,100.0
727,1,42,19,50.0,20.0,100.0
727,1,43,19,50.0,20.0,100.0
727,1,44,19,50.0,20.0,100.0
727,1,45,19,50.0,20.0,100.0
727,1,46,19,50.0,20.0,100.0
727,1,47,19,50.0,20.0,100.0
727,1,48,19,50.0,20.0,100.0
727,1,50,19,50.0,20.0,100.0
727,1,5033,19,50.0,20.0,100.0
727,1,504,19,50.0,20.0,100.0
727,1,505,19,50.0,20.0,100.0
727,1,506,19,50.0,20.0,100.0
727,1,507,19,50.0,20.0,100.0
727,1,508,19,50.0,20.0,100.0
727,1,51,19,50.0,20.0,100.0
727,1,52,19,50.0,20.0,100.0
727,1,521,19,50.0,20.0,100.0
727,1,5809,19,50.0,20.0,100.0
727,1,5810,19,50.0,20.0,100.0
727,1,5811,19,50.0,20.0,100.0
727,1,5812,19,50.0,20.0,100.0
727,1,6165,19,50.0,20.0,100.0
727,1,6289,19,50.0,20.0,100.0
727,1,6296,19,50.0,20.0,100.0
727,1,6299,19,50.0,20.0,100.0
727,1,6300,19,50.0,20.0,100.0
727,1,6424,19,50.0,20.0,100.0
727,1,6430,19,50.0,20.0,100.0
727,1,6432,19,50.0,20.0,100.0
727,1,6452,19,50.0,20.0,100.0
727,1,6453,19,50.0,20.0,100.0
727,1,6454,19,50.0,20.0,100.0
727,1,6455,19,50.0,20.0,100.0
727,1,6456,19,50.0,20.0,100.0
727,1,6474,19,50.0,20.0,100.0
727,1,6669,19,50.0,20.0,100.0
727,1,6671,19,50.0,20.0,100.0
727,1,6672,19,50.0,20.0,100.0
727,1,695,19,50.0,20.0,100.0
727,1,7051,19,50.0,20.0,100.0
727,1,7732,19,50.0,20.0,100.0
727,1,777,19,50.0,20.0,100.0
727,1,795,19,50.0,20.0,100.0
727,1,796,19,50.0,20.0,100.0
727,1,797,19,50.0,20.0,100.0
727,1,798,19,50.0,20.0,100.0
727,1,799,19,50.0,20.0,100.0
873,1,229,16,50.0,20.0,95.0
873,1,230,16,50.0,20.0,95.0
873,1,231,16,50.0,20.0,95.0
873,1,232,16,50.0,20.0,95.0
873,1,234,16,50.0,20.0,95.0
873,1,235,16,50.0,20.0,95.0
873,1,236,16,50.0,20.0,95.0
873,1,238,16,50.0,20.0,95.0
873,1,2550,16,50.0,20.0,95.0
873,1,327,16,50.0,20.0,95.0
873,1,377,16,50.0,20.0,95.0
873,1,387,16,50.0,20.0,95.0
873,1,388,16,50.0,20.0,95.0
873,1,391,16,50.0,20.0,95.0
873,1,392,16,50.0,20.0,95.0
873,1,393,16,50.0,20.0,95.0
873,1,394,16,50.0,20.0,95.0
873,1,395,16,50.0,20.0,95.0
873,1,396,16,50.0,20.0,95.0
873,1,5545,16,50.0,20.0,95.0
873,1,5565,16,50.0,20.0,95.0
873,1,5568,16,50.0,20.0,95.0
873,1,5569,16,50.0,20.0,95.0
873,1,5570,16,50.0,20.0,95.0
873,1,5574,16,50.0,20.0,95.0
873,1,5576,16,50.0,20.0,95.0
873,1,5577,16,50.0,20.0,95.0
873,1,624,16,50.0,20.0,95.0
873,1,625,16,50.0,20.0,95.0
873,1,626,16,50.0,20.0,95.0
873,1,627,16,50.0,20.0,95.0
873,1,671,16,50.0,20.0,95.0
873,1,673,16,50.0,20.0,95.0
873,1,674,16,50.0,20.0,95.0
873,1,7803,16,50.0,20.0,95.0
873,1,7815,16,50.0,20.0,95.0
873,1,7818,16,50.0,20.0,95.0
873,1,7837,16,50.0,20.0,95.0
873,1,7838,16,50.0,20.0,95.0
873,1,7839,16,50.0,20.0,95.0
873,1,7842,16,50.0,20.0,95.0
873,1,7844,16,50.0,20.0,95.0
873,1,7854,16,50.0,20.0,95.0
873,1,7864,16,50.0,20.0,95.0
873,1,7865,16,50.0,20.0,95.0
873,1,7866,16,50.0,20.0,95.0
873,1,7867,16,50.0,20.0,95.0
873,1,7868,16,50.0,20.0,95.0
873,1,7870,16,50.0,20.0,95.0
873,1,7871,16,50.0,20.0,95.0
873,1,788,16,50.0,20.0,95.0
873,1,789,16,50.0,20.0,95.0
873,1,7939,16,50.0,20.0,95.0
873,1,7941,16,50.0,20.0,95.0
873,1,7957,16,50.0,20.0,95.0
873,1,7959,16,50.0,20.0,95.0
873,1,7964,16,50.0,20.0,95.0
873,1,8062,16,50.0,20.0,95.0
168,0,102,20,50.25,25.0,100.0
168,0,103,20,50.25,25.0,100.0
168,0,105,20,50.25,25.0,100.0
168,0,106,20,50.25,25.0,100.0
168,0,1204,20,50.25,25.0,100.0
168,0,1777,20,50.25,25.0,100.0
168,0,1826,20,50.25,25.0,100.0
168,0,1828,20,50.25,25.0,100.0
168,0,2008,20,50.25,25.0,100.0
168,0,2009,20,50.25,25.0,100.0
168,0,2010,20,50.25,25.0,100.0
168,0,2011,20,50.25,25.0,100.0
168,0,2012,20,50.25,25.0,100.0
168,0,2013,20,50.25,25.0,100.0
168,0,2014,20,50.25,25.0,100.0
168,0,2015,20,50.25,25.0,100.0
168,0,2016,20,50.25,25.0,100.0
168,0,211,20,50.25,25.0,100.0
168,0,34,20,50.25,25.0,100.0
168,0,35,20,50.25,25.0,100.0
168,0,3855,20,50.25,25.0,100.0
168,0,6467,20,50.25,25.0,100.0
907,1,136,19,50.53,5.0,125.0
907,1,137,19,50.53,5.0,125.0
907,1,138,19,50.53,5.0,125.0
907,1,139,19,50.53,5.0,125.0
907,1,141,19,50.53,5.0,125.0
907,1,5420,19,50.53,5.0,125.0
907,1,5424,19,50.53,5.0,125.0
907,1,5425,19,50.53,5.0,125.0
907,1,5426,19,50.53,5.0,125.0
907,1,5427,19,50.53,5.0,125.0
907,1,5428,19,50.53,5.0,125.0
907,1,5429,19,50.53,5.0,125.0
907,1,5430,19,50.53,5.0,125.0
907,1,5431,19,50.53,5.0,125.0
907,1,5432,19,50.53,5.0,125.0
907,1,5433,19,50.53,5.0,125.0
907,1,5434,19,50.53,5.0,125.0
907,1,5435,19,50.53,5.0,125.0
907,1,5436,19,50.53,5.0,125.0
907,1,5437,19,50.53,5.0,125.0
907,1,5438,19,50.53,5.0,125.0
907,1,5439,19,50.53,5.0,125.0
907,1,5440,19,50.53,5.0,125.0
907,1,5441,19,50.53,5.0,125.0
907,1,5505,19,50.53,5.0,125.0
907,1,5506,19,50.53,5.0,125.0
907,1,5507,19,50.53,5.0,125.0
907,1,5508,19,50.53,5.0,125.0
907,1,5509,19,50.53,5.0,125.0
907,1,5510,19,50.53,5.0,125.0
907,1,5511,19,50.53,5.0,125.0
907,1,5512,19,50.53,5.0,125.0
907,1,5513,19,50.53,5.0,125.0
907,1,5514,19,50.53,5.0,125.0
907,1,5515,19,50.53,5.0,125.0
907,1,5517,19,50.53,5.0,125.0
907,1,5518,19,50.53,5.0,125.0
907,1,5519,19,50.53,5.0,125.0
907,1,5520,19,50.53,5.0,125.0
907,1,5521,19,50.53,5.0,125.0
907,1,5522,19,50.53,5.0,125.0
907,1,5523,19,50.53,5.0,125.0
907,1,5524,19,50.53,5.0,125.0
907,1,5622,19,50.53,5.0,125.0
907,1,8078,19,50.53,5.0,125.0
907,1,8079,19,50.53,5.0,125.0
907,1,8080,19,50.53,5.0,125.0
907,1,8081,19,50.53,5.0,125.0
907,1,8082,19,50.53,5.0,125.0
907,1,8083,19,50.53,5.0,125.0
907,1,8084,19,50.53,5.0,125.0
907,1,8085,19,50.53,5.0,125.0
907,1,8086,19,50.53,5.0,125.0
907,1,8087,19,50.53,5.0,125.0
907,1,8088,19,50.53,5.0,125.0
404,0,129,20,51.5,13.0,80.0
404,0,130,20,51.5,13.0,80.0
404,0,134,20,51.5,13.0,80.0
404,0,135,20,51.5,13.0,80.0
404,0,136,20,51.5,13.0,80.0
404,0,3315,20,51.5,13.0,80.0
404,0,4055,20,51.5,13.0,80.0
404,0,4056,20,51.5,13.0,80.0
404,0,4057,20,51.5,13.0,80.0
404,0,4065,20,51.5,13.0,80.0
404,0,4438,20,51.5,13.0,80.0
404,0,4440,20,51.5,13.0,80.0
404,0,4442,20,51.5,13.0,80.0
404,0,4443,20,51.5,13.0,80.0
404,0,4444,20,51.5,13.0,80.0
404,0,4446,20,51.5,13.0,80.0
404,0,4447,20,51.5,13.0,80.0
404,0,4448,20,51.5,13.0,80.0
404,0,4449,20,51.5,13.0,80.0
404,0,4450,20,51.5,13.0,80.0
404,0,4451,20,51.5,13.0,80.0
404,0,4452,20,51.5,13.0,80.0
404,0,4453,20,51.5,13.0,80.0
404,0,4454,20,51.5,13.0,80.0
404,0,4455,20,51.5,13.0,80.0
404,0,4456,20,51.5,13.0,80.0
404,0,4457,20,51.5,13.0,80.0
404,0,5271,20,51.5,13.0,80.0
404,0,6359,20,51.5,13.0,80.0
404,0,6361,20,51.5,13.0,80.0
866,0,129,19,51.58,40.0,85.0
866,0,145,19,51.58,40.0,85.0
866,0,186,19,51.58,40.0,85.0
866,0,187,19,51.58,40.0,85.0
866,0,188,19,51.58,40.0,85.0
866,0,189,19,51.58,40.0,85.0
866,0,190,19,51.58,40.0,85.0
866,0,191,19,51.58,40.0,85.0
866,0,192,19,51.58,40.0,85.0
866,0,194,19,51.58,40.0,85.0
866,0,238,19,51.58,40.0,85.0
866,0,2517,19,51.58,40.0,85.0
866,0,2550,19,51.58,40.0,85.0
866,0,3295,19,51.58,40.0,85.0
866,0,3304,19,51.58,40.0,85.0
866,0,3315,19,51.58,40.0,85.0
866,0,343,19,51.58,40.0,85.0
866,0,344,19,51.58,40.0,85.0
866,0,376,19,51.58,40.0,85.0
866,0,377,19,51.58,40.0,85.0
866,0,378,19,51.58,40.0,85.0
866,0,379,19,51.58,40.0,85.0
866,0,380,19,51.58,40.0,85.0
866,0,381,19,51.58,40.0,85.0
866,0,382,19,51.58,40.0,85.0
866,0,5033,19,51.58,40.0,85.0
866,0,5541,19,51.58,40.0,85.0
866,0,5542,19,51.58,40.0,85.0
866,0,5543,19,51.58,40.0,85.0
866,0,5546,19,51.58,40.0,85.0
866,0,5547,19,51.58,40.0,85.0
866,0,5548,19,51.58,40.0,85.0
866,0,5549,19,51.58,40.0,85.0
866,0,5550,19,51.58,40.0,85.0
866,0,5552,19,51.58,40.0,85.0
866,0,5553,19,51.58,40.0,85.0
866,0,5565,19,51.58,40.0,85.0
866,0,5574,19,51.58,40.0,85.0
866,0,621,19,51.58,40.0,85.0
866,0,622,19,51.58,40.0,85.0
866,0,623,19,51.58,40.0,85.0
866,0,636,19,51.58,40.0,85.0
866,0,665,19,51.58,40.0,85.0
866,0,668,19,51.58,40.0,85.0
866,0,7812,19,51.58,40.0,85.0
866,0,7813,19,51.58,40.0,85.0
866,0,7815,19,51.58,40.0,85.0
866,0,7817,19,51.58,40.0,85.0
866,0,7818,19,51.58,40.0,85.0
866,0,7824,19,51.58,40.0,85.0
866,0,7851,19,51.58,40.0,85.0
866,0,7854,19,51.58,40.0,85.0
866,0,7856,19,51.58,40.0,85.0
866,0,7866,19,51.58,40.0,85.0
866,0,7868,19,51.58,40.0,85.0
866,0,7870,19,51.58,40.0,85.0
866,0,7871,19,51.58,40.0,85.0
866,0,7872,19,51.58,40.0,85.0
866,0,7874,19,51.58,40.0,85.0
866,0,7876,19,51.58,40.0,85.0
432,0,4589,11,52.2,4.18,135.82
760,0,2104,20,52.25,10.0,240.0
760,0,2116,20,52.25,10.0,240.0
760,0,2142,20,52.25,10.0,240.0
760,0,2143,20,52.25,10.0,240.0
760,0,2144,20,52.25,10.0,240.0
760,0,2145,20,52.25,10.0,240.0
760,0,2146,20,52.25,10.0,240.0
760,0,2147,20,52.25,10.0,240.0
760,0,2148,20,52.25,10.0,240.0
760,0,2149,20,52.25,10.0,240.0
760,0,22,20,52.25,10.0,240.0
760,0,23,20,52.25,10.0,240.0
760,0,248,20,52.25,10.0,240.0
760,0,469,20,52.25,10.0,240.0
760,0,470,20,52.25,10.0,240.0
760,0,471,20,52.25,10.0,240.0
760,0,472,20,52.25,10.0,240.0
760,0,473,20,52.25,10.0,240.0
760,0,474,20,52.25,10.0,240.0
760,0,477,20,52.25,10.0,240.0
760,0,478,20,52.25,10.0,240.0
760,0,479,20,52.25,10.0,240.0
760,0,480,20,52.25,10.0,240.0
760,0,481,20,52.25,10.0,240.0
760,0,482,20,52.25,10.0,240.0
760,0,483,20,52.25,10.0,240.0
760,0,484,20,52.25,10.0,240.0
760,0,5024,20,52.25,10.0,240.0
760,0,5025,20,52.25,10.0,240.0
760,0,5026,20,52.25,10.0,240.0
760,0,5027,20,52.25,10.0,240.0
760,0,5028,20,52.25,10.0,240.0
760,0,5029,20,52.25,10.0,240.0
760,0,5030,20,52.25,10.0,240.0
760,0,5031,20,52.25,10.0,240.0
760,0,5032,20,52.25,10.0,240.0
760,0,520,20,52.25,10.0,240.0
760,0,529,20,52.25,10.0,240.0
760,0,530,20,52.25,10.0,240.0
760,0,531,20,52.25,10.0,240.0
760,0,532,20,52.25,10.0,240.0
760,0,533,20,52.25,10.0,240.0
760,0,535,20,52.25,10.0,240.0
760,0,536,20,52.25,10.0,240.0
760,0,537,20,52.25,10.0,240.0
760,0,538,20,52.25,10.0,240.0
760,0,539,20,52.25,10.0,240.0
760,0,540,20,52.25,10.0,240.0
760,0,541,20,52.25,10.0,240.0
760,0,546,20,52.25,10.0,240.0
760,0,547,20,52.25,10.0,240.0
760,0,548,20,52.25,10.0,240.0
760,0,549,20,52.25,10.0,240.0
760,0,550,20,52.25,10.0,240.0
760,0,551,20,52.25,10.0,240.0
760,0,552,20,52.25,10.0,240.0
760,0,553,20,52.25,10.0,240.0
760,0,554,20,52.25,10.0,240.0
760,0,555,20,52.25,10.0,240.0
760,0,578,20,52.25,10.0,240.0
760,0,6542,20,52.25,10.0,240.0
760,0,698,20,52.25,10.0,240.0
760,0,699,20,52.25,10.0,240.0
760,0,700,20,52.25,10.0,240.0
760,0,701,20,52.25,10.0,240.0
760,0,702,20,52.25,10.0,240.0
760,0,703,20,52.25,10.0,240.0
760,0,704,20,52.25,10.0,240.0
760,0,7220,20,52.25,10.0,240.0
760,0,761,20,52.25,10.0,240.0
760,0,762,20,52.25,10.0,240.0
760,0,763,20,52.25,10.0,240.0
760,0,764,20,52.25,10.0,240.0
760,0,765,20,52.25,10.0,240.0
760,0,777,20,52.25,10.0,240.0
760,0,862,20,52.25,10.0,240.0
760,0,865,20,52.25,10.0,240.0
760,0,888,20,52.25,10.0,240.0
760,0,932,20,52.25,10.0,240.0
760,0,934,20,52.25,10.0,240.0
760,0,935,20,52.25,10.0,240.0
760,0,936,20,52.25,10.0,240.0
760,0,937,20,52.25,10.0,240.0
760,0,938,20,52.25,10.0,240.0
670,0,10,19,52.63,20.0,105.0
670,0,102,19,52.63,20.0,105.0
670,0,103,19,52.63,20.0,105.0
670,0,105,19,52.63,20.0,105.0
670,0,106,19,52.63,20.0,105.0
670,0,106675,19,52.63,20.0,105.0
670,0,106676,19,52.63,20.0,105.0
670,0,106677,19,52.63,20.0,105.0
670,0,106678,19,52.63,20.0,105.0
670,0,106679,19,52.63,20.0,105.0
670,0,1068,19,52.63,20.0,105.0
670,0,107,19,52.63,20.0,105.0
670,0,1071,19,52.63,20.0,105.0
670,0,11,19,52.63,20.0,105.0
670,0,1150,19,52.63,20.0,105.0
670,0,1192,19,52.63,20.0,105.0
670,0,1197,19,52.63,20.0,105.0
670,0,12,19,52.63,20.0,105.0
670,0,1204,19,52.63,20.0,105.0
670,0,13,19,52.63,20.0,105.0
670,0,14,19,52.63,20.0,105.0
670,0,15,19,52.63,20.0,105.0
670,0,16,19,52.63,20.0,105.0
670,0,17,19,52.63,20.0,105.0
670,0,19,19,52.63,20.0,105.0
670,0,20,19,52.63,20.0,105.0
670,0,22,19,52.63,20.0,105.0
670,0,23,19,52.63,20.0,105.0
670,0,24,19,52.63,20.0,105.0
670,0,26,19,52.63,20.0,105.0
670,0,27,19,52.63,20.0,105.0
670,0,28,19,52.63,20.0,105.0
670,0,29,19,52.63,20.0,105.0
670,0,30,19,52.63,20.0,105.0
670,0,31,19,52.63,20.0,105.0
670,0,32,19,52.63,20.0,105.0
670,0,33,19,52.63,20.0,105.0
670,0,34,19,52.63,20.0,105.0
670,0,35,19,52.63,20.0,105.0
670,0,3855,19,52.63,20.0,105.0
670,0,53,19,52.63,20.0,105.0
670,0,6467,19,52.63,20.0,105.0
670,0,6688,19,52.63,20.0,105.0
670,0,6689,19,52.63,20.0,105.0
670,0,6690,19,52.63,20.0,105.0
670,0,6691,19,52.63,20.0,105.0
670,0,6692,19,52.63,20.0,105.0
670,0,6693,19,52.63,20.0,105.0
670,0,6695,19,52.63,20.0,105.0
670,0,68,19,52.63,20.0,105.0
670,0,69,19,52.63,20.0,105.0
670,0,6917,19,52.63,20.0,105.0
670,0,70,19,52.63,20.0,105.0
670,0,72,19,52.63,20.0,105.0
670,0,73,19,52.63,20.0,105.0
670,0,75,19,52.63,20.0,105.0
670,0,76,19,52.63,20.0,105.0
670,0,77,19,52.63,20.0,105.0
670,0,78,19,52.63,20.0,105.0
670,0,79,19,52.63,20.0,105.0
670,0,8,19,52.63,20.0,105.0
670,0,9,19,52.63,20.0,105.0
150,0,1789,15,52.73,1.0,144.0
944,1,285,15,52.81,2.2,412.8
174,0,106482,25,53.8,10.0,345.0
174,0,106483,25,53.8,10.0,345.0
174,0,106808,25,53.8,10.0,345.0
174,0,106815,25,53.8,10.0,345.0
174,0,106816,25,53.8,10.0,345.0
174,0,1321,25,53.8,10.0,345.0
174,0,1322,25,53.8,10.0,345.0
174,0,1639,25,53.8,10.0,345.0
174,0,1640,25,53.8,10.0,345.0
174,0,1641,25,53.8,10.0,345.0
174,0,1685,25,53.8,10.0,345.0
174,0,2104,25,53.8,10.0,345.0
174,0,2105,25,53.8,10.0,345.0
174,0,2106,25,53.8,10.0,345.0
174,0,2107,25,53.8,10.0,345.0
174,0,2109,25,53.8,10.0,345.0
174,0,2110,25,53.8,10.0,345.0
174,0,2116,25,53.8,10.0,345.0
174,0,2229,25,53.8,10.0,345.0
174,0,2303,25,53.8,10.0,345.0
174,0,248,25,53.8,10.0,345.0
174,0,249,25,53.8,10.0,345.0
174,0,250,25,53.8,10.0,345.0
174,0,251,25,53.8,10.0,345.0
174,0,252,25,53.8,10.0,345.0
174,0,254,25,53.8,10.0,345.0
174,0,255,25,53.8,10.0,345.0
174,0,256,25,53.8,10.0,345.0
174,0,257,25,53.8,10.0,345.0
174,0,310,25,53.8,10.0,345.0
174,0,319,25,53.8,10.0,345.0
174,0,409,25,53.8,10.0,345.0
174,0,410,25,53.8,10.0,345.0
174,0,411,25,53.8,10.0,345.0
174,0,412,25,53.8,10.0,345.0
174,0,413,25,53.8,10.0,345.0
174,0,418,25,53.8,10.0,345.0
174,0,422,25,53.8,10.0,345.0
174,0,423,25,53.8,10.0,345.0
174,0,426,25,53.8,10.0,345.0
174,0,427,25,53.8,10.0,345.0
174,0,428,25,53.8,10.0,345.0
174,0,431,25,53.8,10.0,345.0
174,0,432,25,53.8,10.0,345.0
174,0,436,25,53.8,10.0,345.0
174,0,437,25,53.8,10.0,345.0
174,0,4387,25,53.8,10.0,345.0
174,0,454,25,53.8,10.0,345.0
174,0,461,25,53.8,10.0,345.0
174,0,6478,25,53.8,10.0,345.0
174,0,6974,25,53.8,10.0,345.0
174,0,6975,25,53.8,10.0,345.0
174,0,725,25,53.8,10.0,345.0
174,0,777,25,53.8,10.0,345.0
174,0,780,25,53.8,10.0,345.0
174,0,781,25,53.8,10.0,345.0
174,0,782,25,53.8,10.0,345.0
174,0,783,25,53.8,10.0,345.0
174,0,784,25,53.8,10.0,345.0
174,0,806,25,53.8,10.0,345.0
174,0,862,25,53.8,10.0,345.0
174,0,865,25,53.8,10.0,345.0
174,0,934,25,53.8,10.0,345.0
174,0,935,25,53.8,10.0,345.0
174,0,936,25,53.8,10.0,345.0
78,0,1026,17,53.82,20.0,135.0
78,0,1030,17,53.82,20.0,135.0
78,0,1031,17,53.82,20.0,135.0
78,0,1032,17,53.82,20.0,135.0
78,0,1033,17,53.82,20.0,135.0
78,0,1034,17,53.82,20.0,135.0
78,0,1035,17,53.82,20.0,135.0
78,0,264,17,53.82,20.0,135.0
78,0,35,17,53.82,20.0,135.0
78,0,3855,17,53.82,20.0,135.0
78,0,5899,17,53.82,20.0,135.0
78,0,5900,17,53.82,20.0,135.0
78,0,5901,17,53.82,20.0,135.0
78,0,6316,17,53.82,20.0,135.0
78,0,6467,17,53.82,20.0,135.0
78,0,728,17,53.82,20.0,135.0
78,0,729,17,53.82,20.0,135.0
78,0,730,17,53.82,20.0,135.0
78,0,731,17,53.82,20.0,135.0
78,0,732,17,53.82,20.0,135.0
78,0,939,17,53.82,20.0,135.0
78,0,940,17,53.82,20.0,135.0
78,0,941,17,53.82,20.0,135.0
78,0,942,17,53.82,20.0,135.0
78,0,943,17,53.82,20.0,135.0
78,0,944,17,53.82,20.0,135.0
78,0,945,17,53.82,20.0,135.0
78,0,946,17,53.82,20.0,135.0
78,0,947,17,53.82,20.0,135.0
78,0,948,17,53.82,20.0,135.0
78,0,949,17,53.82,20.0,135.0
78,0,972,17,53.82,20.0,135.0
78,0,973,17,53.82,20.0,135.0
78,0,993,17,53.82,20.0,135.0
405,1,1276,19,54.47,30.0,80.0
405,1,134,19,54.47,30.0,80.0
405,1,135,19,54.47,30.0,80.0
405,1,143,19,54.47,30.0,80.0
405,1,3315,19,54.47,30.0,80.0
405,1,4056,19,54.47,30.0,80.0
405,1,4057,19,54.47,30.0,80.0
405,1,4065,19,54.47,30.0,80.0
405,1,4066,19,54.47,30.0,80.0
405,1,4438,19,54.47,30.0,80.0
405,1,4442,19,54.47,30.0,80.0
405,1,4448,19,54.47,30.0,80.0
405,1,4453,19,54.47,30.0,80.0
405,1,4458,19,54.47,30.0,80.0
405,1,4459,19,54.47,30.0,80.0
405,1,4460,19,54.47,30.0,80.0
405,1,4461,19,54.47,30.0,80.0
405,1,4462,19,54.47,30.0,80.0
405,1,4463,19,54.47,30.0,80.0
405,1,4464,19,54.47,30.0,80.0
405,1,4465,19,54.47,30.0,80.0
405,1,4466,19,54.47,30.0,80.0
405,1,4467,19,54.47,30.0,80.0
405,1,4469,19,54.47,30.0,80.0
405,1,4470,19,54.47,30.0,80.0
405,1,4471,19,54.47,30.0,80.0
405,1,4472,19,54.47,30.0,80.0
405,1,4473,19,54.47,30.0,80.0
405,1,5271,19,54.47,30.0,80.0
380,0,10,15,54.67,5.0,200.0
380,0,102,15,54.67,5.0,200.0
380,0,103,15,54.67,5.0,200.0
380,0,105,15,54.67,5.0,200.0
380,0,1071,15,54.67,5.0,200.0
380,0,1078,15,54.67,5.0,200.0
380,0,1079,15,54.67,5.0,200.0
380,0,11,15,54.67,5.0,200.0
380,0,12,15,54.67,5.0,200.0
380,0,1204,15,54.67,5.0,200.0
380,0,1639,15,54.67,5.0,200.0
380,0,1640,15,54.67,5.0,200.0
380,0,1641,15,54.67,5.0,200.0
380,0,30,15,54.67,5.0,200.0
380,0,31,15,54.67,5.0,200.0
380,0,32,15,54.67,5.0,200.0
380,0,320,15,54.67,5.0,200.0
380,0,321,15,54.67,5.0,200.0
380,0,33,15,54.67,5.0,200.0
380,0,34,15,54.67,5.0,200.0
380,0,35,15,54.67,5.0,200.0
380,0,3855,15,54.67,5.0,200.0
380,0,409,15,54.67,5.0,200.0
380,0,410,15,54.67,5.0,200.0
380,0,411,15,54.67,5.0,200.0
380,0,412,15,54.67,5.0,200.0
380,0,413,15,54.67,5.0,200.0
380,0,414,15,54.67,5.0,200.0
380,0,415,15,54.67,5.0,200.0
380,0,416,15,54.67,5.0,200.0
380,0,418,15,54.67,5.0,200.0
380,0,419,15,54.67,5.0,200.0
380,0,420,15,54.67,5.0,200.0
380,0,421,15,54.67,5.0,200.0
380,0,422,15,54.67,5.0,200.0
380,0,423,15,54.67,5.0,200.0
380,0,424,15,54.67,5.0,200.0
380,0,426,15,54.67,5.0,200.0
380,0,427,15,54.67,5.0,200.0
380,0,454,15,54.67,5.0,200.0
380,0,484,15,54.67,5.0,200.0
380,0,485,15,54.67,5.0,200.0
380,0,486,15,54.67,5.0,200.0
380,0,487,15,54.67,5.0,200.0
380,0,488,15,54.67,5.0,200.0
380,0,489,15,54.67,5.0,200.0
380,0,492,15,54.67,5.0,200.0
380,0,542,15,54.67,5.0,200.0
380,0,543,15,54.67,5.0,200.0
380,0,544,15,54.67,5.0,200.0
380,0,545,15,54.67,5.0,200.0
380,0,546,15,54.67,5.0,200.0
380,0,547,15,54.67,5.0,200.0
380,0,548,15,54.67,5.0,200.0
380,0,549,15,54.67,5.0,200.0
380,0,550,15,54.67,5.0,200.0
380,0,551,15,54.67,5.0,200.0
380,0,552,15,54.67,5.0,200.0
380,0,553,15,54.67,5.0,200.0
380,0,554,15,54.67,5.0,200.0
380,0,555,15,54.67,5.0,200.0
380,0,6467,15,54.67,5.0,200.0
380,0,68,15,54.67,5.0,200.0
380,0,69,15,54.67,5.0,200.0
380,0,70,15,54.67,5.0,200.0
380,0,71,15,54.67,5.0,200.0
380,0,72,15,54.67,5.0,200.0
380,0,73,15,54.67,5.0,200.0
380,0,75,15,54.67,5.0,200.0
380,0,76,15,54.67,5.0,200.0
380,0,77,15,54.67,5.0,200.0
380,0,78,15,54.67,5.0,200.0
380,0,79,15,54.67,5.0,200.0
380,0,8,15,54.67,5.0,200.0
380,0,80,15,54.67,5.0,200.0
380,0,82,15,54.67,5.0,200.0
380,0,84,15,54.67,5.0,200.0
380,0,9,15,54.67,5.0,200.0
906,0,136,19,55.26,10.0,95.0
906,0,137,19,55.26,10.0,95.0
906,0,138,19,55.26,10.0,95.0
906,0,139,19,55.26,10.0,95.0
906,0,140,19,55.26,10.0,95.0
906,0,5406,19,55.26,10.0,95.0
906,0,5407,19,55.26,10.0,95.0
906,0,5408,19,55.26,10.0,95.0
906,0,5409,19,55.26,10.0,95.0
906,0,5410,19,55.26,10.0,95.0
906,0,5411,19,55.26,10.0,95.0
906,0,5412,19,55.26,10.0,95.0
906,0,5413,19,55.26,10.0,95.0
906,0,5414,19,55.26,10.0,95.0
906,0,5415,19,55.26,10.0,95.0
906,0,5416,19,55.26,10.0,95.0
906,0,5417,19,55.26,10.0,95.0
906,0,5418,19,55.26,10.0,95.0
906,0,5419,19,55.26,10.0,95.0
906,0,5420,19,55.26,10.0,95.0
906,0,5421,19,55.26,10.0,95.0
906,0,5422,19,55.26,10.0,95.0
906,0,5423,19,55.26,10.0,95.0
906,0,5424,19,55.26,10.0,95.0
906,0,5484,19,55.26,10.0,95.0
906,0,5485,19,55.26,10.0,95.0
906,0,5486,19,55.26,10.0,95.0
906,0,5487,19,55.26,10.0,95.0
906,0,5488,19,55.26,10.0,95.0
906,0,5489,19,55.26,10.0,95.0
906,0,5490,19,55.26,10.0,95.0
906,0,5491,19,55.26,10.0,95.0
906,0,5493,19,55.26,10.0,95.0
906,0,5494,19,55.26,10.0,95.0
906,0,5495,19,55.26,10.0,95.0
906,0,5496,19,55.26,10.0,95.0
906,0,5497,19,55.26,10.0,95.0
906,0,5498,19,55.26,10.0,95.0
906,0,5499,19,55.26,10.0,95.0
906,0,5500,19,55.26,10.0,95.0
906,0,5501,19,55.26,10.0,95.0
906,0,5502,19,55.26,10.0,95.0
906,0,5503,19,55.26,10.0,95.0
906,0,5621,19,55.26,10.0,95.0
906,0,8067,19,55.26,10.0,95.0
906,0,8068,19,55.26,10.0,95.0
906,0,8069,19,55.26,10.0,95.0
906,0,8070,19,55.26,10.0,95.0
906,0,8071,19,55.26,10.0,95.0
906,0,8072,19,55.26,10.0,95.0
906,0,8073,19,55.26,10.0,95.0
906,0,8074,19,55.26,10.0,95.0
906,0,8075,19,55.26,10.0,95.0
906,0,8076,19,55.26,10.0,95.0
906,0,8077,19,55.26,10.0,95.0
55,0,106603,16,55.31,5.0,255.0
55,0,126,16,55.31,5.0,255.0
55,0,145,16,55.31,5.0,255.0
55,0,187,16,55.31,5.0,255.0
55,0,188,16,55.31,5.0,255.0
55,0,189,16,55.31,5.0,255.0
55,0,190,16,55.31,5.0,255.0
55,0,191,16,55.31,5.0,255.0
55,0,192,16,55.31,5.0,255.0
55,0,194,16,55.31,5.0,255.0
55,0,3304,16,55.31,5.0,255.0
55,0,3320,16,55.31,5.0,255.0
55,0,378,16,55.31,5.0,255.0
55,0,379,16,55.31,5.0,255.0
55,0,380,16,55.31,5.0,255.0
55,0,392,16,55.31,5.0,255.0
55,0,621,16,55.31,5.0,255.0
55,0,622,16,55.31,5.0,255.0
55,0,623,16,55.31,5.0,255.0
55,0,654,16,55.31,5.0,255.0
55,0,655,16,55.31,5.0,255.0
55,0,8061,16,55.31,5.0,255.0
699,1,100,15,55.33,30.0,230.0
699,1,101,15,55.33,30.0,230.0
699,1,15,15,55.33,30.0,230.0
699,1,2115,15,55.33,30.0,230.0
699,1,57,15,55.33,30.0,230.0
699,1,58,15,55.33,30.0,230.0
699,1,59,15,55.33,30.0,230.0
699,1,6,15,55.33,30.0,230.0
699,1,60,15,55.33,30.0,230.0
699,1,61,15,55.33,30.0,230.0
699,1,62,15,55.33,30.0,230.0
699,1,6424,15,55.33,30.0,230.0
699,1,6471,15,55.33,30.0,230.0
699,1,6474,15,55.33,30.0,230.0
699,1,6476,15,55.33,30.0,230.0
699,1,6477,15,55.33,30.0,230.0
699,1,6478,15,55.33,30.0,230.0
699,1,6479,15,55.33,30.0,230.0
699,1,6480,15,55.33,30.0,230.0
699,1,6481,15,55.33,30.0,230.0
699,1,6920,15,55.33,30.0,230.0
699,1,6922,15,55.33,30.0,230.0
699,1,7,15,55.33,30.0,230.0
699,1,7088,15,55.33,30.0,230.0
699,1,7587,15,55.33,30.0,230.0
699,1,863,15,55.33,30.0,230.0
699,1,887,15,55.33,30.0,230.0
699,1,889,15,55.33,30.0,230.0
699,1,91,15,55.33,30.0,230.0
699,1,92,15,55.33,30.0,230.0
699,1,93,15,55.33,30.0,230.0
699,1,937,15,55.33,30.0,230.0
699,1,938,15,55.33,30.0,230.0
699,1,94,15,55.33,30.0,230.0
699,1,95,15,55.33,30.0,230.0
699,1,96,15,55.33,30.0,230.0
699,1,960,15,55.33,30.0,230.0
699,1,961,15,55.33,30.0,230.0
699,1,962,15,55.33,30.0,230.0
699,1,97,15,55.33,30.0,230.0
699,1,98,15,55.33,30.0,230.0
699,1,99,15,55.33,30.0,230.0
225,0,103,15,55.67,35.0,125.0
225,0,105,15,55.67,35.0,125.0
225,0,106816,15,55.67,35.0,125.0
225,0,106820,15,55.67,35.0,125.0
225,0,1204,15,55.67,35.0,125.0
225,0,1321,15,55.67,35.0,125.0
225,0,1322,15,55.67,35.0,125.0
225,0,2361,15,55.67,35.0,125.0
225,0,2362,15,55.67,35.0,125.0
225,0,2521,15,55.67,35.0,125.0
225,0,2522,15,55.67,35.0,125.0
225,0,2523,15,55.67,35.0,125.0
225,0,2524,15,55.67,35.0,125.0
225,0,2525,15,55.67,35.0,125.0
225,0,2526,15,55.67,35.0,125.0
225,0,2527,15,55.67,35.0,125.0
225,0,2528,15,55.67,35.0,125.0
225,0,2529,15,55.67,35.0,125.0
225,0,2530,15,55.67,35.0,125.0
225,0,2531,15,55.67,35.0,125.0
225,0,2532,15,55.67,35.0,125.0
225,0,2533,15,55.67,35.0,125.0
225,0,2534,15,55.67,35.0,125.0
225,0,2535,15,55.67,35.0,125.0
225,0,2536,15,55.67,35.0,125.0
225,0,2537,15,55.67,35.0,125.0
225,0,2538,15,55.67,35.0,125.0
225,0,2539,15,55.67,35.0,125.0
225,0,2540,15,55.67,35.0,125.0
225,0,2541,15,55.67,35.0,125.0
225,0,2542,15,55.67,35.0,125.0
225,0,2543,15,55.67,35.0,125.0
225,0,2544,15,55.67,35.0,125.0
225,0,2545,15,55.67,35.0,125.0
225,0,2546,15,55.67,35.0,125.0
225,0,2547,15,55.67,35.0,125.0
225,0,2549,15,55.67,35.0,125.0
225,0,2550,15,55.67,35.0,125.0
225,0,319,15,55.67,35.0,125.0
225,0,320,15,55.67,35.0,125.0
225,0,321,15,55.67,35.0,125.0
422,0,4568,15,55.67,40.0,210.0
422,0,4569,15,55.67,40.0,210.0
422,0,4570,15,55.67,40.0,210.0
422,0,4571,15,55.67,40.0,210.0
422,0,4572,15,55.67,40.0,210.0
422,0,4573,15,55.67,40.0,210.0
422,0,4574,15,55.67,40.0,210.0
422,0,4575,15,55.67,40.0,210.0
423,1,1450,15,55.67,40.0,215.0
423,1,4570,15,55.67,40.0,215.0
423,1,4571,15,55.67,40.0,215.0
423,1,4572,15,55.67,40.0,215.0
423,1,4573,15,55.67,40.0,215.0
423,1,4574,15,55.67,40.0,215.0
423,1,4575,15,55.67,40.0,215.0
423,1,4576,15,55.67,40.0,215.0
698,0,10,15,55.67,15.0,190.0
698,0,1071,15,55.67,15.0,190.0
698,0,11,15,55.67,15.0,190.0
698,0,12,15,55.67,15.0,190.0
698,0,13,15,55.67,15.0,190.0
698,0,14,15,55.67,15.0,190.0
698,0,15,15,55.67,15.0,190.0
698,0,2104,15,55.67,15.0,190.0
698,0,6424,15,55.67,15.0,190.0
698,0,6471,15,55.67,15.0,190.0
698,0,6472,15,55.67,15.0,190.0
698,0,6473,15,55.67,15.0,190.0
698,0,6474,15,55.67,15.0,190.0
698,0,6475,15,55.67,15.0,190.0
698,0,6476,15,55.67,15.0,190.0
698,0,6477,15,55.67,15.0,190.0
698,0,68,15,55.67,15.0,190.0
698,0,69,15,55.67,15.0,190.0
698,0,6920,15,55.67,15.0,190.0
698,0,6921,15,55.67,15.0,190.0
698,0,70,15,55.67,15.0,190.0
698,0,71,15,55.67,15.0,190.0
698,0,72,15,55.67,15.0,190.0
698,0,73,15,55.67,15.0,190.0
698,0,75,15,55.67,15.0,190.0
698,0,76,15,55.67,15.0,190.0
698,0,77,15,55.67,15.0,190.0
698,0,78,15,55.67,15.0,190.0
698,0,79,15,55.67,15.0,190.0
698,0,8,15,55.67,15.0,190.0
698,0,862,15,55.67,15.0,190.0
698,0,865,15,55.67,15.0,190.0
698,0,888,15,55.67,15.0,190.0
698,0,9,15,55.67,15.0,190.0
698,0,931,15,55.67,15.0,190.0
698,0,932,15,55.67,15.0,190.0
698,0,934,15,55.67,15.0,190.0
698,0,935,15,55.67,15.0,190.0
698,0,936,15,55.67,15.0,190.0
698,0,937,15,55.67,15.0,190.0
698,0,938,15,55.67,15.0,190.0
521,0,5406,15,56.23,3.4,136.6
234,0,1566,11,56.82,20.0,250.0
234,0,2052,11,56.82,20.0,250.0
234,0,2053,11,56.82,20.0,250.0
234,0,2054,11,56.82,20.0,250.0
234,0,2055,11,56.82,20.0,250.0
234,0,2056,11,56.82,20.0,250.0
234,0,2057,11,56.82,20.0,250.0
234,0,2058,11,56.82,20.0,250.0
234,0,2059,11,56.82,20.0,250.0
234,0,2060,11,56.82,20.0,250.0
234,0,2061,11,56.82,20.0,250.0
234,0,2063,11,56.82,20.0,250.0
234,0,2386,11,56.82,20.0,250.0
234,0,2432,11,56.82,20.0,250.0
234,0,2433,11,56.82,20.0,250.0
234,0,2434,11,56.82,20.0,250.0
234,0,2435,11,56.82,20.0,250.0
234,0,2436,11,56.82,20.0,250.0
234,0,2437,11,56.82,20.0,250.0
234,0,2438,11,56.82,20.0,250.0
234,0,2439,11,56.82,20.0,250.0
234,0,2440,11,56.82,20.0,250.0
234,0,2441,11,56.82,20.0,250.0
234,0,2442,11,56.82,20.0,250.0
234,0,2443,11,56.82,20.0,250.0
234,0,2444,11,56.82,20.0,250.0
234,0,2596,11,56.82,20.0,250.0
234,0,2597,11,56.82,20.0,250.0
234,0,2598,11,56.82,20.0,250.0
234,0,2599,11,56.82,20.0,250.0
234,0,2600,11,56.82,20.0,250.0
234,0,2601,11,56.82,20.0,250.0
234,0,2603,11,56.82,20.0,250.0
234,0,2604,11,56.82,20.0,250.0
234,0,2605,11,56.82,20.0,250.0
234,0,2607,11,56.82,20.0,250.0
234,0,2609,11,56.82,20.0,250.0
234,0,2610,11,56.82,20.0,250.0
234,0,2611,11,56.82,20.0,250.0
234,0,2614,11,56.82,20.0,250.0
234,0,2615,11,56.82,20.0,250.0
234,0,2616,11,56.82,20.0,250.0
234,0,2618,11,56.82,20.0,250.0
234,0,2619,11,56.82,20.0,250.0
234,0,2620,11,56.82,20.0,250.0
234,0,2621,11,56.82,20.0,250.0
234,0,2624,11,56.82,20.0,250.0
234,0,2626,11,56.82,20.0,250.0
234,0,2687,11,56.82,20.0,250.0
234,0,2697,11,56.82,20.0,250.0
234,0,2698,11,56.82,20.0,250.0
234,0,2702,11,56.82,20.0,250.0
234,0,2705,11,56.82,20.0,250.0
234,0,2708,11,56.82,20.0,250.0
234,0,2709,11,56.82,20.0,250.0
234,0,2711,11,56.82,20.0,250.0
234,0,2780,11,56.82,20.0,250.0
234,0,2809,11,56.82,20.0,250.0
234,0,3372,11,56.82,20.0,250.0
655,1,1050,15,57.33,35.0,220.0
655,1,1051,15,57.33,35.0,220.0
655,1,1052,15,57.33,35.0,220.0
655,1,1053,15,57.33,35.0,220.0
655,1,1056,15,57.33,35.0,220.0
655,1,1737,15,57.33,35.0,220.0
655,1,1739,15,57.33,35.0,220.0
655,1,1743,15,57.33,35.0,220.0
655,1,1744,15,57.33,35.0,220.0
655,1,1746,15,57.33,35.0,220.0
655,1,5132,15,57.33,35.0,220.0
655,1,5151,15,57.33,35.0,220.0
655,1,5153,15,57.33,35.0,220.0
655,1,5154,15,57.33,35.0,220.0
655,1,5155,15,57.33,35.0,220.0
655,1,5156,15,57.33,35.0,220.0
655,1,5158,15,57.33,35.0,220.0
655,1,5159,15,57.33,35.0,220.0
655,1,5160,15,57.33,35.0,220.0
655,1,5161,15,57.33,35.0,220.0
655,1,5162,15,57.33,35.0,220.0
655,1,5163,15,57.33,35.0,220.0
655,1,5164,15,57.33,35.0,220.0
655,1,5165,15,57.33,35.0,220.0
655,1,5166,15,57.33,35.0,220.0
655,1,5167,15,57.33,35.0,220.0
655,1,5168,15,57.33,35.0,220.0
655,1,5169,15,57.33,35.0,220.0
655,1,5170,15,57.33,35.0,220.0
655,1,5172,15,57.33,35.0,220.0
655,1,6575,15,57.33,35.0,220.0
655,1,6581,15,57.33,35.0,220.0
655,1,6582,15,57.33,35.0,220.0
655,1,6583,15,57.33,35.0,220.0
655,1,6584,15,57.33,35.0,220.0
655,1,6585,15,57.33,35.0,220.0
655,1,6588,15,57.33,35.0,220.0
655,1,6591,15,57.33,35.0,220.0
655,1,6592,15,57.33,35.0,220.0
655,1,6593,15,57.33,35.0,220.0
655,1,6594,15,57.33,35.0,220.0
655,1,6595,15,57.33,35.0,220.0
655,1,6598,15,57.33,35.0,220.0
655,1,6599,15,57.33,35.0,220.0
655,1,6601,15,57.33,35.0,220.0
655,1,6602,15,57.33,35.0,220.0
655,1,7273,15,57.33,35.0,220.0
154,0,107,17,57.35,25.0,120.0
154,0,1915,17,57.35,25.0,120.0
154,0,1916,17,57.35,25.0,120.0
154,0,1917,17,57.35,25.0,120.0
154,0,1918,17,57.35,25.0,120.0
154,0,1919,17,57.35,25.0,120.0
154,0,1920,17,57.35,25.0,120.0
154,0,1921,17,57.35,25.0,120.0
154,0,1922,17,57.35,25.0,120.0
154,0,1923,17,57.35,25.0,120.0
154,0,1924,17,57.35,25.0,120.0
154,0,1925,17,57.35,25.0,120.0
154,0,1926,17,57.35,25.0,120.0
154,0,1927,17,57.35,25.0,120.0
154,0,1928,17,57.35,25.0,120.0
154,0,196,17,57.35,25.0,120.0
154,0,197,17,57.35,25.0,120.0
154,0,198,17,57.35,25.0,120.0
154,0,200,17,57.35,25.0,120.0
154,0,277,17,57.35,25.0,120.0
154,0,319,17,57.35,25.0,120.0
154,0,320,17,57.35,25.0,120.0
154,0,321,17,57.35,25.0,120.0
154,0,322,17,57.35,25.0,120.0
154,0,323,17,57.35,25.0,120.0
154,0,324,17,57.35,25.0,120.0
154,0,325,17,57.35,25.0,120.0
154,0,326,17,57.35,25.0,120.0
154,0,327,17,57.35,25.0,120.0
154,0,328,17,57.35,25.0,120.0
154,0,329,17,57.35,25.0,120.0
154,0,330,17,57.35,25.0,120.0
154,0,331,17,57.35,25.0,120.0
154,0,399,17,57.35,25.0,120.0
154,0,400,17,57.35,25.0,120.0
154,0,401,17,57.35,25.0,120.0
468,0,129,24,57.5,25.0,370.0
468,0,130,24,57.5,25.0,370.0
468,0,1315,24,57.5,25.0,370.0
468,0,1316,24,57.5,25.0,370.0
468,0,1317,24,57.5,25.0,370.0
468,0,1318,24,57.5,25.0,370.0
468,0,1319,24,57.5,25.0,370.0
468,0,1320,24,57.5,25.0,370.0
468,0,1322,24,57.5,25.0,370.0
468,0,134,24,57.5,25.0,370.0
468,0,135,24,57.5,25.0,370.0
468,0,136,24,57.5,25.0,370.0
468,0,137,24,57.5,25.0,370.0
468,0,1376,24,57.5,25.0,370.0
468,0,138,24,57.5,25.0,370.0
468,0,139,24,57.5,25.0,370.0
468,0,140,24,57.5,25.0,370.0
468,0,1780,24,57.5,25.0,370.0
468,0,1781,24,57.5,25.0,370.0
468,0,1782,24,57.5,25.0,370.0
468,0,1783,24,57.5,25.0,370.0
468,0,1784,24,57.5,25.0,370.0
468,0,1954,24,57.5,25.0,370.0
468,0,319,24,57.5,25.0,370.0
468,0,320,24,57.5,25.0,370.0
468,0,321,24,57.5,25.0,370.0
468,0,322,24,57.5,25.0,370.0
468,0,3315,24,57.5,25.0,370.0
468,0,404,24,57.5,25.0,370.0
468,0,405,24,57.5,25.0,370.0
468,0,4055,24,57.5,25.0,370.0
468,0,4056,24,57.5,25.0,370.0
468,0,4057,24,57.5,25.0,370.0
468,0,406,24,57.5,25.0,370.0
468,0,4065,24,57.5,25.0,370.0
468,0,4438,24,57.5,25.0,370.0
468,0,4440,24,57.5,25.0,370.0
468,0,4442,24,57.5,25.0,370.0
468,0,4470,24,57.5,25.0,370.0
468,0,5015,24,57.5,25.0,370.0
468,0,5016,24,57.5,25.0,370.0
468,0,5017,24,57.5,25.0,370.0
468,0,5018,24,57.5,25.0,370.0
468,0,5019,24,57.5,25.0,370.0
468,0,6359,24,57.5,25.0,370.0
468,0,6361,24,57.5,25.0,370.0
57,1,229,18,57.5,5.0,290.0
57,1,230,18,57.5,5.0,290.0
57,1,231,18,57.5,5.0,290.0
57,1,232,18,57.5,5.0,290.0
57,1,234,18,57.5,5.0,290.0
57,1,235,18,57.5,5.0,290.0
57,1,236,18,57.5,5.0,290.0
57,1,377,18,57.5,5.0,290.0
57,1,392,18,57.5,5.0,290.0
57,1,393,18,57.5,5.0,290.0
57,1,394,18,57.5,5.0,290.0
57,1,395,18,57.5,5.0,290.0
57,1,396,18,57.5,5.0,290.0
57,1,624,18,57.5,5.0,290.0
57,1,625,18,57.5,5.0,290.0
57,1,626,18,57.5,5.0,290.0
57,1,627,18,57.5,5.0,290.0
57,1,656,18,57.5,5.0,290.0
57,1,8062,18,57.5,5.0,290.0
623,0,1024,5,58.0,40.0,95.0
623,0,1025,5,58.0,40.0,95.0
623,0,3842,5,58.0,40.0,95.0
623,0,3844,5,58.0,40.0,95.0
623,0,584,5,58.0,40.0,95.0
623,0,585,5,58.0,40.0,95.0
623,0,587,5,58.0,40.0,95.0
623,0,588,5,58.0,40.0,95.0
623,0,590,5,58.0,40.0,95.0
623,0,591,5,58.0,40.0,95.0
623,0,592,5,58.0,40.0,95.0
623,0,593,5,58.0,40.0,95.0
623,0,594,5,58.0,40.0,95.0
623,0,5991,5,58.0,40.0,95.0
623,0,5993,5,58.0,40.0,95.0
623,0,5994,5,58.0,40.0,95.0
623,0,6,5,58.0,40.0,95.0
623,0,606,5,58.0,40.0,95.0
623,0,6381,5,58.0,40.0,95.0
623,0,6382,5,58.0,40.0,95.0
623,0,6383,5,58.0,40.0,95.0
623,0,6384,5,58.0,40.0,95.0
623,0,6385,5,58.0,40.0,95.0
623,0,6386,5,58.0,40.0,95.0
623,0,6387,5,58.0,40.0,95.0
623,0,6388,5,58.0,40.0,95.0
623,0,6389,5,58.0,40.0,95.0
623,0,6390,5,58.0,40.0,95.0
623,0,6391,5,58.0,40.0,95.0
623,0,6392,5,58.0,40.0,95.0
623,0,6393,5,58.0,40.0,95.0
623,0,6394,5,58.0,40.0,95.0
623,0,6395,5,58.0,40.0,95.0
623,0,6396,5,58.0,40.0,95.0
623,0,68,5,58.0,40.0,95.0
623,0,7,5,58.0,40.0,95.0
623,0,7736,5,58.0,40.0,95.0
623,0,7791,5,58.0,40.0,95.0
623,0,7915,5,58.0,40.0,95.0
623,0,8,5,58.0,40.0,95.0
623,0,993,5,58.0,40.0,95.0
146,0,1789,3,58.67,1.02,173.98
265,0,103,17,58.82,15.0,155.0
265,0,1204,17,58.82,15.0,155.0
265,0,1711,17,58.82,15.0,155.0
265,0,2361,17,58.82,15.0,155.0
265,0,2362,17,58.82,15.0,155.0
265,0,2533,17,58.82,15.0,155.0
265,0,2534,17,58.82,15.0,155.0
265,0,2535,17,58.82,15.0,155.0
265,0,2536,17,58.82,15.0,155.0
265,0,2550,17,58.82,15.0,155.0
265,0,3055,17,58.82,15.0,155.0
265,0,3056,17,58.82,15.0,155.0
265,0,3057,17,58.82,15.0,155.0
265,0,3058,17,58.82,15.0,155.0
265,0,3059,17,58.82,15.0,155.0
265,0,3060,17,58.82,15.0,155.0
265,0,3061,17,58.82,15.0,155.0
265,0,3062,17,58.82,15.0,155.0
265,0,3063,17,58.82,15.0,155.0
265,0,3064,17,58.82,15.0,155.0
265,0,3065,17,58.82,15.0,155.0
265,0,3066,17,58.82,15.0,155.0
265,0,320,17,58.82,15.0,155.0
265,0,321,17,58.82,15.0,155.0
265,0,3211,17,58.82,15.0,155.0
265,0,349,17,58.82,15.0,155.0
265,0,409,17,58.82,15.0,155.0
265,0,438,17,58.82,15.0,155.0
265,0,439,17,58.82,15.0,155.0
265,0,440,17,58.82,15.0,155.0
265,0,462,17,58.82,15.0,155.0
265,0,463,17,58.82,15.0,155.0
265,0,464,17,58.82,15.0,155.0
226,1,1204,15,59.33,10.0,140.0
226,1,1323,15,59.33,10.0,140.0
226,1,2363,15,59.33,10.0,140.0
226,1,2364,15,59.33,10.0,140.0
226,1,2541,15,59.33,10.0,140.0
226,1,2542,15,59.33,10.0,140.0
226,1,2543,15,59.33,10.0,140.0
226,1,2544,15,59.33,10.0,140.0
226,1,2545,15,59.33,10.0,140.0
226,1,2546,15,59.33,10.0,140.0
226,1,2547,15,59.33,10.0,140.0
226,1,2548,15,59.33,10.0,140.0
226,1,2550,15,59.33,10.0,140.0
226,1,2551,15,59.33,10.0,140.0
226,1,2552,15,59.33,10.0,140.0
226,1,2553,15,59.33,10.0,140.0
226,1,2554,15,59.33,10.0,140.0
226,1,2555,15,59.33,10.0,140.0
226,1,2556,15,59.33,10.0,140.0
226,1,2557,15,59.33,10.0,140.0
226,1,2558,15,59.33,10.0,140.0
226,1,2559,15,59.33,10.0,140.0
226,1,2560,15,59.33,10.0,140.0
226,1,2561,15,59.33,10.0,140.0
226,1,2562,15,59.33,10.0,140.0
226,1,2563,15,59.33,10.0,140.0
226,1,2564,15,59.33,10.0,140.0
226,1,2565,15,59.33,10.0,140.0
226,1,2566,15,59.33,10.0,140.0
226,1,2567,15,59.33,10.0,140.0
226,1,2568,15,59.33,10.0,140.0
226,1,2569,15,59.33,10.0,140.0
226,1,2570,15,59.33,10.0,140.0
226,1,2571,15,59.33,10.0,140.0
226,1,2572,15,59.33,10.0,140.0
226,1,2573,15,59.33,10.0,140.0
226,1,2574,15,59.33,10.0,140.0
226,1,349,15,59.33,10.0,140.0
226,1,3857,15,59.33,10.0,140.0
226,1,460,15,59.33,10.0,140.0
1059,1,3513,16,59.38,10.0,110.0
1059,1,3514,16,59.38,10.0,110.0
1059,1,3515,16,59.38,10.0,110.0
1059,1,419,16,59.38,10.0,110.0
1059,1,8657,16,59.38,10.0,110.0
1059,1,8658,16,59.38,10.0,110.0
1059,1,8659,16,59.38,10.0,110.0
1059,1,8660,16,59.38,10.0,110.0
1059,1,8661,16,59.38,10.0,110.0
1059,1,8662,16,59.38,10.0,110.0
1059,1,8663,16,59.38,10.0,110.0
1059,1,8664,16,59.38,10.0,110.0
1059,1,8665,16,59.38,10.0,110.0
1059,1,8666,16,59.38,10.0,110.0
1059,1,8667,16,59.38,10.0,110.0
1059,1,8675,16,59.38,10.0,110.0
1059,1,8676,16,59.38,10.0,110.0
1059,1,8677,16,59.38,10.0,110.0
1059,1,8678,16,59.38,10.0,110.0
855,1,1025,15,59.67,40.0,130.0
855,1,1085,15,59.67,40.0,130.0
855,1,1263,15,59.67,40.0,130.0
855,1,141,15,59.67,40.0,130.0
855,1,1891,15,59.67,40.0,130.0
855,1,1950,15,59.67,40.0,130.0
855,1,1953,15,59.67,40.0,130.0
855,1,3846,15,59.67,40.0,130.0
855,1,3847,15,59.67,40.0,130.0
855,1,3848,15,59.67,40.0,130.0
855,1,3849,15,59.67,40.0,130.0
855,1,4429,15,59.67,40.0,130.0
855,1,4430,15,59.67,40.0,130.0
855,1,4431,15,59.67,40.0,130.0
855,1,4432,15,59.67,40.0,130.0
855,1,4763,15,59.67,40.0,130.0
855,1,4832,15,59.67,40.0,130.0
855,1,4833,15,59.67,40.0,130.0
855,1,4834,15,59.67,40.0,130.0
855,1,4836,15,59.67,40.0,130.0
855,1,4839,15,59.67,40.0,130.0
855,1,4840,15,59.67,40.0,130.0
855,1,4842,15,59.67,40.0,130.0
855,1,4843,15,59.67,40.0,130.0
855,1,4845,15,59.67,40.0,130.0
855,1,4846,15,59.67,40.0,130.0
855,1,4847,15,59.67,40.0,130.0
855,1,4848,15,59.67,40.0,130.0
855,1,4849,15,59.67,40.0,130.0
855,1,4851,15,59.67,40.0,130.0
855,1,4852,15,59.67,40.0,130.0
855,1,5856,15,59.67,40.0,130.0
855,1,5992,15,59.67,40.0,130.0
855,1,5993,15,59.67,40.0,130.0
855,1,5994,15,59.67,40.0,130.0
855,1,600,15,59.67,40.0,130.0
855,1,601,15,59.67,40.0,130.0
855,1,603,15,59.67,40.0,130.0
855,1,6341,15,59.67,40.0,130.0
855,1,6342,15,59.67,40.0,130.0
855,1,6461,15,59.67,40.0,130.0
855,1,6462,15,59.67,40.0,130.0
855,1,7734,15,59.67,40.0,130.0
855,1,7735,15,59.67,40.0,130.0
855,1,7786,15,59.67,40.0,130.0
855,1,7787,15,59.67,40.0,130.0
855,1,7789,15,59.67,40.0,130.0
855,1,7791,15,59.67,40.0,130.0
855,1,7792,15,59.67,40.0,130.0
855,1,7885,15,59.67,40.0,130.0
855,1,7886,15,59.67,40.0,130.0
855,1,7892,15,59.67,40.0,130.0
855,1,7920,15,59.67,40.0,130.0
855,1,7938,15,59.67,40.0,130.0
855,1,8349,15,59.67,40.0,130.0
855,1,88,15,59.67,40.0,130.0
855,1,89,15,59.67,40.0,130.0
855,1,90,15,59.67,40.0,130.0
855,1,9280,15,59.67,40.0,130.0
855,1,994,15,59.67,40.0,130.0
855,1,996,15,59.67,40.0,130.0
855,1,997,15,59.67,40.0,130.0
855,1,998,15,59.67,40.0,130.0
155,1,106,17,59.71,20.0,115.0
155,1,107,17,59.71,20.0,115.0
155,1,1922,17,59.71,20.0,115.0
155,1,1926,17,59.71,20.0,115.0
155,1,1930,17,59.71,20.0,115.0
155,1,1931,17,59.71,20.0,115.0
155,1,1932,17,59.71,20.0,115.0
155,1,1933,17,59.71,20.0,115.0
155,1,1934,17,59.71,20.0,115.0
155,1,1935,17,59.71,20.0,115.0
155,1,1936,17,59.71,20.0,115.0
155,1,1937,17,59.71,20.0,115.0
155,1,1938,17,59.71,20.0,115.0
155,1,1939,17,59.71,20.0,115.0
155,1,1940,17,59.71,20.0,115.0
155,1,196,17,59.71,20.0,115.0
155,1,200,17,59.71,20.0,115.0
155,1,225,17,59.71,20.0,115.0
155,1,226,17,59.71,20.0,115.0
155,1,227,17,59.71,20.0,115.0
155,1,288,17,59.71,20.0,115.0
155,1,329,17,59.71,20.0,115.0
155,1,340,17,59.71,20.0,115.0
155,1,341,17,59.71,20.0,115.0
155,1,343,17,59.71,20.0,115.0
155,1,344,17,59.71,20.0,115.0
155,1,345,17,59.71,20.0,115.0
155,1,346,17,59.71,20.0,115.0
155,1,347,17,59.71,20.0,115.0
155,1,348,17,59.71,20.0,115.0
155,1,349,17,59.71,20.0,115.0
155,1,447,17,59.71,20.0,115.0
155,1,448,17,59.71,20.0,115.0
155,1,449,17,59.71,20.0,115.0
155,1,5033,17,59.71,20.0,115.0
311,0,106674,17,59.71,40.0,95.0
311,0,1527,17,59.71,40.0,95.0
311,0,1528,17,59.71,40.0,95.0
311,0,1529,17,59.71,40.0,95.0
311,0,1530,17,59.71,40.0,95.0
311,0,1531,17,59.71,40.0,95.0
311,0,1532,17,59.71,40.0,95.0
311,0,1749,17,59.71,40.0,95.0
311,0,1750,17,59.71,40.0,95.0
311,0,1751,17,59.71,40.0,95.0
311,0,1752,17,59.71,40.0,95.0
311,0,1753,17,59.71,40.0,95.0
311,0,1754,17,59.71,40.0,95.0
311,0,1756,17,59.71,40.0,95.0
311,0,1757,17,59.71,40.0,95.0
311,0,3367,17,59.71,40.0,95.0
311,0,3368,17,59.71,40.0,95.0
311,0,3369,17,59.71,40.0,95.0
311,0,3370,17,59.71,40.0,95.0
311,0,3371,17,59.71,40.0,95.0
311,0,3373,17,59.71,40.0,95.0
311,0,3374,17,59.71,40.0,95.0
311,0,3375,17,59.71,40.0,95.0
311,0,3376,17,59.71,40.0,95.0
311,0,3377,17,59.71,40.0,95.0
311,0,3378,17,59.71,40.0,95.0
311,0,3379,17,59.71,40.0,95.0
311,0,3380,17,59.71,40.0,95.0
311,0,3381,17,59.71,40.0,95.0
311,0,3382,17,59.71,40.0,95.0
311,0,3383,17,59.71,40.0,95.0
311,0,3384,17,59.71,40.0,95.0
311,0,3385,17,59.71,40.0,95.0
311,0,3386,17,59.71,40.0,95.0
311,0,3387,17,59.71,40.0,95.0
311,0,3388,17,59.71,40.0,95.0
311,0,3389,17,59.71,40.0,95.0
311,0,3390,17,59.71,40.0,95.0
311,0,3414,17,59.71,40.0,95.0
311,0,3415,17,59.71,40.0,95.0
311,0,3416,17,59.71,40.0,95.0
311,0,3417,17,59.71,40.0,95.0
311,0,3418,17,59.71,40.0,95.0
311,0,3419,17,59.71,40.0,95.0
311,0,3420,17,59.71,40.0,95.0
311,0,3421,17,59.71,40.0,95.0
311,0,3422,17,59.71,40.0,95.0
311,0,3423,17,59.71,40.0,95.0
311,0,3424,17,59.71,40.0,95.0
311,0,3425,17,59.71,40.0,95.0
311,0,3426,17,59.71,40.0,95.0
311,0,3427,17,59.71,40.0,95.0
311,0,3428,17,59.71,40.0,95.0
311,0,3758,17,59.71,40.0,95.0
311,0,4568,17,59.71,40.0,95.0
312,1,106674,17,59.71,20.0,95.0
312,1,1417,17,59.71,20.0,95.0
312,1,1519,17,59.71,20.0,95.0
312,1,1520,17,59.71,20.0,95.0
312,1,1521,17,59.71,20.0,95.0
312,1,1522,17,59.71,20.0,95.0
312,1,1523,17,59.71,20.0,95.0
312,1,1524,17,59.71,20.0,95.0
312,1,1749,17,59.71,20.0,95.0
312,1,1751,17,59.71,20.0,95.0
312,1,1761,17,59.71,20.0,95.0
312,1,1762,17,59.71,20.0,95.0
312,1,1763,17,59.71,20.0,95.0
312,1,1764,17,59.71,20.0,95.0
312,1,1767,17,59.71,20.0,95.0
312,1,3380,17,59.71,20.0,95.0
312,1,3391,17,59.71,20.0,95.0
312,1,3392,17,59.71,20.0,95.0
312,1,3393,17,59.71,20.0,95.0
312,1,3394,17,59.71,20.0,95.0
312,1,3395,17,59.71,20.0,95.0
312,1,3396,17,59.71,20.0,95.0
312,1,3397,17,59.71,20.0,95.0
312,1,3398,17,59.71,20.0,95.0
312,1,3399,17,59.71,20.0,95.0
312,1,3400,17,59.71,20.0,95.0
312,1,3401,17,59.71,20.0,95.0
312,1,3402,17,59.71,20.0,95.0
312,1,3403,17,59.71,20.0,95.0
312,1,3404,17,59.71,20.0,95.0
312,1,3405,17,59.71,20.0,95.0
312,1,3406,17,59.71,20.0,95.0
312,1,3407,17,59.71,20.0,95.0
312,1,3409,17,59.71,20.0,95.0
312,1,3410,17,59.71,20.0,95.0
312,1,3411,17,59.71,20.0,95.0
312,1,3412,17,59.71,20.0,95.0
312,1,3413,17,59.71,20.0,95.0
312,1,3429,17,59.71,20.0,95.0
312,1,3431,17,59.71,20.0,95.0
312,1,3432,17,59.71,20.0,95.0
312,1,3433,17,59.71,20.0,95.0
312,1,3434,17,59.71,20.0,95.0
312,1,3435,17,59.71,20.0,95.0
312,1,3436,17,59.71,20.0,95.0
312,1,3437,17,59.71,20.0,95.0
312,1,3438,17,59.71,20.0,95.0
312,1,3439,17,59.71,20.0,95.0
312,1,3440,17,59.71,20.0,95.0
312,1,3441,17,59.71,20.0,95.0
312,1,3442,17,59.71,20.0,95.0
312,1,3443,17,59.71,20.0,95.0
312,1,3755,17,59.71,20.0,95.0
312,1,3759,17,59.71,20.0,95.0
654,0,1032,17,59.71,10.0,195.0
654,0,1033,17,59.71,10.0,195.0
654,0,1040,17,59.71,10.0,195.0
654,0,1041,17,59.71,10.0,195.0
654,0,1043,17,59.71,10.0,195.0
654,0,1044,17,59.71,10.0,195.0
654,0,1045,17,59.71,10.0,195.0
654,0,1047,17,59.71,10.0,195.0
654,0,1048,17,59.71,10.0,195.0
654,0,1652,17,59.71,10.0,195.0
654,0,1742,17,59.71,10.0,195.0
654,0,5130,17,59.71,10.0,195.0
654,0,5131,17,59.71,10.0,195.0
654,0,5132,17,59.71,10.0,195.0
654,0,5133,17,59.71,10.0,195.0
654,0,5134,17,59.71,10.0,195.0
654,0,5135,17,59.71,10.0,195.0
654,0,5136,17,59.71,10.0,195.0
654,0,5137,17,59.71,10.0,195.0
654,0,5138,17,59.71,10.0,195.0
654,0,5140,17,59.71,10.0,195.0
654,0,5141,17,59.71,10.0,195.0
654,0,5142,17,59.71,10.0,195.0
654,0,5143,17,59.71,10.0,195.0
654,0,5144,17,59.71,10.0,195.0
654,0,5145,17,59.71,10.0,195.0
654,0,5149,17,59.71,10.0,195.0
654,0,5844,17,59.71,10.0,195.0
654,0,6560,17,59.71,10.0,195.0
654,0,6566,17,59.71,10.0,195.0
654,0,6567,17,59.71,10.0,195.0
654,0,6568,17,59.71,10.0,195.0
654,0,6581,17,59.71,10.0,195.0
654,0,6582,17,59.71,10.0,195.0
654,0,6583,17,59.71,10.0,195.0
654,0,6584,17,59.71,10.0,195.0
654,0,6585,17,59.71,10.0,195.0
654,0,6588,17,59.71,10.0,195.0
654,0,6591,17,59.71,10.0,195.0
654,0,6592,17,59.71,10.0,195.0
654,0,6593,17,59.71,10.0,195.0
654,0,6594,17,59.71,10.0,195.0
654,0,6595,17,59.71,10.0,195.0
654,0,6598,17,59.71,10.0,195.0
654,0,6599,17,59.71,10.0,195.0
654,0,6601,17,59.71,10.0,195.0
654,0,6602,17,59.71,10.0,195.0
654,0,7273,17,59.71,10.0,195.0
597,0,1026,16,60.0,5.0,145.0
597,0,1027,16,60.0,5.0,145.0
597,0,1028,16,60.0,5.0,145.0
597,0,1029,16,60.0,5.0,145.0
597,0,1030,16,60.0,5.0,145.0
597,0,1031,16,60.0,5.0,145.0
597,0,1032,16,60.0,5.0,145.0
597,0,1033,16,60.0,5.0,145.0
597,0,106815,16,60.0,5.0,145.0
597,0,106816,16,60.0,5.0,145.0
597,0,1322,16,60.0,5.0,145.0
597,0,1376,16,60.0,5.0,145.0
597,0,1827,16,60.0,5.0,145.0
597,0,2105,16,60.0,5.0,145.0
597,0,2106,16,60.0,5.0,145.0
597,0,2107,16,60.0,5.0,145.0
597,0,2109,16,60.0,5.0,145.0
597,0,2110,16,60.0,5.0,145.0
597,0,2229,16,60.0,5.0,145.0
597,0,2303,16,60.0,5.0,145.0
597,0,5286,16,60.0,5.0,145.0
597,0,6144,16,60.0,5.0,145.0
597,0,725,16,60.0,5.0,145.0
597,0,7273,16,60.0,5.0,145.0
597,0,779,16,60.0,5.0,145.0
597,0,780,16,60.0,5.0,145.0
597,0,781,16,60.0,5.0,145.0
597,0,782,16,60.0,5.0,145.0
597,0,783,16,60.0,5.0,145.0
597,0,784,16,60.0,5.0,145.0
597,0,875,16,60.0,5.0,145.0
597,0,876,16,60.0,5.0,145.0
597,0,877,16,60.0,5.0,145.0
597,0,939,16,60.0,5.0,145.0
597,0,940,16,60.0,5.0,145.0
597,0,941,16,60.0,5.0,145.0
597,0,942,16,60.0,5.0,145.0
597,0,943,16,60.0,5.0,145.0
597,0,966,16,60.0,5.0,145.0
597,0,967,16,60.0,5.0,145.0
597,0,968,16,60.0,5.0,145.0
597,0,969,16,60.0,5.0,145.0
597,0,970,16,60.0,5.0,145.0
597,0,973,16,60.0,5.0,145.0
597,0,992,16,60.0,5.0,145.0
597,0,993,16,60.0,5.0,145.0
854,0,1021,15,60.0,30.0,135.0
854,0,1022,15,60.0,30.0,135.0
854,0,1023,15,60.0,30.0,135.0
854,0,1079,15,60.0,30.0,135.0
854,0,1255,15,60.0,30.0,135.0
854,0,140,15,60.0,30.0,135.0
854,0,1863,15,60.0,30.0,135.0
854,0,1944,15,60.0,30.0,135.0
854,0,3842,15,60.0,30.0,135.0
854,0,3844,15,60.0,30.0,135.0
854,0,4425,15,60.0,30.0,135.0
854,0,4426,15,60.0,30.0,135.0
854,0,4427,15,60.0,30.0,135.0
854,0,4428,15,60.0,30.0,135.0
854,0,4761,15,60.0,30.0,135.0
854,0,4811,15,60.0,30.0,135.0
854,0,4812,15,60.0,30.0,135.0
854,0,4813,15,60.0,30.0,135.0
854,0,4815,15,60.0,30.0,135.0
854,0,4816,15,60.0,30.0,135.0
854,0,4817,15,60.0,30.0,135.0
854,0,4818,15,60.0,30.0,135.0
854,0,4819,15,60.0,30.0,135.0
854,0,4820,15,60.0,30.0,135.0
854,0,4821,15,60.0,30.0,135.0
854,0,4822,15,60.0,30.0,135.0
854,0,4823,15,60.0,30.0,135.0
854,0,4825,15,60.0,30.0,135.0
854,0,4827,15,60.0,30.0,135.0
854,0,4828,15,60.0,30.0,135.0
854,0,4829,15,60.0,30.0,135.0
854,0,4830,15,60.0,30.0,135.0
854,0,4831,15,60.0,30.0,135.0
854,0,5833,15,60.0,30.0,135.0
854,0,590,15,60.0,30.0,135.0
854,0,591,15,60.0,30.0,135.0
854,0,592,15,60.0,30.0,135.0
854,0,593,15,60.0,30.0,135.0
854,0,594,15,60.0,30.0,135.0
854,0,6312,15,60.0,30.0,135.0
854,0,6313,15,60.0,30.0,135.0
854,0,6314,15,60.0,30.0,135.0
854,0,6462,15,60.0,30.0,135.0
854,0,7736,15,60.0,30.0,135.0
854,0,7782,15,60.0,30.0,135.0
854,0,7784,15,60.0,30.0,135.0
854,0,7788,15,60.0,30.0,135.0
854,0,7915,15,60.0,30.0,135.0
854,0,7933,15,60.0,30.0,135.0
854,0,7936,15,60.0,30.0,135.0
854,0,7937,15,60.0,30.0,135.0
854,0,80,15,60.0,30.0,135.0
854,0,81,15,60.0,30.0,135.0
854,0,82,15,60.0,30.0,135.0
854,0,9279,15,60.0,30.0,135.0
854,0,993,15,60.0,30.0,135.0
589,0,129,17,60.29,35.0,115.0
589,0,130,17,60.29,35.0,115.0
589,0,131,17,60.29,35.0,115.0
589,0,1836,17,60.29,35.0,115.0
589,0,1854,17,60.29,35.0,115.0
589,0,1855,17,60.29,35.0,115.0
589,0,1856,17,60.29,35.0,115.0
589,0,1857,17,60.29,35.0,115.0
589,0,1858,17,60.29,35.0,115.0
589,0,1859,17,60.29,35.0,115.0
589,0,1860,17,60.29,35.0,115.0
589,0,1861,17,60.29,35.0,115.0
589,0,1862,17,60.29,35.0,115.0
589,0,1863,17,60.29,35.0,115.0
589,0,1864,17,60.29,35.0,115.0
589,0,1865,17,60.29,35.0,115.0
589,0,1866,17,60.29,35.0,115.0
589,0,1867,17,60.29,35.0,115.0
589,0,1868,17,60.29,35.0,115.0
589,0,1869,17,60.29,35.0,115.0
589,0,1870,17,60.29,35.0,115.0
589,0,1871,17,60.29,35.0,115.0
589,0,1872,17,60.29,35.0,115.0
589,0,1873,17,60.29,35.0,115.0
589,0,1874,17,60.29,35.0,115.0
589,0,1875,17,60.29,35.0,115.0
589,0,1876,17,60.29,35.0,115.0
589,0,1877,17,60.29,35.0,115.0
589,0,1878,17,60.29,35.0,115.0
589,0,1879,17,60.29,35.0,115.0
589,0,1880,17,60.29,35.0,115.0
589,0,1881,17,60.29,35.0,115.0
589,0,274,17,60.29,35.0,115.0
589,0,30,17,60.29,35.0,115.0
589,0,31,17,60.29,35.0,115.0
589,0,32,17,60.29,35.0,115.0
589,0,327,17,60.29,35.0,115.0
589,0,33,17,60.29,35.0,115.0
589,0,3315,17,60.29,35.0,115.0
589,0,3354,17,60.29,35.0,115.0
589,0,34,17,60.29,35.0,115.0
589,0,385,17,60.29,35.0,115.0
589,0,387,17,60.29,35.0,115.0
589,0,388,17,60.29,35.0,115.0
589,0,391,17,60.29,35.0,115.0
589,0,4687,17,60.29,35.0,115.0
589,0,4688,17,60.29,35.0,115.0
589,0,4689,17,60.29,35.0,115.0
589,0,4690,17,60.29,35.0,115.0
589,0,6107,17,60.29,35.0,115.0
589,0,6108,17,60.29,35.0,115.0
589,0,6109,17,60.29,35.0,115.0
589,0,6110,17,60.29,35.0,115.0
589,0,6111,17,60.29,35.0,115.0
589,0,6112,17,60.29,35.0,115.0
589,0,6113,17,60.29,35.0,115.0
589,0,6114,17,60.29,35.0,115.0
589,0,6115,17,60.29,35.0,115.0
589,0,6116,17,60.29,35.0,115.0
589,0,788,17,60.29,35.0,115.0
589,0,789,17,60.29,35.0,115.0
589,0,790,17,60.29,35.0,115.0
589,0,791,17,60.29,35.0,115.0
589,0,792,17,60.29,35.0,115.0
589,0,793,17,60.29,35.0,115.0
589,0,794,17,60.29,35.0,115.0
614,1,1031,16,61.88,15.0,130.0
614,1,1036,16,61.88,15.0,130.0
614,1,1037,16,61.88,15.0,130.0
614,1,1038,16,61.88,15.0,130.0
614,1,1050,16,61.88,15.0,130.0
614,1,1051,16,61.88,15.0,130.0
614,1,1052,16,61.88,15.0,130.0
614,1,1053,16,61.88,15.0,130.0
614,1,1056,16,61.88,15.0,130.0
614,1,107,16,61.88,15.0,130.0
614,1,1642,16,61.88,15.0,130.0
614,1,1643,16,61.88,15.0,130.0
614,1,1737,16,61.88,15.0,130.0
614,1,1743,16,61.88,15.0,130.0
614,1,1744,16,61.88,15.0,130.0
614,1,1827,16,61.88,15.0,130.0
614,1,2210,16,61.88,15.0,130.0
614,1,304,16,61.88,15.0,130.0
614,1,319,16,61.88,15.0,130.0
614,1,460,16,61.88,15.0,130.0
614,1,461,16,61.88,15.0,130.0
614,1,6038,16,61.88,15.0,130.0
614,1,6040,16,61.88,15.0,130.0
614,1,6041,16,61.88,15.0,130.0
614,1,6217,16,61.88,15.0,130.0
614,1,6261,16,61.88,15.0,130.0
614,1,6262,16,61.88,15.0,130.0
614,1,6263,16,61.88,15.0,130.0
614,1,6264,16,61.88,15.0,130.0
614,1,6265,16,61.88,15.0,130.0
614,1,6266,16,61.88,15.0,130.0
614,1,6267,16,61.88,15.0,130.0
614,1,6268,16,61.88,15.0,130.0
614,1,6269,16,61.88,15.0,130.0
614,1,7302,16,61.88,15.0,130.0
614,1,7308,16,61.88,15.0,130.0
614,1,736,16,61.88,15.0,130.0
614,1,737,16,61.88,15.0,130.0
614,1,738,16,61.88,15.0,130.0
614,1,739,16,61.88,15.0,130.0
614,1,950,16,61.88,15.0,130.0
614,1,951,16,61.88,15.0,130.0
614,1,952,16,61.88,15.0,130.0
614,1,953,16,61.88,15.0,130.0
614,1,954,16,61.88,15.0,130.0
614,1,955,16,61.88,15.0,130.0
614,1,956,16,61.88,15.0,130.0
614,1,957,16,61.88,15.0,130.0
614,1,958,16,61.88,15.0,130.0
614,1,959,16,61.88,15.0,130.0
614,1,974,16,61.88,15.0,130.0
367,0,105,15,62.0,30.0,70.0
367,0,1639,15,62.0,30.0,70.0
367,0,1640,15,62.0,30.0,70.0
367,0,1641,15,62.0,30.0,70.0
367,0,1685,15,62.0,30.0,70.0
367,0,1749,15,62.0,30.0,70.0
367,0,1750,15,62.0,30.0,70.0
367,0,1751,15,62.0,30.0,70.0
367,0,1752,15,62.0,30.0,70.0
367,0,1753,15,62.0,30.0,70.0
367,0,1754,15,62.0,30.0,70.0
367,0,1756,15,62.0,30.0,70.0
367,0,1758,15,62.0,30.0,70.0
367,0,1760,15,62.0,30.0,70.0
367,0,22,15,62.0,30.0,70.0
367,0,23,15,62.0,30.0,70.0
367,0,31,15,62.0,30.0,70.0
367,0,32,15,62.0,30.0,70.0
367,0,3212,15,62.0,30.0,70.0
367,0,33,15,62.0,30.0,70.0
367,0,34,15,62.0,30.0,70.0
367,0,35,15,62.0,30.0,70.0
367,0,3758,15,62.0,30.0,70.0
367,0,3850,15,62.0,30.0,70.0
367,0,3851,15,62.0,30.0,70.0
367,0,3852,15,62.0,30.0,70.0
367,0,3854,15,62.0,30.0,70.0
367,0,3855,15,62.0,30.0,70.0
367,0,3857,15,62.0,30.0,70.0
367,0,409,15,62.0,30.0,70.0
367,0,410,15,62.0,30.0,70.0
367,0,411,15,62.0,30.0,70.0
367,0,412,15,62.0,30.0,70.0
367,0,418,15,62.0,30.0,70.0
367,0,436,15,62.0,30.0,70.0
367,0,437,15,62.0,30.0,70.0
367,0,454,15,62.0,30.0,70.0
367,0,456,15,62.0,30.0,70.0
367,0,458,15,62.0,30.0,70.0
367,0,460,15,62.0,30.0,70.0
367,0,461,15,62.0,30.0,70.0
367,0,477,15,62.0,30.0,70.0
367,0,478,15,62.0,30.0,70.0
367,0,479,15,62.0,30.0,70.0
367,0,480,15,62.0,30.0,70.0
367,0,481,15,62.0,30.0,70.0
367,0,483,15,62.0,30.0,70.0
367,0,485,15,62.0,30.0,70.0
367,0,486,15,62.0,30.0,70.0
367,0,487,15,62.0,30.0,70.0
367,0,488,15,62.0,30.0,70.0
367,0,489,15,62.0,30.0,70.0
367,0,498,15,62.0,30.0,70.0
367,0,500,15,62.0,30.0,70.0
367,0,519,15,62.0,30.0,70.0
367,0,520,15,62.0,30.0,70.0
367,0,525,15,62.0,30.0,70.0
367,0,6467,15,62.0,30.0,70.0
266,1,105,17,62.65,20.0,150.0
266,1,1639,17,62.65,20.0,150.0
266,1,1640,17,62.65,20.0,150.0
266,1,1641,17,62.65,20.0,150.0
266,1,2363,17,62.65,20.0,150.0
266,1,2364,17,62.65,20.0,150.0
266,1,2550,17,62.65,20.0,150.0
266,1,2559,17,62.65,20.0,150.0
266,1,2560,17,62.65,20.0,150.0
266,1,2561,17,62.65,20.0,150.0
266,1,2562,17,62.65,20.0,150.0
266,1,3067,17,62.65,20.0,150.0
266,1,3068,17,62.65,20.0,150.0
266,1,3069,17,62.65,20.0,150.0
266,1,3070,17,62.65,20.0,150.0
266,1,3071,17,62.65,20.0,150.0
266,1,3072,17,62.65,20.0,150.0
266,1,3073,17,62.65,20.0,150.0
266,1,3074,17,62.65,20.0,150.0
266,1,3075,17,62.65,20.0,150.0
266,1,3076,17,62.65,20.0,150.0
266,1,3077,17,62.65,20.0,150.0
266,1,3078,17,62.65,20.0,150.0
266,1,3212,17,62.65,20.0,150.0
266,1,3857,17,62.65,20.0,150.0
266,1,409,17,62.65,20.0,150.0
266,1,410,17,62.65,20.0,150.0
266,1,411,17,62.65,20.0,150.0
266,1,412,17,62.65,20.0,150.0
266,1,413,17,62.65,20.0,150.0
266,1,460,17,62.65,20.0,150.0
266,1,461,17,62.65,20.0,150.0
613,0,1031,16,62.81,20.0,125.0
613,0,1032,16,62.81,20.0,125.0
613,0,1033,16,62.81,20.0,125.0
613,0,1034,16,62.81,20.0,125.0
613,0,1035,16,62.81,20.0,125.0
613,0,1043,16,62.81,20.0,125.0
613,0,1044,16,62.81,20.0,125.0
613,0,1045,16,62.81,20.0,125.0
613,0,1047,16,62.81,20.0,125.0
613,0,1048,16,62.81,20.0,125.0
613,0,1322,16,62.81,20.0,125.0
613,0,1637,16,62.81,20.0,125.0
613,0,1638,16,62.81,20.0,125.0
613,0,1742,16,62.81,20.0,125.0
613,0,1827,16,62.81,20.0,125.0
613,0,2124,16,62.81,20.0,125.0
613,0,2125,16,62.81,20.0,125.0
613,0,264,16,62.81,20.0,125.0
613,0,6034,16,62.81,20.0,125.0
613,0,6038,16,62.81,20.0,125.0
613,0,6216,16,62.81,20.0,125.0
613,0,6250,16,62.81,20.0,125.0
613,0,6251,16,62.81,20.0,125.0
613,0,6252,16,62.81,20.0,125.0
613,0,6253,16,62.81,20.0,125.0
613,0,6254,16,62.81,20.0,125.0
613,0,6255,16,62.81,20.0,125.0
613,0,6256,16,62.81,20.0,125.0
613,0,6257,16,62.81,20.0,125.0
613,0,6259,16,62.81,20.0,125.0
613,0,6260,16,62.81,20.0,125.0
613,0,7060,16,62.81,20.0,125.0
613,0,728,16,62.81,20.0,125.0
613,0,729,16,62.81,20.0,125.0
613,0,730,16,62.81,20.0,125.0
613,0,7304,16,62.81,20.0,125.0
613,0,731,16,62.81,20.0,125.0
613,0,939,16,62.81,20.0,125.0
613,0,940,16,62.81,20.0,125.0
613,0,941,16,62.81,20.0,125.0
613,0,942,16,62.81,20.0,125.0
613,0,943,16,62.81,20.0,125.0
613,0,944,16,62.81,20.0,125.0
613,0,945,16,62.81,20.0,125.0
613,0,946,16,62.81,20.0,125.0
613,0,947,16,62.81,20.0,125.0
613,0,948,16,62.81,20.0,125.0
613,0,972,16,62.81,20.0,125.0
613,0,973,16,62.81,20.0,125.0
315,0,1566,7,62.86,55.0,90.0
315,0,1749,7,62.86,55.0,90.0
315,0,1750,7,62.86,55.0,90.0
315,0,1751,7,62.86,55.0,90.0
315,0,1752,7,62.86,55.0,90.0
315,0,2521,7,62.86,55.0,90.0
315,0,2522,7,62.86,55.0,90.0
315,0,3463,7,62.86,55.0,90.0
315,0,3464,7,62.86,55.0,90.0
315,0,3465,7,62.86,55.0,90.0
315,0,3466,7,62.86,55.0,90.0
315,0,3467,7,62.86,55.0,90.0
315,0,3468,7,62.86,55.0,90.0
315,0,3469,7,62.86,55.0,90.0
315,0,3470,7,62.86,55.0,90.0
315,0,3471,7,62.86,55.0,90.0
315,0,3472,7,62.86,55.0,90.0
315,0,3473,7,62.86,55.0,90.0
315,0,3474,7,62.86,55.0,90.0
315,0,3475,7,62.86,55.0,90.0
315,0,3476,7,62.86,55.0,90.0
315,0,3477,7,62.86,55.0,90.0
315,0,3478,7,62.86,55.0,90.0
315,0,3479,7,62.86,55.0,90.0
315,0,3480,7,62.86,55.0,90.0
315,0,3481,7,62.86,55.0,90.0
315,0,3482,7,62.86,55.0,90.0
315,0,3483,7,62.86,55.0,90.0
315,0,3816,7,62.86,55.0,90.0
696,0,1033,13,63.08,15.0,180.0
696,0,106659,13,63.08,15.0,180.0
696,0,106842,13,63.08,15.0,180.0
696,0,17,13,63.08,15.0,180.0
696,0,2142,13,63.08,15.0,180.0
696,0,2143,13,63.08,15.0,180.0
696,0,2144,13,63.08,15.0,180.0
696,0,2145,13,63.08,15.0,180.0
696,0,2146,13,63.08,15.0,180.0
696,0,2147,13,63.08,15.0,180.0
696,0,2148,13,63.08,15.0,180.0
696,0,2149,13,63.08,15.0,180.0
696,0,5032,13,63.08,15.0,180.0
696,0,543,13,63.08,15.0,180.0
696,0,544,13,63.08,15.0,180.0
696,0,545,13,63.08,15.0,180.0
696,0,546,13,63.08,15.0,180.0
696,0,5803,13,63.08,15.0,180.0
696,0,5805,13,63.08,15.0,180.0
696,0,6163,13,63.08,15.0,180.0
696,0,6164,13,63.08,15.0,180.0
696,0,6290,13,63.08,15.0,180.0
696,0,6444,13,63.08,15.0,180.0
696,0,6445,13,63.08,15.0,180.0
696,0,6446,13,63.08,15.0,180.0
696,0,6470,13,63.08,15.0,180.0
696,0,6657,13,63.08,15.0,180.0
696,0,6658,13,63.08,15.0,180.0
696,0,6659,13,63.08,15.0,180.0
696,0,6660,13,63.08,15.0,180.0
696,0,6688,13,63.08,15.0,180.0
696,0,6689,13,63.08,15.0,180.0
696,0,6690,13,63.08,15.0,180.0
696,0,6691,13,63.08,15.0,180.0
696,0,6692,13,63.08,15.0,180.0
696,0,6693,13,63.08,15.0,180.0
696,0,6694,13,63.08,15.0,180.0
696,0,6696,13,63.08,15.0,180.0
696,0,6898,13,63.08,15.0,180.0
696,0,6899,13,63.08,15.0,180.0
696,0,6900,13,63.08,15.0,180.0
696,0,6901,13,63.08,15.0,180.0
696,0,6903,13,63.08,15.0,180.0
696,0,6904,13,63.08,15.0,180.0
696,0,6906,13,63.08,15.0,180.0
696,0,6907,13,63.08,15.0,180.0
696,0,6908,13,63.08,15.0,180.0
696,0,6912,13,63.08,15.0,180.0
696,0,695,13,63.08,15.0,180.0
696,0,698,13,63.08,15.0,180.0
696,0,699,13,63.08,15.0,180.0
696,0,700,13,63.08,15.0,180.0
696,0,701,13,63.08,15.0,180.0
696,0,702,13,63.08,15.0,180.0
696,0,703,13,63.08,15.0,180.0
696,0,704,13,63.08,15.0,180.0
696,0,705,13,63.08,15.0,180.0
696,0,7273,13,63.08,15.0,180.0
696,0,7589,13,63.08,15.0,180.0
696,0,761,13,63.08,15.0,180.0
696,0,762,13,63.08,15.0,180.0
696,0,763,13,63.08,15.0,180.0
696,0,764,13,63.08,15.0,180.0
696,0,765,13,63.08,15.0,180.0
696,0,85,13,63.08,15.0,180.0
696,0,862,13,63.08,15.0,180.0
696,0,865,13,63.08,15.0,180.0
696,0,875,13,63.08,15.0,180.0
696,0,876,13,63.08,15.0,180.0
696,0,877,13,63.08,15.0,180.0
696,0,888,13,63.08,15.0,180.0
696,0,932,13,63.08,15.0,180.0
696,0,934,13,63.08,15.0,180.0
696,0,935,13,63.08,15.0,180.0
696,0,966,13,63.08,15.0,180.0
696,0,967,13,63.08,15.0,180.0
696,0,968,13,63.08,15.0,180.0
696,0,986,13,63.08,15.0,180.0
1058,0,3510,15,63.33,20.0,120.0
1058,0,3512,15,63.33,20.0,120.0
1058,0,418,15,63.33,20.0,120.0
1058,0,419,15,63.33,20.0,120.0
1058,0,8646,15,63.33,20.0,120.0
1058,0,8647,15,63.33,20.0,120.0
1058,0,8648,15,63.33,20.0,120.0
1058,0,8649,15,63.33,20.0,120.0
1058,0,8650,15,63.33,20.0,120.0
1058,0,8651,15,63.33,20.0,120.0
1058,0,8652,15,63.33,20.0,120.0
1058,0,8653,15,63.33,20.0,120.0
1058,0,8654,15,63.33,20.0,120.0
1058,0,8655,15,63.33,20.0,120.0
1058,0,8656,15,63.33,20.0,120.0
1058,0,8671,15,63.33,20.0,120.0
1058,0,8672,15,63.33,20.0,120.0
1058,0,8673,15,63.33,20.0,120.0
1058,0,8674,15,63.33,20.0,120.0
368,1,103,16,63.44,5.0,100.0
368,1,1204,16,63.44,5.0,100.0
368,1,1702,16,63.44,5.0,100.0
368,1,1711,16,63.44,5.0,100.0
368,1,1751,16,63.44,5.0,100.0
368,1,1758,16,63.44,5.0,100.0
368,1,1760,16,63.44,5.0,100.0
368,1,1761,16,63.44,5.0,100.0
368,1,1763,16,63.44,5.0,100.0
368,1,1764,16,63.44,5.0,100.0
368,1,1767,16,63.44,5.0,100.0
368,1,320,16,63.44,5.0,100.0
368,1,321,16,63.44,5.0,100.0
368,1,3211,16,63.44,5.0,100.0
368,1,3354,16,63.44,5.0,100.0
368,1,349,16,63.44,5.0,100.0
368,1,3755,16,63.44,5.0,100.0
368,1,3756,16,63.44,5.0,100.0
368,1,3758,16,63.44,5.0,100.0
368,1,385,16,63.44,5.0,100.0
368,1,3850,16,63.44,5.0,100.0
368,1,3872,16,63.44,5.0,100.0
368,1,409,16,63.44,5.0,100.0
368,1,41,16,63.44,5.0,100.0
368,1,414,16,63.44,5.0,100.0
368,1,415,16,63.44,5.0,100.0
368,1,416,16,63.44,5.0,100.0
368,1,42,16,63.44,5.0,100.0
368,1,43,16,63.44,5.0,100.0
368,1,433,16,63.44,5.0,100.0
368,1,435,16,63.44,5.0,100.0
368,1,438,16,63.44,5.0,100.0
368,1,439,16,63.44,5.0,100.0
368,1,44,16,63.44,5.0,100.0
368,1,440,16,63.44,5.0,100.0
368,1,45,16,63.44,5.0,100.0
368,1,462,16,63.44,5.0,100.0
368,1,463,16,63.44,5.0,100.0
368,1,464,16,63.44,5.0,100.0
368,1,482,16,63.44,5.0,100.0
368,1,484,16,63.44,5.0,100.0
368,1,492,16,63.44,5.0,100.0
368,1,493,16,63.44,5.0,100.0
368,1,494,16,63.44,5.0,100.0
368,1,495,16,63.44,5.0,100.0
368,1,496,16,63.44,5.0,100.0
368,1,497,16,63.44,5.0,100.0
368,1,499,16,63.44,5.0,100.0
368,1,501,16,63.44,5.0,100.0
368,1,502,16,63.44,5.0,100.0
368,1,503,16,63.44,5.0,100.0
368,1,504,16,63.44,5.0,100.0
368,1,505,16,63.44,5.0,100.0
368,1,51,16,63.44,5.0,100.0
368,1,52,16,63.44,5.0,100.0
368,1,521,16,63.44,5.0,100.0
368,1,522,16,63.44,5.0,100.0
368,1,528,16,63.44,5.0,100.0
894,0,105,13,63.46,45.0,95.0
894,0,106,13,63.46,45.0,95.0
894,0,1777,13,63.46,45.0,95.0
894,0,1826,13,63.46,45.0,95.0
894,0,1827,13,63.46,45.0,95.0
894,0,187,13,63.46,45.0,95.0
894,0,188,13,63.46,45.0,95.0
894,0,189,13,63.46,45.0,95.0
894,0,190,13,63.46,45.0,95.0
894,0,191,13,63.46,45.0,95.0
894,0,1915,13,63.46,45.0,95.0
894,0,1916,13,63.46,45.0,95.0
894,0,192,13,63.46,45.0,95.0
894,0,194,13,63.46,45.0,95.0
894,0,1954,13,63.46,45.0,95.0
894,0,1963,13,63.46,45.0,95.0
894,0,3165,13,63.46,45.0,95.0
894,0,3166,13,63.46,45.0,95.0
894,0,324,13,63.46,45.0,95.0
894,0,325,13,63.46,45.0,95.0
894,0,326,13,63.46,45.0,95.0
894,0,3304,13,63.46,45.0,95.0
894,0,331,13,63.46,45.0,95.0
894,0,343,13,63.46,45.0,95.0
894,0,344,13,63.46,45.0,95.0
894,0,376,13,63.46,45.0,95.0
894,0,399,13,63.46,45.0,95.0
894,0,400,13,63.46,45.0,95.0
894,0,401,13,63.46,45.0,95.0
894,0,4485,13,63.46,45.0,95.0
894,0,4486,13,63.46,45.0,95.0
894,0,5033,13,63.46,45.0,95.0
894,0,621,13,63.46,45.0,95.0
894,0,622,13,63.46,45.0,95.0
894,0,623,13,63.46,45.0,95.0
894,0,654,13,63.46,45.0,95.0
894,0,655,13,63.46,45.0,95.0
895,1,1828,14,63.57,45.0,110.0
895,1,1939,14,63.57,45.0,110.0
895,1,1940,14,63.57,45.0,110.0
895,1,1955,14,63.57,45.0,110.0
895,1,1957,14,63.57,45.0,110.0
895,1,1959,14,63.57,45.0,110.0
895,1,1960,14,63.57,45.0,110.0
895,1,1961,14,63.57,45.0,110.0
895,1,1962,14,63.57,45.0,110.0
895,1,1966,14,63.57,45.0,110.0
895,1,229,14,63.57,45.0,110.0
895,1,230,14,63.57,45.0,110.0
895,1,231,14,63.57,45.0,110.0
895,1,232,14,63.57,45.0,110.0
895,1,234,14,63.57,45.0,110.0
895,1,235,14,63.57,45.0,110.0
895,1,236,14,63.57,45.0,110.0
895,1,3178,14,63.57,45.0,110.0
895,1,319,14,63.57,45.0,110.0
895,1,322,14,63.57,45.0,110.0
895,1,347,14,63.57,45.0,110.0
895,1,396,14,63.57,45.0,110.0
895,1,447,14,63.57,45.0,110.0
895,1,448,14,63.57,45.0,110.0
895,1,449,14,63.57,45.0,110.0
895,1,4499,14,63.57,45.0,110.0
895,1,4500,14,63.57,45.0,110.0
895,1,460,14,63.57,45.0,110.0
895,1,461,14,63.57,45.0,110.0
895,1,491,14,63.57,45.0,110.0
895,1,624,14,63.57,45.0,110.0
895,1,625,14,63.57,45.0,110.0
895,1,626,14,63.57,45.0,110.0
895,1,627,14,63.57,45.0,110.0
895,1,656,14,63.57,45.0,110.0
895,1,8062,14,63.57,45.0,110.0
583,0,1014,4,63.75,35.0,75.0
583,0,1017,4,63.75,35.0,75.0
583,0,1018,4,63.75,35.0,75.0
583,0,1019,4,63.75,35.0,75.0
583,0,1020,4,63.75,35.0,75.0
583,0,1021,4,63.75,35.0,75.0
583,0,1022,4,63.75,35.0,75.0
583,0,1023,4,63.75,35.0,75.0
583,0,1024,4,63.75,35.0,75.0
583,0,1025,4,63.75,35.0,75.0
583,0,5829,4,63.75,35.0,75.0
583,0,6017,4,63.75,35.0,75.0
583,0,6018,4,63.75,35.0,75.0
583,0,6019,4,63.75,35.0,75.0
583,0,6021,4,63.75,35.0,75.0
583,0,6022,4,63.75,35.0,75.0
583,0,6023,4,63.75,35.0,75.0
583,0,6026,4,63.75,35.0,75.0
583,0,9298,4,63.75,35.0,75.0
583,0,993,4,63.75,35.0,75.0
723,1,106731,11,64.09,35.0,330.0
723,1,2455,11,64.09,35.0,330.0
723,1,2865,11,64.09,35.0,330.0
723,1,5237,11,64.09,35.0,330.0
723,1,5239,11,64.09,35.0,330.0
723,1,5240,11,64.09,35.0,330.0
723,1,5241,11,64.09,35.0,330.0
723,1,5242,11,64.09,35.0,330.0
723,1,5243,11,64.09,35.0,330.0
723,1,5244,11,64.09,35.0,330.0
723,1,5245,11,64.09,35.0,330.0
723,1,5246,11,64.09,35.0,330.0
723,1,5247,11,64.09,35.0,330.0
723,1,5248,11,64.09,35.0,330.0
723,1,5249,11,64.09,35.0,330.0
723,1,5250,11,64.09,35.0,330.0
723,1,5251,11,64.09,35.0,330.0
723,1,5252,11,64.09,35.0,330.0
723,1,6897,11,64.09,35.0,330.0
723,1,6998,11,64.09,35.0,330.0
723,1,7016,11,64.09,35.0,330.0
723,1,7017,11,64.09,35.0,330.0
723,1,7018,11,64.09,35.0,330.0
723,1,7019,11,64.09,35.0,330.0
723,1,7020,11,64.09,35.0,330.0
723,1,7021,11,64.09,35.0,330.0
723,1,7022,11,64.09,35.0,330.0
723,1,7023,11,64.09,35.0,330.0
723,1,7024,11,64.09,35.0,330.0
723,1,7025,11,64.09,35.0,330.0
723,1,7026,11,64.09,35.0,330.0
723,1,7027,11,64.09,35.0,330.0
723,1,7028,11,64.09,35.0,330.0
723,1,7029,11,64.09,35.0,330.0
723,1,7030,11,64.09,35.0,330.0
723,1,7031,11,64.09,35.0,330.0
723,1,7032,11,64.09,35.0,330.0
723,1,7033,11,64.09,35.0,330.0
723,1,7034,11,64.09,35.0,330.0
723,1,7035,11,64.09,35.0,330.0
723,1,7036,11,64.09,35.0,330.0
723,1,7037,11,64.09,35.0,330.0
723,1,7038,11,64.09,35.0,330.0
723,1,7039,11,64.09,35.0,330.0
723,1,7040,11,64.09,35.0,330.0
723,1,7041,11,64.09,35.0,330.0
723,1,7042,11,64.09,35.0,330.0
723,1,7043,11,64.09,35.0,330.0
723,1,7044,11,64.09,35.0,330.0
723,1,7045,11,64.09,35.0,330.0
723,1,7046,11,64.09,35.0,330.0
840,0,30,3,64.22,2.65,187.35
316,1,1749,7,64.29,20.0,105.0
316,1,1751,7,64.29,20.0,105.0
316,1,1767,7,64.29,20.0,105.0
316,1,2573,7,64.29,20.0,105.0
316,1,2574,7,64.29,20.0,105.0
316,1,3463,7,64.29,20.0,105.0
316,1,3464,7,64.29,20.0,105.0
316,1,3465,7,64.29,20.0,105.0
316,1,3466,7,64.29,20.0,105.0
316,1,3467,7,64.29,20.0,105.0
316,1,3468,7,64.29,20.0,105.0
316,1,3469,7,64.29,20.0,105.0
316,1,3484,7,64.29,20.0,105.0
316,1,3485,7,64.29,20.0,105.0
316,1,3486,7,64.29,20.0,105.0
316,1,3487,7,64.29,20.0,105.0
316,1,3488,7,64.29,20.0,105.0
316,1,3489,7,64.29,20.0,105.0
316,1,3490,7,64.29,20.0,105.0
316,1,3491,7,64.29,20.0,105.0
316,1,3492,7,64.29,20.0,105.0
316,1,3493,7,64.29,20.0,105.0
316,1,3494,7,64.29,20.0,105.0
316,1,3495,7,64.29,20.0,105.0
316,1,3496,7,64.29,20.0,105.0
316,1,3497,7,64.29,20.0,105.0
316,1,3755,7,64.29,20.0,105.0
316,1,3819,7,64.29,20.0,105.0
316,1,4568,7,64.29,20.0,105.0
497,1,1186,13,64.62,60.0,120.0
497,1,152,13,64.62,60.0,120.0
497,1,153,13,64.62,60.0,120.0
497,1,155,13,64.62,60.0,120.0
497,1,160,13,64.62,60.0,120.0
497,1,165,13,64.62,60.0,120.0
497,1,166,13,64.62,60.0,120.0
497,1,167,13,64.62,60.0,120.0
497,1,168,13,64.62,60.0,120.0
497,1,169,13,64.62,60.0,120.0
497,1,170,13,64.62,60.0,120.0
497,1,171,13,64.62,60.0,120.0
497,1,2115,13,64.62,60.0,120.0
497,1,2116,13,64.62,60.0,120.0
497,1,248,13,64.62,60.0,120.0
497,1,4477,13,64.62,60.0,120.0
497,1,4501,13,64.62,60.0,120.0
497,1,4502,13,64.62,60.0,120.0
497,1,4503,13,64.62,60.0,120.0
497,1,4504,13,64.62,60.0,120.0
497,1,4505,13,64.62,60.0,120.0
497,1,4506,13,64.62,60.0,120.0
497,1,4507,13,64.62,60.0,120.0
497,1,4508,13,64.62,60.0,120.0
497,1,4541,13,64.62,60.0,120.0
497,1,46,13,64.62,60.0,120.0
497,1,469,13,64.62,60.0,120.0
497,1,47,13,64.62,60.0,120.0
497,1,470,13,64.62,60.0,120.0
497,1,471,13,64.62,60.0,120.0
497,1,48,13,64.62,60.0,120.0
497,1,50,13,64.62,60.0,120.0
497,1,504,13,64.62,60.0,120.0
497,1,505,13,64.62,60.0,120.0
497,1,506,13,64.62,60.0,120.0
497,1,507,13,64.62,60.0,120.0
497,1,508,13,64.62,60.0,120.0
497,1,51,13,64.62,60.0,120.0
497,1,52,13,64.62,60.0,120.0
497,1,521,13,64.62,60.0,120.0
497,1,5273,13,64.62,60.0,120.0
497,1,6296,13,64.62,60.0,120.0
497,1,7088,13,64.62,60.0,120.0
497,1,777,13,64.62,60.0,120.0
497,1,863,13,64.62,60.0,120.0
497,1,887,13,64.62,60.0,120.0
497,1,888,13,64.62,60.0,120.0
497,1,889,13,64.62,60.0,120.0
497,1,937,13,64.62,60.0,120.0
497,1,938,13,64.62,60.0,120.0
497,1,960,13,64.62,60.0,120.0
497,1,961,13,64.62,60.0,120.0
497,1,962,13,64.62,60.0,120.0
79,1,1036,14,65.71,30.0,240.0
79,1,1037,14,65.71,30.0,240.0
79,1,1038,14,65.71,30.0,240.0
79,1,304,14,65.71,30.0,240.0
79,1,40,14,65.71,30.0,240.0
79,1,7273,14,65.71,30.0,240.0
79,1,734,14,65.71,30.0,240.0
79,1,735,14,65.71,30.0,240.0
79,1,736,14,65.71,30.0,240.0
79,1,737,14,65.71,30.0,240.0
79,1,738,14,65.71,30.0,240.0
79,1,739,14,65.71,30.0,240.0
79,1,7742,14,65.71,30.0,240.0
79,1,7743,14,65.71,30.0,240.0
79,1,8851,14,65.71,30.0,240.0
79,1,8852,14,65.71,30.0,240.0
79,1,949,14,65.71,30.0,240.0
79,1,950,14,65.71,30.0,240.0
79,1,951,14,65.71,30.0,240.0
79,1,952,14,65.71,30.0,240.0
79,1,953,14,65.71,30.0,240.0
79,1,954,14,65.71,30.0,240.0
79,1,955,14,65.71,30.0,240.0
79,1,956,14,65.71,30.0,240.0
79,1,957,14,65.71,30.0,240.0
79,1,958,14,65.71,30.0,240.0
79,1,959,14,65.71,30.0,240.0
79,1,974,14,65.71,30.0,240.0
79,1,984,14,65.71,30.0,240.0
79,1,985,14,65.71,30.0,240.0
79,1,988,14,65.71,30.0,240.0
79,1,991,14,65.71,30.0,240.0
79,1,992,14,65.71,30.0,240.0
79,1,993,14,65.71,30.0,240.0
1016,0,107,13,65.77,60.0,90.0
1016,0,217,13,65.77,60.0,90.0
1016,0,319,13,65.77,60.0,90.0
1016,0,320,13,65.77,60.0,90.0
1016,0,321,13,65.77,60.0,90.0
1016,0,322,13,65.77,60.0,90.0
1016,0,323,13,65.77,60.0,90.0
1016,0,324,13,65.77,60.0,90.0
1016,0,325,13,65.77,60.0,90.0
1016,0,326,13,65.77,60.0,90.0
1016,0,327,13,65.77,60.0,90.0
1016,0,328,13,65.77,60.0,90.0
1016,0,329,13,65.77,60.0,90.0
1016,0,330,13,65.77,60.0,90.0
1016,0,331,13,65.77,60.0,90.0
1017,1,105,13,65.77,41.0,94.0
1017,1,107,13,65.77,41.0,94.0
1017,1,217,13,65.77,41.0,94.0
1017,1,2230,13,65.77,41.0,94.0
1017,1,329,13,65.77,41.0,94.0
1017,1,340,13,65.77,41.0,94.0
1017,1,341,13,65.77,41.0,94.0
1017,1,343,13,65.77,41.0,94.0
1017,1,344,13,65.77,41.0,94.0
1017,1,345,13,65.77,41.0,94.0
1017,1,346,13,65.77,41.0,94.0
1017,1,347,13,65.77,41.0,94.0
1017,1,348,13,65.77,41.0,94.0
1017,1,5033,13,65.77,41.0,94.0
712,0,4753,7,65.86,6.02,203.98
590,1,130,20,66.5,20.0,270.0
590,1,131,20,66.5,20.0,270.0
590,1,143,20,66.5,20.0,270.0
590,1,145,20,66.5,20.0,270.0
590,1,1882,20,66.5,20.0,270.0
590,1,1883,20,66.5,20.0,270.0
590,1,1884,20,66.5,20.0,270.0
590,1,1885,20,66.5,20.0,270.0
590,1,1886,20,66.5,20.0,270.0
590,1,1887,20,66.5,20.0,270.0
590,1,1888,20,66.5,20.0,270.0
590,1,1889,20,66.5,20.0,270.0
590,1,1890,20,66.5,20.0,270.0
590,1,1891,20,66.5,20.0,270.0
590,1,1892,20,66.5,20.0,270.0
590,1,1893,20,66.5,20.0,270.0
590,1,1894,20,66.5,20.0,270.0
590,1,1895,20,66.5,20.0,270.0
590,1,1896,20,66.5,20.0,270.0
590,1,1897,20,66.5,20.0,270.0
590,1,1898,20,66.5,20.0,270.0
590,1,1899,20,66.5,20.0,270.0
590,1,1900,20,66.5,20.0,270.0
590,1,1914,20,66.5,20.0,270.0
590,1,3315,20,66.5,20.0,270.0
590,1,343,20,66.5,20.0,270.0
590,1,344,20,66.5,20.0,270.0
590,1,352,20,66.5,20.0,270.0
590,1,353,20,66.5,20.0,270.0
590,1,354,20,66.5,20.0,270.0
590,1,355,20,66.5,20.0,270.0
590,1,356,20,66.5,20.0,270.0
590,1,357,20,66.5,20.0,270.0
590,1,358,20,66.5,20.0,270.0
590,1,360,20,66.5,20.0,270.0
590,1,361,20,66.5,20.0,270.0
590,1,362,20,66.5,20.0,270.0
590,1,381,20,66.5,20.0,270.0
590,1,382,20,66.5,20.0,270.0
590,1,385,20,66.5,20.0,270.0
590,1,40,20,66.5,20.0,270.0
590,1,41,20,66.5,20.0,270.0
590,1,42,20,66.5,20.0,270.0
590,1,43,20,66.5,20.0,270.0
590,1,44,20,66.5,20.0,270.0
590,1,45,20,66.5,20.0,270.0
590,1,4688,20,66.5,20.0,270.0
590,1,4693,20,66.5,20.0,270.0
590,1,4694,20,66.5,20.0,270.0
590,1,4695,20,66.5,20.0,270.0
590,1,5033,20,66.5,20.0,270.0
590,1,6117,20,66.5,20.0,270.0
590,1,6118,20,66.5,20.0,270.0
590,1,6119,20,66.5,20.0,270.0
590,1,6120,20,66.5,20.0,270.0
590,1,6121,20,66.5,20.0,270.0
590,1,6122,20,66.5,20.0,270.0
590,1,6123,20,66.5,20.0,270.0
590,1,6124,20,66.5,20.0,270.0
590,1,6125,20,66.5,20.0,270.0
590,1,6126,20,66.5,20.0,270.0
590,1,795,20,66.5,20.0,270.0
590,1,796,20,66.5,20.0,270.0
590,1,797,20,66.5,20.0,270.0
590,1,798,20,66.5,20.0,270.0
590,1,799,20,66.5,20.0,270.0
781,1,1031,16,66.56,20.0,200.0
781,1,1036,16,66.56,20.0,200.0
781,1,1037,16,66.56,20.0,200.0
781,1,1038,16,66.56,20.0,200.0
781,1,1050,16,66.56,20.0,200.0
781,1,1051,16,66.56,20.0,200.0
781,1,1052,16,66.56,20.0,200.0
781,1,1053,16,66.56,20.0,200.0
781,1,1056,16,66.56,20.0,200.0
781,1,1058,16,66.56,20.0,200.0
781,1,107,16,66.56,20.0,200.0
781,1,1323,16,66.56,20.0,200.0
781,1,1324,16,66.56,20.0,200.0
781,1,1325,16,66.56,20.0,200.0
781,1,1737,16,66.56,20.0,200.0
781,1,1743,16,66.56,20.0,200.0
781,1,1744,16,66.56,20.0,200.0
781,1,1746,16,66.56,20.0,200.0
781,1,1827,16,66.56,20.0,200.0
781,1,2111,16,66.56,20.0,200.0
781,1,2112,16,66.56,20.0,200.0
781,1,2114,16,66.56,20.0,200.0
781,1,2119,16,66.56,20.0,200.0
781,1,319,16,66.56,20.0,200.0
781,1,460,16,66.56,20.0,200.0
781,1,461,16,66.56,20.0,200.0
781,1,741,16,66.56,20.0,200.0
781,1,766,16,66.56,20.0,200.0
781,1,785,16,66.56,20.0,200.0
781,1,801,16,66.56,20.0,200.0
781,1,802,16,66.56,20.0,200.0
781,1,803,16,66.56,20.0,200.0
781,1,804,16,66.56,20.0,200.0
781,1,805,16,66.56,20.0,200.0
781,1,806,16,66.56,20.0,200.0
781,1,955,16,66.56,20.0,200.0
781,1,956,16,66.56,20.0,200.0
781,1,957,16,66.56,20.0,200.0
781,1,958,16,66.56,20.0,200.0
781,1,959,16,66.56,20.0,200.0
781,1,974,16,66.56,20.0,200.0
1132,0,6034,4,67.5,60.0,90.0
1132,0,6059,4,67.5,60.0,90.0
1132,0,6129,4,67.5,60.0,90.0
1132,0,6130,4,67.5,60.0,90.0
1132,0,6161,4,67.5,60.0,90.0
1132,0,6162,4,67.5,60.0,90.0
1132,0,6306,4,67.5,60.0,90.0
1132,0,7054,4,67.5,60.0,90.0
1132,0,7055,4,67.5,60.0,90.0
1132,0,7056,4,67.5,60.0,90.0
1132,0,7057,4,67.5,60.0,90.0
1132,0,7059,4,67.5,60.0,90.0
1132,0,7060,4,67.5,60.0,90.0
1132,0,8892,4,67.5,60.0,90.0
1132,0,8893,4,67.5,60.0,90.0
1132,0,8894,4,67.5,60.0,90.0
1132,0,8895,4,67.5,60.0,90.0
1132,0,8896,4,67.5,60.0,90.0
1132,0,8897,4,67.5,60.0,90.0
1133,1,6040,4,67.5,60.0,90.0
1133,1,6041,4,67.5,60.0,90.0
1133,1,6127,4,67.5,60.0,90.0
1133,1,6128,4,67.5,60.0,90.0
1133,1,6159,4,67.5,60.0,90.0
1133,1,6160,4,67.5,60.0,90.0
1133,1,6275,4,67.5,60.0,90.0
1133,1,6516,4,67.5,60.0,90.0
1133,1,7066,4,67.5,60.0,90.0
1133,1,7068,4,67.5,60.0,90.0
1133,1,7069,4,67.5,60.0,90.0
1133,1,7070,4,67.5,60.0,90.0
1133,1,7071,4,67.5,60.0,90.0
1133,1,8892,4,67.5,60.0,90.0
1133,1,8898,4,67.5,60.0,90.0
1133,1,8899,4,67.5,60.0,90.0
1133,1,8900,4,67.5,60.0,90.0
1133,1,8901,4,67.5,60.0,90.0
1133,1,8902,4,67.5,60.0,90.0
115,1,105,14,67.5,20.0,150.0
115,1,107,14,67.5,20.0,150.0
115,1,1323,14,67.5,20.0,150.0
115,1,1324,14,67.5,20.0,150.0
115,1,1325,14,67.5,20.0,150.0
115,1,1367,14,67.5,20.0,150.0
115,1,1369,14,67.5,20.0,150.0
115,1,1370,14,67.5,20.0,150.0
115,1,1375,14,67.5,20.0,150.0
115,1,1379,14,67.5,20.0,150.0
115,1,1380,14,67.5,20.0,150.0
115,1,1381,14,67.5,20.0,150.0
115,1,1384,14,67.5,20.0,150.0
115,1,1385,14,67.5,20.0,150.0
115,1,1386,14,67.5,20.0,150.0
115,1,1432,14,67.5,20.0,150.0
115,1,1436,14,67.5,20.0,150.0
115,1,2230,14,67.5,20.0,150.0
115,1,3212,14,67.5,20.0,150.0
115,1,3857,14,67.5,20.0,150.0
115,1,458,14,67.5,20.0,150.0
114,0,102,14,68.21,20.0,150.0
114,0,103,14,68.21,20.0,150.0
114,0,106815,14,68.21,20.0,150.0
114,0,106816,14,68.21,20.0,150.0
114,0,1204,14,68.21,20.0,150.0
114,0,1318,14,68.21,20.0,150.0
114,0,1322,14,68.21,20.0,150.0
114,0,1365,14,68.21,20.0,150.0
114,0,1366,14,68.21,20.0,150.0
114,0,1367,14,68.21,20.0,150.0
114,0,1368,14,68.21,20.0,150.0
114,0,1371,14,68.21,20.0,150.0
114,0,1372,14,68.21,20.0,150.0
114,0,1373,14,68.21,20.0,150.0
114,0,1376,14,68.21,20.0,150.0
114,0,1378,14,68.21,20.0,150.0
114,0,1383,14,68.21,20.0,150.0
114,0,2892,14,68.21,20.0,150.0
114,0,319,14,68.21,20.0,150.0
114,0,320,14,68.21,20.0,150.0
114,0,321,14,68.21,20.0,150.0
114,0,349,14,68.21,20.0,150.0
624,1,101,6,68.33,20.0,100.0
624,1,3846,6,68.33,20.0,100.0
624,1,3847,6,68.33,20.0,100.0
624,1,3848,6,68.33,20.0,100.0
624,1,589,6,68.33,20.0,100.0
624,1,594,6,68.33,20.0,100.0
624,1,6,6,68.33,20.0,100.0
624,1,600,6,68.33,20.0,100.0
624,1,601,6,68.33,20.0,100.0
624,1,603,6,68.33,20.0,100.0
624,1,604,6,68.33,20.0,100.0
624,1,605,6,68.33,20.0,100.0
624,1,606,6,68.33,20.0,100.0
624,1,607,6,68.33,20.0,100.0
624,1,608,6,68.33,20.0,100.0
624,1,62,6,68.33,20.0,100.0
624,1,6382,6,68.33,20.0,100.0
624,1,6395,6,68.33,20.0,100.0
624,1,6397,6,68.33,20.0,100.0
624,1,6398,6,68.33,20.0,100.0
624,1,6399,6,68.33,20.0,100.0
624,1,6400,6,68.33,20.0,100.0
624,1,6401,6,68.33,20.0,100.0
624,1,6402,6,68.33,20.0,100.0
624,1,6403,6,68.33,20.0,100.0
624,1,6404,6,68.33,20.0,100.0
624,1,6405,6,68.33,20.0,100.0
624,1,6406,6,68.33,20.0,100.0
624,1,6407,6,68.33,20.0,100.0
624,1,6408,6,68.33,20.0,100.0
624,1,6409,6,68.33,20.0,100.0
624,1,6410,6,68.33,20.0,100.0
624,1,7735,6,68.33,20.0,100.0
624,1,7920,6,68.33,20.0,100.0
624,1,993,6,68.33,20.0,100.0
624,1,994,6,68.33,20.0,100.0
624,1,995,6,68.33,20.0,100.0
1113,1,5812,10,69.0,10.0,210.0
1113,1,597,10,69.0,10.0,210.0
1113,1,6289,10,69.0,10.0,210.0
1113,1,6299,10,69.0,10.0,210.0
1113,1,6300,10,69.0,10.0,210.0
1113,1,6320,10,69.0,10.0,210.0
1113,1,6456,10,69.0,10.0,210.0
1113,1,6669,10,69.0,10.0,210.0
1113,1,6671,10,69.0,10.0,210.0
1113,1,6672,10,69.0,10.0,210.0
1113,1,695,10,69.0,10.0,210.0
1113,1,7732,10,69.0,10.0,210.0
1113,1,8626,10,69.0,10.0,210.0
1113,1,984,10,69.0,10.0,210.0
1113,1,985,10,69.0,10.0,210.0
1072,0,1253,14,70.0,5.0,140.0
1072,0,1254,14,70.0,5.0,140.0
1072,0,1255,14,70.0,5.0,140.0
1072,0,140,14,70.0,5.0,140.0
1072,0,5361,14,70.0,5.0,140.0
1072,0,5362,14,70.0,5.0,140.0
1072,0,5363,14,70.0,5.0,140.0
1072,0,5364,14,70.0,5.0,140.0
1072,0,5365,14,70.0,5.0,140.0
1072,0,5366,14,70.0,5.0,140.0
1072,0,5367,14,70.0,5.0,140.0
1072,0,5368,14,70.0,5.0,140.0
1072,0,5369,14,70.0,5.0,140.0
165,1,106,12,70.0,30.0,125.0
165,1,107,12,70.0,30.0,125.0
165,1,149,12,70.0,30.0,125.0
165,1,150,12,70.0,30.0,125.0
165,1,151,12,70.0,30.0,125.0
165,1,152,12,70.0,30.0,125.0
165,1,1962,12,70.0,30.0,125.0
165,1,1963,12,70.0,30.0,125.0
165,1,1966,12,70.0,30.0,125.0
165,1,1976,12,70.0,30.0,125.0
165,1,1979,12,70.0,30.0,125.0
165,1,1980,12,70.0,30.0,125.0
165,1,1981,12,70.0,30.0,125.0
165,1,1982,12,70.0,30.0,125.0
165,1,1983,12,70.0,30.0,125.0
165,1,1984,12,70.0,30.0,125.0
165,1,1985,12,70.0,30.0,125.0
165,1,1986,12,70.0,30.0,125.0
165,1,1987,12,70.0,30.0,125.0
165,1,1988,12,70.0,30.0,125.0
165,1,1989,12,70.0,30.0,125.0
165,1,218,12,70.0,30.0,125.0
165,1,219,12,70.0,30.0,125.0
165,1,220,12,70.0,30.0,125.0
165,1,221,12,70.0,30.0,125.0
165,1,222,12,70.0,30.0,125.0
165,1,223,12,70.0,30.0,125.0
165,1,224,12,70.0,30.0,125.0
165,1,225,12,70.0,30.0,125.0
165,1,283,12,70.0,30.0,125.0
165,1,284,12,70.0,30.0,125.0
165,1,285,12,70.0,30.0,125.0
165,1,287,12,70.0,30.0,125.0
165,1,288,12,70.0,30.0,125.0
165,1,3165,12,70.0,30.0,125.0
165,1,3166,12,70.0,30.0,125.0
165,1,3179,12,70.0,30.0,125.0
165,1,343,12,70.0,30.0,125.0
165,1,344,12,70.0,30.0,125.0
165,1,345,12,70.0,30.0,125.0
165,1,346,12,70.0,30.0,125.0
165,1,347,12,70.0,30.0,125.0
165,1,349,12,70.0,30.0,125.0
165,1,4533,12,70.0,30.0,125.0
165,1,5033,12,70.0,30.0,125.0
457,1,130,12,70.0,10.0,140.0
457,1,131,12,70.0,10.0,140.0
457,1,144,12,70.0,10.0,140.0
457,1,149,12,70.0,10.0,140.0
457,1,150,12,70.0,10.0,140.0
457,1,151,12,70.0,10.0,140.0
457,1,152,12,70.0,10.0,140.0
457,1,153,12,70.0,10.0,140.0
457,1,155,12,70.0,10.0,140.0
457,1,160,12,70.0,10.0,140.0
457,1,165,12,70.0,10.0,140.0
457,1,166,12,70.0,10.0,140.0
457,1,167,12,70.0,10.0,140.0
457,1,168,12,70.0,10.0,140.0
457,1,169,12,70.0,10.0,140.0
457,1,170,12,70.0,10.0,140.0
457,1,171,12,70.0,10.0,140.0
457,1,172,12,70.0,10.0,140.0
457,1,1912,12,70.0,10.0,140.0
457,1,1914,12,70.0,10.0,140.0
457,1,3315,12,70.0,10.0,140.0
457,1,373,12,70.0,10.0,140.0
457,1,394,12,70.0,10.0,140.0
457,1,445,12,70.0,10.0,140.0
457,1,446,12,70.0,10.0,140.0
457,1,447,12,70.0,10.0,140.0
457,1,448,12,70.0,10.0,140.0
457,1,449,12,70.0,10.0,140.0
457,1,4509,12,70.0,10.0,140.0
457,1,4533,12,70.0,10.0,140.0
457,1,4541,12,70.0,10.0,140.0
457,1,4626,12,70.0,10.0,140.0
457,1,4627,12,70.0,10.0,140.0
457,1,4628,12,70.0,10.0,140.0
457,1,4629,12,70.0,10.0,140.0
457,1,4630,12,70.0,10.0,140.0
457,1,4631,12,70.0,10.0,140.0
457,1,4632,12,70.0,10.0,140.0
457,1,4633,12,70.0,10.0,140.0
457,1,4634,12,70.0,10.0,140.0
457,1,4635,12,70.0,10.0,140.0
457,1,4636,12,70.0,10.0,140.0
457,1,4637,12,70.0,10.0,140.0
457,1,4638,12,70.0,10.0,140.0
457,1,4639,12,70.0,10.0,140.0
457,1,4640,12,70.0,10.0,140.0
457,1,4641,12,70.0,10.0,140.0
457,1,4642,12,70.0,10.0,140.0
457,1,4643,12,70.0,10.0,140.0
457,1,4688,12,70.0,10.0,140.0
457,1,4692,12,70.0,10.0,140.0
457,1,4693,12,70.0,10.0,140.0
457,1,4694,12,70.0,10.0,140.0
457,1,4695,12,70.0,10.0,140.0
457,1,4907,12,70.0,10.0,140.0
457,1,4945,12,70.0,10.0,140.0
457,1,4951,12,70.0,10.0,140.0
457,1,4953,12,70.0,10.0,140.0
457,1,4954,12,70.0,10.0,140.0
457,1,4955,12,70.0,10.0,140.0
457,1,4956,12,70.0,10.0,140.0
457,1,4957,12,70.0,10.0,140.0
457,1,4958,12,70.0,10.0,140.0
457,1,4959,12,70.0,10.0,140.0
457,1,4960,12,70.0,10.0,140.0
457,1,4961,12,70.0,10.0,140.0
457,1,4977,12,70.0,10.0,140.0
457,1,4978,12,70.0,10.0,140.0
457,1,5011,12,70.0,10.0,140.0
457,1,795,12,70.0,10.0,140.0
457,1,796,12,70.0,10.0,140.0
457,1,797,12,70.0,10.0,140.0
457,1,798,12,70.0,10.0,140.0
457,1,799,12,70.0,10.0,140.0
496,0,114,12,70.0,30.0,150.0
496,0,115,12,70.0,30.0,150.0
496,0,116,12,70.0,30.0,150.0
496,0,117,12,70.0,30.0,150.0
496,0,118,12,70.0,30.0,150.0
496,0,158,12,70.0,30.0,150.0
496,0,159,12,70.0,30.0,150.0
496,0,160,12,70.0,30.0,150.0
496,0,161,12,70.0,30.0,150.0
496,0,162,12,70.0,30.0,150.0
496,0,163,12,70.0,30.0,150.0
496,0,164,12,70.0,30.0,150.0
496,0,2104,12,70.0,30.0,150.0
496,0,2116,12,70.0,30.0,150.0
496,0,22,12,70.0,30.0,150.0
496,0,23,12,70.0,30.0,150.0
496,0,24,12,70.0,30.0,150.0
496,0,248,12,70.0,30.0,150.0
496,0,25,12,70.0,30.0,150.0
496,0,26,12,70.0,30.0,150.0
496,0,27,12,70.0,30.0,150.0
496,0,28,12,70.0,30.0,150.0
496,0,29,12,70.0,30.0,150.0
496,0,30,12,70.0,30.0,150.0
496,0,4475,12,70.0,30.0,150.0
496,0,4476,12,70.0,30.0,150.0
496,0,4477,12,70.0,30.0,150.0
496,0,4478,12,70.0,30.0,150.0
496,0,4479,12,70.0,30.0,150.0
496,0,4480,12,70.0,30.0,150.0
496,0,4482,12,70.0,30.0,150.0
496,0,4483,12,70.0,30.0,150.0
496,0,4484,12,70.0,30.0,150.0
496,0,4537,12,70.0,30.0,150.0
496,0,469,12,70.0,30.0,150.0
496,0,470,12,70.0,30.0,150.0
496,0,471,12,70.0,30.0,150.0
496,0,472,12,70.0,30.0,150.0
496,0,473,12,70.0,30.0,150.0
496,0,474,12,70.0,30.0,150.0
496,0,477,12,70.0,30.0,150.0
496,0,478,12,70.0,30.0,150.0
496,0,520,12,70.0,30.0,150.0
496,0,5272,12,70.0,30.0,150.0
496,0,53,12,70.0,30.0,150.0
496,0,777,12,70.0,30.0,150.0
496,0,862,12,70.0,30.0,150.0
496,0,865,12,70.0,30.0,150.0
496,0,931,12,70.0,30.0,150.0
496,0,932,12,70.0,30.0,150.0
496,0,933,12,70.0,30.0,150.0
496,0,934,12,70.0,30.0,150.0
496,0,935,12,70.0,30.0,150.0
496,0,936,12,70.0,30.0,150.0
496,0,937,12,70.0,30.0,150.0
496,0,938,12,70.0,30.0,150.0
697,1,106843,12,72.08,45.0,180.0
697,1,15,12,72.08,45.0,180.0
697,1,2185,12,72.08,45.0,180.0
697,1,2186,12,72.08,45.0,180.0
697,1,2187,12,72.08,45.0,180.0
697,1,2188,12,72.08,45.0,180.0
697,1,2189,12,72.08,45.0,180.0
697,1,2190,12,72.08,45.0,180.0
697,1,2191,12,72.08,45.0,180.0
697,1,2192,12,72.08,45.0,180.0
697,1,2193,12,72.08,45.0,180.0
697,1,2194,12,72.08,45.0,180.0
697,1,5034,12,72.08,45.0,180.0
697,1,54,12,72.08,45.0,180.0
697,1,567,12,72.08,45.0,180.0
697,1,568,12,72.08,45.0,180.0
697,1,569,12,72.08,45.0,180.0
697,1,570,12,72.08,45.0,180.0
697,1,5812,12,72.08,45.0,180.0
697,1,6289,12,72.08,45.0,180.0
697,1,6292,12,72.08,45.0,180.0
697,1,6299,12,72.08,45.0,180.0
697,1,6300,12,72.08,45.0,180.0
697,1,6320,12,72.08,45.0,180.0
697,1,6456,12,72.08,45.0,180.0
697,1,6470,12,72.08,45.0,180.0
697,1,6482,12,72.08,45.0,180.0
697,1,6669,12,72.08,45.0,180.0
697,1,6671,12,72.08,45.0,180.0
697,1,6672,12,72.08,45.0,180.0
697,1,6694,12,72.08,45.0,180.0
697,1,6696,12,72.08,45.0,180.0
697,1,6697,12,72.08,45.0,180.0
697,1,6698,12,72.08,45.0,180.0
697,1,6699,12,72.08,45.0,180.0
697,1,6700,12,72.08,45.0,180.0
697,1,6701,12,72.08,45.0,180.0
697,1,6702,12,72.08,45.0,180.0
697,1,6909,12,72.08,45.0,180.0
697,1,6911,12,72.08,45.0,180.0
697,1,6912,12,72.08,45.0,180.0
697,1,6914,12,72.08,45.0,180.0
697,1,6916,12,72.08,45.0,180.0
697,1,6917,12,72.08,45.0,180.0
697,1,6918,12,72.08,45.0,180.0
697,1,6919,12,72.08,45.0,180.0
697,1,695,12,72.08,45.0,180.0
697,1,698,12,72.08,45.0,180.0
697,1,699,12,72.08,45.0,180.0
697,1,700,12,72.08,45.0,180.0
697,1,701,12,72.08,45.0,180.0
697,1,702,12,72.08,45.0,180.0
697,1,703,12,72.08,45.0,180.0
697,1,704,12,72.08,45.0,180.0
697,1,705,12,72.08,45.0,180.0
697,1,7101,12,72.08,45.0,180.0
697,1,761,12,72.08,45.0,180.0
697,1,7611,12,72.08,45.0,180.0
697,1,763,12,72.08,45.0,180.0
697,1,769,12,72.08,45.0,180.0
697,1,770,12,72.08,45.0,180.0
697,1,771,12,72.08,45.0,180.0
697,1,7732,12,72.08,45.0,180.0
697,1,85,12,72.08,45.0,180.0
697,1,861,12,72.08,45.0,180.0
697,1,879,12,72.08,45.0,180.0
697,1,880,12,72.08,45.0,180.0
697,1,887,12,72.08,45.0,180.0
697,1,961,12,72.08,45.0,180.0
697,1,962,12,72.08,45.0,180.0
697,1,978,12,72.08,45.0,180.0
697,1,979,12,72.08,45.0,180.0
697,1,980,12,72.08,45.0,180.0
697,1,982,12,72.08,45.0,180.0
697,1,983,12,72.08,45.0,180.0
697,1,984,12,72.08,45.0,180.0
697,1,985,12,72.08,45.0,180.0
1001,1,114,12,72.5,50.0,90.0
1001,1,115,12,72.5,50.0,90.0
1001,1,116,12,72.5,50.0,90.0
1001,1,117,12,72.5,50.0,90.0
1001,1,118,12,72.5,50.0,90.0
1001,1,119,12,72.5,50.0,90.0
1001,1,120,12,72.5,50.0,90.0
1001,1,121,12,72.5,50.0,90.0
1001,1,158,12,72.5,50.0,90.0
1001,1,159,12,72.5,50.0,90.0
1001,1,161,12,72.5,50.0,90.0
1001,1,162,12,72.5,50.0,90.0
1001,1,163,12,72.5,50.0,90.0
1001,1,164,12,72.5,50.0,90.0
1001,1,1838,12,72.5,50.0,90.0
1001,1,1840,12,72.5,50.0,90.0
1001,1,1911,12,72.5,50.0,90.0
1001,1,1913,12,72.5,50.0,90.0
1001,1,1914,12,72.5,50.0,90.0
1001,1,217,12,72.5,50.0,90.0
1001,1,373,12,72.5,50.0,90.0
1001,1,4536,12,72.5,50.0,90.0
1001,1,4537,12,72.5,50.0,90.0
1001,1,4626,12,72.5,50.0,90.0
1001,1,4627,12,72.5,50.0,90.0
1001,1,4628,12,72.5,50.0,90.0
1001,1,4629,12,72.5,50.0,90.0
1001,1,4630,12,72.5,50.0,90.0
1001,1,4631,12,72.5,50.0,90.0
1001,1,4632,12,72.5,50.0,90.0
1001,1,4633,12,72.5,50.0,90.0
1001,1,4634,12,72.5,50.0,90.0
1001,1,4635,12,72.5,50.0,90.0
1001,1,4636,12,72.5,50.0,90.0
1001,1,4637,12,72.5,50.0,90.0
1001,1,4638,12,72.5,50.0,90.0
1001,1,4639,12,72.5,50.0,90.0
1001,1,4640,12,72.5,50.0,90.0
1001,1,4641,12,72.5,50.0,90.0
1001,1,4642,12,72.5,50.0,90.0
1001,1,4643,12,72.5,50.0,90.0
1001,1,4688,12,72.5,50.0,90.0
1001,1,4692,12,72.5,50.0,90.0
1001,1,4693,12,72.5,50.0,90.0
1001,1,4694,12,72.5,50.0,90.0
1001,1,4695,12,72.5,50.0,90.0
1001,1,4907,12,72.5,50.0,90.0
1001,1,8451,12,72.5,50.0,90.0
1001,1,8526,12,72.5,50.0,90.0
1001,1,8531,12,72.5,50.0,90.0
1001,1,8533,12,72.5,50.0,90.0
1001,1,8535,12,72.5,50.0,90.0
1001,1,8537,12,72.5,50.0,90.0
1001,1,8538,12,72.5,50.0,90.0
1001,1,8539,12,72.5,50.0,90.0
1001,1,8540,12,72.5,50.0,90.0
1001,1,8541,12,72.5,50.0,90.0
1001,1,8542,12,72.5,50.0,90.0
1001,1,8543,12,72.5,50.0,90.0
1073,1,1254,14,73.21,5.0,140.0
1073,1,1263,14,73.21,5.0,140.0
1073,1,1265,14,73.21,5.0,140.0
1073,1,141,14,73.21,5.0,140.0
1073,1,5361,14,73.21,5.0,140.0
1073,1,5370,14,73.21,5.0,140.0
1073,1,5371,14,73.21,5.0,140.0
1073,1,5372,14,73.21,5.0,140.0
1073,1,5373,14,73.21,5.0,140.0
1073,1,5374,14,73.21,5.0,140.0
1073,1,5375,14,73.21,5.0,140.0
1073,1,5376,14,73.21,5.0,140.0
1073,1,5377,14,73.21,5.0,140.0
838,1,106,11,73.64,35.0,115.0
838,1,133,11,73.64,35.0,115.0
838,1,134,11,73.64,35.0,115.0
838,1,135,11,73.64,35.0,115.0
838,1,136,11,73.64,35.0,115.0
838,1,142,11,73.64,35.0,115.0
838,1,1815,11,73.64,35.0,115.0
838,1,1816,11,73.64,35.0,115.0
838,1,1817,11,73.64,35.0,115.0
838,1,1818,11,73.64,35.0,115.0
838,1,1819,11,73.64,35.0,115.0
838,1,1820,11,73.64,35.0,115.0
838,1,1821,11,73.64,35.0,115.0
838,1,1822,11,73.64,35.0,115.0
838,1,1823,11,73.64,35.0,115.0
838,1,1824,11,73.64,35.0,115.0
838,1,1825,11,73.64,35.0,115.0
838,1,1826,11,73.64,35.0,115.0
838,1,1827,11,73.64,35.0,115.0
838,1,1828,11,73.64,35.0,115.0
838,1,4469,11,73.64,35.0,115.0
838,1,5270,11,73.64,35.0,115.0
838,1,5271,11,73.64,35.0,115.0
838,1,7768,11,73.64,35.0,115.0
838,1,797,11,73.64,35.0,115.0
838,1,798,11,73.64,35.0,115.0
838,1,799,11,73.64,35.0,115.0
162,0,107,12,73.75,45.0,125.0
162,0,117,12,73.75,45.0,125.0
162,0,118,12,73.75,45.0,125.0
162,0,119,12,73.75,45.0,125.0
162,0,120,12,73.75,45.0,125.0
162,0,121,12,73.75,45.0,125.0
162,0,1954,12,73.75,45.0,125.0
162,0,1955,12,73.75,45.0,125.0
162,0,1956,12,73.75,45.0,125.0
162,0,1957,12,73.75,45.0,125.0
162,0,1959,12,73.75,45.0,125.0
162,0,1960,12,73.75,45.0,125.0
162,0,1961,12,73.75,45.0,125.0
162,0,1967,12,73.75,45.0,125.0
162,0,1968,12,73.75,45.0,125.0
162,0,1969,12,73.75,45.0,125.0
162,0,1970,12,73.75,45.0,125.0
162,0,1971,12,73.75,45.0,125.0
162,0,1972,12,73.75,45.0,125.0
162,0,1973,12,73.75,45.0,125.0
162,0,1974,12,73.75,45.0,125.0
162,0,1975,12,73.75,45.0,125.0
162,0,1976,12,73.75,45.0,125.0
162,0,1977,12,73.75,45.0,125.0
162,0,1978,12,73.75,45.0,125.0
162,0,1990,12,73.75,45.0,125.0
162,0,201,12,73.75,45.0,125.0
162,0,202,12,73.75,45.0,125.0
162,0,203,12,73.75,45.0,125.0
162,0,204,12,73.75,45.0,125.0
162,0,205,12,73.75,45.0,125.0
162,0,206,12,73.75,45.0,125.0
162,0,207,12,73.75,45.0,125.0
162,0,225,12,73.75,45.0,125.0
162,0,282,12,73.75,45.0,125.0
162,0,284,12,73.75,45.0,125.0
162,0,287,12,73.75,45.0,125.0
162,0,288,12,73.75,45.0,125.0
162,0,3179,12,73.75,45.0,125.0
162,0,319,12,73.75,45.0,125.0
162,0,320,12,73.75,45.0,125.0
162,0,321,12,73.75,45.0,125.0
162,0,322,12,73.75,45.0,125.0
162,0,324,12,73.75,45.0,125.0
162,0,331,12,73.75,45.0,125.0
162,0,8605,12,73.75,45.0,125.0
400,0,1694,12,73.75,55.0,105.0
400,0,1699,12,73.75,55.0,105.0
400,0,1700,12,73.75,55.0,105.0
400,0,3553,12,73.75,55.0,105.0
400,0,3554,12,73.75,55.0,105.0
400,0,3555,12,73.75,55.0,105.0
400,0,3588,12,73.75,55.0,105.0
400,0,3590,12,73.75,55.0,105.0
400,0,3874,12,73.75,55.0,105.0
400,0,3878,12,73.75,55.0,105.0
400,0,3880,12,73.75,55.0,105.0
400,0,3881,12,73.75,55.0,105.0
400,0,3882,12,73.75,55.0,105.0
400,0,3883,12,73.75,55.0,105.0
400,0,3884,12,73.75,55.0,105.0
400,0,3885,12,73.75,55.0,105.0
400,0,3886,12,73.75,55.0,105.0
400,0,3887,12,73.75,55.0,105.0
400,0,3891,12,73.75,55.0,105.0
400,0,3892,12,73.75,55.0,105.0
400,0,3893,12,73.75,55.0,105.0
400,0,3894,12,73.75,55.0,105.0
400,0,3897,12,73.75,55.0,105.0
400,0,3898,12,73.75,55.0,105.0
400,0,3899,12,73.75,55.0,105.0
400,0,4070,12,73.75,55.0,105.0
400,0,4072,12,73.75,55.0,105.0
400,0,4073,12,73.75,55.0,105.0
400,0,4074,12,73.75,55.0,105.0
400,0,4076,12,73.75,55.0,105.0
400,0,4082,12,73.75,55.0,105.0
400,0,4083,12,73.75,55.0,105.0
400,0,4087,12,73.75,55.0,105.0
400,0,4089,12,73.75,55.0,105.0
400,0,4091,12,73.75,55.0,105.0
400,0,4093,12,73.75,55.0,105.0
400,0,4095,12,73.75,55.0,105.0
400,0,4096,12,73.75,55.0,105.0
400,0,4097,12,73.75,55.0,105.0
400,0,4100,12,73.75,55.0,105.0
400,0,4101,12,73.75,55.0,105.0
400,0,4102,12,73.75,55.0,105.0
400,0,4112,12,73.75,55.0,105.0
400,0,4119,12,73.75,55.0,105.0
400,0,4120,12,73.75,55.0,105.0
400,0,4123,12,73.75,55.0,105.0
400,0,4124,12,73.75,55.0,105.0
400,0,4125,12,73.75,55.0,105.0
400,0,4126,12,73.75,55.0,105.0
400,0,4133,12,73.75,55.0,105.0
400,0,4135,12,73.75,55.0,105.0
400,0,419,12,73.75,55.0,105.0
400,0,4278,12,73.75,55.0,105.0
400,0,4279,12,73.75,55.0,105.0
400,0,428,12,73.75,55.0,105.0
400,0,4280,12,73.75,55.0,105.0
400,0,4281,12,73.75,55.0,105.0
400,0,4282,12,73.75,55.0,105.0
400,0,4283,12,73.75,55.0,105.0
400,0,4284,12,73.75,55.0,105.0
400,0,4285,12,73.75,55.0,105.0
400,0,4286,12,73.75,55.0,105.0
400,0,4287,12,73.75,55.0,105.0
400,0,4288,12,73.75,55.0,105.0
400,0,4289,12,73.75,55.0,105.0
400,0,429,12,73.75,55.0,105.0
400,0,4290,12,73.75,55.0,105.0
400,0,4291,12,73.75,55.0,105.0
400,0,4292,12,73.75,55.0,105.0
400,0,4293,12,73.75,55.0,105.0
400,0,4294,12,73.75,55.0,105.0
400,0,4295,12,73.75,55.0,105.0
400,0,4296,12,73.75,55.0,105.0
400,0,4297,12,73.75,55.0,105.0
400,0,4298,12,73.75,55.0,105.0
400,0,4299,12,73.75,55.0,105.0
400,0,430,12,73.75,55.0,105.0
400,0,4300,12,73.75,55.0,105.0
400,0,4301,12,73.75,55.0,105.0
400,0,4302,12,73.75,55.0,105.0
400,0,4303,12,73.75,55.0,105.0
400,0,4304,12,73.75,55.0,105.0
400,0,4305,12,73.75,55.0,105.0
400,0,4306,12,73.75,55.0,105.0
400,0,4307,12,73.75,55.0,105.0
400,0,4308,12,73.75,55.0,105.0
400,0,4309,12,73.75,55.0,105.0
400,0,4310,12,73.75,55.0,105.0
400,0,4311,12,73.75,55.0,105.0
400,0,4312,12,73.75,55.0,105.0
400,0,4313,12,73.75,55.0,105.0
400,0,4314,12,73.75,55.0,105.0
400,0,4315,12,73.75,55.0,105.0
400,0,4316,12,73.75,55.0,105.0
400,0,4323,12,73.75,55.0,105.0
400,0,4325,12,73.75,55.0,105.0
400,0,4334,12,73.75,55.0,105.0
400,0,4336,12,73.75,55.0,105.0
400,0,4338,12,73.75,55.0,105.0
400,0,4342,12,73.75,55.0,105.0
400,0,4346,12,73.75,55.0,105.0
400,0,4347,12,73.75,55.0,105.0
400,0,4351,12,73.75,55.0,105.0
400,0,4356,12,73.75,55.0,105.0
400,0,4357,12,73.75,55.0,105.0
400,0,4358,12,73.75,55.0,105.0
400,0,4360,12,73.75,55.0,105.0
400,0,4367,12,73.75,55.0,105.0
400,0,4370,12,73.75,55.0,105.0
400,0,4371,12,73.75,55.0,105.0
400,0,4376,12,73.75,55.0,105.0
400,0,4377,12,73.75,55.0,105.0
400,0,4383,12,73.75,55.0,105.0
400,0,450,12,73.75,55.0,105.0
533,1,136,10,74.5,10.0,230.0
533,1,137,10,74.5,10.0,230.0
533,1,138,10,74.5,10.0,230.0
533,1,139,10,74.5,10.0,230.0
533,1,141,10,74.5,10.0,230.0
533,1,5420,10,74.5,10.0,230.0
533,1,5424,10,74.5,10.0,230.0
533,1,5425,10,74.5,10.0,230.0
533,1,5426,10,74.5,10.0,230.0
533,1,5427,10,74.5,10.0,230.0
533,1,5428,10,74.5,10.0,230.0
533,1,5429,10,74.5,10.0,230.0
533,1,5430,10,74.5,10.0,230.0
533,1,5431,10,74.5,10.0,230.0
533,1,5432,10,74.5,10.0,230.0
533,1,5433,10,74.5,10.0,230.0
533,1,5434,10,74.5,10.0,230.0
533,1,5435,10,74.5,10.0,230.0
533,1,5436,10,74.5,10.0,230.0
533,1,5437,10,74.5,10.0,230.0
533,1,5438,10,74.5,10.0,230.0
533,1,5439,10,74.5,10.0,230.0
533,1,5440,10,74.5,10.0,230.0
533,1,5441,10,74.5,10.0,230.0
533,1,5505,10,74.5,10.0,230.0
533,1,5506,10,74.5,10.0,230.0
533,1,5507,10,74.5,10.0,230.0
533,1,5508,10,74.5,10.0,230.0
533,1,5509,10,74.5,10.0,230.0
533,1,5510,10,74.5,10.0,230.0
533,1,5511,10,74.5,10.0,230.0
533,1,5512,10,74.5,10.0,230.0
533,1,5513,10,74.5,10.0,230.0
533,1,5514,10,74.5,10.0,230.0
533,1,5515,10,74.5,10.0,230.0
533,1,5517,10,74.5,10.0,230.0
533,1,5518,10,74.5,10.0,230.0
533,1,5520,10,74.5,10.0,230.0
533,1,5597,10,74.5,10.0,230.0
533,1,5614,10,74.5,10.0,230.0
533,1,5622,10,74.5,10.0,230.0
533,1,5623,10,74.5,10.0,230.0
533,1,5624,10,74.5,10.0,230.0
533,1,5625,10,74.5,10.0,230.0
533,1,5626,10,74.5,10.0,230.0
533,1,5627,10,74.5,10.0,230.0
533,1,5628,10,74.5,10.0,230.0
533,1,5629,10,74.5,10.0,230.0
533,1,5630,10,74.5,10.0,230.0
533,1,5631,10,74.5,10.0,230.0
533,1,5632,10,74.5,10.0,230.0
533,1,5633,10,74.5,10.0,230.0
533,1,5634,10,74.5,10.0,230.0
533,1,5635,10,74.5,10.0,230.0
533,1,5636,10,74.5,10.0,230.0
533,1,5637,10,74.5,10.0,230.0
533,1,5638,10,74.5,10.0,230.0
533,1,5639,10,74.5,10.0,230.0
533,1,5640,10,74.5,10.0,230.0
533,1,5641,10,74.5,10.0,230.0
533,1,5642,10,74.5,10.0,230.0
533,1,5643,10,74.5,10.0,230.0
533,1,5644,10,74.5,10.0,230.0
533,1,5645,10,74.5,10.0,230.0
533,1,5646,10,74.5,10.0,230.0
533,1,5647,10,74.5,10.0,230.0
533,1,5648,10,74.5,10.0,230.0
533,1,5663,10,74.5,10.0,230.0
533,1,5664,10,74.5,10.0,230.0
533,1,5665,10,74.5,10.0,230.0
533,1,5666,10,74.5,10.0,230.0
533,1,5667,10,74.5,10.0,230.0
533,1,5668,10,74.5,10.0,230.0
533,1,5670,10,74.5,10.0,230.0
533,1,5672,10,74.5,10.0,230.0
533,1,5682,10,74.5,10.0,230.0
533,1,5685,10,74.5,10.0,230.0
533,1,5698,10,74.5,10.0,230.0
533,1,5699,10,74.5,10.0,230.0
533,1,5700,10,74.5,10.0,230.0
533,1,5701,10,74.5,10.0,230.0
533,1,5702,10,74.5,10.0,230.0
533,1,5703,10,74.5,10.0,230.0
533,1,5704,10,74.5,10.0,230.0
533,1,5705,10,74.5,10.0,230.0
533,1,5706,10,74.5,10.0,230.0
533,1,5707,10,74.5,10.0,230.0
533,1,5708,10,74.5,10.0,230.0
533,1,5709,10,74.5,10.0,230.0
533,1,5710,10,74.5,10.0,230.0
533,1,5711,10,74.5,10.0,230.0
533,1,5712,10,74.5,10.0,230.0
533,1,5713,10,74.5,10.0,230.0
533,1,5714,10,74.5,10.0,230.0
533,1,5715,10,74.5,10.0,230.0
533,1,5716,10,74.5,10.0,230.0
533,1,5717,10,74.5,10.0,230.0
533,1,5718,10,74.5,10.0,230.0
533,1,5719,10,74.5,10.0,230.0
533,1,5720,10,74.5,10.0,230.0
533,1,5721,10,74.5,10.0,230.0
533,1,5722,10,74.5,10.0,230.0
533,1,5723,10,74.5,10.0,230.0
533,1,5724,10,74.5,10.0,230.0
1000,0,149,11,74.55,50.0,95.0
1000,0,150,11,74.55,50.0,95.0
1000,0,152,11,74.55,50.0,95.0
1000,0,153,11,74.55,50.0,95.0
1000,0,160,11,74.55,50.0,95.0
1000,0,165,11,74.55,50.0,95.0
1000,0,166,11,74.55,50.0,95.0
1000,0,167,11,74.55,50.0,95.0
1000,0,168,11,74.55,50.0,95.0
1000,0,169,11,74.55,50.0,95.0
1000,0,170,11,74.55,50.0,95.0
1000,0,171,11,74.55,50.0,95.0
1000,0,1836,11,74.55,50.0,95.0
1000,0,1837,11,74.55,50.0,95.0
1000,0,1838,11,74.55,50.0,95.0
1000,0,1839,11,74.55,50.0,95.0
1000,0,1840,11,74.55,50.0,95.0
1000,0,1841,11,74.55,50.0,95.0
1000,0,217,11,74.55,50.0,95.0
1000,0,4533,11,74.55,50.0,95.0
1000,0,4541,11,74.55,50.0,95.0
1000,0,4542,11,74.55,50.0,95.0
1000,0,4607,11,74.55,50.0,95.0
1000,0,4608,11,74.55,50.0,95.0
1000,0,4609,11,74.55,50.0,95.0
1000,0,4610,11,74.55,50.0,95.0
1000,0,4611,11,74.55,50.0,95.0
1000,0,4612,11,74.55,50.0,95.0
1000,0,4613,11,74.55,50.0,95.0
1000,0,4614,11,74.55,50.0,95.0
1000,0,4615,11,74.55,50.0,95.0
1000,0,4616,11,74.55,50.0,95.0
1000,0,4617,11,74.55,50.0,95.0
1000,0,4618,11,74.55,50.0,95.0
1000,0,4619,11,74.55,50.0,95.0
1000,0,4620,11,74.55,50.0,95.0
1000,0,4621,11,74.55,50.0,95.0
1000,0,4622,11,74.55,50.0,95.0
1000,0,4623,11,74.55,50.0,95.0
1000,0,4625,11,74.55,50.0,95.0
1000,0,4687,11,74.55,50.0,95.0
1000,0,4688,11,74.55,50.0,95.0
1000,0,4689,11,74.55,50.0,95.0
1000,0,4690,11,74.55,50.0,95.0
1000,0,4705,11,74.55,50.0,95.0
1000,0,4823,11,74.55,50.0,95.0
1000,0,4906,11,74.55,50.0,95.0
1000,0,8501,11,74.55,50.0,95.0
1000,0,8526,11,74.55,50.0,95.0
1000,0,8527,11,74.55,50.0,95.0
1000,0,8528,11,74.55,50.0,95.0
1000,0,8529,11,74.55,50.0,95.0
1000,0,8530,11,74.55,50.0,95.0
1000,0,8531,11,74.55,50.0,95.0
1000,0,8532,11,74.55,50.0,95.0
1000,0,8533,11,74.55,50.0,95.0
1000,0,8534,11,74.55,50.0,95.0
1000,0,8535,11,74.55,50.0,95.0
1000,0,8536,11,74.55,50.0,95.0
401,1,106824,12,74.58,25.0,135.0
401,1,1689,12,74.58,25.0,135.0
401,1,1690,12,74.58,25.0,135.0
401,1,1694,12,74.58,25.0,135.0
401,1,3555,12,74.58,25.0,135.0
401,1,3557,12,74.58,25.0,135.0
401,1,3558,12,74.58,25.0,135.0
401,1,3559,12,74.58,25.0,135.0
401,1,3593,12,74.58,25.0,135.0
401,1,3900,12,74.58,25.0,135.0
401,1,3901,12,74.58,25.0,135.0
401,1,3902,12,74.58,25.0,135.0
401,1,3907,12,74.58,25.0,135.0
401,1,3908,12,74.58,25.0,135.0
401,1,3910,12,74.58,25.0,135.0
401,1,3912,12,74.58,25.0,135.0
401,1,3915,12,74.58,25.0,135.0
401,1,3917,12,74.58,25.0,135.0
401,1,3919,12,74.58,25.0,135.0
401,1,3921,12,74.58,25.0,135.0
401,1,3922,12,74.58,25.0,135.0
401,1,3923,12,74.58,25.0,135.0
401,1,4102,12,74.58,25.0,135.0
401,1,4103,12,74.58,25.0,135.0
401,1,4104,12,74.58,25.0,135.0
401,1,4105,12,74.58,25.0,135.0
401,1,4107,12,74.58,25.0,135.0
401,1,4108,12,74.58,25.0,135.0
401,1,4109,12,74.58,25.0,135.0
401,1,4111,12,74.58,25.0,135.0
401,1,4112,12,74.58,25.0,135.0
401,1,4113,12,74.58,25.0,135.0
401,1,4115,12,74.58,25.0,135.0
401,1,4117,12,74.58,25.0,135.0
401,1,4119,12,74.58,25.0,135.0
401,1,4120,12,74.58,25.0,135.0
401,1,4121,12,74.58,25.0,135.0
401,1,4122,12,74.58,25.0,135.0
401,1,4123,12,74.58,25.0,135.0
401,1,4124,12,74.58,25.0,135.0
401,1,4125,12,74.58,25.0,135.0
401,1,4126,12,74.58,25.0,135.0
401,1,4128,12,74.58,25.0,135.0
401,1,4130,12,74.58,25.0,135.0
401,1,4131,12,74.58,25.0,135.0
401,1,4132,12,74.58,25.0,135.0
401,1,4133,12,74.58,25.0,135.0
401,1,4134,12,74.58,25.0,135.0
401,1,4135,12,74.58,25.0,135.0
401,1,4136,12,74.58,25.0,135.0
401,1,422,12,74.58,25.0,135.0
401,1,424,12,74.58,25.0,135.0
401,1,4278,12,74.58,25.0,135.0
401,1,4279,12,74.58,25.0,135.0
401,1,4280,12,74.58,25.0,135.0
401,1,4281,12,74.58,25.0,135.0
401,1,4282,12,74.58,25.0,135.0
401,1,4283,12,74.58,25.0,135.0
401,1,4284,12,74.58,25.0,135.0
401,1,4285,12,74.58,25.0,135.0
401,1,4286,12,74.58,25.0,135.0
401,1,4287,12,74.58,25.0,135.0
401,1,4288,12,74.58,25.0,135.0
401,1,4289,12,74.58,25.0,135.0
401,1,429,12,74.58,25.0,135.0
401,1,4290,12,74.58,25.0,135.0
401,1,4291,12,74.58,25.0,135.0
401,1,4292,12,74.58,25.0,135.0
401,1,4293,12,74.58,25.0,135.0
401,1,4294,12,74.58,25.0,135.0
401,1,4295,12,74.58,25.0,135.0
401,1,4296,12,74.58,25.0,135.0
401,1,4297,12,74.58,25.0,135.0
401,1,4298,12,74.58,25.0,135.0
401,1,4299,12,74.58,25.0,135.0
401,1,4300,12,74.58,25.0,135.0
401,1,4301,12,74.58,25.0,135.0
401,1,4302,12,74.58,25.0,135.0
401,1,4303,12,74.58,25.0,135.0
401,1,4304,12,74.58,25.0,135.0
401,1,4305,12,74.58,25.0,135.0
401,1,4306,12,74.58,25.0,135.0
401,1,4307,12,74.58,25.0,135.0
401,1,4308,12,74.58,25.0,135.0
401,1,4309,12,74.58,25.0,135.0
401,1,4310,12,74.58,25.0,135.0
401,1,4311,12,74.58,25.0,135.0
401,1,4312,12,74.58,25.0,135.0
401,1,4314,12,74.58,25.0,135.0
401,1,4315,12,74.58,25.0,135.0
401,1,4323,12,74.58,25.0,135.0
401,1,4334,12,74.58,25.0,135.0
401,1,4336,12,74.58,25.0,135.0
401,1,4338,12,74.58,25.0,135.0
401,1,4342,12,74.58,25.0,135.0
401,1,4346,12,74.58,25.0,135.0
401,1,4352,12,74.58,25.0,135.0
401,1,4353,12,74.58,25.0,135.0
401,1,4387,12,74.58,25.0,135.0
401,1,4392,12,74.58,25.0,135.0
401,1,4397,12,74.58,25.0,135.0
401,1,4398,12,74.58,25.0,135.0
401,1,4399,12,74.58,25.0,135.0
401,1,4400,12,74.58,25.0,135.0
401,1,4403,12,74.58,25.0,135.0
401,1,4404,12,74.58,25.0,135.0
401,1,4405,12,74.58,25.0,135.0
401,1,4407,12,74.58,25.0,135.0
401,1,4409,12,74.58,25.0,135.0
401,1,4410,12,74.58,25.0,135.0
401,1,4412,12,74.58,25.0,135.0
401,1,4414,12,74.58,25.0,135.0
401,1,4416,12,74.58,25.0,135.0
401,1,450,12,74.58,25.0,135.0
915,1,106712,13,75.0,5.0,140.0
915,1,106721,13,75.0,5.0,140.0
915,1,106722,13,75.0,5.0,140.0
915,1,106723,13,75.0,5.0,140.0
915,1,106724,13,75.0,5.0,140.0
915,1,106725,13,75.0,5.0,140.0
915,1,106726,13,75.0,5.0,140.0
915,1,106727,13,75.0,5.0,140.0
915,1,106728,13,75.0,5.0,140.0
915,1,1749,13,75.0,5.0,140.0
915,1,1751,13,75.0,5.0,140.0
915,1,1761,13,75.0,5.0,140.0
915,1,1762,13,75.0,5.0,140.0
915,1,1763,13,75.0,5.0,140.0
915,1,1764,13,75.0,5.0,140.0
915,1,1767,13,75.0,5.0,140.0
915,1,3391,13,75.0,5.0,140.0
915,1,3429,13,75.0,5.0,140.0
915,1,3431,13,75.0,5.0,140.0
915,1,3432,13,75.0,5.0,140.0
915,1,3433,13,75.0,5.0,140.0
915,1,3434,13,75.0,5.0,140.0
915,1,3435,13,75.0,5.0,140.0
915,1,3436,13,75.0,5.0,140.0
915,1,3437,13,75.0,5.0,140.0
915,1,3438,13,75.0,5.0,140.0
915,1,3439,13,75.0,5.0,140.0
915,1,3440,13,75.0,5.0,140.0
915,1,3441,13,75.0,5.0,140.0
915,1,3442,13,75.0,5.0,140.0
915,1,3443,13,75.0,5.0,140.0
915,1,3693,13,75.0,5.0,140.0
915,1,3714,13,75.0,5.0,140.0
915,1,3715,13,75.0,5.0,140.0
915,1,3716,13,75.0,5.0,140.0
915,1,3717,13,75.0,5.0,140.0
915,1,3718,13,75.0,5.0,140.0
915,1,3720,13,75.0,5.0,140.0
915,1,3721,13,75.0,5.0,140.0
915,1,3722,13,75.0,5.0,140.0
915,1,3723,13,75.0,5.0,140.0
915,1,3724,13,75.0,5.0,140.0
915,1,3725,13,75.0,5.0,140.0
915,1,3726,13,75.0,5.0,140.0
915,1,3727,13,75.0,5.0,140.0
915,1,3728,13,75.0,5.0,140.0
915,1,3729,13,75.0,5.0,140.0
915,1,3730,13,75.0,5.0,140.0
915,1,3731,13,75.0,5.0,140.0
915,1,3732,13,75.0,5.0,140.0
915,1,3733,13,75.0,5.0,140.0
915,1,3734,13,75.0,5.0,140.0
915,1,3735,13,75.0,5.0,140.0
915,1,3736,13,75.0,5.0,140.0
915,1,3737,13,75.0,5.0,140.0
915,1,3738,13,75.0,5.0,140.0
915,1,3739,13,75.0,5.0,140.0
915,1,3740,13,75.0,5.0,140.0
915,1,3741,13,75.0,5.0,140.0
915,1,3742,13,75.0,5.0,140.0
915,1,3743,13,75.0,5.0,140.0
915,1,3745,13,75.0,5.0,140.0
915,1,3752,13,75.0,5.0,140.0
915,1,3755,13,75.0,5.0,140.0
915,1,3759,13,75.0,5.0,140.0
915,1,8131,13,75.0,5.0,140.0
915,1,8132,13,75.0,5.0,140.0
915,1,8133,13,75.0,5.0,140.0
915,1,8134,13,75.0,5.0,140.0
915,1,8135,13,75.0,5.0,140.0
915,1,8136,13,75.0,5.0,140.0
915,1,8137,13,75.0,5.0,140.0
915,1,8138,13,75.0,5.0,140.0
915,1,8139,13,75.0,5.0,140.0
915,1,8140,13,75.0,5.0,140.0
915,1,8141,13,75.0,5.0,140.0
915,1,8142,13,75.0,5.0,140.0
915,1,8143,13,75.0,5.0,140.0
915,1,8144,13,75.0,5.0,140.0
915,1,8145,13,75.0,5.0,140.0
915,1,8146,13,75.0,5.0,140.0
915,1,8147,13,75.0,5.0,140.0
915,1,8148,13,75.0,5.0,140.0
915,1,8149,13,75.0,5.0,140.0
915,1,8150,13,75.0,5.0,140.0
915,1,8151,13,75.0,5.0,140.0
915,1,8152,13,75.0,5.0,140.0
915,1,8153,13,75.0,5.0,140.0
915,1,8154,13,75.0,5.0,140.0
915,1,8155,13,75.0,5.0,140.0
915,1,8156,13,75.0,5.0,140.0
915,1,8157,13,75.0,5.0,140.0
915,1,8158,13,75.0,5.0,140.0
915,1,8159,13,75.0,5.0,140.0
915,1,8160,13,75.0,5.0,140.0
915,1,8161,13,75.0,5.0,140.0
915,1,8162,13,75.0,5.0,140.0
915,1,8165,13,75.0,5.0,140.0
238,1,2829,11,75.06,5.65,249.35
238,1,2865,11,75.61,11.75,243.25
238,1,2864,11,76.14,17.57,237.43
1112,0,5803,9,76.67,60.0,210.0
1112,0,5805,9,76.67,60.0,210.0
1112,0,597,9,76.67,60.0,210.0
1112,0,6163,9,76.67,60.0,210.0
1112,0,6164,9,76.67,60.0,210.0
1112,0,6290,9,76.67,60.0,210.0
1112,0,6444,9,76.67,60.0,210.0
1112,0,6445,9,76.67,60.0,210.0
1112,0,6446,9,76.67,60.0,210.0
1112,0,6657,9,76.67,60.0,210.0
1112,0,6658,9,76.67,60.0,210.0
1112,0,6659,9,76.67,60.0,210.0
1112,0,6660,9,76.67,60.0,210.0
1112,0,695,9,76.67,60.0,210.0
1112,0,8626,9,76.67,60.0,210.0
1112,0,986,9,76.67,60.0,210.0
238,1,2863,11,76.72,23.87,231.13
237,0,2831,9,77.14,0.73,290.73
373,0,1702,11,77.27,5.0,170.0
373,0,3315,11,77.27,5.0,170.0
373,0,3552,11,77.27,5.0,170.0
373,0,3553,11,77.27,5.0,170.0
373,0,3554,11,77.27,5.0,170.0
373,0,3555,11,77.27,5.0,170.0
373,0,3588,11,77.27,5.0,170.0
373,0,3590,11,77.27,5.0,170.0
373,0,3874,11,77.27,5.0,170.0
373,0,3876,11,77.27,5.0,170.0
373,0,3877,11,77.27,5.0,170.0
373,0,3878,11,77.27,5.0,170.0
373,0,3879,11,77.27,5.0,170.0
373,0,3880,11,77.27,5.0,170.0
373,0,3881,11,77.27,5.0,170.0
373,0,3882,11,77.27,5.0,170.0
373,0,3883,11,77.27,5.0,170.0
373,0,3884,11,77.27,5.0,170.0
373,0,3885,11,77.27,5.0,170.0
373,0,3886,11,77.27,5.0,170.0
373,0,3887,11,77.27,5.0,170.0
373,0,3888,11,77.27,5.0,170.0
373,0,3889,11,77.27,5.0,170.0
373,0,3890,11,77.27,5.0,170.0
373,0,3891,11,77.27,5.0,170.0
373,0,3892,11,77.27,5.0,170.0
373,0,3893,11,77.27,5.0,170.0
373,0,3894,11,77.27,5.0,170.0
373,0,3895,11,77.27,5.0,170.0
373,0,3896,11,77.27,5.0,170.0
373,0,3897,11,77.27,5.0,170.0
373,0,3898,11,77.27,5.0,170.0
373,0,3899,11,77.27,5.0,170.0
373,0,404,11,77.27,5.0,170.0
373,0,405,11,77.27,5.0,170.0
373,0,406,11,77.27,5.0,170.0
373,0,407,11,77.27,5.0,170.0
373,0,408,11,77.27,5.0,170.0
373,0,409,11,77.27,5.0,170.0
373,0,410,11,77.27,5.0,170.0
373,0,411,11,77.27,5.0,170.0
373,0,412,11,77.27,5.0,170.0
373,0,413,11,77.27,5.0,170.0
373,0,414,11,77.27,5.0,170.0
373,0,415,11,77.27,5.0,170.0
373,0,416,11,77.27,5.0,170.0
373,0,419,11,77.27,5.0,170.0
373,0,420,11,77.27,5.0,170.0
373,0,421,11,77.27,5.0,170.0
373,0,422,11,77.27,5.0,170.0
373,0,423,11,77.27,5.0,170.0
373,0,424,11,77.27,5.0,170.0
373,0,426,11,77.27,5.0,170.0
373,0,427,11,77.27,5.0,170.0
373,0,433,11,77.27,5.0,170.0
373,0,4351,11,77.27,5.0,170.0
373,0,4356,11,77.27,5.0,170.0
373,0,454,11,77.27,5.0,170.0
246,1,2942,7,77.29,1.0,374.0
379,1,3315,10,78.0,65.0,105.0
379,1,3556,10,78.0,65.0,105.0
379,1,3557,10,78.0,65.0,105.0
379,1,3558,10,78.0,65.0,105.0
379,1,3559,10,78.0,65.0,105.0
379,1,3593,10,78.0,65.0,105.0
379,1,3889,10,78.0,65.0,105.0
379,1,3890,10,78.0,65.0,105.0
379,1,3900,10,78.0,65.0,105.0
379,1,3901,10,78.0,65.0,105.0
379,1,3902,10,78.0,65.0,105.0
379,1,3903,10,78.0,65.0,105.0
379,1,3904,10,78.0,65.0,105.0
379,1,3907,10,78.0,65.0,105.0
379,1,3908,10,78.0,65.0,105.0
379,1,3909,10,78.0,65.0,105.0
379,1,3910,10,78.0,65.0,105.0
379,1,3911,10,78.0,65.0,105.0
379,1,3912,10,78.0,65.0,105.0
379,1,3915,10,78.0,65.0,105.0
379,1,3916,10,78.0,65.0,105.0
379,1,3917,10,78.0,65.0,105.0
379,1,3919,10,78.0,65.0,105.0
379,1,3920,10,78.0,65.0,105.0
379,1,3921,10,78.0,65.0,105.0
379,1,3922,10,78.0,65.0,105.0
379,1,3923,10,78.0,65.0,105.0
379,1,403,10,78.0,65.0,105.0
379,1,408,10,78.0,65.0,105.0
379,1,409,10,78.0,65.0,105.0
379,1,413,10,78.0,65.0,105.0
379,1,415,10,78.0,65.0,105.0
379,1,419,10,78.0,65.0,105.0
379,1,426,10,78.0,65.0,105.0
379,1,427,10,78.0,65.0,105.0
379,1,428,10,78.0,65.0,105.0
379,1,429,10,78.0,65.0,105.0
379,1,430,10,78.0,65.0,105.0
379,1,431,10,78.0,65.0,105.0
379,1,432,10,78.0,65.0,105.0
379,1,435,10,78.0,65.0,105.0
379,1,4352,10,78.0,65.0,105.0
379,1,436,10,78.0,65.0,105.0
379,1,437,10,78.0,65.0,105.0
379,1,438,10,78.0,65.0,105.0
379,1,439,10,78.0,65.0,105.0
379,1,4392,10,78.0,65.0,105.0
379,1,4399,10,78.0,65.0,105.0
379,1,440,10,78.0,65.0,105.0
379,1,4400,10,78.0,65.0,105.0
379,1,4409,10,78.0,65.0,105.0
379,1,441,10,78.0,65.0,105.0
379,1,4410,10,78.0,65.0,105.0
379,1,4414,10,78.0,65.0,105.0
379,1,442,10,78.0,65.0,105.0
379,1,443,10,78.0,65.0,105.0
379,1,444,10,78.0,65.0,105.0
379,1,466,10,78.0,65.0,105.0
1092,0,1233,8,78.75,20.0,230.0
1092,0,1235,8,78.75,20.0,230.0
1092,0,1236,8,78.75,20.0,230.0
1092,0,1237,8,78.75,20.0,230.0
1092,0,1238,8,78.75,20.0,230.0
1092,0,1239,8,78.75,20.0,230.0
1092,0,1240,8,78.75,20.0,230.0
1092,0,1241,8,78.75,20.0,230.0
1092,0,1242,8,78.75,20.0,230.0
1092,0,1249,8,78.75,20.0,230.0
1092,0,1251,8,78.75,20.0,230.0
1092,0,129,8,78.75,20.0,230.0
1092,0,130,8,78.75,20.0,230.0
1092,0,131,8,78.75,20.0,230.0
1092,0,3315,8,78.75,20.0,230.0
1244,0,106475,10,79.0,30.0,135.0
1244,0,1417,10,79.0,30.0,135.0
1244,0,2055,10,79.0,30.0,135.0
1244,0,2057,10,79.0,30.0,135.0
1244,0,2058,10,79.0,30.0,135.0
1244,0,2060,10,79.0,30.0,135.0
1244,0,2061,10,79.0,30.0,135.0
1244,0,2069,10,79.0,30.0,135.0
1244,0,2372,10,79.0,30.0,135.0
1244,0,2730,10,79.0,30.0,135.0
1244,0,3372,10,79.0,30.0,135.0
1244,0,5045,10,79.0,30.0,135.0
1244,0,5046,10,79.0,30.0,135.0
1244,0,5047,10,79.0,30.0,135.0
1244,0,5048,10,79.0,30.0,135.0
1244,0,5049,10,79.0,30.0,135.0
1244,0,5050,10,79.0,30.0,135.0
1244,0,5051,10,79.0,30.0,135.0
1244,0,5052,10,79.0,30.0,135.0
1244,0,5054,10,79.0,30.0,135.0
1244,0,5055,10,79.0,30.0,135.0
1244,0,5056,10,79.0,30.0,135.0
1244,0,5057,10,79.0,30.0,135.0
1244,0,5058,10,79.0,30.0,135.0
1244,0,5064,10,79.0,30.0,135.0
1244,0,5073,10,79.0,30.0,135.0
1245,1,106475,10,79.0,30.0,210.0
1245,1,2056,10,79.0,30.0,210.0
1245,1,2065,10,79.0,30.0,210.0
1245,1,2066,10,79.0,30.0,210.0
1245,1,2067,10,79.0,30.0,210.0
1245,1,2068,10,79.0,30.0,210.0
1245,1,2070,10,79.0,30.0,210.0
1245,1,2071,10,79.0,30.0,210.0
1245,1,2733,10,79.0,30.0,210.0
1245,1,2752,10,79.0,30.0,210.0
1245,1,4568,10,79.0,30.0,210.0
1245,1,5045,10,79.0,30.0,210.0
1245,1,5047,10,79.0,30.0,210.0
1245,1,5053,10,79.0,30.0,210.0
1245,1,5054,10,79.0,30.0,210.0
1245,1,5059,10,79.0,30.0,210.0
1245,1,5060,10,79.0,30.0,210.0
1245,1,5061,10,79.0,30.0,210.0
1245,1,5062,10,79.0,30.0,210.0
1245,1,5065,10,79.0,30.0,210.0
1245,1,5066,10,79.0,30.0,210.0
1245,1,5067,10,79.0,30.0,210.0
1245,1,5068,10,79.0,30.0,210.0
1245,1,5069,10,79.0,30.0,210.0
1245,1,5071,10,79.0,30.0,210.0
1245,1,5073,10,79.0,30.0,210.0
921,1,8179,5,80.28,1.38,358.62
780,0,1031,17,80.29,25.0,365.0
780,0,1032,17,80.29,25.0,365.0
780,0,1033,17,80.29,25.0,365.0
780,0,1034,17,80.29,25.0,365.0
780,0,1035,17,80.29,25.0,365.0
780,0,1040,17,80.29,25.0,365.0
780,0,1041,17,80.29,25.0,365.0
780,0,1043,17,80.29,25.0,365.0
780,0,1044,17,80.29,25.0,365.0
780,0,1045,17,80.29,25.0,365.0
780,0,1047,17,80.29,25.0,365.0
780,0,1048,17,80.29,25.0,365.0
780,0,106815,17,80.29,25.0,365.0
780,0,106816,17,80.29,25.0,365.0
780,0,1322,17,80.29,25.0,365.0
780,0,1376,17,80.29,25.0,365.0
780,0,1742,17,80.29,25.0,365.0
780,0,1827,17,80.29,25.0,365.0
780,0,2105,17,80.29,25.0,365.0
780,0,2106,17,80.29,25.0,365.0
780,0,2107,17,80.29,25.0,365.0
780,0,2109,17,80.29,25.0,365.0
780,0,2110,17,80.29,25.0,365.0
780,0,2229,17,80.29,25.0,365.0
780,0,2303,17,80.29,25.0,365.0
780,0,5844,17,80.29,25.0,365.0
780,0,725,17,80.29,25.0,365.0
780,0,779,17,80.29,25.0,365.0
780,0,780,17,80.29,25.0,365.0
780,0,781,17,80.29,25.0,365.0
780,0,782,17,80.29,25.0,365.0
780,0,783,17,80.29,25.0,365.0
780,0,784,17,80.29,25.0,365.0
780,0,939,17,80.29,25.0,365.0
780,0,940,17,80.29,25.0,365.0
780,0,941,17,80.29,25.0,365.0
780,0,942,17,80.29,25.0,365.0
780,0,943,17,80.29,25.0,365.0
780,0,972,17,80.29,25.0,365.0
780,0,973,17,80.29,25.0,365.0
381,1,100,16,80.31,15.0,240.0
381,1,101,16,80.31,15.0,240.0
381,1,106812,16,80.31,15.0,240.0
381,1,1085,16,80.31,15.0,240.0
381,1,1204,16,80.31,15.0,240.0
381,1,1702,16,80.31,15.0,240.0
381,1,320,16,80.31,15.0,240.0
381,1,321,16,80.31,15.0,240.0
381,1,349,16,80.31,15.0,240.0
381,1,3857,16,80.31,15.0,240.0
381,1,39,16,80.31,15.0,240.0
381,1,40,16,80.31,15.0,240.0
381,1,41,16,80.31,15.0,240.0
381,1,413,16,80.31,15.0,240.0
381,1,415,16,80.31,15.0,240.0
381,1,419,16,80.31,15.0,240.0
381,1,42,16,80.31,15.0,240.0
381,1,426,16,80.31,15.0,240.0
381,1,427,16,80.31,15.0,240.0
381,1,428,16,80.31,15.0,240.0
381,1,429,16,80.31,15.0,240.0
381,1,43,16,80.31,15.0,240.0
381,1,430,16,80.31,15.0,240.0
381,1,431,16,80.31,15.0,240.0
381,1,432,16,80.31,15.0,240.0
381,1,433,16,80.31,15.0,240.0
381,1,435,16,80.31,15.0,240.0
381,1,436,16,80.31,15.0,240.0
381,1,437,16,80.31,15.0,240.0
381,1,438,16,80.31,15.0,240.0
381,1,439,16,80.31,15.0,240.0
381,1,44,16,80.31,15.0,240.0
381,1,440,16,80.31,15.0,240.0
381,1,45,16,80.31,15.0,240.0
381,1,462,16,80.31,15.0,240.0
381,1,463,16,80.31,15.0,240.0
381,1,464,16,80.31,15.0,240.0
381,1,467,16,80.31,15.0,240.0
381,1,492,16,80.31,15.0,240.0
381,1,493,16,80.31,15.0,240.0
381,1,494,16,80.31,15.0,240.0
381,1,495,16,80.31,15.0,240.0
381,1,496,16,80.31,15.0,240.0
381,1,497,16,80.31,15.0,240.0
381,1,498,16,80.31,15.0,240.0
381,1,558,16,80.31,15.0,240.0
381,1,559,16,80.31,15.0,240.0
381,1,560,16,80.31,15.0,240.0
381,1,561,16,80.31,15.0,240.0
381,1,562,16,80.31,15.0,240.0
381,1,563,16,80.31,15.0,240.0
381,1,564,16,80.31,15.0,240.0
381,1,565,16,80.31,15.0,240.0
381,1,566,16,80.31,15.0,240.0
381,1,567,16,80.31,15.0,240.0
381,1,568,16,80.31,15.0,240.0
381,1,569,16,80.31,15.0,240.0
381,1,570,16,80.31,15.0,240.0
381,1,571,16,80.31,15.0,240.0
381,1,58,16,80.31,15.0,240.0
381,1,59,16,80.31,15.0,240.0
381,1,6,16,80.31,15.0,240.0
381,1,60,16,80.31,15.0,240.0
381,1,61,16,80.31,15.0,240.0
381,1,62,16,80.31,15.0,240.0
381,1,7,16,80.31,15.0,240.0
381,1,86,16,80.31,15.0,240.0
381,1,88,16,80.31,15.0,240.0
381,1,89,16,80.31,15.0,240.0
381,1,90,16,80.31,15.0,240.0
381,1,91,16,80.31,15.0,240.0
381,1,92,16,80.31,15.0,240.0
381,1,93,16,80.31,15.0,240.0
381,1,94,16,80.31,15.0,240.0
381,1,95,16,80.31,15.0,240.0
381,1,96,16,80.31,15.0,240.0
381,1,97,16,80.31,15.0,240.0
381,1,98,16,80.31,15.0,240.0
381,1,99,16,80.31,15.0,240.0
1094,1,1241,9,81.11,20.0,230.0
1094,1,1242,9,81.11,20.0,230.0
1094,1,1243,9,81.11,20.0,230.0
1094,1,1244,9,81.11,20.0,230.0
1094,1,1245,9,81.11,20.0,230.0
1094,1,1246,9,81.11,20.0,230.0
1094,1,1247,9,81.11,20.0,230.0
1094,1,1248,9,81.11,20.0,230.0
1094,1,1249,9,81.11,20.0,230.0
1094,1,1250,9,81.11,20.0,230.0
1094,1,1251,9,81.11,20.0,230.0
1094,1,130,9,81.11,20.0,230.0
1094,1,131,9,81.11,20.0,230.0
1094,1,143,9,81.11,20.0,230.0
1094,1,3315,9,81.11,20.0,230.0
17,1,296,9,81.89,2.0,203.0
584,1,1000,4,82.5,70.0,115.0
584,1,1001,4,82.5,70.0,115.0
584,1,1002,4,82.5,70.0,115.0
584,1,1004,4,82.5,70.0,115.0
584,1,1005,4,82.5,70.0,115.0
584,1,5860,4,82.5,70.0,115.0
584,1,6017,4,82.5,70.0,115.0
584,1,6022,4,82.5,70.0,115.0
584,1,6024,4,82.5,70.0,115.0
584,1,6025,4,82.5,70.0,115.0
584,1,6026,4,82.5,70.0,115.0
584,1,6027,4,82.5,70.0,115.0
584,1,6028,4,82.5,70.0,115.0
584,1,993,4,82.5,70.0,115.0
584,1,994,4,82.5,70.0,115.0
584,1,995,4,82.5,70.0,115.0
584,1,996,4,82.5,70.0,115.0
584,1,997,4,82.5,70.0,115.0
584,1,998,4,82.5,70.0,115.0
584,1,999,4,82.5,70.0,115.0
837,0,132,10,84.5,30.0,140.0
837,0,133,10,84.5,30.0,140.0
837,0,134,10,84.5,30.0,140.0
837,0,135,10,84.5,30.0,140.0
837,0,136,10,84.5,30.0,140.0
837,0,1777,10,84.5,30.0,140.0
837,0,1778,10,84.5,30.0,140.0
837,0,1779,10,84.5,30.0,140.0
837,0,1780,10,84.5,30.0,140.0
837,0,1781,10,84.5,30.0,140.0
837,0,1782,10,84.5,30.0,140.0
837,0,1783,10,84.5,30.0,140.0
837,0,1784,10,84.5,30.0,140.0
837,0,1785,10,84.5,30.0,140.0
837,0,1786,10,84.5,30.0,140.0
837,0,1787,10,84.5,30.0,140.0
837,0,1788,10,84.5,30.0,140.0
837,0,319,10,84.5,30.0,140.0
837,0,320,10,84.5,30.0,140.0
837,0,321,10,84.5,30.0,140.0
837,0,4444,10,84.5,30.0,140.0
837,0,5269,10,84.5,30.0,140.0
837,0,5270,10,84.5,30.0,140.0
837,0,7767,10,84.5,30.0,140.0
837,0,790,10,84.5,30.0,140.0
837,0,791,10,84.5,30.0,140.0
837,0,792,10,84.5,30.0,140.0
299,0,1702,10,86.0,25.0,235.0
299,0,1780,10,86.0,25.0,235.0
299,0,1781,10,86.0,25.0,235.0
299,0,1782,10,86.0,25.0,235.0
299,0,1783,10,86.0,25.0,235.0
299,0,1784,10,86.0,25.0,235.0
299,0,213,10,86.0,25.0,235.0
299,0,324,10,86.0,25.0,235.0
299,0,325,10,86.0,25.0,235.0
299,0,326,10,86.0,25.0,235.0
299,0,3361,10,86.0,25.0,235.0
299,0,34,10,86.0,25.0,235.0
299,0,344,10,86.0,25.0,235.0
299,0,385,10,86.0,25.0,235.0
299,0,40,10,86.0,25.0,235.0
299,0,407,10,86.0,25.0,235.0
299,0,408,10,86.0,25.0,235.0
299,0,409,10,86.0,25.0,235.0
299,0,410,10,86.0,25.0,235.0
299,0,411,10,86.0,25.0,235.0
299,0,412,10,86.0,25.0,235.0
299,0,413,10,86.0,25.0,235.0
299,0,414,10,86.0,25.0,235.0
299,0,415,10,86.0,25.0,235.0
299,0,416,10,86.0,25.0,235.0
299,0,419,10,86.0,25.0,235.0
299,0,420,10,86.0,25.0,235.0
299,0,421,10,86.0,25.0,235.0
299,0,422,10,86.0,25.0,235.0
299,0,423,10,86.0,25.0,235.0
299,0,424,10,86.0,25.0,235.0
299,0,426,10,86.0,25.0,235.0
299,0,427,10,86.0,25.0,235.0
299,0,433,10,86.0,25.0,235.0
299,0,454,10,86.0,25.0,235.0
364,1,107,11,86.36,5.0,355.0
364,1,1702,11,86.36,5.0,355.0
364,1,1749,11,86.36,5.0,355.0
364,1,1751,11,86.36,5.0,355.0
364,1,1758,11,86.36,5.0,355.0
364,1,1760,11,86.36,5.0,355.0
364,1,1761,11,86.36,5.0,355.0
364,1,1762,11,86.36,5.0,355.0
364,1,1763,11,86.36,5.0,355.0
364,1,1764,11,86.36,5.0,355.0
364,1,1767,11,86.36,5.0,355.0
364,1,2230,11,86.36,5.0,355.0
364,1,3755,11,86.36,5.0,355.0
364,1,409,11,86.36,5.0,355.0
364,1,413,11,86.36,5.0,355.0
364,1,415,11,86.36,5.0,355.0
364,1,433,11,86.36,5.0,355.0
364,1,435,11,86.36,5.0,355.0
364,1,436,11,86.36,5.0,355.0
364,1,437,11,86.36,5.0,355.0
364,1,438,11,86.36,5.0,355.0
364,1,439,11,86.36,5.0,355.0
364,1,440,11,86.36,5.0,355.0
364,1,461,11,86.36,5.0,355.0
364,1,462,11,86.36,5.0,355.0
364,1,463,11,86.36,5.0,355.0
364,1,464,11,86.36,5.0,355.0
364,1,467,11,86.36,5.0,355.0
300,1,1819,10,86.5,25.0,190.0
300,1,1820,10,86.5,25.0,190.0
300,1,1821,10,86.5,25.0,190.0
300,1,1822,10,86.5,25.0,190.0
300,1,1823,10,86.5,25.0,190.0
300,1,213,10,86.5,25.0,190.0
300,1,274,10,86.5,25.0,190.0
300,1,3361,10,86.5,25.0,190.0
300,1,345,10,86.5,25.0,190.0
300,1,346,10,86.5,25.0,190.0
300,1,347,10,86.5,25.0,190.0
300,1,385,10,86.5,25.0,190.0
300,1,387,10,86.5,25.0,190.0
300,1,40,10,86.5,25.0,190.0
300,1,408,10,86.5,25.0,190.0
300,1,409,10,86.5,25.0,190.0
300,1,413,10,86.5,25.0,190.0
300,1,415,10,86.5,25.0,190.0
300,1,419,10,86.5,25.0,190.0
300,1,426,10,86.5,25.0,190.0
300,1,427,10,86.5,25.0,190.0
300,1,428,10,86.5,25.0,190.0
300,1,429,10,86.5,25.0,190.0
300,1,430,10,86.5,25.0,190.0
300,1,431,10,86.5,25.0,190.0
300,1,432,10,86.5,25.0,190.0
300,1,435,10,86.5,25.0,190.0
300,1,436,10,86.5,25.0,190.0
300,1,437,10,86.5,25.0,190.0
300,1,438,10,86.5,25.0,190.0
300,1,439,10,86.5,25.0,190.0
300,1,440,10,86.5,25.0,190.0
300,1,441,10,86.5,25.0,190.0
300,1,466,10,86.5,25.0,190.0
904,0,126,3,86.67,80.0,90.0
904,0,1277,3,86.67,80.0,90.0
904,0,188,3,86.67,80.0,90.0
904,0,189,3,86.67,80.0,90.0
904,0,190,3,86.67,80.0,90.0
904,0,191,3,86.67,80.0,90.0
904,0,192,3,86.67,80.0,90.0
904,0,194,3,86.67,80.0,90.0
904,0,3304,3,86.67,80.0,90.0
904,0,3309,3,86.67,80.0,90.0
904,0,3312,3,86.67,80.0,90.0
904,0,377,3,86.67,80.0,90.0
904,0,393,3,86.67,80.0,90.0
904,0,395,3,86.67,80.0,90.0
904,0,4509,3,86.67,80.0,90.0
904,0,621,3,86.67,80.0,90.0
904,0,622,3,86.67,80.0,90.0
904,0,623,3,86.67,80.0,90.0
904,0,655,3,86.67,80.0,90.0
904,0,656,3,86.67,80.0,90.0
904,0,8055,3,86.67,80.0,90.0
904,0,8056,3,86.67,80.0,90.0
904,0,8057,3,86.67,80.0,90.0
904,0,8059,3,86.67,80.0,90.0
904,0,8061,3,86.67,80.0,90.0
905,1,1277,3,86.67,85.0,90.0
905,1,194,3,86.67,85.0,90.0
905,1,231,3,86.67,85.0,90.0
905,1,232,3,86.67,85.0,90.0
905,1,234,3,86.67,85.0,90.0
905,1,235,3,86.67,85.0,90.0
905,1,236,3,86.67,85.0,90.0
905,1,3304,3,86.67,85.0,90.0
905,1,3317,3,86.67,85.0,90.0
905,1,3320,3,86.67,85.0,90.0
905,1,3323,3,86.67,85.0,90.0
905,1,377,3,86.67,85.0,90.0
905,1,380,3,86.67,85.0,90.0
905,1,395,3,86.67,85.0,90.0
905,1,622,3,86.67,85.0,90.0
905,1,624,3,86.67,85.0,90.0
905,1,627,3,86.67,85.0,90.0
905,1,656,3,86.67,85.0,90.0
905,1,8055,3,86.67,85.0,90.0
905,1,8062,3,86.67,85.0,90.0
905,1,8064,3,86.67,85.0,90.0
905,1,8065,3,86.67,85.0,90.0
456,0,106462,11,87.27,30.0,155.0
456,0,114,11,87.27,30.0,155.0
456,0,115,11,87.27,30.0,155.0
456,0,116,11,87.27,30.0,155.0
456,0,117,11,87.27,30.0,155.0
456,0,118,11,87.27,30.0,155.0
456,0,119,11,87.27,30.0,155.0
456,0,120,11,87.27,30.0,155.0
456,0,121,11,87.27,30.0,155.0
456,0,126,11,87.27,30.0,155.0
456,0,127,11,87.27,30.0,155.0
456,0,129,11,87.27,30.0,155.0
456,0,130,11,87.27,30.0,155.0
456,0,131,11,87.27,30.0,155.0
456,0,158,11,87.27,30.0,155.0
456,0,159,11,87.27,30.0,155.0
456,0,160,11,87.27,30.0,155.0
456,0,161,11,87.27,30.0,155.0
456,0,162,11,87.27,30.0,155.0
456,0,163,11,87.27,30.0,155.0
456,0,164,11,87.27,30.0,155.0
456,0,1836,11,87.27,30.0,155.0
456,0,1838,11,87.27,30.0,155.0
456,0,3315,11,87.27,30.0,155.0
456,0,399,11,87.27,30.0,155.0
456,0,400,11,87.27,30.0,155.0
456,0,401,11,87.27,30.0,155.0
456,0,402,11,87.27,30.0,155.0
456,0,4537,11,87.27,30.0,155.0
456,0,4607,11,87.27,30.0,155.0
456,0,4608,11,87.27,30.0,155.0
456,0,4609,11,87.27,30.0,155.0
456,0,4610,11,87.27,30.0,155.0
456,0,4611,11,87.27,30.0,155.0
456,0,4612,11,87.27,30.0,155.0
456,0,4613,11,87.27,30.0,155.0
456,0,4614,11,87.27,30.0,155.0
456,0,4615,11,87.27,30.0,155.0
456,0,4616,11,87.27,30.0,155.0
456,0,4617,11,87.27,30.0,155.0
456,0,4618,11,87.27,30.0,155.0
456,0,4619,11,87.27,30.0,155.0
456,0,4620,11,87.27,30.0,155.0
456,0,4621,11,87.27,30.0,155.0
456,0,4622,11,87.27,30.0,155.0
456,0,4623,11,87.27,30.0,155.0
456,0,4624,11,87.27,30.0,155.0
456,0,4625,11,87.27,30.0,155.0
456,0,4687,11,87.27,30.0,155.0
456,0,4688,11,87.27,30.0,155.0
456,0,4689,11,87.27,30.0,155.0
456,0,4690,11,87.27,30.0,155.0
456,0,4692,11,87.27,30.0,155.0
456,0,4906,11,87.27,30.0,155.0
456,0,4942,11,87.27,30.0,155.0
456,0,4943,11,87.27,30.0,155.0
456,0,4944,11,87.27,30.0,155.0
456,0,4945,11,87.27,30.0,155.0
456,0,4946,11,87.27,30.0,155.0
456,0,4947,11,87.27,30.0,155.0
456,0,4948,11,87.27,30.0,155.0
456,0,4949,11,87.27,30.0,155.0
456,0,4950,11,87.27,30.0,155.0
456,0,4951,11,87.27,30.0,155.0
456,0,4952,11,87.27,30.0,155.0
456,0,4973,11,87.27,30.0,155.0
456,0,4974,11,87.27,30.0,155.0
456,0,5010,11,87.27,30.0,155.0
456,0,790,11,87.27,30.0,155.0
456,0,791,11,87.27,30.0,155.0
456,0,792,11,87.27,30.0,155.0
456,0,793,11,87.27,30.0,155.0
456,0,794,11,87.27,30.0,155.0
573,0,1040,8,88.75,55.0,140.0
573,0,1041,8,88.75,55.0,140.0
573,0,106831,8,88.75,55.0,140.0
573,0,4720,8,88.75,55.0,140.0
573,0,4721,8,88.75,55.0,140.0
573,0,4722,8,88.75,55.0,140.0
573,0,4723,8,88.75,55.0,140.0
573,0,4724,8,88.75,55.0,140.0
573,0,4725,8,88.75,55.0,140.0
573,0,4727,8,88.75,55.0,140.0
573,0,4728,8,88.75,55.0,140.0
573,0,4729,8,88.75,55.0,140.0
573,0,4730,8,88.75,55.0,140.0
573,0,4732,8,88.75,55.0,140.0
573,0,4733,8,88.75,55.0,140.0
573,0,4734,8,88.75,55.0,140.0
573,0,4735,8,88.75,55.0,140.0
573,0,4736,8,88.75,55.0,140.0
573,0,4737,8,88.75,55.0,140.0
573,0,4738,8,88.75,55.0,140.0
573,0,4739,8,88.75,55.0,140.0
573,0,4740,8,88.75,55.0,140.0
573,0,4741,8,88.75,55.0,140.0
573,0,4742,8,88.75,55.0,140.0
573,0,4743,8,88.75,55.0,140.0
573,0,5144,8,88.75,55.0,140.0
573,0,5145,8,88.75,55.0,140.0
573,0,5149,8,88.75,55.0,140.0
573,0,5844,8,88.75,55.0,140.0
573,0,5909,8,88.75,55.0,140.0
573,0,5910,8,88.75,55.0,140.0
573,0,5911,8,88.75,55.0,140.0
573,0,5912,8,88.75,55.0,140.0
573,0,5913,8,88.75,55.0,140.0
573,0,5914,8,88.75,55.0,140.0
573,0,5915,8,88.75,55.0,140.0
573,0,5916,8,88.75,55.0,140.0
573,0,5917,8,88.75,55.0,140.0
573,0,5918,8,88.75,55.0,140.0
573,0,5919,8,88.75,55.0,140.0
573,0,5920,8,88.75,55.0,140.0
573,0,5921,8,88.75,55.0,140.0
573,0,5922,8,88.75,55.0,140.0
573,0,5923,8,88.75,55.0,140.0
573,0,5924,8,88.75,55.0,140.0
573,0,5925,8,88.75,55.0,140.0
573,0,5926,8,88.75,55.0,140.0
573,0,5927,8,88.75,55.0,140.0
573,0,5928,8,88.75,55.0,140.0
573,0,5929,8,88.75,55.0,140.0
573,0,5930,8,88.75,55.0,140.0
573,0,5931,8,88.75,55.0,140.0
573,0,5932,8,88.75,55.0,140.0
573,0,6566,8,88.75,55.0,140.0
573,0,6567,8,88.75,55.0,140.0
573,0,6568,8,88.75,55.0,140.0
573,0,6603,8,88.75,55.0,140.0
573,0,6605,8,88.75,55.0,140.0
573,0,7259,8,88.75,55.0,140.0
936,0,107,9,90.0,80.0,110.0
936,0,3167,9,90.0,80.0,110.0
936,0,319,9,90.0,80.0,110.0
936,0,320,9,90.0,80.0,110.0
936,0,321,9,90.0,80.0,110.0
936,0,322,9,90.0,80.0,110.0
936,0,323,9,90.0,80.0,110.0
936,0,3315,9,90.0,80.0,110.0
936,0,404,9,90.0,80.0,110.0
936,0,405,9,90.0,80.0,110.0
936,0,8236,9,90.0,80.0,110.0
936,0,8237,9,90.0,80.0,110.0
936,0,8238,9,90.0,80.0,110.0
936,0,8239,9,90.0,80.0,110.0
936,0,8240,9,90.0,80.0,110.0
936,0,8241,9,90.0,80.0,110.0
937,1,106,9,90.0,51.0,129.0
937,1,107,9,90.0,51.0,129.0
937,1,1819,9,90.0,51.0,129.0
937,1,1820,9,90.0,51.0,129.0
937,1,1821,9,90.0,51.0,129.0
937,1,1822,9,90.0,51.0,129.0
937,1,3167,9,90.0,51.0,129.0
937,1,3176,9,90.0,51.0,129.0
937,1,3177,9,90.0,51.0,129.0
937,1,3178,9,90.0,51.0,129.0
937,1,3315,9,90.0,51.0,129.0
937,1,346,9,90.0,51.0,129.0
937,1,348,9,90.0,51.0,129.0
937,1,349,9,90.0,51.0,129.0
937,1,403,9,90.0,51.0,129.0
937,1,442,9,90.0,51.0,129.0
937,1,443,9,90.0,51.0,129.0
937,1,444,9,90.0,51.0,129.0
937,1,7771,9,90.0,51.0,129.0
574,1,106832,9,91.11,30.0,155.0
574,1,1746,9,91.11,30.0,155.0
574,1,4728,9,91.11,30.0,155.0
574,1,4781,9,91.11,30.0,155.0
574,1,4782,9,91.11,30.0,155.0
574,1,4783,9,91.11,30.0,155.0
574,1,4784,9,91.11,30.0,155.0
574,1,4785,9,91.11,30.0,155.0
574,1,4786,9,91.11,30.0,155.0
574,1,4787,9,91.11,30.0,155.0
574,1,4788,9,91.11,30.0,155.0
574,1,4789,9,91.11,30.0,155.0
574,1,4790,9,91.11,30.0,155.0
574,1,4791,9,91.11,30.0,155.0
574,1,4792,9,91.11,30.0,155.0
574,1,4794,9,91.11,30.0,155.0
574,1,4795,9,91.11,30.0,155.0
574,1,4796,9,91.11,30.0,155.0
574,1,4798,9,91.11,30.0,155.0
574,1,4799,9,91.11,30.0,155.0
574,1,4800,9,91.11,30.0,155.0
574,1,4801,9,91.11,30.0,155.0
574,1,4802,9,91.11,30.0,155.0
574,1,4803,9,91.11,30.0,155.0
574,1,4804,9,91.11,30.0,155.0
574,1,5153,9,91.11,30.0,155.0
574,1,5154,9,91.11,30.0,155.0
574,1,5155,9,91.11,30.0,155.0
574,1,5156,9,91.11,30.0,155.0
574,1,5158,9,91.11,30.0,155.0
574,1,5159,9,91.11,30.0,155.0
574,1,5845,9,91.11,30.0,155.0
574,1,5909,9,91.11,30.0,155.0
574,1,5912,9,91.11,30.0,155.0
574,1,5932,9,91.11,30.0,155.0
574,1,5937,9,91.11,30.0,155.0
574,1,5938,9,91.11,30.0,155.0
574,1,5939,9,91.11,30.0,155.0
574,1,5940,9,91.11,30.0,155.0
574,1,5941,9,91.11,30.0,155.0
574,1,5942,9,91.11,30.0,155.0
574,1,5943,9,91.11,30.0,155.0
574,1,5944,9,91.11,30.0,155.0
574,1,5945,9,91.11,30.0,155.0
574,1,5946,9,91.11,30.0,155.0
574,1,5947,9,91.11,30.0,155.0
574,1,5948,9,91.11,30.0,155.0
574,1,5949,9,91.11,30.0,155.0
574,1,5950,9,91.11,30.0,155.0
574,1,5951,9,91.11,30.0,155.0
574,1,5952,9,91.11,30.0,155.0
574,1,5953,9,91.11,30.0,155.0
574,1,5954,9,91.11,30.0,155.0
574,1,5955,9,91.11,30.0,155.0
574,1,5956,9,91.11,30.0,155.0
574,1,5957,9,91.11,30.0,155.0
574,1,6575,9,91.11,30.0,155.0
574,1,6605,9,91.11,30.0,155.0
574,1,6646,9,91.11,30.0,155.0
574,1,7260,9,91.11,30.0,155.0
627,0,1026,4,92.5,80.0,130.0
627,0,22,4,92.5,80.0,130.0
627,0,23,4,92.5,80.0,130.0
627,0,24,4,92.5,80.0,130.0
627,0,248,4,92.5,80.0,130.0
627,0,25,4,92.5,80.0,130.0
627,0,26,4,92.5,80.0,130.0
627,0,27,4,92.5,80.0,130.0
627,0,28,4,92.5,80.0,130.0
627,0,29,4,92.5,80.0,130.0
627,0,30,4,92.5,80.0,130.0
627,0,31,4,92.5,80.0,130.0
627,0,32,4,92.5,80.0,130.0
627,0,33,4,92.5,80.0,130.0
627,0,34,4,92.5,80.0,130.0
627,0,35,4,92.5,80.0,130.0
627,0,351,4,92.5,80.0,130.0
627,0,3855,4,92.5,80.0,130.0
627,0,472,4,92.5,80.0,130.0
627,0,473,4,92.5,80.0,130.0
627,0,474,4,92.5,80.0,130.0
627,0,477,4,92.5,80.0,130.0
627,0,478,4,92.5,80.0,130.0
627,0,520,4,92.5,80.0,130.0
627,0,53,4,92.5,80.0,130.0
627,0,5805,4,92.5,80.0,130.0
627,0,5806,4,92.5,80.0,130.0
627,0,5807,4,92.5,80.0,130.0
627,0,5808,4,92.5,80.0,130.0
627,0,5809,4,92.5,80.0,130.0
627,0,5831,4,92.5,80.0,130.0
627,0,5833,4,92.5,80.0,130.0
627,0,6166,4,92.5,80.0,130.0
627,0,6167,4,92.5,80.0,130.0
627,0,6168,4,92.5,80.0,130.0
627,0,6169,4,92.5,80.0,130.0
627,0,6320,4,92.5,80.0,130.0
627,0,6322,4,92.5,80.0,130.0
627,0,6323,4,92.5,80.0,130.0
627,0,6324,4,92.5,80.0,130.0
627,0,6326,4,92.5,80.0,130.0
627,0,6327,4,92.5,80.0,130.0
627,0,6415,4,92.5,80.0,130.0
627,0,6416,4,92.5,80.0,130.0
627,0,6417,4,92.5,80.0,130.0
627,0,6418,4,92.5,80.0,130.0
627,0,6419,4,92.5,80.0,130.0
627,0,6420,4,92.5,80.0,130.0
627,0,6421,4,92.5,80.0,130.0
627,0,6422,4,92.5,80.0,130.0
627,0,6424,4,92.5,80.0,130.0
627,0,6427,4,92.5,80.0,130.0
627,0,6467,4,92.5,80.0,130.0
627,0,777,4,92.5,80.0,130.0
627,0,986,4,92.5,80.0,130.0
627,0,992,4,92.5,80.0,130.0
627,0,993,4,92.5,80.0,130.0
532,0,136,9,92.78,30.0,190.0
532,0,137,9,92.78,30.0,190.0
532,0,138,9,92.78,30.0,190.0
532,0,139,9,92.78,30.0,190.0
532,0,140,9,92.78,30.0,190.0
532,0,5406,9,92.78,30.0,190.0
532,0,5407,9,92.78,30.0,190.0
532,0,5408,9,92.78,30.0,190.0
532,0,5409,9,92.78,30.0,190.0
532,0,5410,9,92.78,30.0,190.0
532,0,5411,9,92.78,30.0,190.0
532,0,5412,9,92.78,30.0,190.0
532,0,5413,9,92.78,30.0,190.0
532,0,5414,9,92.78,30.0,190.0
532,0,5415,9,92.78,30.0,190.0
532,0,5416,9,92.78,30.0,190.0
532,0,5417,9,92.78,30.0,190.0
532,0,5418,9,92.78,30.0,190.0
532,0,5419,9,92.78,30.0,190.0
532,0,5420,9,92.78,30.0,190.0
532,0,5421,9,92.78,30.0,190.0
532,0,5422,9,92.78,30.0,190.0
532,0,5423,9,92.78,30.0,190.0
532,0,5424,9,92.78,30.0,190.0
532,0,5488,9,92.78,30.0,190.0
532,0,5490,9,92.78,30.0,190.0
532,0,5491,9,92.78,30.0,190.0
532,0,5493,9,92.78,30.0,190.0
532,0,5494,9,92.78,30.0,190.0
532,0,5495,9,92.78,30.0,190.0
532,0,5496,9,92.78,30.0,190.0
532,0,5497,9,92.78,30.0,190.0
532,0,5498,9,92.78,30.0,190.0
532,0,5499,9,92.78,30.0,190.0
532,0,5500,9,92.78,30.0,190.0
532,0,5501,9,92.78,30.0,190.0
532,0,5502,9,92.78,30.0,190.0
532,0,5503,9,92.78,30.0,190.0
532,0,5593,9,92.78,30.0,190.0
532,0,5594,9,92.78,30.0,190.0
532,0,5595,9,92.78,30.0,190.0
532,0,5596,9,92.78,30.0,190.0
532,0,5597,9,92.78,30.0,190.0
532,0,5598,9,92.78,30.0,190.0
532,0,5599,9,92.78,30.0,190.0
532,0,5600,9,92.78,30.0,190.0
532,0,5601,9,92.78,30.0,190.0
532,0,5602,9,92.78,30.0,190.0
532,0,5603,9,92.78,30.0,190.0
532,0,5604,9,92.78,30.0,190.0
532,0,5605,9,92.78,30.0,190.0
532,0,5606,9,92.78,30.0,190.0
532,0,5607,9,92.78,30.0,190.0
532,0,5608,9,92.78,30.0,190.0
532,0,5609,9,92.78,30.0,190.0
532,0,5610,9,92.78,30.0,190.0
532,0,5611,9,92.78,30.0,190.0
532,0,5612,9,92.78,30.0,190.0
532,0,5613,9,92.78,30.0,190.0
532,0,5614,9,92.78,30.0,190.0
532,0,5615,9,92.78,30.0,190.0
532,0,5616,9,92.78,30.0,190.0
532,0,5617,9,92.78,30.0,190.0
532,0,5618,9,92.78,30.0,190.0
532,0,5619,9,92.78,30.0,190.0
532,0,5620,9,92.78,30.0,190.0
532,0,5621,9,92.78,30.0,190.0
532,0,5663,9,92.78,30.0,190.0
532,0,5664,9,92.78,30.0,190.0
532,0,5665,9,92.78,30.0,190.0
532,0,5666,9,92.78,30.0,190.0
532,0,5667,9,92.78,30.0,190.0
532,0,5668,9,92.78,30.0,190.0
532,0,5669,9,92.78,30.0,190.0
532,0,5670,9,92.78,30.0,190.0
532,0,5671,9,92.78,30.0,190.0
532,0,5672,9,92.78,30.0,190.0
532,0,5673,9,92.78,30.0,190.0
532,0,5674,9,92.78,30.0,190.0
532,0,5675,9,92.78,30.0,190.0
532,0,5676,9,92.78,30.0,190.0
532,0,5677,9,92.78,30.0,190.0
532,0,5678,9,92.78,30.0,190.0
532,0,5679,9,92.78,30.0,190.0
532,0,5680,9,92.78,30.0,190.0
532,0,5681,9,92.78,30.0,190.0
532,0,5682,9,92.78,30.0,190.0
532,0,5683,9,92.78,30.0,190.0
532,0,5684,9,92.78,30.0,190.0
532,0,5685,9,92.78,30.0,190.0
532,0,5686,9,92.78,30.0,190.0
532,0,5687,9,92.78,30.0,190.0
532,0,5688,9,92.78,30.0,190.0
532,0,5689,9,92.78,30.0,190.0
532,0,5690,9,92.78,30.0,190.0
532,0,5691,9,92.78,30.0,190.0
532,0,5692,9,92.78,30.0,190.0
532,0,5693,9,92.78,30.0,190.0
532,0,5694,9,92.78,30.0,190.0
532,0,5695,9,92.78,30.0,190.0
532,0,5696,9,92.78,30.0,190.0
532,0,5697,9,92.78,30.0,190.0
532,0,5698,9,92.78,30.0,190.0
532,0,5699,9,92.78,30.0,190.0
1055,1,2216,9,93.33,30.0,140.0
1055,1,2233,9,93.33,30.0,140.0
1055,1,691,9,93.33,30.0,140.0
1055,1,692,9,93.33,30.0,140.0
1055,1,693,9,93.33,30.0,140.0
1055,1,694,9,93.33,30.0,140.0
1055,1,696,9,93.33,30.0,140.0
1055,1,697,9,93.33,30.0,140.0
1055,1,698,9,93.33,30.0,140.0
1055,1,761,9,93.33,30.0,140.0
1055,1,763,9,93.33,30.0,140.0
1055,1,769,9,93.33,30.0,140.0
1055,1,770,9,93.33,30.0,140.0
1055,1,771,9,93.33,30.0,140.0
1055,1,8635,9,93.33,30.0,140.0
1055,1,8636,9,93.33,30.0,140.0
1055,1,8637,9,93.33,30.0,140.0
1055,1,8638,9,93.33,30.0,140.0
1055,1,8639,9,93.33,30.0,140.0
1055,1,8640,9,93.33,30.0,140.0
1055,1,8641,9,93.33,30.0,140.0
1021,1,106880,9,95.0,10.0,180.0
1021,1,124,9,95.0,10.0,180.0
1021,1,125,9,95.0,10.0,180.0
1021,1,1275,9,95.0,10.0,180.0
1021,1,1276,9,95.0,10.0,180.0
1021,1,1277,9,95.0,10.0,180.0
1021,1,130,9,95.0,10.0,180.0
1021,1,131,9,95.0,10.0,180.0
1021,1,133,9,95.0,10.0,180.0
1021,1,134,9,95.0,10.0,180.0
1021,1,135,9,95.0,10.0,180.0
1021,1,138,9,95.0,10.0,180.0
1021,1,139,9,95.0,10.0,180.0
1021,1,141,9,95.0,10.0,180.0
1021,1,142,9,95.0,10.0,180.0
1021,1,145,9,95.0,10.0,180.0
1021,1,146,9,95.0,10.0,180.0
1021,1,147,9,95.0,10.0,180.0
1021,1,172,9,95.0,10.0,180.0
1021,1,2008,9,95.0,10.0,180.0
1021,1,2009,9,95.0,10.0,180.0
1021,1,2018,9,95.0,10.0,180.0
1021,1,2019,9,95.0,10.0,180.0
1021,1,2020,9,95.0,10.0,180.0
1021,1,2021,9,95.0,10.0,180.0
1021,1,2022,9,95.0,10.0,180.0
1021,1,2023,9,95.0,10.0,180.0
1021,1,2024,9,95.0,10.0,180.0
1021,1,289,9,95.0,10.0,180.0
1021,1,290,9,95.0,10.0,180.0
1021,1,291,9,95.0,10.0,180.0
672,0,1033,3,95.0,80.0,105.0
672,0,5803,3,95.0,80.0,105.0
672,0,5805,3,95.0,80.0,105.0
672,0,5806,3,95.0,80.0,105.0
672,0,5807,3,95.0,80.0,105.0
672,0,5808,3,95.0,80.0,105.0
672,0,5809,3,95.0,80.0,105.0
672,0,6030,3,95.0,80.0,105.0
672,0,6276,3,95.0,80.0,105.0
672,0,6277,3,95.0,80.0,105.0
672,0,6278,3,95.0,80.0,105.0
672,0,6279,3,95.0,80.0,105.0
672,0,6280,3,95.0,80.0,105.0
672,0,6281,3,95.0,80.0,105.0
672,0,6282,3,95.0,80.0,105.0
672,0,6320,3,95.0,80.0,105.0
672,0,6500,3,95.0,80.0,105.0
672,0,6501,3,95.0,80.0,105.0
672,0,984,3,95.0,80.0,105.0
672,0,985,3,95.0,80.0,105.0
217,0,102,5,97.0,45.0,210.0
217,0,103,5,97.0,45.0,210.0
217,0,105,5,97.0,45.0,210.0
217,0,106815,5,97.0,45.0,210.0
217,0,106816,5,97.0,45.0,210.0
217,0,1204,5,97.0,45.0,210.0
217,0,1322,5,97.0,45.0,210.0
217,0,1369,5,97.0,45.0,210.0
217,0,1370,5,97.0,45.0,210.0
217,0,1371,5,97.0,45.0,210.0
217,0,1372,5,97.0,45.0,210.0
217,0,1373,5,97.0,45.0,210.0
217,0,1374,5,97.0,45.0,210.0
217,0,1375,5,97.0,45.0,210.0
217,0,1376,5,97.0,45.0,210.0
217,0,1398,5,97.0,45.0,210.0
217,0,1399,5,97.0,45.0,210.0
217,0,1417,5,97.0,45.0,210.0
217,0,1423,5,97.0,45.0,210.0
217,0,1426,5,97.0,45.0,210.0
217,0,1567,5,97.0,45.0,210.0
217,0,1568,5,97.0,45.0,210.0
217,0,1570,5,97.0,45.0,210.0
217,0,1571,5,97.0,45.0,210.0
217,0,1582,5,97.0,45.0,210.0
217,0,1632,5,97.0,45.0,210.0
217,0,1634,5,97.0,45.0,210.0
217,0,1635,5,97.0,45.0,210.0
217,0,2052,5,97.0,45.0,210.0
217,0,2053,5,97.0,45.0,210.0
217,0,2054,5,97.0,45.0,210.0
217,0,2055,5,97.0,45.0,210.0
217,0,2056,5,97.0,45.0,210.0
217,0,2057,5,97.0,45.0,210.0
217,0,2058,5,97.0,45.0,210.0
217,0,2059,5,97.0,45.0,210.0
217,0,2060,5,97.0,45.0,210.0
217,0,2061,5,97.0,45.0,210.0
217,0,2063,5,97.0,45.0,210.0
217,0,2386,5,97.0,45.0,210.0
217,0,2390,5,97.0,45.0,210.0
217,0,2391,5,97.0,45.0,210.0
217,0,2392,5,97.0,45.0,210.0
217,0,2393,5,97.0,45.0,210.0
217,0,2394,5,97.0,45.0,210.0
217,0,2395,5,97.0,45.0,210.0
217,0,2396,5,97.0,45.0,210.0
217,0,2397,5,97.0,45.0,210.0
217,0,2398,5,97.0,45.0,210.0
217,0,2399,5,97.0,45.0,210.0
217,0,2400,5,97.0,45.0,210.0
217,0,2401,5,97.0,45.0,210.0
217,0,2402,5,97.0,45.0,210.0
217,0,2403,5,97.0,45.0,210.0
217,0,2405,5,97.0,45.0,210.0
217,0,2406,5,97.0,45.0,210.0
217,0,2407,5,97.0,45.0,210.0
217,0,2408,5,97.0,45.0,210.0
217,0,2409,5,97.0,45.0,210.0
217,0,2410,5,97.0,45.0,210.0
217,0,2411,5,97.0,45.0,210.0
217,0,2412,5,97.0,45.0,210.0
217,0,2413,5,97.0,45.0,210.0
217,0,2414,5,97.0,45.0,210.0
217,0,2415,5,97.0,45.0,210.0
217,0,2416,5,97.0,45.0,210.0
217,0,2417,5,97.0,45.0,210.0
217,0,2418,5,97.0,45.0,210.0
217,0,2419,5,97.0,45.0,210.0
217,0,2420,5,97.0,45.0,210.0
217,0,2421,5,97.0,45.0,210.0
217,0,2422,5,97.0,45.0,210.0
217,0,2423,5,97.0,45.0,210.0
217,0,2424,5,97.0,45.0,210.0
217,0,2425,5,97.0,45.0,210.0
217,0,2426,5,97.0,45.0,210.0
217,0,2427,5,97.0,45.0,210.0
217,0,2428,5,97.0,45.0,210.0
217,0,2429,5,97.0,45.0,210.0
217,0,2430,5,97.0,45.0,210.0
217,0,2431,5,97.0,45.0,210.0
217,0,2432,5,97.0,45.0,210.0
217,0,2433,5,97.0,45.0,210.0
217,0,2434,5,97.0,45.0,210.0
217,0,2435,5,97.0,45.0,210.0
217,0,2436,5,97.0,45.0,210.0
217,0,2437,5,97.0,45.0,210.0
217,0,2438,5,97.0,45.0,210.0
217,0,2439,5,97.0,45.0,210.0
217,0,2440,5,97.0,45.0,210.0
217,0,2441,5,97.0,45.0,210.0
217,0,2442,5,97.0,45.0,210.0
217,0,2443,5,97.0,45.0,210.0
217,0,2444,5,97.0,45.0,210.0
217,0,3045,5,97.0,45.0,210.0
217,0,319,5,97.0,45.0,210.0
217,0,320,5,97.0,45.0,210.0
217,0,321,5,97.0,45.0,210.0
217,0,3372,5,97.0,45.0,210.0
217,0,5174,5,97.0,45.0,210.0
1046,0,106,4,97.5,90.0,120.0
1046,0,106822,4,97.5,90.0,120.0
1046,0,107,4,97.5,90.0,120.0
1046,0,1962,4,97.5,90.0,120.0
1046,0,1963,4,97.5,90.0,120.0
1046,0,217,4,97.5,90.0,120.0
1046,0,3100,4,97.5,90.0,120.0
1046,0,3165,4,97.5,90.0,120.0
1046,0,3166,4,97.5,90.0,120.0
1046,0,3167,4,97.5,90.0,120.0
1046,0,3168,4,97.5,90.0,120.0
1046,0,3169,4,97.5,90.0,120.0
1046,0,3170,4,97.5,90.0,120.0
1046,0,3171,4,97.5,90.0,120.0
1046,0,3172,4,97.5,90.0,120.0
1046,0,325,4,97.5,90.0,120.0
1046,0,326,4,97.5,90.0,120.0
1046,0,343,4,97.5,90.0,120.0
1046,0,344,4,97.5,90.0,120.0
1046,0,462,4,97.5,90.0,120.0
1046,0,5033,4,97.5,90.0,120.0
1047,1,106822,4,97.5,90.0,120.0
1047,1,107,4,97.5,90.0,120.0
1047,1,1957,4,97.5,90.0,120.0
1047,1,1959,4,97.5,90.0,120.0
1047,1,1960,4,97.5,90.0,120.0
1047,1,1961,4,97.5,90.0,120.0
1047,1,1962,4,97.5,90.0,120.0
1047,1,217,4,97.5,90.0,120.0
1047,1,3167,4,97.5,90.0,120.0
1047,1,3173,4,97.5,90.0,120.0
1047,1,3174,4,97.5,90.0,120.0
1047,1,3175,4,97.5,90.0,120.0
1047,1,3176,4,97.5,90.0,120.0
1047,1,3177,4,97.5,90.0,120.0
1047,1,3178,4,97.5,90.0,120.0
1047,1,319,4,97.5,90.0,120.0
1047,1,461,4,97.5,90.0,120.0
1047,1,462,4,97.5,90.0,120.0
1047,1,491,4,97.5,90.0,120.0
1135,1,1000,4,97.5,85.0,125.0
1135,1,7742,4,97.5,85.0,125.0
1135,1,7743,4,97.5,85.0,125.0
1135,1,8626,4,97.5,85.0,125.0
1135,1,8851,4,97.5,85.0,125.0
1135,1,8852,4,97.5,85.0,125.0
1135,1,8905,4,97.5,85.0,125.0
1135,1,8906,4,97.5,85.0,125.0
1135,1,8907,4,97.5,85.0,125.0
1135,1,8908,4,97.5,85.0,125.0
1135,1,8909,4,97.5,85.0,125.0
1135,1,8911,4,97.5,85.0,125.0
1135,1,8912,4,97.5,85.0,125.0
1135,1,984,4,97.5,85.0,125.0
1135,1,985,4,97.5,85.0,125.0
1135,1,988,4,97.5,85.0,125.0
1135,1,991,4,97.5,85.0,125.0
1135,1,992,4,97.5,85.0,125.0
1135,1,993,4,97.5,85.0,125.0
1135,1,994,4,97.5,85.0,125.0
1135,1,995,4,97.5,85.0,125.0
1135,1,996,4,97.5,85.0,125.0
628,1,24,4,97.5,80.0,130.0
628,1,248,4,97.5,80.0,130.0
628,1,351,4,97.5,80.0,130.0
628,1,3849,4,97.5,80.0,130.0
628,1,40,4,97.5,80.0,130.0
628,1,41,4,97.5,80.0,130.0
628,1,42,4,97.5,80.0,130.0
628,1,43,4,97.5,80.0,130.0
628,1,44,4,97.5,80.0,130.0
628,1,45,4,97.5,80.0,130.0
628,1,46,4,97.5,80.0,130.0
628,1,47,4,97.5,80.0,130.0
628,1,48,4,97.5,80.0,130.0
628,1,50,4,97.5,80.0,130.0
628,1,504,4,97.5,80.0,130.0
628,1,505,4,97.5,80.0,130.0
628,1,506,4,97.5,80.0,130.0
628,1,507,4,97.5,80.0,130.0
628,1,508,4,97.5,80.0,130.0
628,1,51,4,97.5,80.0,130.0
628,1,52,4,97.5,80.0,130.0
628,1,521,4,97.5,80.0,130.0
628,1,5809,4,97.5,80.0,130.0
628,1,5810,4,97.5,80.0,130.0
628,1,5811,4,97.5,80.0,130.0
628,1,5812,4,97.5,80.0,130.0
628,1,5856,4,97.5,80.0,130.0
628,1,5858,4,97.5,80.0,130.0
628,1,6163,4,97.5,80.0,130.0
628,1,6164,4,97.5,80.0,130.0
628,1,6296,4,97.5,80.0,130.0
628,1,6332,4,97.5,80.0,130.0
628,1,6333,4,97.5,80.0,130.0
628,1,6334,4,97.5,80.0,130.0
628,1,6424,4,97.5,80.0,130.0
628,1,6430,4,97.5,80.0,130.0
628,1,6432,4,97.5,80.0,130.0
628,1,6433,4,97.5,80.0,130.0
628,1,6434,4,97.5,80.0,130.0
628,1,6435,4,97.5,80.0,130.0
628,1,6436,4,97.5,80.0,130.0
628,1,6437,4,97.5,80.0,130.0
628,1,6438,4,97.5,80.0,130.0
628,1,6439,4,97.5,80.0,130.0
628,1,6440,4,97.5,80.0,130.0
628,1,7051,4,97.5,80.0,130.0
628,1,7743,4,97.5,80.0,130.0
628,1,777,4,97.5,80.0,130.0
628,1,8851,4,97.5,80.0,130.0
628,1,8852,4,97.5,80.0,130.0
628,1,986,4,97.5,80.0,130.0
628,1,988,4,97.5,80.0,130.0
628,1,991,4,97.5,80.0,130.0
628,1,992,4,97.5,80.0,130.0
1134,0,1019,4,98.75,90.0,125.0
1134,0,1023,4,98.75,90.0,125.0
1134,0,1024,4,98.75,90.0,125.0
1134,0,1025,4,98.75,90.0,125.0
1134,0,1026,4,98.75,90.0,125.0
1134,0,6166,4,98.75,90.0,125.0
1134,0,6167,4,98.75,90.0,125.0
1134,0,6168,4,98.75,90.0,125.0
1134,0,6316,4,98.75,90.0,125.0
1134,0,6318,4,98.75,90.0,125.0
1134,0,6319,4,98.75,90.0,125.0
1134,0,7747,4,98.75,90.0,125.0
1134,0,8626,4,98.75,90.0,125.0
1134,0,8904,4,98.75,90.0,125.0
1134,0,8905,4,98.75,90.0,125.0
1134,0,8906,4,98.75,90.0,125.0
1134,0,8907,4,98.75,90.0,125.0
1134,0,8908,4,98.75,90.0,125.0
1134,0,8909,4,98.75,90.0,125.0
1134,0,8910,4,98.75,90.0,125.0
1134,0,993,4,98.75,90.0,125.0
1033,1,114,1,100.0,100.0,100.0
1033,1,115,1,100.0,100.0,100.0
1033,1,116,1,100.0,100.0,100.0
1033,1,117,1,100.0,100.0,100.0
1033,1,118,1,100.0,100.0,100.0
1033,1,119,1,100.0,100.0,100.0
1033,1,120,1,100.0,100.0,100.0
1033,1,121,1,100.0,100.0,100.0
1033,1,158,1,100.0,100.0,100.0
1033,1,159,1,100.0,100.0,100.0
1033,1,161,1,100.0,100.0,100.0
1033,1,162,1,100.0,100.0,100.0
1033,1,163,1,100.0,100.0,100.0
1033,1,164,1,100.0,100.0,100.0
1033,1,217,1,100.0,100.0,100.0
1033,1,373,1,100.0,100.0,100.0
1033,1,4536,1,100.0,100.0,100.0
1033,1,4537,1,100.0,100.0,100.0
1033,1,4626,1,100.0,100.0,100.0
1033,1,8594,1,100.0,100.0,100.0
1033,1,8595,1,100.0,100.0,100.0
1033,1,8596,1,100.0,100.0,100.0
1033,1,8597,1,100.0,100.0,100.0
1033,1,8598,1,100.0,100.0,100.0
1033,1,8600,1,100.0,100.0,100.0
989,1,8375,13,100.57,2.47,357.53
989,1,8397,13,100.61,2.9,357.1
49,1,229,7,100.71,65.0,265.0
49,1,230,7,100.71,65.0,265.0
49,1,231,7,100.71,65.0,265.0
49,1,232,7,100.71,65.0,265.0
49,1,377,7,100.71,65.0,265.0
49,1,392,7,100.71,65.0,265.0
49,1,393,7,100.71,65.0,265.0
49,1,394,7,100.71,65.0,265.0
49,1,395,7,100.71,65.0,265.0
49,1,396,7,100.71,65.0,265.0
49,1,624,7,100.71,65.0,265.0
49,1,625,7,100.71,65.0,265.0
49,1,626,7,100.71,65.0,265.0
49,1,642,7,100.71,65.0,265.0
49,1,643,7,100.71,65.0,265.0
49,1,645,7,100.71,65.0,265.0
49,1,648,7,100.71,65.0,265.0
829,0,106794,7,100.71,40.0,135.0
829,0,106874,7,100.71,40.0,135.0
829,0,144,7,100.71,40.0,135.0
829,0,145,7,100.71,40.0,135.0
829,0,274,7,100.71,40.0,135.0
829,0,327,7,100.71,40.0,135.0
829,0,380,7,100.71,40.0,135.0
829,0,385,7,100.71,40.0,135.0
829,0,387,7,100.71,40.0,135.0
829,0,388,7,100.71,40.0,135.0
829,0,391,7,100.71,40.0,135.0
829,0,40,7,100.71,40.0,135.0
829,0,4057,7,100.71,40.0,135.0
829,0,4059,7,100.71,40.0,135.0
829,0,4060,7,100.71,40.0,135.0
829,0,4061,7,100.71,40.0,135.0
829,0,4065,7,100.71,40.0,135.0
829,0,730,7,100.71,40.0,135.0
829,0,731,7,100.71,40.0,135.0
829,0,732,7,100.71,40.0,135.0
829,0,7748,7,100.71,40.0,135.0
829,0,788,7,100.71,40.0,135.0
829,0,789,7,100.71,40.0,135.0
989,1,8396,13,100.85,6.03,353.97
989,1,8374,13,100.89,6.55,353.45
989,1,8420,13,101.02,8.3,351.7
83,1,1059,8,103.13,20.0,275.0
83,1,1064,8,103.13,20.0,275.0
83,1,1084,8,103.13,20.0,275.0
83,1,1085,8,103.13,20.0,275.0
83,1,1092,8,103.13,20.0,275.0
83,1,1093,8,103.13,20.0,275.0
83,1,1094,8,103.13,20.0,275.0
83,1,1095,8,103.13,20.0,275.0
83,1,1096,8,103.13,20.0,275.0
83,1,1097,8,103.13,20.0,275.0
83,1,1098,8,103.13,20.0,275.0
83,1,22,8,103.13,20.0,275.0
83,1,23,8,103.13,20.0,275.0
83,1,479,8,103.13,20.0,275.0
83,1,480,8,103.13,20.0,275.0
83,1,481,8,103.13,20.0,275.0
83,1,483,8,103.13,20.0,275.0
83,1,500,8,103.13,20.0,275.0
83,1,558,8,103.13,20.0,275.0
83,1,559,8,103.13,20.0,275.0
83,1,560,8,103.13,20.0,275.0
83,1,561,8,103.13,20.0,275.0
83,1,562,8,103.13,20.0,275.0
83,1,563,8,103.13,20.0,275.0
83,1,564,8,103.13,20.0,275.0
83,1,565,8,103.13,20.0,275.0
83,1,566,8,103.13,20.0,275.0
83,1,567,8,103.13,20.0,275.0
83,1,568,8,103.13,20.0,275.0
83,1,569,8,103.13,20.0,275.0
83,1,570,8,103.13,20.0,275.0
83,1,571,8,103.13,20.0,275.0
83,1,58,8,103.13,20.0,275.0
83,1,59,8,103.13,20.0,275.0
83,1,6,8,103.13,20.0,275.0
83,1,60,8,103.13,20.0,275.0
83,1,61,8,103.13,20.0,275.0
83,1,62,8,103.13,20.0,275.0
83,1,7,8,103.13,20.0,275.0
83,1,71,8,103.13,20.0,275.0
83,1,86,8,103.13,20.0,275.0
83,1,88,8,103.13,20.0,275.0
83,1,89,8,103.13,20.0,275.0
83,1,90,8,103.13,20.0,275.0
83,1,91,8,103.13,20.0,275.0
83,1,92,8,103.13,20.0,275.0
83,1,93,8,103.13,20.0,275.0
83,1,94,8,103.13,20.0,275.0
83,1,95,8,103.13,20.0,275.0
83,1,96,8,103.13,20.0,275.0
83,1,97,8,103.13,20.0,275.0
523,1,136,10,104.5,20.0,140.0
523,1,137,10,104.5,20.0,140.0
523,1,138,10,104.5,20.0,140.0
523,1,139,10,104.5,20.0,140.0
523,1,141,10,104.5,20.0,140.0
523,1,5395,10,104.5,20.0,140.0
523,1,5405,10,104.5,20.0,140.0
523,1,5420,10,104.5,20.0,140.0
523,1,5424,10,104.5,20.0,140.0
523,1,5425,10,104.5,20.0,140.0
523,1,5426,10,104.5,20.0,140.0
523,1,5427,10,104.5,20.0,140.0
523,1,5428,10,104.5,20.0,140.0
523,1,5429,10,104.5,20.0,140.0
523,1,5430,10,104.5,20.0,140.0
523,1,5431,10,104.5,20.0,140.0
523,1,5432,10,104.5,20.0,140.0
523,1,5433,10,104.5,20.0,140.0
523,1,5434,10,104.5,20.0,140.0
523,1,5435,10,104.5,20.0,140.0
523,1,5436,10,104.5,20.0,140.0
523,1,5437,10,104.5,20.0,140.0
523,1,5438,10,104.5,20.0,140.0
523,1,5439,10,104.5,20.0,140.0
523,1,5441,10,104.5,20.0,140.0
523,1,5442,10,104.5,20.0,140.0
523,1,5443,10,104.5,20.0,140.0
523,1,5444,10,104.5,20.0,140.0
523,1,5445,10,104.5,20.0,140.0
523,1,5446,10,104.5,20.0,140.0
523,1,5447,10,104.5,20.0,140.0
523,1,5448,10,104.5,20.0,140.0
523,1,5449,10,104.5,20.0,140.0
523,1,5450,10,104.5,20.0,140.0
523,1,5451,10,104.5,20.0,140.0
523,1,5452,10,104.5,20.0,140.0
523,1,5453,10,104.5,20.0,140.0
523,1,5454,10,104.5,20.0,140.0
1090,1,106661,1,105.0,105.0,105.0
1090,1,106662,1,105.0,105.0,105.0
1090,1,106663,1,105.0,105.0,105.0
1090,1,149,1,105.0,105.0,105.0
1090,1,150,1,105.0,105.0,105.0
1090,1,151,1,105.0,105.0,105.0
1090,1,152,1,105.0,105.0,105.0
1090,1,217,1,105.0,105.0,105.0
1090,1,218,1,105.0,105.0,105.0
1090,1,219,1,105.0,105.0,105.0
1090,1,220,1,105.0,105.0,105.0
1090,1,221,1,105.0,105.0,105.0
1090,1,222,1,105.0,105.0,105.0
1090,1,223,1,105.0,105.0,105.0
1090,1,224,1,105.0,105.0,105.0
1090,1,225,1,105.0,105.0,105.0
1090,1,228,1,105.0,105.0,105.0
1090,1,287,1,105.0,105.0,105.0
1090,1,288,1,105.0,105.0,105.0
1090,1,3179,1,105.0,105.0,105.0
1090,1,4533,1,105.0,105.0,105.0
1090,1,8772,1,105.0,105.0,105.0
1090,1,8779,1,105.0,105.0,105.0
1090,1,8780,1,105.0,105.0,105.0
1090,1,8781,1,105.0,105.0,105.0
1090,1,8782,1,105.0,105.0,105.0
1090,1,8783,1,105.0,105.0,105.0
347,0,129,8,105.0,40.0,170.0
347,0,1788,8,105.0,40.0,170.0
347,0,1789,8,105.0,40.0,170.0
347,0,1790,8,105.0,40.0,170.0
347,0,1791,8,105.0,40.0,170.0
347,0,1792,8,105.0,40.0,170.0
347,0,3109,8,105.0,40.0,170.0
347,0,3110,8,105.0,40.0,170.0
347,0,3111,8,105.0,40.0,170.0
347,0,3112,8,105.0,40.0,170.0
347,0,3113,8,105.0,40.0,170.0
347,0,3137,8,105.0,40.0,170.0
347,0,3138,8,105.0,40.0,170.0
347,0,3139,8,105.0,40.0,170.0
347,0,3315,8,105.0,40.0,170.0
347,0,3531,8,105.0,40.0,170.0
347,0,3532,8,105.0,40.0,170.0
347,0,3798,8,105.0,40.0,170.0
347,0,3799,8,105.0,40.0,170.0
347,0,3800,8,105.0,40.0,170.0
347,0,3801,8,105.0,40.0,170.0
347,0,3820,8,105.0,40.0,170.0
347,0,3821,8,105.0,40.0,170.0
347,0,3822,8,105.0,40.0,170.0
347,0,3826,8,105.0,40.0,170.0
347,0,793,8,105.0,40.0,170.0
347,0,794,8,105.0,40.0,170.0
348,1,1277,8,105.0,100.0,130.0
348,1,172,8,105.0,100.0,130.0
348,1,1810,8,105.0,100.0,130.0
348,1,1811,8,105.0,100.0,130.0
348,1,1812,8,105.0,100.0,130.0
348,1,1813,8,105.0,100.0,130.0
348,1,1815,8,105.0,100.0,130.0
348,1,3110,8,105.0,100.0,130.0
348,1,3118,8,105.0,100.0,130.0
348,1,3119,8,105.0,100.0,130.0
348,1,3120,8,105.0,100.0,130.0
348,1,3121,8,105.0,100.0,130.0
348,1,3139,8,105.0,100.0,130.0
348,1,3161,8,105.0,100.0,130.0
348,1,3162,8,105.0,100.0,130.0
348,1,3578,8,105.0,100.0,130.0
348,1,3579,8,105.0,100.0,130.0
348,1,3802,8,105.0,100.0,130.0
348,1,3803,8,105.0,100.0,130.0
348,1,3804,8,105.0,100.0,130.0
348,1,3805,8,105.0,100.0,130.0
348,1,3806,8,105.0,100.0,130.0
348,1,3823,8,105.0,100.0,130.0
348,1,3824,8,105.0,100.0,130.0
348,1,3826,8,105.0,100.0,130.0
348,1,795,8,105.0,100.0,130.0
48,0,106603,6,105.0,70.0,260.0
48,0,126,6,105.0,70.0,260.0
48,0,145,6,105.0,70.0,260.0
48,0,191,6,105.0,70.0,260.0
48,0,192,6,105.0,70.0,260.0
48,0,194,6,105.0,70.0,260.0
48,0,3304,6,105.0,70.0,260.0
48,0,3320,6,105.0,70.0,260.0
48,0,378,6,105.0,70.0,260.0
48,0,379,6,105.0,70.0,260.0
48,0,380,6,105.0,70.0,260.0
48,0,392,6,105.0,70.0,260.0
48,0,621,6,105.0,70.0,260.0
48,0,622,6,105.0,70.0,260.0
48,0,623,6,105.0,70.0,260.0
48,0,641,6,105.0,70.0,260.0
48,0,644,6,105.0,70.0,260.0
48,0,646,6,105.0,70.0,260.0
48,0,647,6,105.0,70.0,260.0
48,0,8061,6,105.0,70.0,260.0
598,1,1031,1,105.0,105.0,105.0
598,1,1050,1,105.0,105.0,105.0
598,1,107,1,105.0,105.0,105.0
598,1,1323,1,105.0,105.0,105.0
598,1,1324,1,105.0,105.0,105.0
598,1,1325,1,105.0,105.0,105.0
598,1,1737,1,105.0,105.0,105.0
598,1,1827,1,105.0,105.0,105.0
598,1,2111,1,105.0,105.0,105.0
598,1,2112,1,105.0,105.0,105.0
598,1,2114,1,105.0,105.0,105.0
598,1,2119,1,105.0,105.0,105.0
598,1,319,1,105.0,105.0,105.0
598,1,460,1,105.0,105.0,105.0
598,1,461,1,105.0,105.0,105.0
598,1,5899,1,105.0,105.0,105.0
598,1,5900,1,105.0,105.0,105.0
598,1,5901,1,105.0,105.0,105.0
598,1,5902,1,105.0,105.0,105.0
598,1,741,1,105.0,105.0,105.0
598,1,766,1,105.0,105.0,105.0
598,1,785,1,105.0,105.0,105.0
598,1,801,1,105.0,105.0,105.0
598,1,802,1,105.0,105.0,105.0
598,1,803,1,105.0,105.0,105.0
598,1,804,1,105.0,105.0,105.0
598,1,805,1,105.0,105.0,105.0
598,1,806,1,105.0,105.0,105.0
598,1,879,1,105.0,105.0,105.0
598,1,880,1,105.0,105.0,105.0
598,1,955,1,105.0,105.0,105.0
598,1,956,1,105.0,105.0,105.0
598,1,957,1,105.0,105.0,105.0
598,1,958,1,105.0,105.0,105.0
598,1,959,1,105.0,105.0,105.0
598,1,974,1,105.0,105.0,105.0
598,1,975,1,105.0,105.0,105.0
598,1,976,1,105.0,105.0,105.0
598,1,977,1,105.0,105.0,105.0
598,1,978,1,105.0,105.0,105.0
598,1,979,1,105.0,105.0,105.0
598,1,980,1,105.0,105.0,105.0
598,1,982,1,105.0,105.0,105.0
598,1,983,1,105.0,105.0,105.0
598,1,991,1,105.0,105.0,105.0
598,1,992,1,105.0,105.0,105.0
598,1,993,1,105.0,105.0,105.0
731,0,1024,2,105.0,105.0,105.0
731,0,1025,2,105.0,105.0,105.0
731,0,1044,2,105.0,105.0,105.0
731,0,1045,2,105.0,105.0,105.0
731,0,2124,2,105.0,105.0,105.0
731,0,2125,2,105.0,105.0,105.0
731,0,3842,2,105.0,105.0,105.0
731,0,3844,2,105.0,105.0,105.0
731,0,5892,2,105.0,105.0,105.0
731,0,5894,2,105.0,105.0,105.0
731,0,5898,2,105.0,105.0,105.0
731,0,594,2,105.0,105.0,105.0
731,0,6034,2,105.0,105.0,105.0
731,0,6038,2,105.0,105.0,105.0
731,0,6059,2,105.0,105.0,105.0
731,0,6129,2,105.0,105.0,105.0
731,0,6130,2,105.0,105.0,105.0
731,0,6161,2,105.0,105.0,105.0
731,0,6162,2,105.0,105.0,105.0
731,0,6216,2,105.0,105.0,105.0
731,0,6259,2,105.0,105.0,105.0
731,0,6260,2,105.0,105.0,105.0
731,0,6306,2,105.0,105.0,105.0
731,0,6530,2,105.0,105.0,105.0
731,0,6941,2,105.0,105.0,105.0
731,0,7054,2,105.0,105.0,105.0
731,0,7055,2,105.0,105.0,105.0
731,0,7056,2,105.0,105.0,105.0
731,0,7057,2,105.0,105.0,105.0
731,0,7059,2,105.0,105.0,105.0
731,0,7060,2,105.0,105.0,105.0
731,0,7304,2,105.0,105.0,105.0
731,0,7736,2,105.0,105.0,105.0
731,0,7909,2,105.0,105.0,105.0
731,0,7910,2,105.0,105.0,105.0
731,0,7912,2,105.0,105.0,105.0
731,0,7915,2,105.0,105.0,105.0
731,0,8892,2,105.0,105.0,105.0
732,1,1743,2,105.0,100.0,110.0
732,1,1744,2,105.0,100.0,110.0
732,1,2210,2,105.0,100.0,110.0
732,1,3846,2,105.0,100.0,110.0
732,1,3847,2,105.0,100.0,110.0
732,1,3848,2,105.0,100.0,110.0
732,1,5894,2,105.0,100.0,110.0
732,1,5898,2,105.0,100.0,110.0
732,1,594,2,105.0,100.0,110.0
732,1,6038,2,105.0,100.0,110.0
732,1,6040,2,105.0,100.0,110.0
732,1,6127,2,105.0,100.0,110.0
732,1,6128,2,105.0,100.0,110.0
732,1,6159,2,105.0,100.0,110.0
732,1,6160,2,105.0,100.0,110.0
732,1,6217,2,105.0,100.0,110.0
732,1,6263,2,105.0,100.0,110.0
732,1,6264,2,105.0,100.0,110.0
732,1,6275,2,105.0,100.0,110.0
732,1,6516,2,105.0,100.0,110.0
732,1,6527,2,105.0,100.0,110.0
732,1,6941,2,105.0,100.0,110.0
732,1,6943,2,105.0,100.0,110.0
732,1,6944,2,105.0,100.0,110.0
732,1,6945,2,105.0,100.0,110.0
732,1,7065,2,105.0,100.0,110.0
732,1,7066,2,105.0,100.0,110.0
732,1,7067,2,105.0,100.0,110.0
732,1,7068,2,105.0,100.0,110.0
732,1,7069,2,105.0,100.0,110.0
732,1,7070,2,105.0,100.0,110.0
732,1,7071,2,105.0,100.0,110.0
732,1,7302,2,105.0,100.0,110.0
732,1,7308,2,105.0,100.0,110.0
732,1,7735,2,105.0,100.0,110.0
732,1,994,2,105.0,100.0,110.0
732,1,995,2,105.0,100.0,110.0
962,1,118,1,105.0,105.0,105.0
962,1,119,1,105.0,105.0,105.0
962,1,120,1,105.0,105.0,105.0
962,1,121,1,105.0,105.0,105.0
962,1,124,1,105.0,105.0,105.0
962,1,125,1,105.0,105.0,105.0
962,1,1277,1,105.0,105.0,105.0
962,1,144,1,105.0,105.0,105.0
962,1,145,1,105.0,105.0,105.0
962,1,146,1,105.0,105.0,105.0
962,1,147,1,105.0,105.0,105.0
962,1,172,1,105.0,105.0,105.0
962,1,1815,1,105.0,105.0,105.0
962,1,1917,1,105.0,105.0,105.0
962,1,1918,1,105.0,105.0,105.0
962,1,1919,1,105.0,105.0,105.0
962,1,1920,1,105.0,105.0,105.0
962,1,1933,1,105.0,105.0,105.0
962,1,1934,1,105.0,105.0,105.0
962,1,196,1,105.0,105.0,105.0
962,1,1976,1,105.0,105.0,105.0
962,1,1979,1,105.0,105.0,105.0
962,1,1980,1,105.0,105.0,105.0
962,1,1981,1,105.0,105.0,105.0
962,1,1982,1,105.0,105.0,105.0
962,1,1983,1,105.0,105.0,105.0
962,1,1984,1,105.0,105.0,105.0
962,1,1985,1,105.0,105.0,105.0
962,1,1986,1,105.0,105.0,105.0
962,1,1987,1,105.0,105.0,105.0
962,1,1988,1,105.0,105.0,105.0
962,1,1989,1,105.0,105.0,105.0
962,1,199,1,105.0,105.0,105.0
962,1,225,1,105.0,105.0,105.0
962,1,226,1,105.0,105.0,105.0
962,1,227,1,105.0,105.0,105.0
962,1,283,1,105.0,105.0,105.0
962,1,284,1,105.0,105.0,105.0
962,1,287,1,105.0,105.0,105.0
962,1,288,1,105.0,105.0,105.0
962,1,3179,1,105.0,105.0,105.0
962,1,3802,1,105.0,105.0,105.0
962,1,3803,1,105.0,105.0,105.0
962,1,3804,1,105.0,105.0,105.0
962,1,3805,1,105.0,105.0,105.0
962,1,3806,1,105.0,105.0,105.0
962,1,793,1,105.0,105.0,105.0
962,1,795,1,105.0,105.0,105.0
962,1,8334,1,105.0,105.0,105.0
962,1,8335,1,105.0,105.0,105.0
962,1,8605,1,105.0,105.0,105.0
642,1,5773,9,105.56,40.0,150.0
642,1,5809,9,105.56,40.0,150.0
642,1,5810,9,105.56,40.0,150.0
642,1,5811,9,105.56,40.0,150.0
642,1,5812,9,105.56,40.0,150.0
642,1,6127,9,105.56,40.0,150.0
642,1,6128,9,105.56,40.0,150.0
642,1,6159,9,105.56,40.0,150.0
642,1,6160,9,105.56,40.0,150.0
642,1,6163,9,105.56,40.0,150.0
642,1,6164,9,105.56,40.0,150.0
642,1,6282,9,105.56,40.0,150.0
642,1,6468,9,105.56,40.0,150.0
642,1,6502,9,105.56,40.0,150.0
642,1,6503,9,105.56,40.0,150.0
642,1,6504,9,105.56,40.0,150.0
642,1,6505,9,105.56,40.0,150.0
642,1,6506,9,105.56,40.0,150.0
642,1,6507,9,105.56,40.0,150.0
642,1,6508,9,105.56,40.0,150.0
642,1,6513,9,105.56,40.0,150.0
642,1,6514,9,105.56,40.0,150.0
642,1,6515,9,105.56,40.0,150.0
642,1,6516,9,105.56,40.0,150.0
642,1,986,9,105.56,40.0,150.0
641,0,1033,8,106.25,90.0,130.0
641,0,5803,8,106.25,90.0,130.0
641,0,5805,8,106.25,90.0,130.0
641,0,5806,8,106.25,90.0,130.0
641,0,5807,8,106.25,90.0,130.0
641,0,5808,8,106.25,90.0,130.0
641,0,5809,8,106.25,90.0,130.0
641,0,6059,8,106.25,90.0,130.0
641,0,6094,8,106.25,90.0,130.0
641,0,6129,8,106.25,90.0,130.0
641,0,6130,8,106.25,90.0,130.0
641,0,6161,8,106.25,90.0,130.0
641,0,6162,8,106.25,90.0,130.0
641,0,6282,8,106.25,90.0,130.0
641,0,6320,8,106.25,90.0,130.0
641,0,6496,8,106.25,90.0,130.0
641,0,6497,8,106.25,90.0,130.0
641,0,6498,8,106.25,90.0,130.0
641,0,6499,8,106.25,90.0,130.0
641,0,6500,8,106.25,90.0,130.0
641,0,6501,8,106.25,90.0,130.0
641,0,6510,8,106.25,90.0,130.0
641,0,6511,8,106.25,90.0,130.0
641,0,6512,8,106.25,90.0,130.0
641,0,984,8,106.25,90.0,130.0
641,0,985,8,106.25,90.0,130.0
1110,0,106880,6,106.67,80.0,220.0
1110,0,118,6,106.67,80.0,220.0
1110,0,119,6,106.67,80.0,220.0
1110,0,120,6,106.67,80.0,220.0
1110,0,121,6,106.67,80.0,220.0
1110,0,152,6,106.67,80.0,220.0
1110,0,200,6,106.67,80.0,220.0
1110,0,201,6,106.67,80.0,220.0
1110,0,202,6,106.67,80.0,220.0
1110,0,203,6,106.67,80.0,220.0
1110,0,204,6,106.67,80.0,220.0
1110,0,205,6,106.67,80.0,220.0
1110,0,206,6,106.67,80.0,220.0
1110,0,207,6,106.67,80.0,220.0
1110,0,277,6,106.67,80.0,220.0
1110,0,278,6,106.67,80.0,220.0
1110,0,281,6,106.67,80.0,220.0
1110,0,282,6,106.67,80.0,220.0
1110,0,285,6,106.67,80.0,220.0
1110,0,8202,6,106.67,80.0,220.0
673,1,5773,3,106.67,75.0,130.0
673,1,5809,3,106.67,75.0,130.0
673,1,5810,3,106.67,75.0,130.0
673,1,5811,3,106.67,75.0,130.0
673,1,5812,3,106.67,75.0,130.0
673,1,6044,3,106.67,75.0,130.0
673,1,6163,3,106.67,75.0,130.0
673,1,6164,3,106.67,75.0,130.0
673,1,6282,3,106.67,75.0,130.0
673,1,6305,3,106.67,75.0,130.0
673,1,6463,3,106.67,75.0,130.0
673,1,6464,3,106.67,75.0,130.0
673,1,6465,3,106.67,75.0,130.0
673,1,6502,3,106.67,75.0,130.0
673,1,6503,3,106.67,75.0,130.0
673,1,6504,3,106.67,75.0,130.0
673,1,986,3,106.67,75.0,130.0
151,1,106,7,107.14,90.0,135.0
151,1,1777,7,107.14,90.0,135.0
151,1,1811,7,107.14,90.0,135.0
151,1,1812,7,107.14,90.0,135.0
151,1,1813,7,107.14,90.0,135.0
151,1,1814,7,107.14,90.0,135.0
151,1,1815,7,107.14,90.0,135.0
151,1,1816,7,107.14,90.0,135.0
151,1,1817,7,107.14,90.0,135.0
151,1,1818,7,107.14,90.0,135.0
151,1,1819,7,107.14,90.0,135.0
151,1,1820,7,107.14,90.0,135.0
151,1,1821,7,107.14,90.0,135.0
151,1,1822,7,107.14,90.0,135.0
151,1,1823,7,107.14,90.0,135.0
151,1,1824,7,107.14,90.0,135.0
151,1,1825,7,107.14,90.0,135.0
151,1,1826,7,107.14,90.0,135.0
151,1,1835,7,107.14,90.0,135.0
151,1,795,7,107.14,90.0,135.0
36,0,1153,9,107.22,95.0,130.0
36,0,22,9,107.22,95.0,130.0
36,0,23,9,107.22,95.0,130.0
36,0,25,9,107.22,95.0,130.0
36,0,26,9,107.22,95.0,130.0
36,0,27,9,107.22,95.0,130.0
36,0,274,9,107.22,95.0,130.0
36,0,28,9,107.22,95.0,130.0
36,0,29,9,107.22,95.0,130.0
36,0,30,9,107.22,95.0,130.0
36,0,31,9,107.22,95.0,130.0
36,0,32,9,107.22,95.0,130.0
36,0,327,9,107.22,95.0,130.0
36,0,33,9,107.22,95.0,130.0
36,0,3354,9,107.22,95.0,130.0
36,0,34,9,107.22,95.0,130.0
36,0,385,9,107.22,95.0,130.0
36,0,3850,9,107.22,95.0,130.0
36,0,387,9,107.22,95.0,130.0
36,0,477,9,107.22,95.0,130.0
36,0,478,9,107.22,95.0,130.0
36,0,519,9,107.22,95.0,130.0
36,0,520,9,107.22,95.0,130.0
36,0,525,9,107.22,95.0,130.0
36,0,526,9,107.22,95.0,130.0
36,0,53,9,107.22,95.0,130.0
37,1,1186,9,107.22,5.0,225.0
37,1,327,9,107.22,5.0,225.0
37,1,343,9,107.22,5.0,225.0
37,1,344,9,107.22,5.0,225.0
37,1,385,9,107.22,5.0,225.0
37,1,3850,9,107.22,5.0,225.0
37,1,40,9,107.22,5.0,225.0
37,1,41,9,107.22,5.0,225.0
37,1,42,9,107.22,5.0,225.0
37,1,43,9,107.22,5.0,225.0
37,1,44,9,107.22,5.0,225.0
37,1,45,9,107.22,5.0,225.0
37,1,46,9,107.22,5.0,225.0
37,1,47,9,107.22,5.0,225.0
37,1,48,9,107.22,5.0,225.0
37,1,491,9,107.22,5.0,225.0
37,1,5033,9,107.22,5.0,225.0
37,1,504,9,107.22,5.0,225.0
37,1,505,9,107.22,5.0,225.0
37,1,51,9,107.22,5.0,225.0
37,1,52,9,107.22,5.0,225.0
37,1,521,9,107.22,5.0,225.0
37,1,522,9,107.22,5.0,225.0
37,1,527,9,107.22,5.0,225.0
37,1,528,9,107.22,5.0,225.0
37,1,6296,9,107.22,5.0,225.0
37,1,6695,9,107.22,5.0,225.0
1089,0,106661,2,107.5,105.0,110.0
1089,0,106662,2,107.5,105.0,110.0
1089,0,106663,2,107.5,105.0,110.0
1089,0,117,2,107.5,105.0,110.0
1089,0,118,2,107.5,105.0,110.0
1089,0,119,2,107.5,105.0,110.0
1089,0,120,2,107.5,105.0,110.0
1089,0,121,2,107.5,105.0,110.0
1089,0,200,2,107.5,105.0,110.0
1089,0,201,2,107.5,105.0,110.0
1089,0,202,2,107.5,105.0,110.0
1089,0,203,2,107.5,105.0,110.0
1089,0,204,2,107.5,105.0,110.0
1089,0,205,2,107.5,105.0,110.0
1089,0,206,2,107.5,105.0,110.0
1089,0,207,2,107.5,105.0,110.0
1089,0,217,2,107.5,105.0,110.0
1089,0,277,2,107.5,105.0,110.0
1089,0,278,2,107.5,105.0,110.0
1089,0,8202,2,107.5,105.0,110.0
1089,0,8771,2,107.5,105.0,110.0
1089,0,8772,2,107.5,105.0,110.0
1089,0,8773,2,107.5,105.0,110.0
1089,0,8774,2,107.5,105.0,110.0
1089,0,8775,2,107.5,105.0,110.0
1089,0,8776,2,107.5,105.0,110.0
1089,0,8777,2,107.5,105.0,110.0
567,0,1007,2,107.5,105.0,110.0
567,0,1011,2,107.5,105.0,110.0
567,0,1013,2,107.5,105.0,110.0
567,0,1014,2,107.5,105.0,110.0
567,0,1040,2,107.5,105.0,110.0
567,0,1041,2,107.5,105.0,110.0
567,0,4854,2,107.5,105.0,110.0
567,0,4855,2,107.5,105.0,110.0
567,0,4856,2,107.5,105.0,110.0
567,0,4857,2,107.5,105.0,110.0
567,0,4858,2,107.5,105.0,110.0
567,0,4859,2,107.5,105.0,110.0
567,0,4860,2,107.5,105.0,110.0
567,0,4861,2,107.5,105.0,110.0
567,0,4862,2,107.5,105.0,110.0
567,0,4863,2,107.5,105.0,110.0
567,0,5825,2,107.5,105.0,110.0
567,0,5826,2,107.5,105.0,110.0
567,0,5827,2,107.5,105.0,110.0
567,0,5828,2,107.5,105.0,110.0
567,0,5829,2,107.5,105.0,110.0
567,0,5830,2,107.5,105.0,110.0
567,0,5831,2,107.5,105.0,110.0
567,0,5832,2,107.5,105.0,110.0
567,0,5833,2,107.5,105.0,110.0
567,0,5834,2,107.5,105.0,110.0
567,0,5835,2,107.5,105.0,110.0
567,0,5836,2,107.5,105.0,110.0
567,0,5837,2,107.5,105.0,110.0
567,0,5838,2,107.5,105.0,110.0
567,0,5839,2,107.5,105.0,110.0
567,0,5840,2,107.5,105.0,110.0
567,0,5841,2,107.5,105.0,110.0
567,0,5842,2,107.5,105.0,110.0
567,0,5843,2,107.5,105.0,110.0
567,0,5844,2,107.5,105.0,110.0
567,0,7258,2,107.5,105.0,110.0
567,0,9298,2,107.5,105.0,110.0
568,1,1004,2,107.5,105.0,110.0
568,1,1005,2,107.5,105.0,110.0
568,1,1006,2,107.5,105.0,110.0
568,1,1007,2,107.5,105.0,110.0
568,1,1008,2,107.5,105.0,110.0
568,1,1010,2,107.5,105.0,110.0
568,1,1746,2,107.5,105.0,110.0
568,1,4856,2,107.5,105.0,110.0
568,1,4864,2,107.5,105.0,110.0
568,1,4865,2,107.5,105.0,110.0
568,1,4866,2,107.5,105.0,110.0
568,1,4867,2,107.5,105.0,110.0
568,1,4868,2,107.5,105.0,110.0
568,1,4869,2,107.5,105.0,110.0
568,1,4870,2,107.5,105.0,110.0
568,1,5837,2,107.5,105.0,110.0
568,1,5845,2,107.5,105.0,110.0
568,1,5846,2,107.5,105.0,110.0
568,1,5847,2,107.5,105.0,110.0
568,1,5848,2,107.5,105.0,110.0
568,1,5849,2,107.5,105.0,110.0
568,1,5850,2,107.5,105.0,110.0
568,1,5851,2,107.5,105.0,110.0
568,1,5852,2,107.5,105.0,110.0
568,1,5853,2,107.5,105.0,110.0
568,1,5854,2,107.5,105.0,110.0
568,1,5855,2,107.5,105.0,110.0
568,1,5856,2,107.5,105.0,110.0
568,1,5857,2,107.5,105.0,110.0
568,1,5858,2,107.5,105.0,110.0
568,1,5859,2,107.5,105.0,110.0
568,1,5860,2,107.5,105.0,110.0
568,1,5861,2,107.5,105.0,110.0
568,1,5862,2,107.5,105.0,110.0
568,1,5863,2,107.5,105.0,110.0
568,1,5864,2,107.5,105.0,110.0
1020,0,122,8,108.13,25.0,185.0
1020,0,123,8,108.13,25.0,185.0
1020,0,124,8,108.13,25.0,185.0
1020,0,125,8,108.13,25.0,185.0
1020,0,126,8,108.13,25.0,185.0
1020,0,127,8,108.13,25.0,185.0
1020,0,129,8,108.13,25.0,185.0
1020,0,130,8,108.13,25.0,185.0
1020,0,131,8,108.13,25.0,185.0
1020,0,132,8,108.13,25.0,185.0
1020,0,133,8,108.13,25.0,185.0
1020,0,134,8,108.13,25.0,185.0
1020,0,135,8,108.13,25.0,185.0
1020,0,136,8,108.13,25.0,185.0
1020,0,137,8,108.13,25.0,185.0
1020,0,138,8,108.13,25.0,185.0
1020,0,139,8,108.13,25.0,185.0
1020,0,140,8,108.13,25.0,185.0
1020,0,2008,8,108.13,25.0,185.0
1020,0,2009,8,108.13,25.0,185.0
1020,0,2010,8,108.13,25.0,185.0
1020,0,2011,8,108.13,25.0,185.0
1020,0,2012,8,108.13,25.0,185.0
1020,0,2013,8,108.13,25.0,185.0
1020,0,2014,8,108.13,25.0,185.0
1020,0,2015,8,108.13,25.0,185.0
1020,0,2016,8,108.13,25.0,185.0
1020,0,215,8,108.13,25.0,185.0
1020,0,216,8,108.13,25.0,185.0
1020,0,217,8,108.13,25.0,185.0
1020,0,292,8,108.13,25.0,185.0
1020,0,3315,8,108.13,25.0,185.0
1020,0,3855,8,108.13,25.0,185.0
1013,1,1882,9,108.33,35.0,140.0
1013,1,2001,9,108.33,35.0,140.0
1013,1,2006,9,108.33,35.0,140.0
1013,1,217,9,108.33,35.0,140.0
1013,1,289,9,108.33,35.0,140.0
1013,1,290,9,108.33,35.0,140.0
1013,1,291,9,108.33,35.0,140.0
1013,1,292,9,108.33,35.0,140.0
1013,1,293,9,108.33,35.0,140.0
1013,1,294,9,108.33,35.0,140.0
1013,1,352,9,108.33,35.0,140.0
1013,1,353,9,108.33,35.0,140.0
1013,1,354,9,108.33,35.0,140.0
1013,1,355,9,108.33,35.0,140.0
1013,1,356,9,108.33,35.0,140.0
1013,1,357,9,108.33,35.0,140.0
1013,1,358,9,108.33,35.0,140.0
1013,1,360,9,108.33,35.0,140.0
1013,1,361,9,108.33,35.0,140.0
1013,1,362,9,108.33,35.0,140.0
1013,1,3855,9,108.33,35.0,140.0
1013,1,40,9,108.33,35.0,140.0
1013,1,41,9,108.33,35.0,140.0
1013,1,42,9,108.33,35.0,140.0
1013,1,43,9,108.33,35.0,140.0
1013,1,44,9,108.33,35.0,140.0
1013,1,45,9,108.33,35.0,140.0
1013,1,4848,9,108.33,35.0,140.0
1013,1,8559,9,108.33,35.0,140.0
1013,1,8571,9,108.33,35.0,140.0
1013,1,8572,9,108.33,35.0,140.0
1109,1,1369,9,108.33,30.0,140.0
1109,1,1370,9,108.33,30.0,140.0
1109,1,1400,9,108.33,30.0,140.0
1109,1,1401,9,108.33,30.0,140.0
1109,1,1426,9,108.33,30.0,140.0
1109,1,1432,9,108.33,30.0,140.0
1109,1,1634,9,108.33,30.0,140.0
1109,1,1635,9,108.33,30.0,140.0
1109,1,8813,9,108.33,30.0,140.0
1109,1,8814,9,108.33,30.0,140.0
1109,1,8815,9,108.33,30.0,140.0
1109,1,8816,9,108.33,30.0,140.0
1109,1,8817,9,108.33,30.0,140.0
1109,1,8818,9,108.33,30.0,140.0
1109,1,8819,9,108.33,30.0,140.0
1109,1,8820,9,108.33,30.0,140.0
1109,1,8821,9,108.33,30.0,140.0
452,0,106462,8,108.75,60.0,205.0
452,0,114,8,108.75,60.0,205.0
452,0,115,8,108.75,60.0,205.0
452,0,116,8,108.75,60.0,205.0
452,0,117,8,108.75,60.0,205.0
452,0,118,8,108.75,60.0,205.0
452,0,119,8,108.75,60.0,205.0
452,0,120,8,108.75,60.0,205.0
452,0,121,8,108.75,60.0,205.0
452,0,126,8,108.75,60.0,205.0
452,0,127,8,108.75,60.0,205.0
452,0,129,8,108.75,60.0,205.0
452,0,130,8,108.75,60.0,205.0
452,0,131,8,108.75,60.0,205.0
452,0,158,8,108.75,60.0,205.0
452,0,159,8,108.75,60.0,205.0
452,0,160,8,108.75,60.0,205.0
452,0,161,8,108.75,60.0,205.0
452,0,162,8,108.75,60.0,205.0
452,0,163,8,108.75,60.0,205.0
452,0,164,8,108.75,60.0,205.0
452,0,1836,8,108.75,60.0,205.0
452,0,1912,8,108.75,60.0,205.0
452,0,3315,8,108.75,60.0,205.0
452,0,399,8,108.75,60.0,205.0
452,0,400,8,108.75,60.0,205.0
452,0,401,8,108.75,60.0,205.0
452,0,402,8,108.75,60.0,205.0
452,0,4537,8,108.75,60.0,205.0
452,0,4607,8,108.75,60.0,205.0
452,0,4608,8,108.75,60.0,205.0
452,0,4609,8,108.75,60.0,205.0
452,0,4610,8,108.75,60.0,205.0
452,0,4611,8,108.75,60.0,205.0
452,0,4612,8,108.75,60.0,205.0
452,0,4613,8,108.75,60.0,205.0
452,0,4614,8,108.75,60.0,205.0
452,0,4615,8,108.75,60.0,205.0
452,0,4616,8,108.75,60.0,205.0
452,0,4617,8,108.75,60.0,205.0
452,0,4618,8,108.75,60.0,205.0
452,0,4619,8,108.75,60.0,205.0
452,0,4620,8,108.75,60.0,205.0
452,0,4621,8,108.75,60.0,205.0
452,0,4622,8,108.75,60.0,205.0
452,0,4623,8,108.75,60.0,205.0
452,0,4624,8,108.75,60.0,205.0
452,0,4625,8,108.75,60.0,205.0
452,0,4687,8,108.75,60.0,205.0
452,0,4688,8,108.75,60.0,205.0
452,0,4689,8,108.75,60.0,205.0
452,0,4690,8,108.75,60.0,205.0
452,0,4692,8,108.75,60.0,205.0
452,0,4880,8,108.75,60.0,205.0
452,0,4881,8,108.75,60.0,205.0
452,0,4882,8,108.75,60.0,205.0
452,0,4883,8,108.75,60.0,205.0
452,0,4884,8,108.75,60.0,205.0
452,0,4885,8,108.75,60.0,205.0
452,0,4886,8,108.75,60.0,205.0
452,0,4887,8,108.75,60.0,205.0
452,0,4888,8,108.75,60.0,205.0
452,0,4889,8,108.75,60.0,205.0
452,0,4890,8,108.75,60.0,205.0
452,0,4891,8,108.75,60.0,205.0
452,0,4892,8,108.75,60.0,205.0
452,0,4893,8,108.75,60.0,205.0
452,0,4894,8,108.75,60.0,205.0
452,0,4895,8,108.75,60.0,205.0
452,0,4896,8,108.75,60.0,205.0
452,0,4897,8,108.75,60.0,205.0
452,0,4898,8,108.75,60.0,205.0
452,0,4899,8,108.75,60.0,205.0
452,0,4900,8,108.75,60.0,205.0
452,0,4901,8,108.75,60.0,205.0
452,0,4902,8,108.75,60.0,205.0
452,0,4903,8,108.75,60.0,205.0
452,0,4905,8,108.75,60.0,205.0
452,0,4906,8,108.75,60.0,205.0
452,0,4930,8,108.75,60.0,205.0
452,0,4942,8,108.75,60.0,205.0
452,0,4943,8,108.75,60.0,205.0
452,0,4944,8,108.75,60.0,205.0
452,0,4945,8,108.75,60.0,205.0
452,0,4946,8,108.75,60.0,205.0
452,0,4947,8,108.75,60.0,205.0
452,0,4948,8,108.75,60.0,205.0
452,0,4949,8,108.75,60.0,205.0
452,0,4950,8,108.75,60.0,205.0
452,0,4951,8,108.75,60.0,205.0
452,0,4952,8,108.75,60.0,205.0
452,0,4983,8,108.75,60.0,205.0
452,0,790,8,108.75,60.0,205.0
452,0,791,8,108.75,60.0,205.0
452,0,792,8,108.75,60.0,205.0
452,0,793,8,108.75,60.0,205.0
452,0,794,8,108.75,60.0,205.0
67,1,106564,8,108.75,65.0,200.0
67,1,1275,8,108.75,65.0,200.0
67,1,1277,8,108.75,65.0,200.0
67,1,130,8,108.75,65.0,200.0
67,1,131,8,108.75,65.0,200.0
67,1,133,8,108.75,65.0,200.0
67,1,134,8,108.75,65.0,200.0
67,1,135,8,108.75,65.0,200.0
67,1,138,8,108.75,65.0,200.0
67,1,139,8,108.75,65.0,200.0
67,1,141,8,108.75,65.0,200.0
67,1,142,8,108.75,65.0,200.0
67,1,172,8,108.75,65.0,200.0
67,1,248,8,108.75,65.0,200.0
67,1,253,8,108.75,65.0,200.0
67,1,258,8,108.75,65.0,200.0
67,1,311,8,108.75,65.0,200.0
67,1,312,8,108.75,65.0,200.0
67,1,313,8,108.75,65.0,200.0
67,1,314,8,108.75,65.0,200.0
67,1,315,8,108.75,65.0,200.0
67,1,316,8,108.75,65.0,200.0
67,1,317,8,108.75,65.0,200.0
67,1,343,8,108.75,65.0,200.0
67,1,344,8,108.75,65.0,200.0
67,1,381,8,108.75,65.0,200.0
67,1,382,8,108.75,65.0,200.0
67,1,385,8,108.75,65.0,200.0
67,1,40,8,108.75,65.0,200.0
67,1,4509,8,108.75,65.0,200.0
67,1,5033,8,108.75,65.0,200.0
67,1,734,8,108.75,65.0,200.0
67,1,735,8,108.75,65.0,200.0
67,1,736,8,108.75,65.0,200.0
67,1,737,8,108.75,65.0,200.0
67,1,738,8,108.75,65.0,200.0
67,1,739,8,108.75,65.0,200.0
67,1,740,8,108.75,65.0,200.0
67,1,785,8,108.75,65.0,200.0
67,1,800,8,108.75,65.0,200.0
67,1,801,8,108.75,65.0,200.0
67,1,802,8,108.75,65.0,200.0
67,1,803,8,108.75,65.0,200.0
67,1,804,8,108.75,65.0,200.0
67,1,805,8,108.75,65.0,200.0
67,1,806,8,108.75,65.0,200.0
1009,0,1140,9,108.89,5.0,140.0
1009,0,1872,9,108.89,5.0,140.0
1009,0,1873,9,108.89,5.0,140.0
1009,0,1874,9,108.89,5.0,140.0
1009,0,1875,9,108.89,5.0,140.0
1009,0,1876,9,108.89,5.0,140.0
1009,0,1877,9,108.89,5.0,140.0
1009,0,1878,9,108.89,5.0,140.0
1009,0,1879,9,108.89,5.0,140.0
1009,0,1880,9,108.89,5.0,140.0
1009,0,1881,9,108.89,5.0,140.0
1009,0,2001,9,108.89,5.0,140.0
1009,0,2002,9,108.89,5.0,140.0
1009,0,2003,9,108.89,5.0,140.0
1009,0,215,9,108.89,5.0,140.0
1009,0,216,9,108.89,5.0,140.0
1009,0,217,9,108.89,5.0,140.0
1009,0,274,9,108.89,5.0,140.0
1009,0,294,9,108.89,5.0,140.0
1009,0,30,9,108.89,5.0,140.0
1009,0,31,9,108.89,5.0,140.0
1009,0,32,9,108.89,5.0,140.0
1009,0,33,9,108.89,5.0,140.0
1009,0,3354,9,108.89,5.0,140.0
1009,0,34,9,108.89,5.0,140.0
1009,0,8558,9,108.89,5.0,140.0
1009,0,8559,9,108.89,5.0,140.0
1009,0,8571,9,108.89,5.0,140.0
505,1,106,1,110.0,110.0,110.0
505,1,107,1,110.0,110.0,110.0
505,1,149,1,110.0,110.0,110.0
505,1,150,1,110.0,110.0,110.0
505,1,151,1,110.0,110.0,110.0
505,1,152,1,110.0,110.0,110.0
505,1,1962,1,110.0,110.0,110.0
505,1,1963,1,110.0,110.0,110.0
505,1,1966,1,110.0,110.0,110.0
505,1,218,1,110.0,110.0,110.0
505,1,219,1,110.0,110.0,110.0
505,1,220,1,110.0,110.0,110.0
505,1,221,1,110.0,110.0,110.0
505,1,222,1,110.0,110.0,110.0
505,1,3165,1,110.0,110.0,110.0
505,1,3166,1,110.0,110.0,110.0
505,1,343,1,110.0,110.0,110.0
505,1,344,1,110.0,110.0,110.0
505,1,345,1,110.0,110.0,110.0
505,1,346,1,110.0,110.0,110.0
505,1,347,1,110.0,110.0,110.0
505,1,349,1,110.0,110.0,110.0
505,1,4533,1,110.0,110.0,110.0
505,1,5033,1,110.0,110.0,110.0
505,1,5347,1,110.0,110.0,110.0
505,1,5348,1,110.0,110.0,110.0
505,1,5349,1,110.0,110.0,110.0
505,1,5350,1,110.0,110.0,110.0
505,1,5351,1,110.0,110.0,110.0
505,1,5352,1,110.0,110.0,110.0
505,1,5353,1,110.0,110.0,110.0
505,1,5354,1,110.0,110.0,110.0
66,0,106563,8,110.0,75.0,195.0
66,0,106808,8,110.0,75.0,195.0
66,0,1266,8,110.0,75.0,195.0
66,0,1267,8,110.0,75.0,195.0
66,0,1268,8,110.0,75.0,195.0
66,0,1269,8,110.0,75.0,195.0
66,0,1270,8,110.0,75.0,195.0
66,0,1271,8,110.0,75.0,195.0
66,0,129,8,110.0,75.0,195.0
66,0,132,8,110.0,75.0,195.0
66,0,137,8,110.0,75.0,195.0
66,0,141,8,110.0,75.0,195.0
66,0,2105,8,110.0,75.0,195.0
66,0,248,8,110.0,75.0,195.0
66,0,249,8,110.0,75.0,195.0
66,0,250,8,110.0,75.0,195.0
66,0,251,8,110.0,75.0,195.0
66,0,252,8,110.0,75.0,195.0
66,0,254,8,110.0,75.0,195.0
66,0,255,8,110.0,75.0,195.0
66,0,256,8,110.0,75.0,195.0
66,0,257,8,110.0,75.0,195.0
66,0,274,8,110.0,75.0,195.0
66,0,310,8,110.0,75.0,195.0
66,0,327,8,110.0,75.0,195.0
66,0,3315,8,110.0,75.0,195.0
66,0,3354,8,110.0,75.0,195.0
66,0,3830,8,110.0,75.0,195.0
66,0,385,8,110.0,75.0,195.0
66,0,387,8,110.0,75.0,195.0
66,0,388,8,110.0,75.0,195.0
66,0,391,8,110.0,75.0,195.0
66,0,727,8,110.0,75.0,195.0
66,0,729,8,110.0,75.0,195.0
66,0,730,8,110.0,75.0,195.0
66,0,731,8,110.0,75.0,195.0
66,0,732,8,110.0,75.0,195.0
66,0,779,8,110.0,75.0,195.0
66,0,780,8,110.0,75.0,195.0
66,0,781,8,110.0,75.0,195.0
66,0,782,8,110.0,75.0,195.0
66,0,783,8,110.0,75.0,195.0
66,0,784,8,110.0,75.0,195.0
66,0,786,8,110.0,75.0,195.0
66,0,788,8,110.0,75.0,195.0
66,0,789,8,110.0,75.0,195.0
487,1,2829,7,110.09,5.65,324.35
987,0,8378,7,111.8,2.62,477.38
987,0,8397,7,111.84,2.9,477.1
987,0,8396,7,112.29,6.03,473.97
987,0,8379,7,112.47,7.3,472.7
150,0,1777,7,112.86,90.0,145.0
150,0,1778,7,112.86,90.0,145.0
150,0,1779,7,112.86,90.0,145.0
150,0,1780,7,112.86,90.0,145.0
150,0,1781,7,112.86,90.0,145.0
150,0,1782,7,112.86,90.0,145.0
150,0,1783,7,112.86,90.0,145.0
150,0,1784,7,112.86,90.0,145.0
150,0,1785,7,112.86,90.0,145.0
150,0,1786,7,112.86,90.0,145.0
150,0,1787,7,112.86,90.0,145.0
150,0,1788,7,112.86,90.0,145.0
150,0,1790,7,112.86,90.0,145.0
150,0,1791,7,112.86,90.0,145.0
150,0,1834,7,112.86,90.0,145.0
150,0,319,7,112.86,90.0,145.0
150,0,320,7,112.86,90.0,145.0
150,0,321,7,112.86,90.0,145.0
150,0,793,7,112.86,90.0,145.0
150,0,794,7,112.86,90.0,145.0
944,1,124,7,112.86,30.0,415.0
944,1,1241,7,112.86,30.0,415.0
944,1,1242,7,112.86,30.0,415.0
944,1,1243,7,112.86,30.0,415.0
944,1,1244,7,112.86,30.0,415.0
944,1,1245,7,112.86,30.0,415.0
944,1,1246,7,112.86,30.0,415.0
944,1,1247,7,112.86,30.0,415.0
944,1,1248,7,112.86,30.0,415.0
944,1,1249,7,112.86,30.0,415.0
944,1,125,7,112.86,30.0,415.0
944,1,1250,7,112.86,30.0,415.0
944,1,1251,7,112.86,30.0,415.0
944,1,130,7,112.86,30.0,415.0
944,1,131,7,112.86,30.0,415.0
944,1,144,7,112.86,30.0,415.0
944,1,146,7,112.86,30.0,415.0
944,1,147,7,112.86,30.0,415.0
944,1,149,7,112.86,30.0,415.0
944,1,150,7,112.86,30.0,415.0
944,1,151,7,112.86,30.0,415.0
944,1,152,7,112.86,30.0,415.0
944,1,172,7,112.86,30.0,415.0
944,1,173,7,112.86,30.0,415.0
944,1,1976,7,112.86,30.0,415.0
944,1,1979,7,112.86,30.0,415.0
944,1,1980,7,112.86,30.0,415.0
944,1,1981,7,112.86,30.0,415.0
944,1,1982,7,112.86,30.0,415.0
944,1,1983,7,112.86,30.0,415.0
944,1,1984,7,112.86,30.0,415.0
944,1,1985,7,112.86,30.0,415.0
944,1,1986,7,112.86,30.0,415.0
944,1,1987,7,112.86,30.0,415.0
944,1,1988,7,112.86,30.0,415.0
944,1,1989,7,112.86,30.0,415.0
944,1,218,7,112.86,30.0,415.0
944,1,219,7,112.86,30.0,415.0
944,1,220,7,112.86,30.0,415.0
944,1,221,7,112.86,30.0,415.0
944,1,222,7,112.86,30.0,415.0
944,1,223,7,112.86,30.0,415.0
944,1,224,7,112.86,30.0,415.0
944,1,225,7,112.86,30.0,415.0
944,1,283,7,112.86,30.0,415.0
944,1,284,7,112.86,30.0,415.0
944,1,287,7,112.86,30.0,415.0
944,1,288,7,112.86,30.0,415.0
944,1,3315,7,112.86,30.0,415.0
944,1,4533,7,112.86,30.0,415.0
944,1,8282,7,112.86,30.0,415.0
944,1,8283,7,112.86,30.0,415.0
453,1,1277,9,113.89,20.0,340.0
453,1,130,9,113.89,20.0,340.0
453,1,131,9,113.89,20.0,340.0
453,1,144,9,113.89,20.0,340.0
453,1,149,9,113.89,20.0,340.0
453,1,150,9,113.89,20.0,340.0
453,1,151,9,113.89,20.0,340.0
453,1,152,9,113.89,20.0,340.0
453,1,153,9,113.89,20.0,340.0
453,1,155,9,113.89,20.0,340.0
453,1,160,9,113.89,20.0,340.0
453,1,165,9,113.89,20.0,340.0
453,1,166,9,113.89,20.0,340.0
453,1,167,9,113.89,20.0,340.0
453,1,168,9,113.89,20.0,340.0
453,1,169,9,113.89,20.0,340.0
453,1,170,9,113.89,20.0,340.0
453,1,171,9,113.89,20.0,340.0
453,1,172,9,113.89,20.0,340.0
453,1,1912,9,113.89,20.0,340.0
453,1,1914,9,113.89,20.0,340.0
453,1,373,9,113.89,20.0,340.0
453,1,394,9,113.89,20.0,340.0
453,1,399,9,113.89,20.0,340.0
453,1,400,9,113.89,20.0,340.0
453,1,445,9,113.89,20.0,340.0
453,1,446,9,113.89,20.0,340.0
453,1,447,9,113.89,20.0,340.0
453,1,4509,9,113.89,20.0,340.0
453,1,4533,9,113.89,20.0,340.0
453,1,4541,9,113.89,20.0,340.0
453,1,4626,9,113.89,20.0,340.0
453,1,4627,9,113.89,20.0,340.0
453,1,4628,9,113.89,20.0,340.0
453,1,4629,9,113.89,20.0,340.0
453,1,4630,9,113.89,20.0,340.0
453,1,4631,9,113.89,20.0,340.0
453,1,4632,9,113.89,20.0,340.0
453,1,4633,9,113.89,20.0,340.0
453,1,4634,9,113.89,20.0,340.0
453,1,4635,9,113.89,20.0,340.0
453,1,4636,9,113.89,20.0,340.0
453,1,4637,9,113.89,20.0,340.0
453,1,4638,9,113.89,20.0,340.0
453,1,4639,9,113.89,20.0,340.0
453,1,4640,9,113.89,20.0,340.0
453,1,4641,9,113.89,20.0,340.0
453,1,4642,9,113.89,20.0,340.0
453,1,4643,9,113.89,20.0,340.0
453,1,4688,9,113.89,20.0,340.0
453,1,4692,9,113.89,20.0,340.0
453,1,4693,9,113.89,20.0,340.0
453,1,4694,9,113.89,20.0,340.0
453,1,4695,9,113.89,20.0,340.0
453,1,4899,9,113.89,20.0,340.0
453,1,4907,9,113.89,20.0,340.0
453,1,4908,9,113.89,20.0,340.0
453,1,4910,9,113.89,20.0,340.0
453,1,4911,9,113.89,20.0,340.0
453,1,4912,9,113.89,20.0,340.0
453,1,4913,9,113.89,20.0,340.0
453,1,4914,9,113.89,20.0,340.0
453,1,4915,9,113.89,20.0,340.0
453,1,4916,9,113.89,20.0,340.0
453,1,4917,9,113.89,20.0,340.0
453,1,4918,9,113.89,20.0,340.0
453,1,4919,9,113.89,20.0,340.0
453,1,4920,9,113.89,20.0,340.0
453,1,4921,9,113.89,20.0,340.0
453,1,4922,9,113.89,20.0,340.0
453,1,4923,9,113.89,20.0,340.0
453,1,4924,9,113.89,20.0,340.0
453,1,4925,9,113.89,20.0,340.0
453,1,4926,9,113.89,20.0,340.0
453,1,4927,9,113.89,20.0,340.0
453,1,4928,9,113.89,20.0,340.0
453,1,4929,9,113.89,20.0,340.0
453,1,4930,9,113.89,20.0,340.0
453,1,4931,9,113.89,20.0,340.0
453,1,4932,9,113.89,20.0,340.0
453,1,4933,9,113.89,20.0,340.0
453,1,4945,9,113.89,20.0,340.0
453,1,4951,9,113.89,20.0,340.0
453,1,4953,9,113.89,20.0,340.0
453,1,4954,9,113.89,20.0,340.0
453,1,4955,9,113.89,20.0,340.0
453,1,4956,9,113.89,20.0,340.0
453,1,4957,9,113.89,20.0,340.0
453,1,4958,9,113.89,20.0,340.0
453,1,4959,9,113.89,20.0,340.0
453,1,4960,9,113.89,20.0,340.0
453,1,4961,9,113.89,20.0,340.0
453,1,4984,9,113.89,20.0,340.0
453,1,795,9,113.89,20.0,340.0
453,1,796,9,113.89,20.0,340.0
453,1,797,9,113.89,20.0,340.0
453,1,798,9,113.89,20.0,340.0
453,1,799,9,113.89,20.0,340.0
432,0,114,5,114.0,70.0,140.0
432,0,115,5,114.0,70.0,140.0
432,0,116,5,114.0,70.0,140.0
432,0,117,5,114.0,70.0,140.0
432,0,118,5,114.0,70.0,140.0
432,0,119,5,114.0,70.0,140.0
432,0,120,5,114.0,70.0,140.0
432,0,121,5,114.0,70.0,140.0
432,0,126,5,114.0,70.0,140.0
432,0,127,5,114.0,70.0,140.0
432,0,129,5,114.0,70.0,140.0
432,0,130,5,114.0,70.0,140.0
432,0,131,5,114.0,70.0,140.0
432,0,158,5,114.0,70.0,140.0
432,0,159,5,114.0,70.0,140.0
432,0,160,5,114.0,70.0,140.0
432,0,161,5,114.0,70.0,140.0
432,0,162,5,114.0,70.0,140.0
432,0,163,5,114.0,70.0,140.0
432,0,164,5,114.0,70.0,140.0
432,0,1836,5,114.0,70.0,140.0
432,0,3315,5,114.0,70.0,140.0
432,0,379,5,114.0,70.0,140.0
432,0,399,5,114.0,70.0,140.0
432,0,400,5,114.0,70.0,140.0
432,0,401,5,114.0,70.0,140.0
432,0,402,5,114.0,70.0,140.0
432,0,4537,5,114.0,70.0,140.0
432,0,4577,5,114.0,70.0,140.0
432,0,4578,5,114.0,70.0,140.0
432,0,4579,5,114.0,70.0,140.0
432,0,4580,5,114.0,70.0,140.0
432,0,4581,5,114.0,70.0,140.0
432,0,4582,5,114.0,70.0,140.0
432,0,4583,5,114.0,70.0,140.0
432,0,4584,5,114.0,70.0,140.0
432,0,4585,5,114.0,70.0,140.0
432,0,4586,5,114.0,70.0,140.0
432,0,4587,5,114.0,70.0,140.0
432,0,4590,5,114.0,70.0,140.0
432,0,4591,5,114.0,70.0,140.0
432,0,4592,5,114.0,70.0,140.0
432,0,4593,5,114.0,70.0,140.0
432,0,4594,5,114.0,70.0,140.0
432,0,4607,5,114.0,70.0,140.0
432,0,4608,5,114.0,70.0,140.0
432,0,4609,5,114.0,70.0,140.0
432,0,4610,5,114.0,70.0,140.0
432,0,4611,5,114.0,70.0,140.0
432,0,4612,5,114.0,70.0,140.0
432,0,4613,5,114.0,70.0,140.0
432,0,4614,5,114.0,70.0,140.0
432,0,4615,5,114.0,70.0,140.0
432,0,4616,5,114.0,70.0,140.0
432,0,4617,5,114.0,70.0,140.0
432,0,4618,5,114.0,70.0,140.0
432,0,4619,5,114.0,70.0,140.0
432,0,4620,5,114.0,70.0,140.0
432,0,4621,5,114.0,70.0,140.0
432,0,4622,5,114.0,70.0,140.0
432,0,4623,5,114.0,70.0,140.0
432,0,4624,5,114.0,70.0,140.0
432,0,4625,5,114.0,70.0,140.0
432,0,4681,5,114.0,70.0,140.0
432,0,4682,5,114.0,70.0,140.0
432,0,4684,5,114.0,70.0,140.0
432,0,4685,5,114.0,70.0,140.0
432,0,4686,5,114.0,70.0,140.0
432,0,4687,5,114.0,70.0,140.0
432,0,4688,5,114.0,70.0,140.0
432,0,4689,5,114.0,70.0,140.0
432,0,4690,5,114.0,70.0,140.0
432,0,4703,5,114.0,70.0,140.0
432,0,4705,5,114.0,70.0,140.0
432,0,790,5,114.0,70.0,140.0
432,0,791,5,114.0,70.0,140.0
432,0,792,5,114.0,70.0,140.0
432,0,793,5,114.0,70.0,140.0
432,0,794,5,114.0,70.0,140.0
19,1,106,2,115.0,105.0,125.0
19,1,107,2,115.0,105.0,125.0
19,1,149,2,115.0,105.0,125.0
19,1,150,2,115.0,105.0,125.0
19,1,151,2,115.0,105.0,125.0
19,1,152,2,115.0,105.0,125.0
19,1,153,2,115.0,105.0,125.0
19,1,155,2,115.0,105.0,125.0
19,1,165,2,115.0,105.0,125.0
19,1,166,2,115.0,105.0,125.0
19,1,167,2,115.0,105.0,125.0
19,1,329,2,115.0,105.0,125.0
19,1,336,2,115.0,105.0,125.0
19,1,337,2,115.0,105.0,125.0
19,1,338,2,115.0,105.0,125.0
19,1,339,2,115.0,105.0,125.0
19,1,340,2,115.0,105.0,125.0
19,1,341,2,115.0,105.0,125.0
19,1,343,2,115.0,105.0,125.0
19,1,344,2,115.0,105.0,125.0
19,1,345,2,115.0,105.0,125.0
19,1,346,2,115.0,105.0,125.0
19,1,347,2,115.0,105.0,125.0
19,1,348,2,115.0,105.0,125.0
19,1,349,2,115.0,105.0,125.0
19,1,4533,2,115.0,105.0,125.0
19,1,4541,2,115.0,105.0,125.0
19,1,5033,2,115.0,105.0,125.0
830,1,106794,7,115.0,45.0,270.0
830,1,124,7,115.0,45.0,270.0
830,1,125,7,115.0,45.0,270.0
830,1,343,7,115.0,45.0,270.0
830,1,344,7,115.0,45.0,270.0
830,1,381,7,115.0,45.0,270.0
830,1,382,7,115.0,45.0,270.0
830,1,385,7,115.0,45.0,270.0
830,1,393,7,115.0,45.0,270.0
830,1,40,7,115.0,45.0,270.0
830,1,4057,7,115.0,45.0,270.0
830,1,4062,7,115.0,45.0,270.0
830,1,4063,7,115.0,45.0,270.0
830,1,4064,7,115.0,45.0,270.0
830,1,4065,7,115.0,45.0,270.0
830,1,4497,7,115.0,45.0,270.0
830,1,5033,7,115.0,45.0,270.0
830,1,734,7,115.0,45.0,270.0
830,1,735,7,115.0,45.0,270.0
830,1,736,7,115.0,45.0,270.0
830,1,737,7,115.0,45.0,270.0
830,1,7748,7,115.0,45.0,270.0
830,1,7749,7,115.0,45.0,270.0
920,0,8179,5,116.41,2.07,342.93
920,0,8202,5,116.53,2.67,342.33
1114,0,1031,5,117.0,90.0,225.0
1114,0,1032,5,117.0,90.0,225.0
1114,0,1033,5,117.0,90.0,225.0
1114,0,1040,5,117.0,90.0,225.0
1114,0,1041,5,117.0,90.0,225.0
1114,0,1043,5,117.0,90.0,225.0
1114,0,1044,5,117.0,90.0,225.0
1114,0,1045,5,117.0,90.0,225.0
1114,0,1047,5,117.0,90.0,225.0
1114,0,1048,5,117.0,90.0,225.0
1114,0,1742,5,117.0,90.0,225.0
1114,0,5286,5,117.0,90.0,225.0
1114,0,5844,5,117.0,90.0,225.0
1114,0,6144,5,117.0,90.0,225.0
1114,0,7273,5,117.0,90.0,225.0
1114,0,875,5,117.0,90.0,225.0
1114,0,876,5,117.0,90.0,225.0
1114,0,877,5,117.0,90.0,225.0
1114,0,966,5,117.0,90.0,225.0
1114,0,967,5,117.0,90.0,225.0
1114,0,968,5,117.0,90.0,225.0
1114,0,969,5,117.0,90.0,225.0
1114,0,970,5,117.0,90.0,225.0
1114,0,973,5,117.0,90.0,225.0
1115,1,1031,5,117.0,90.0,225.0
1115,1,1050,5,117.0,90.0,225.0
1115,1,1051,5,117.0,90.0,225.0
1115,1,1052,5,117.0,90.0,225.0
1115,1,1053,5,117.0,90.0,225.0
1115,1,1056,5,117.0,90.0,225.0
1115,1,1058,5,117.0,90.0,225.0
1115,1,1737,5,117.0,90.0,225.0
1115,1,1743,5,117.0,90.0,225.0
1115,1,1744,5,117.0,90.0,225.0
1115,1,1746,5,117.0,90.0,225.0
1115,1,7102,5,117.0,90.0,225.0
1115,1,879,5,117.0,90.0,225.0
1115,1,880,5,117.0,90.0,225.0
1115,1,975,5,117.0,90.0,225.0
1115,1,976,5,117.0,90.0,225.0
1115,1,977,5,117.0,90.0,225.0
1115,1,978,5,117.0,90.0,225.0
1115,1,979,5,117.0,90.0,225.0
1115,1,980,5,117.0,90.0,225.0
1115,1,982,5,117.0,90.0,225.0
1115,1,983,5,117.0,90.0,225.0
943,0,117,7,117.14,35.0,310.0
943,0,118,7,117.14,35.0,310.0
943,0,119,7,117.14,35.0,310.0
943,0,120,7,117.14,35.0,310.0
943,0,121,7,117.14,35.0,310.0
943,0,122,7,117.14,35.0,310.0
943,0,123,7,117.14,35.0,310.0
943,0,1233,7,117.14,35.0,310.0
943,0,1235,7,117.14,35.0,310.0
943,0,1236,7,117.14,35.0,310.0
943,0,1237,7,117.14,35.0,310.0
943,0,1238,7,117.14,35.0,310.0
943,0,1239,7,117.14,35.0,310.0
943,0,124,7,117.14,35.0,310.0
943,0,1240,7,117.14,35.0,310.0
943,0,1241,7,117.14,35.0,310.0
943,0,1242,7,117.14,35.0,310.0
943,0,1249,7,117.14,35.0,310.0
943,0,125,7,117.14,35.0,310.0
943,0,1251,7,117.14,35.0,310.0
943,0,126,7,117.14,35.0,310.0
943,0,127,7,117.14,35.0,310.0
943,0,129,7,117.14,35.0,310.0
943,0,130,7,117.14,35.0,310.0
943,0,131,7,117.14,35.0,310.0
943,0,1968,7,117.14,35.0,310.0
943,0,1969,7,117.14,35.0,310.0
943,0,1970,7,117.14,35.0,310.0
943,0,1971,7,117.14,35.0,310.0
943,0,1972,7,117.14,35.0,310.0
943,0,1973,7,117.14,35.0,310.0
943,0,1974,7,117.14,35.0,310.0
943,0,1975,7,117.14,35.0,310.0
943,0,1976,7,117.14,35.0,310.0
943,0,1977,7,117.14,35.0,310.0
943,0,1978,7,117.14,35.0,310.0
943,0,200,7,117.14,35.0,310.0
943,0,201,7,117.14,35.0,310.0
943,0,202,7,117.14,35.0,310.0
943,0,203,7,117.14,35.0,310.0
943,0,204,7,117.14,35.0,310.0
943,0,205,7,117.14,35.0,310.0
943,0,206,7,117.14,35.0,310.0
943,0,207,7,117.14,35.0,310.0
943,0,277,7,117.14,35.0,310.0
943,0,278,7,117.14,35.0,310.0
943,0,281,7,117.14,35.0,310.0
943,0,282,7,117.14,35.0,310.0
943,0,3315,7,117.14,35.0,310.0
943,0,8096,7,117.14,35.0,310.0
943,0,8202,7,117.14,35.0,310.0
943,0,8284,7,117.14,35.0,310.0
943,0,8285,7,117.14,35.0,310.0
943,0,8605,7,117.14,35.0,310.0
313,0,1749,7,118.57,110.0,140.0
313,0,1750,7,118.57,110.0,140.0
313,0,1751,7,118.57,110.0,140.0
313,0,1752,7,118.57,110.0,140.0
313,0,1753,7,118.57,110.0,140.0
313,0,1754,7,118.57,110.0,140.0
313,0,1756,7,118.57,110.0,140.0
313,0,1757,7,118.57,110.0,140.0
313,0,3418,7,118.57,110.0,140.0
313,0,3419,7,118.57,110.0,140.0
313,0,3420,7,118.57,110.0,140.0
313,0,3421,7,118.57,110.0,140.0
313,0,3422,7,118.57,110.0,140.0
313,0,3423,7,118.57,110.0,140.0
313,0,3424,7,118.57,110.0,140.0
313,0,3425,7,118.57,110.0,140.0
313,0,3426,7,118.57,110.0,140.0
313,0,3427,7,118.57,110.0,140.0
313,0,3428,7,118.57,110.0,140.0
313,0,3444,7,118.57,110.0,140.0
313,0,3445,7,118.57,110.0,140.0
313,0,3446,7,118.57,110.0,140.0
313,0,3447,7,118.57,110.0,140.0
313,0,3448,7,118.57,110.0,140.0
313,0,3449,7,118.57,110.0,140.0
313,0,3450,7,118.57,110.0,140.0
313,0,3451,7,118.57,110.0,140.0
313,0,3452,7,118.57,110.0,140.0
313,0,3453,7,118.57,110.0,140.0
313,0,3758,7,118.57,110.0,140.0
314,1,1749,7,118.57,105.0,140.0
314,1,1751,7,118.57,105.0,140.0
314,1,1761,7,118.57,105.0,140.0
314,1,1762,7,118.57,105.0,140.0
314,1,1763,7,118.57,105.0,140.0
314,1,1764,7,118.57,105.0,140.0
314,1,1767,7,118.57,105.0,140.0
314,1,3429,7,118.57,105.0,140.0
314,1,3431,7,118.57,105.0,140.0
314,1,3432,7,118.57,105.0,140.0
314,1,3433,7,118.57,105.0,140.0
314,1,3434,7,118.57,105.0,140.0
314,1,3435,7,118.57,105.0,140.0
314,1,3436,7,118.57,105.0,140.0
314,1,3437,7,118.57,105.0,140.0
314,1,3438,7,118.57,105.0,140.0
314,1,3439,7,118.57,105.0,140.0
314,1,3446,7,118.57,105.0,140.0
314,1,3454,7,118.57,105.0,140.0
314,1,3455,7,118.57,105.0,140.0
314,1,3456,7,118.57,105.0,140.0
314,1,3457,7,118.57,105.0,140.0
314,1,3458,7,118.57,105.0,140.0
314,1,3459,7,118.57,105.0,140.0
314,1,3460,7,118.57,105.0,140.0
314,1,3461,7,118.57,105.0,140.0
314,1,3462,7,118.57,105.0,140.0
314,1,3755,7,118.57,105.0,140.0
314,1,3759,7,118.57,105.0,140.0
1138,0,106563,2,120.0,120.0,120.0
1138,0,107,2,120.0,120.0,120.0
1138,0,129,2,120.0,120.0,120.0
1138,0,130,2,120.0,120.0,120.0
1138,0,131,2,120.0,120.0,120.0
1138,0,132,2,120.0,120.0,120.0
1138,0,133,2,120.0,120.0,120.0
1138,0,134,2,120.0,120.0,120.0
1138,0,135,2,120.0,120.0,120.0
1138,0,137,2,120.0,120.0,120.0
1138,0,138,2,120.0,120.0,120.0
1138,0,139,2,120.0,120.0,120.0
1138,0,141,2,120.0,120.0,120.0
1138,0,1780,2,120.0,120.0,120.0
1138,0,1781,2,120.0,120.0,120.0
1138,0,1782,2,120.0,120.0,120.0
1138,0,1783,2,120.0,120.0,120.0
1138,0,1784,2,120.0,120.0,120.0
1138,0,1954,2,120.0,120.0,120.0
1138,0,319,2,120.0,120.0,120.0
1138,0,320,2,120.0,120.0,120.0
1138,0,321,2,120.0,120.0,120.0
1138,0,322,2,120.0,120.0,120.0
1138,0,3315,2,120.0,120.0,120.0
1138,0,404,2,120.0,120.0,120.0
1138,0,405,2,120.0,120.0,120.0
1138,0,406,2,120.0,120.0,120.0
1140,0,1702,2,120.0,120.0,120.0
1140,0,3315,2,120.0,120.0,120.0
1140,0,404,2,120.0,120.0,120.0
1140,0,405,2,120.0,120.0,120.0
1140,0,406,2,120.0,120.0,120.0
1140,0,407,2,120.0,120.0,120.0
1140,0,408,2,120.0,120.0,120.0
1140,0,409,2,120.0,120.0,120.0
1140,0,410,2,120.0,120.0,120.0
1140,0,411,2,120.0,120.0,120.0
1140,0,412,2,120.0,120.0,120.0
1140,0,413,2,120.0,120.0,120.0
1140,0,414,2,120.0,120.0,120.0
1140,0,415,2,120.0,120.0,120.0
1140,0,416,2,120.0,120.0,120.0
1140,0,419,2,120.0,120.0,120.0
1140,0,433,2,120.0,120.0,120.0
1140,0,454,2,120.0,120.0,120.0
18,0,106793,2,120.0,120.0,120.0
18,0,114,2,120.0,120.0,120.0
18,0,115,2,120.0,120.0,120.0
18,0,116,2,120.0,120.0,120.0
18,0,117,2,120.0,120.0,120.0
18,0,118,2,120.0,120.0,120.0
18,0,119,2,120.0,120.0,120.0
18,0,120,2,120.0,120.0,120.0
18,0,121,2,120.0,120.0,120.0
18,0,162,2,120.0,120.0,120.0
18,0,163,2,120.0,120.0,120.0
18,0,164,2,120.0,120.0,120.0
18,0,319,2,120.0,120.0,120.0
18,0,320,2,120.0,120.0,120.0
18,0,321,2,120.0,120.0,120.0
18,0,322,2,120.0,120.0,120.0
18,0,323,2,120.0,120.0,120.0
18,0,324,2,120.0,120.0,120.0
18,0,325,2,120.0,120.0,120.0
18,0,326,2,120.0,120.0,120.0
18,0,327,2,120.0,120.0,120.0
18,0,328,2,120.0,120.0,120.0
18,0,329,2,120.0,120.0,120.0
18,0,330,2,120.0,120.0,120.0
18,0,331,2,120.0,120.0,120.0
18,0,332,2,120.0,120.0,120.0
18,0,333,2,120.0,120.0,120.0
18,0,334,2,120.0,120.0,120.0
18,0,335,2,120.0,120.0,120.0
205,0,102,6,120.0,35.0,200.0
205,0,103,6,120.0,35.0,200.0
205,0,106815,6,120.0,35.0,200.0
205,0,106816,6,120.0,35.0,200.0
205,0,1204,6,120.0,35.0,200.0
205,0,1321,6,120.0,35.0,200.0
205,0,1322,6,120.0,35.0,200.0
205,0,1369,6,120.0,35.0,200.0
205,0,1370,6,120.0,35.0,200.0
205,0,1371,6,120.0,35.0,200.0
205,0,1375,6,120.0,35.0,200.0
205,0,1379,6,120.0,35.0,200.0
205,0,1380,6,120.0,35.0,200.0
205,0,1400,6,120.0,35.0,200.0
205,0,1417,6,120.0,35.0,200.0
205,0,1422,6,120.0,35.0,200.0
205,0,1423,6,120.0,35.0,200.0
205,0,1426,6,120.0,35.0,200.0
205,0,1429,6,120.0,35.0,200.0
205,0,1436,6,120.0,35.0,200.0
205,0,1447,6,120.0,35.0,200.0
205,0,1568,6,120.0,35.0,200.0
205,0,1578,6,120.0,35.0,200.0
205,0,1581,6,120.0,35.0,200.0
205,0,1632,6,120.0,35.0,200.0
205,0,1634,6,120.0,35.0,200.0
205,0,1635,6,120.0,35.0,200.0
205,0,2367,6,120.0,35.0,200.0
205,0,2368,6,120.0,35.0,200.0
205,0,2369,6,120.0,35.0,200.0
205,0,2370,6,120.0,35.0,200.0
205,0,2371,6,120.0,35.0,200.0
205,0,2372,6,120.0,35.0,200.0
205,0,2738,6,120.0,35.0,200.0
205,0,319,6,120.0,35.0,200.0
205,0,320,6,120.0,35.0,200.0
205,0,321,6,120.0,35.0,200.0
205,0,349,6,120.0,35.0,200.0
478,0,106782,1,120.0,120.0,120.0
478,0,106783,1,120.0,120.0,120.0
478,0,106784,1,120.0,120.0,120.0
478,0,274,1,120.0,120.0,120.0
478,0,31,1,120.0,120.0,120.0
478,0,32,1,120.0,120.0,120.0
478,0,33,1,120.0,120.0,120.0
478,0,34,1,120.0,120.0,120.0
478,0,351,1,120.0,120.0,120.0
478,0,40,1,120.0,120.0,120.0
478,0,4812,1,120.0,120.0,120.0
478,0,484,1,120.0,120.0,120.0
478,0,485,1,120.0,120.0,120.0
478,0,486,1,120.0,120.0,120.0
478,0,487,1,120.0,120.0,120.0
478,0,488,1,120.0,120.0,120.0
478,0,489,1,120.0,120.0,120.0
478,0,5100,1,120.0,120.0,120.0
478,0,5101,1,120.0,120.0,120.0
478,0,5102,1,120.0,120.0,120.0
478,0,5103,1,120.0,120.0,120.0
478,0,5104,1,120.0,120.0,120.0
478,0,5105,1,120.0,120.0,120.0
478,0,5106,1,120.0,120.0,120.0
478,0,5107,1,120.0,120.0,120.0
478,0,5108,1,120.0,120.0,120.0
478,0,5109,1,120.0,120.0,120.0
478,0,5110,1,120.0,120.0,120.0
478,0,548,1,120.0,120.0,120.0
478,0,549,1,120.0,120.0,120.0
478,0,550,1,120.0,120.0,120.0
478,0,551,1,120.0,120.0,120.0
478,0,552,1,120.0,120.0,120.0
478,0,553,1,120.0,120.0,120.0
478,0,554,1,120.0,120.0,120.0
478,0,555,1,120.0,120.0,120.0
478,0,566,1,120.0,120.0,120.0
478,0,567,1,120.0,120.0,120.0
478,0,568,1,120.0,120.0,120.0
521,0,136,7,120.0,15.0,140.0
521,0,137,7,120.0,15.0,140.0
521,0,138,7,120.0,15.0,140.0
521,0,139,7,120.0,15.0,140.0
521,0,140,7,120.0,15.0,140.0
521,0,5391,7,120.0,15.0,140.0
521,0,5392,7,120.0,15.0,140.0
521,0,5393,7,120.0,15.0,140.0
521,0,5394,7,120.0,15.0,140.0
521,0,5395,7,120.0,15.0,140.0
521,0,5396,7,120.0,15.0,140.0
521,0,5397,7,120.0,15.0,140.0
521,0,5398,7,120.0,15.0,140.0
521,0,5399,7,120.0,15.0,140.0
521,0,5400,7,120.0,15.0,140.0
521,0,5401,7,120.0,15.0,140.0
521,0,5402,7,120.0,15.0,140.0
521,0,5403,7,120.0,15.0,140.0
521,0,5404,7,120.0,15.0,140.0
521,0,5405,7,120.0,15.0,140.0
521,0,5407,7,120.0,15.0,140.0
521,0,5408,7,120.0,15.0,140.0
521,0,5409,7,120.0,15.0,140.0
521,0,5410,7,120.0,15.0,140.0
521,0,5411,7,120.0,15.0,140.0
521,0,5412,7,120.0,15.0,140.0
521,0,5413,7,120.0,15.0,140.0
521,0,5414,7,120.0,15.0,140.0
521,0,5415,7,120.0,15.0,140.0
521,0,5416,7,120.0,15.0,140.0
521,0,5417,7,120.0,15.0,140.0
521,0,5418,7,120.0,15.0,140.0
521,0,5419,7,120.0,15.0,140.0
521,0,5420,7,120.0,15.0,140.0
521,0,5421,7,120.0,15.0,140.0
521,0,5422,7,120.0,15.0,140.0
521,0,5423,7,120.0,15.0,140.0
521,0,5424,7,120.0,15.0,140.0
930,0,114,1,120.0,120.0,120.0
930,0,115,1,120.0,120.0,120.0
930,0,116,1,120.0,120.0,120.0
930,0,117,1,120.0,120.0,120.0
930,0,118,1,120.0,120.0,120.0
930,0,119,1,120.0,120.0,120.0
930,0,120,1,120.0,120.0,120.0
930,0,121,1,120.0,120.0,120.0
930,0,1233,1,120.0,120.0,120.0
930,0,1235,1,120.0,120.0,120.0
930,0,1236,1,120.0,120.0,120.0
930,0,1237,1,120.0,120.0,120.0
930,0,1238,1,120.0,120.0,120.0
930,0,1239,1,120.0,120.0,120.0
930,0,1240,1,120.0,120.0,120.0
930,0,1241,1,120.0,120.0,120.0
930,0,1242,1,120.0,120.0,120.0
930,0,1249,1,120.0,120.0,120.0
930,0,1251,1,120.0,120.0,120.0
930,0,129,1,120.0,120.0,120.0
930,0,130,1,120.0,120.0,120.0
930,0,131,1,120.0,120.0,120.0
930,0,144,1,120.0,120.0,120.0
930,0,145,1,120.0,120.0,120.0
930,0,162,1,120.0,120.0,120.0
930,0,163,1,120.0,120.0,120.0
930,0,164,1,120.0,120.0,120.0
930,0,1959,1,120.0,120.0,120.0
930,0,1960,1,120.0,120.0,120.0
930,0,1961,1,120.0,120.0,120.0
930,0,331,1,120.0,120.0,120.0
930,0,3315,1,120.0,120.0,120.0
930,0,332,1,120.0,120.0,120.0
930,0,333,1,120.0,120.0,120.0
930,0,334,1,120.0,120.0,120.0
930,0,335,1,120.0,120.0,120.0
930,0,381,1,120.0,120.0,120.0
930,0,382,1,120.0,120.0,120.0
971,1,106,1,120.0,120.0,120.0
971,1,107,1,120.0,120.0,120.0
971,1,149,1,120.0,120.0,120.0
971,1,150,1,120.0,120.0,120.0
971,1,151,1,120.0,120.0,120.0
971,1,152,1,120.0,120.0,120.0
971,1,153,1,120.0,120.0,120.0
971,1,155,1,120.0,120.0,120.0
971,1,160,1,120.0,120.0,120.0
971,1,165,1,120.0,120.0,120.0
971,1,166,1,120.0,120.0,120.0
971,1,167,1,120.0,120.0,120.0
971,1,168,1,120.0,120.0,120.0
971,1,1962,1,120.0,120.0,120.0
971,1,1963,1,120.0,120.0,120.0
971,1,1966,1,120.0,120.0,120.0
971,1,3165,1,120.0,120.0,120.0
971,1,3166,1,120.0,120.0,120.0
971,1,343,1,120.0,120.0,120.0
971,1,344,1,120.0,120.0,120.0
971,1,345,1,120.0,120.0,120.0
971,1,346,1,120.0,120.0,120.0
971,1,347,1,120.0,120.0,120.0
971,1,349,1,120.0,120.0,120.0
971,1,4533,1,120.0,120.0,120.0
971,1,4541,1,120.0,120.0,120.0
971,1,5033,1,120.0,120.0,120.0
971,1,5349,1,120.0,120.0,120.0
971,1,5350,1,120.0,120.0,120.0
971,1,5351,1,120.0,120.0,120.0
971,1,5352,1,120.0,120.0,120.0
971,1,5353,1,120.0,120.0,120.0
971,1,5354,1,120.0,120.0,120.0
971,1,8358,1,120.0,120.0,120.0
971,1,8359,1,120.0,120.0,120.0
971,1,8360,1,120.0,120.0,120.0
971,1,8361,1,120.0,120.0,120.0
1345,1,106887,8,121.88,10.0,140.0
1345,1,106888,8,121.88,10.0,140.0
1345,1,106889,8,121.88,10.0,140.0
1345,1,106890,8,121.88,10.0,140.0
1345,1,1253,8,121.88,10.0,140.0
1345,1,1254,8,121.88,10.0,140.0
1345,1,1256,8,121.88,10.0,140.0
1345,1,1257,8,121.88,10.0,140.0
1345,1,1258,8,121.88,10.0,140.0
1345,1,1259,8,121.88,10.0,140.0
1345,1,1260,8,121.88,10.0,140.0
1345,1,1263,8,121.88,10.0,140.0
1345,1,141,8,121.88,10.0,140.0
1345,1,5560,8,121.88,10.0,140.0
1345,1,8713,8,121.88,10.0,140.0
1345,1,8714,8,121.88,10.0,140.0
1345,1,8715,8,121.88,10.0,140.0
1345,1,8716,8,121.88,10.0,140.0
1345,1,8717,8,121.88,10.0,140.0
1345,1,8718,8,121.88,10.0,140.0
479,1,106782,1,125.0,125.0,125.0
479,1,106783,1,125.0,125.0,125.0
479,1,106784,1,125.0,125.0,125.0
479,1,351,1,125.0,125.0,125.0
479,1,40,1,125.0,125.0,125.0
479,1,41,1,125.0,125.0,125.0
479,1,42,1,125.0,125.0,125.0
479,1,43,1,125.0,125.0,125.0
479,1,44,1,125.0,125.0,125.0
479,1,45,1,125.0,125.0,125.0
479,1,4851,1,125.0,125.0,125.0
479,1,492,1,125.0,125.0,125.0
479,1,493,1,125.0,125.0,125.0
479,1,494,1,125.0,125.0,125.0
479,1,495,1,125.0,125.0,125.0
479,1,496,1,125.0,125.0,125.0
479,1,497,1,125.0,125.0,125.0
479,1,498,1,125.0,125.0,125.0
479,1,5100,1,125.0,125.0,125.0
479,1,5105,1,125.0,125.0,125.0
479,1,5108,1,125.0,125.0,125.0
479,1,5109,1,125.0,125.0,125.0
479,1,5110,1,125.0,125.0,125.0
479,1,5112,1,125.0,125.0,125.0
479,1,5113,1,125.0,125.0,125.0
479,1,5114,1,125.0,125.0,125.0
479,1,5115,1,125.0,125.0,125.0
479,1,5116,1,125.0,125.0,125.0
479,1,5117,1,125.0,125.0,125.0
479,1,558,1,125.0,125.0,125.0
479,1,559,1,125.0,125.0,125.0
479,1,560,1,125.0,125.0,125.0
479,1,561,1,125.0,125.0,125.0
479,1,562,1,125.0,125.0,125.0
479,1,563,1,125.0,125.0,125.0
479,1,564,1,125.0,125.0,125.0
479,1,565,1,125.0,125.0,125.0
479,1,566,1,125.0,125.0,125.0
479,1,567,1,125.0,125.0,125.0
479,1,568,1,125.0,125.0,125.0
504,0,107,1,125.0,125.0,125.0
504,0,117,1,125.0,125.0,125.0
504,0,118,1,125.0,125.0,125.0
504,0,119,1,125.0,125.0,125.0
504,0,120,1,125.0,125.0,125.0
504,0,121,1,125.0,125.0,125.0
504,0,1954,1,125.0,125.0,125.0
504,0,1955,1,125.0,125.0,125.0
504,0,1956,1,125.0,125.0,125.0
504,0,1957,1,125.0,125.0,125.0
504,0,1959,1,125.0,125.0,125.0
504,0,1960,1,125.0,125.0,125.0
504,0,1961,1,125.0,125.0,125.0
504,0,203,1,125.0,125.0,125.0
504,0,204,1,125.0,125.0,125.0
504,0,205,1,125.0,125.0,125.0
504,0,206,1,125.0,125.0,125.0
504,0,207,1,125.0,125.0,125.0
504,0,319,1,125.0,125.0,125.0
504,0,320,1,125.0,125.0,125.0
504,0,321,1,125.0,125.0,125.0
504,0,322,1,125.0,125.0,125.0
504,0,324,1,125.0,125.0,125.0
504,0,331,1,125.0,125.0,125.0
504,0,491,1,125.0,125.0,125.0
504,0,5347,1,125.0,125.0,125.0
504,0,5348,1,125.0,125.0,125.0
504,0,5349,1,125.0,125.0,125.0
504,0,5350,1,125.0,125.0,125.0
504,0,5351,1,125.0,125.0,125.0
504,0,5352,1,125.0,125.0,125.0
504,0,5353,1,125.0,125.0,125.0
504,0,5354,1,125.0,125.0,125.0
814,1,1746,6,125.0,80.0,310.0
814,1,4870,6,125.0,80.0,310.0
814,1,5153,6,125.0,80.0,310.0
814,1,5154,6,125.0,80.0,310.0
814,1,5155,6,125.0,80.0,310.0
814,1,5156,6,125.0,80.0,310.0
814,1,5158,6,125.0,80.0,310.0
814,1,5159,6,125.0,80.0,310.0
814,1,5845,6,125.0,80.0,310.0
814,1,5864,6,125.0,80.0,310.0
814,1,5932,6,125.0,80.0,310.0
814,1,5936,6,125.0,80.0,310.0
814,1,6575,6,125.0,80.0,310.0
814,1,7260,6,125.0,80.0,310.0
814,1,7634,6,125.0,80.0,310.0
814,1,7635,6,125.0,80.0,310.0
814,1,7636,6,125.0,80.0,310.0
814,1,7637,6,125.0,80.0,310.0
814,1,7638,6,125.0,80.0,310.0
814,1,7639,6,125.0,80.0,310.0
814,1,7640,6,125.0,80.0,310.0
931,1,1241,1,125.0,125.0,125.0
931,1,1242,1,125.0,125.0,125.0
931,1,1243,1,125.0,125.0,125.0
931,1,1244,1,125.0,125.0,125.0
931,1,1245,1,125.0,125.0,125.0
931,1,1246,1,125.0,125.0,125.0
931,1,1247,1,125.0,125.0,125.0
931,1,1248,1,125.0,125.0,125.0
931,1,1249,1,125.0,125.0,125.0
931,1,1250,1,125.0,125.0,125.0
931,1,1251,1,125.0,125.0,125.0
931,1,1266,1,125.0,125.0,125.0
931,1,129,1,125.0,125.0,125.0
931,1,149,1,125.0,125.0,125.0
931,1,150,1,125.0,125.0,125.0
931,1,151,1,125.0,125.0,125.0
931,1,152,1,125.0,125.0,125.0
931,1,153,1,125.0,125.0,125.0
931,1,155,1,125.0,125.0,125.0
931,1,165,1,125.0,125.0,125.0
931,1,166,1,125.0,125.0,125.0
931,1,167,1,125.0,125.0,125.0
931,1,1962,1,125.0,125.0,125.0
931,1,1963,1,125.0,125.0,125.0
931,1,3165,1,125.0,125.0,125.0
931,1,3166,1,125.0,125.0,125.0
931,1,3315,1,125.0,125.0,125.0
931,1,336,1,125.0,125.0,125.0
931,1,337,1,125.0,125.0,125.0
931,1,338,1,125.0,125.0,125.0
931,1,339,1,125.0,125.0,125.0
931,1,3815,1,125.0,125.0,125.0
931,1,3830,1,125.0,125.0,125.0
931,1,388,1,125.0,125.0,125.0
931,1,391,1,125.0,125.0,125.0
931,1,4533,1,125.0,125.0,125.0
931,1,4541,1,125.0,125.0,125.0
931,1,788,1,125.0,125.0,125.0
931,1,789,1,125.0,125.0,125.0
1327,1,1032,7,129.29,80.0,225.0
1327,1,1033,7,129.29,80.0,225.0
1327,1,1034,7,129.29,80.0,225.0
1327,1,1035,7,129.29,80.0,225.0
1327,1,1043,7,129.29,80.0,225.0
1327,1,1044,7,129.29,80.0,225.0
1327,1,1045,7,129.29,80.0,225.0
1327,1,1047,7,129.29,80.0,225.0
1327,1,1048,7,129.29,80.0,225.0
1327,1,106792,7,129.29,80.0,225.0
1327,1,1652,7,129.29,80.0,225.0
1327,1,1658,7,129.29,80.0,225.0
1327,1,1660,7,129.29,80.0,225.0
1327,1,1661,7,129.29,80.0,225.0
1327,1,1662,7,129.29,80.0,225.0
1327,1,1667,7,129.29,80.0,225.0
1327,1,1721,7,129.29,80.0,225.0
1327,1,174,7,129.29,80.0,225.0
1327,1,1742,7,129.29,80.0,225.0
1327,1,179,7,129.29,80.0,225.0
1327,1,215,7,129.29,80.0,225.0
1327,1,216,7,129.29,80.0,225.0
1327,1,217,7,129.29,80.0,225.0
1327,1,229,7,129.29,80.0,225.0
1327,1,230,7,129.29,80.0,225.0
1327,1,231,7,129.29,80.0,225.0
1327,1,232,7,129.29,80.0,225.0
1327,1,234,7,129.29,80.0,225.0
1327,1,235,7,129.29,80.0,225.0
1327,1,236,7,129.29,80.0,225.0
1327,1,238,7,129.29,80.0,225.0
1327,1,240,7,129.29,80.0,225.0
1327,1,243,7,129.29,80.0,225.0
1327,1,244,7,129.29,80.0,225.0
1327,1,245,7,129.29,80.0,225.0
1327,1,246,7,129.29,80.0,225.0
1327,1,247,7,129.29,80.0,225.0
1327,1,264,7,129.29,80.0,225.0
1327,1,3334,7,129.29,80.0,225.0
1327,1,35,7,129.29,80.0,225.0
1327,1,376,7,129.29,80.0,225.0
1327,1,377,7,129.29,80.0,225.0
1327,1,3855,7,129.29,80.0,225.0
1327,1,395,7,129.29,80.0,225.0
1327,1,399,7,129.29,80.0,225.0
1327,1,400,7,129.29,80.0,225.0
1327,1,401,7,129.29,80.0,225.0
1327,1,5555,7,129.29,80.0,225.0
1327,1,5556,7,129.29,80.0,225.0
1327,1,624,7,129.29,80.0,225.0
1327,1,625,7,129.29,80.0,225.0
1327,1,626,7,129.29,80.0,225.0
1327,1,627,7,129.29,80.0,225.0
1327,1,6307,7,129.29,80.0,225.0
1327,1,6308,7,129.29,80.0,225.0
1327,1,729,7,129.29,80.0,225.0
1327,1,730,7,129.29,80.0,225.0
1327,1,731,7,129.29,80.0,225.0
1327,1,732,7,129.29,80.0,225.0
1327,1,8062,7,129.29,80.0,225.0
1327,1,939,7,129.29,80.0,225.0
1327,1,943,7,129.29,80.0,225.0
1327,1,944,7,129.29,80.0,225.0
1327,1,945,7,129.29,80.0,225.0
1327,1,947,7,129.29,80.0,225.0
1327,1,948,7,129.29,80.0,225.0
1327,1,972,7,129.29,80.0,225.0
1025,1,149,1,130.0,130.0,130.0
1025,1,150,1,130.0,130.0,130.0
1025,1,151,1,130.0,130.0,130.0
1025,1,152,1,130.0,130.0,130.0
1025,1,153,1,130.0,130.0,130.0
1025,1,155,1,130.0,130.0,130.0
1025,1,160,1,130.0,130.0,130.0
1025,1,165,1,130.0,130.0,130.0
1025,1,166,1,130.0,130.0,130.0
1025,1,167,1,130.0,130.0,130.0
1025,1,168,1,130.0,130.0,130.0
1025,1,169,1,130.0,130.0,130.0
1025,1,170,1,130.0,130.0,130.0
1025,1,171,1,130.0,130.0,130.0
1025,1,229,1,130.0,130.0,130.0
1025,1,230,1,130.0,130.0,130.0
1025,1,231,1,130.0,130.0,130.0
1025,1,232,1,130.0,130.0,130.0
1025,1,234,1,130.0,130.0,130.0
1025,1,235,1,130.0,130.0,130.0
1025,1,236,1,130.0,130.0,130.0
1025,1,377,1,130.0,130.0,130.0
1025,1,395,1,130.0,130.0,130.0
1025,1,396,1,130.0,130.0,130.0
1025,1,447,1,130.0,130.0,130.0
1025,1,448,1,130.0,130.0,130.0
1025,1,449,1,130.0,130.0,130.0
1025,1,4533,1,130.0,130.0,130.0
1025,1,4541,1,130.0,130.0,130.0
1025,1,624,1,130.0,130.0,130.0
1025,1,625,1,130.0,130.0,130.0
1025,1,626,1,130.0,130.0,130.0
1025,1,627,1,130.0,130.0,130.0
1025,1,649,1,130.0,130.0,130.0
1025,1,650,1,130.0,130.0,130.0
1025,1,651,1,130.0,130.0,130.0
1025,1,652,1,130.0,130.0,130.0
1025,1,653,1,130.0,130.0,130.0
1025,1,656,1,130.0,130.0,130.0
1025,1,8062,1,130.0,130.0,130.0
736,0,106845,6,130.0,100.0,240.0
736,0,106846,6,130.0,100.0,240.0
736,0,106847,6,130.0,100.0,240.0
736,0,106848,6,130.0,100.0,240.0
736,0,106849,6,130.0,100.0,240.0
736,0,106850,6,130.0,100.0,240.0
736,0,106851,6,130.0,100.0,240.0
736,0,106852,6,130.0,100.0,240.0
736,0,106853,6,130.0,100.0,240.0
736,0,106854,6,130.0,100.0,240.0
736,0,106855,6,130.0,100.0,240.0
736,0,106856,6,130.0,100.0,240.0
736,0,106857,6,130.0,100.0,240.0
736,0,106858,6,130.0,100.0,240.0
736,0,106859,6,130.0,100.0,240.0
736,0,106860,6,130.0,100.0,240.0
736,0,6144,6,130.0,100.0,240.0
736,0,6909,6,130.0,100.0,240.0
736,0,7072,6,130.0,100.0,240.0
736,0,7073,6,130.0,100.0,240.0
736,0,7074,6,130.0,100.0,240.0
736,0,7075,6,130.0,100.0,240.0
736,0,7076,6,130.0,100.0,240.0
736,0,7101,6,130.0,100.0,240.0
736,0,7102,6,130.0,100.0,240.0
736,0,887,6,130.0,100.0,240.0
736,0,9285,6,130.0,100.0,240.0
736,0,961,6,130.0,100.0,240.0
736,0,962,6,130.0,100.0,240.0
736,0,975,6,130.0,100.0,240.0
736,0,976,6,130.0,100.0,240.0
736,0,977,6,130.0,100.0,240.0
736,0,978,6,130.0,100.0,240.0
82,0,10,5,130.0,45.0,305.0
82,0,1059,5,130.0,45.0,305.0
82,0,1060,5,130.0,45.0,305.0
82,0,1061,5,130.0,45.0,305.0
82,0,1062,5,130.0,45.0,305.0
82,0,1063,5,130.0,45.0,305.0
82,0,1064,5,130.0,45.0,305.0
82,0,1065,5,130.0,45.0,305.0
82,0,1066,5,130.0,45.0,305.0
82,0,1067,5,130.0,45.0,305.0
82,0,1068,5,130.0,45.0,305.0
82,0,1071,5,130.0,45.0,305.0
82,0,1074,5,130.0,45.0,305.0
82,0,1078,5,130.0,45.0,305.0
82,0,11,5,130.0,45.0,305.0
82,0,12,5,130.0,45.0,305.0
82,0,482,5,130.0,45.0,305.0
82,0,484,5,130.0,45.0,305.0
82,0,499,5,130.0,45.0,305.0
82,0,501,5,130.0,45.0,305.0
82,0,502,5,130.0,45.0,305.0
82,0,503,5,130.0,45.0,305.0
82,0,51,5,130.0,45.0,305.0
82,0,52,5,130.0,45.0,305.0
82,0,542,5,130.0,45.0,305.0
82,0,543,5,130.0,45.0,305.0
82,0,544,5,130.0,45.0,305.0
82,0,545,5,130.0,45.0,305.0
82,0,546,5,130.0,45.0,305.0
82,0,547,5,130.0,45.0,305.0
82,0,548,5,130.0,45.0,305.0
82,0,549,5,130.0,45.0,305.0
82,0,550,5,130.0,45.0,305.0
82,0,551,5,130.0,45.0,305.0
82,0,552,5,130.0,45.0,305.0
82,0,553,5,130.0,45.0,305.0
82,0,554,5,130.0,45.0,305.0
82,0,555,5,130.0,45.0,305.0
82,0,72,5,130.0,45.0,305.0
82,0,73,5,130.0,45.0,305.0
82,0,75,5,130.0,45.0,305.0
82,0,76,5,130.0,45.0,305.0
82,0,7661,5,130.0,45.0,305.0
82,0,7684,5,130.0,45.0,305.0
82,0,77,5,130.0,45.0,305.0
82,0,78,5,130.0,45.0,305.0
82,0,79,5,130.0,45.0,305.0
82,0,82,5,130.0,45.0,305.0
82,0,84,5,130.0,45.0,305.0
82,0,9,5,130.0,45.0,305.0
294,1,1229,8,130.63,70.0,215.0
294,1,1231,8,130.63,70.0,215.0
294,1,1335,8,130.63,70.0,215.0
294,1,1336,8,130.63,70.0,215.0
294,1,1337,8,130.63,70.0,215.0
294,1,1338,8,130.63,70.0,215.0
294,1,1339,8,130.63,70.0,215.0
294,1,1340,8,130.63,70.0,215.0
294,1,1341,8,130.63,70.0,215.0
294,1,1342,8,130.63,70.0,215.0
294,1,1383,8,130.63,70.0,215.0
294,1,1400,8,130.63,70.0,215.0
294,1,1401,8,130.63,70.0,215.0
294,1,1574,8,130.63,70.0,215.0
294,1,1575,8,130.63,70.0,215.0
294,1,1702,8,130.63,70.0,215.0
294,1,2167,8,130.63,70.0,215.0
294,1,2168,8,130.63,70.0,215.0
294,1,2169,8,130.63,70.0,215.0
294,1,2170,8,130.63,70.0,215.0
294,1,2171,8,130.63,70.0,215.0
294,1,2173,8,130.63,70.0,215.0
294,1,2174,8,130.63,70.0,215.0
294,1,2175,8,130.63,70.0,215.0
294,1,2176,8,130.63,70.0,215.0
294,1,2177,8,130.63,70.0,215.0
294,1,2267,8,130.63,70.0,215.0
294,1,2988,8,130.63,70.0,215.0
294,1,2991,8,130.63,70.0,215.0
294,1,2992,8,130.63,70.0,215.0
294,1,2998,8,130.63,70.0,215.0
294,1,2999,8,130.63,70.0,215.0
294,1,3000,8,130.63,70.0,215.0
294,1,3001,8,130.63,70.0,215.0
294,1,3002,8,130.63,70.0,215.0
294,1,3003,8,130.63,70.0,215.0
294,1,3037,8,130.63,70.0,215.0
294,1,3038,8,130.63,70.0,215.0
294,1,3280,8,130.63,70.0,215.0
294,1,3281,8,130.63,70.0,215.0
294,1,3284,8,130.63,70.0,215.0
294,1,3285,8,130.63,70.0,215.0
294,1,419,8,130.63,70.0,215.0
294,1,433,8,130.63,70.0,215.0
294,1,435,8,130.63,70.0,215.0
294,1,436,8,130.63,70.0,215.0
1326,0,1036,7,130.71,20.0,260.0
1326,0,1037,7,130.71,20.0,260.0
1326,0,1038,7,130.71,20.0,260.0
1326,0,1050,7,130.71,20.0,260.0
1326,0,1051,7,130.71,20.0,260.0
1326,0,1052,7,130.71,20.0,260.0
1326,0,1053,7,130.71,20.0,260.0
1326,0,1056,7,130.71,20.0,260.0
1326,0,106602,7,130.71,20.0,260.0
1326,0,106603,7,130.71,20.0,260.0
1326,0,1252,7,130.71,20.0,260.0
1326,0,1728,7,130.71,20.0,260.0
1326,0,1729,7,130.71,20.0,260.0
1326,0,1733,7,130.71,20.0,260.0
1326,0,1737,7,130.71,20.0,260.0
1326,0,1739,7,130.71,20.0,260.0
1326,0,174,7,130.71,20.0,260.0
1326,0,1743,7,130.71,20.0,260.0
1326,0,1744,7,130.71,20.0,260.0
1326,0,1746,7,130.71,20.0,260.0
1326,0,175,7,130.71,20.0,260.0
1326,0,176,7,130.71,20.0,260.0
1326,0,177,7,130.71,20.0,260.0
1326,0,178,7,130.71,20.0,260.0
1326,0,180,7,130.71,20.0,260.0
1326,0,183,7,130.71,20.0,260.0
1326,0,186,7,130.71,20.0,260.0
1326,0,187,7,130.71,20.0,260.0
1326,0,188,7,130.71,20.0,260.0
1326,0,189,7,130.71,20.0,260.0
1326,0,190,7,130.71,20.0,260.0
1326,0,191,7,130.71,20.0,260.0
1326,0,192,7,130.71,20.0,260.0
1326,0,194,7,130.71,20.0,260.0
1326,0,289,7,130.71,20.0,260.0
1326,0,290,7,130.71,20.0,260.0
1326,0,291,7,130.71,20.0,260.0
1326,0,304,7,130.71,20.0,260.0
1326,0,3295,7,130.71,20.0,260.0
1326,0,3304,7,130.71,20.0,260.0
1326,0,3320,7,130.71,20.0,260.0
1326,0,3333,7,130.71,20.0,260.0
1326,0,34,7,130.71,20.0,260.0
1326,0,378,7,130.71,20.0,260.0
1326,0,446,7,130.71,20.0,260.0
1326,0,447,7,130.71,20.0,260.0
1326,0,448,7,130.71,20.0,260.0
1326,0,449,7,130.71,20.0,260.0
1326,0,5564,7,130.71,20.0,260.0
1326,0,619,7,130.71,20.0,260.0
1326,0,621,7,130.71,20.0,260.0
1326,0,622,7,130.71,20.0,260.0
1326,0,623,7,130.71,20.0,260.0
1326,0,6347,7,130.71,20.0,260.0
1326,0,734,7,130.71,20.0,260.0
1326,0,735,7,130.71,20.0,260.0
1326,0,736,7,130.71,20.0,260.0
1326,0,737,7,130.71,20.0,260.0
1326,0,738,7,130.71,20.0,260.0
1326,0,739,7,130.71,20.0,260.0
1326,0,950,7,130.71,20.0,260.0
1326,0,951,7,130.71,20.0,260.0
1326,0,952,7,130.71,20.0,260.0
1326,0,953,7,130.71,20.0,260.0
1326,0,954,7,130.71,20.0,260.0
1326,0,957,7,130.71,20.0,260.0
1326,0,958,7,130.71,20.0,260.0
1326,0,959,7,130.71,20.0,260.0
737,1,106853,6,130.83,100.0,235.0
737,1,106854,6,130.83,100.0,235.0
737,1,106855,6,130.83,100.0,235.0
737,1,106857,6,130.83,100.0,235.0
737,1,106858,6,130.83,100.0,235.0
737,1,106859,6,130.83,100.0,235.0
737,1,106861,6,130.83,100.0,235.0
737,1,106862,6,130.83,100.0,235.0
737,1,106863,6,130.83,100.0,235.0
737,1,106864,6,130.83,100.0,235.0
737,1,106865,6,130.83,100.0,235.0
737,1,106866,6,130.83,100.0,235.0
737,1,106867,6,130.83,100.0,235.0
737,1,106868,6,130.83,100.0,235.0
737,1,106869,6,130.83,100.0,235.0
737,1,106870,6,130.83,100.0,235.0
737,1,5286,6,130.83,100.0,235.0
737,1,6908,6,130.83,100.0,235.0
737,1,7072,6,130.83,100.0,235.0
737,1,7101,6,130.83,100.0,235.0
737,1,7106,6,130.83,100.0,235.0
737,1,7107,6,130.83,100.0,235.0
737,1,7108,6,130.83,100.0,235.0
737,1,7109,6,130.83,100.0,235.0
737,1,865,6,130.83,100.0,235.0
737,1,9286,6,130.83,100.0,235.0
737,1,934,6,130.83,100.0,235.0
737,1,935,6,130.83,100.0,235.0
737,1,968,6,130.83,100.0,235.0
737,1,969,6,130.83,100.0,235.0
737,1,970,6,130.83,100.0,235.0
737,1,973,6,130.83,100.0,235.0
689,1,1058,2,132.5,110.0,155.0
689,1,106832,2,132.5,110.0,155.0
689,1,1746,2,132.5,110.0,155.0
689,1,4781,2,132.5,110.0,155.0
689,1,4782,2,132.5,110.0,155.0
689,1,4783,2,132.5,110.0,155.0
689,1,4784,2,132.5,110.0,155.0
689,1,4785,2,132.5,110.0,155.0
689,1,4786,2,132.5,110.0,155.0
689,1,4787,2,132.5,110.0,155.0
689,1,5154,2,132.5,110.0,155.0
689,1,5155,2,132.5,110.0,155.0
689,1,5156,2,132.5,110.0,155.0
689,1,5158,2,132.5,110.0,155.0
689,1,5159,2,132.5,110.0,155.0
689,1,5845,2,132.5,110.0,155.0
689,1,5932,2,132.5,110.0,155.0
689,1,5937,2,132.5,110.0,155.0
689,1,5938,2,132.5,110.0,155.0
689,1,5939,2,132.5,110.0,155.0
689,1,6575,2,132.5,110.0,155.0
689,1,6857,2,132.5,110.0,155.0
689,1,6859,2,132.5,110.0,155.0
689,1,6860,2,132.5,110.0,155.0
689,1,6861,2,132.5,110.0,155.0
689,1,6863,2,132.5,110.0,155.0
689,1,6864,2,132.5,110.0,155.0
689,1,6865,2,132.5,110.0,155.0
689,1,6866,2,132.5,110.0,155.0
689,1,6867,2,132.5,110.0,155.0
689,1,6868,2,132.5,110.0,155.0
689,1,6869,2,132.5,110.0,155.0
689,1,6870,2,132.5,110.0,155.0
689,1,6871,2,132.5,110.0,155.0
689,1,6872,2,132.5,110.0,155.0
689,1,6873,2,132.5,110.0,155.0
689,1,7260,2,132.5,110.0,155.0
813,0,1040,5,133.0,85.0,310.0
813,0,1041,5,133.0,85.0,310.0
813,0,4747,5,133.0,85.0,310.0
813,0,4854,5,133.0,85.0,310.0
813,0,4855,5,133.0,85.0,310.0
813,0,5144,5,133.0,85.0,310.0
813,0,5145,5,133.0,85.0,310.0
813,0,5149,5,133.0,85.0,310.0
813,0,5825,5,133.0,85.0,310.0
813,0,5844,5,133.0,85.0,310.0
813,0,5932,5,133.0,85.0,310.0
813,0,5933,5,133.0,85.0,310.0
813,0,6566,5,133.0,85.0,310.0
813,0,6567,5,133.0,85.0,310.0
813,0,6568,5,133.0,85.0,310.0
813,0,7259,5,133.0,85.0,310.0
813,0,7629,5,133.0,85.0,310.0
813,0,7630,5,133.0,85.0,310.0
813,0,7631,5,133.0,85.0,310.0
813,0,7632,5,133.0,85.0,310.0
813,0,7633,5,133.0,85.0,310.0
1111,1,106880,6,133.33,80.0,225.0
1111,1,149,6,133.33,80.0,225.0
1111,1,150,6,133.33,80.0,225.0
1111,1,151,6,133.33,80.0,225.0
1111,1,152,6,133.33,80.0,225.0
1111,1,218,6,133.33,80.0,225.0
1111,1,219,6,133.33,80.0,225.0
1111,1,220,6,133.33,80.0,225.0
1111,1,221,6,133.33,80.0,225.0
1111,1,222,6,133.33,80.0,225.0
1111,1,223,6,133.33,80.0,225.0
1111,1,224,6,133.33,80.0,225.0
1111,1,225,6,133.33,80.0,225.0
1111,1,283,6,133.33,80.0,225.0
1111,1,284,6,133.33,80.0,225.0
1111,1,285,6,133.33,80.0,225.0
1111,1,287,6,133.33,80.0,225.0
1111,1,288,6,133.33,80.0,225.0
1111,1,3179,6,133.33,80.0,225.0
1111,1,4533,6,133.33,80.0,225.0
280,1,106,6,134.17,40.0,165.0
280,1,1796,6,134.17,40.0,165.0
280,1,1809,6,134.17,40.0,165.0
280,1,1810,6,134.17,40.0,165.0
280,1,1811,6,134.17,40.0,165.0
280,1,1812,6,134.17,40.0,165.0
280,1,1813,6,134.17,40.0,165.0
280,1,1815,6,134.17,40.0,165.0
280,1,1816,6,134.17,40.0,165.0
280,1,1817,6,134.17,40.0,165.0
280,1,1818,6,134.17,40.0,165.0
280,1,1819,6,134.17,40.0,165.0
280,1,1820,6,134.17,40.0,165.0
280,1,1821,6,134.17,40.0,165.0
280,1,1822,6,134.17,40.0,165.0
280,1,1823,6,134.17,40.0,165.0
280,1,1824,6,134.17,40.0,165.0
280,1,1825,6,134.17,40.0,165.0
280,1,1826,6,134.17,40.0,165.0
280,1,1827,6,134.17,40.0,165.0
280,1,1828,6,134.17,40.0,165.0
280,1,3121,6,134.17,40.0,165.0
280,1,3139,6,134.17,40.0,165.0
280,1,3140,6,134.17,40.0,165.0
280,1,3141,6,134.17,40.0,165.0
280,1,3143,6,134.17,40.0,165.0
280,1,3150,6,134.17,40.0,165.0
280,1,3151,6,134.17,40.0,165.0
280,1,3152,6,134.17,40.0,165.0
280,1,3153,6,134.17,40.0,165.0
280,1,3154,6,134.17,40.0,165.0
280,1,3155,6,134.17,40.0,165.0
280,1,3156,6,134.17,40.0,165.0
280,1,3157,6,134.17,40.0,165.0
280,1,3158,6,134.17,40.0,165.0
280,1,3161,6,134.17,40.0,165.0
280,1,3162,6,134.17,40.0,165.0
280,1,3826,6,134.17,40.0,165.0
280,1,795,6,134.17,40.0,165.0
1034,0,117,1,135.0,135.0,135.0
1034,0,118,1,135.0,135.0,135.0
1034,0,119,1,135.0,135.0,135.0
1034,0,120,1,135.0,135.0,135.0
1034,0,121,1,135.0,135.0,135.0
1034,0,122,1,135.0,135.0,135.0
1034,0,123,1,135.0,135.0,135.0
1034,0,124,1,135.0,135.0,135.0
1034,0,201,1,135.0,135.0,135.0
1034,0,202,1,135.0,135.0,135.0
1034,0,203,1,135.0,135.0,135.0
1034,0,204,1,135.0,135.0,135.0
1034,0,205,1,135.0,135.0,135.0
1034,0,206,1,135.0,135.0,135.0
1034,0,207,1,135.0,135.0,135.0
1034,0,225,1,135.0,135.0,135.0
1034,0,282,1,135.0,135.0,135.0
1034,0,284,1,135.0,135.0,135.0
1034,0,287,1,135.0,135.0,135.0
1034,0,288,1,135.0,135.0,135.0
1034,0,3179,1,135.0,135.0,135.0
1034,0,393,1,135.0,135.0,135.0
1034,0,4059,1,135.0,135.0,135.0
1034,0,4060,1,135.0,135.0,135.0
1034,0,4061,1,135.0,135.0,135.0
1034,0,4065,1,135.0,135.0,135.0
1034,0,6356,1,135.0,135.0,135.0
1034,0,7748,1,135.0,135.0,135.0
1034,0,7749,1,135.0,135.0,135.0
1034,0,8603,1,135.0,135.0,135.0
1034,0,8605,1,135.0,135.0,135.0
1035,1,106874,1,135.0,135.0,135.0
1035,1,124,1,135.0,135.0,135.0
1035,1,125,1,135.0,135.0,135.0
1035,1,126,1,135.0,135.0,135.0
1035,1,144,1,135.0,135.0,135.0
1035,1,145,1,135.0,135.0,135.0
1035,1,146,1,135.0,135.0,135.0
1035,1,147,1,135.0,135.0,135.0
1035,1,149,1,135.0,135.0,135.0
1035,1,150,1,135.0,135.0,135.0
1035,1,151,1,135.0,135.0,135.0
1035,1,152,1,135.0,135.0,135.0
1035,1,200,1,135.0,135.0,135.0
1035,1,218,1,135.0,135.0,135.0
1035,1,219,1,135.0,135.0,135.0
1035,1,220,1,135.0,135.0,135.0
1035,1,221,1,135.0,135.0,135.0
1035,1,222,1,135.0,135.0,135.0
1035,1,223,1,135.0,135.0,135.0
1035,1,224,1,135.0,135.0,135.0
1035,1,277,1,135.0,135.0,135.0
1035,1,278,1,135.0,135.0,135.0
1035,1,281,1,135.0,135.0,135.0
1035,1,283,1,135.0,135.0,135.0
1035,1,285,1,135.0,135.0,135.0
1035,1,380,1,135.0,135.0,135.0
1035,1,4062,1,135.0,135.0,135.0
1035,1,4063,1,135.0,135.0,135.0
1035,1,4064,1,135.0,135.0,135.0
1035,1,4065,1,135.0,135.0,135.0
1035,1,4533,1,135.0,135.0,135.0
1035,1,7748,1,135.0,135.0,135.0
1035,1,8061,1,135.0,135.0,135.0
1035,1,8202,1,135.0,135.0,135.0
1035,1,8602,1,135.0,135.0,135.0
126,0,1519,5,135.0,80.0,315.0
126,0,1520,5,135.0,80.0,315.0
126,0,1521,5,135.0,80.0,315.0
126,0,1522,5,135.0,80.0,315.0
126,0,1523,5,135.0,80.0,315.0
126,0,1524,5,135.0,80.0,315.0
126,0,1566,5,135.0,80.0,315.0
126,0,1585,5,135.0,80.0,315.0
126,0,1586,5,135.0,80.0,315.0
126,0,1587,5,135.0,80.0,315.0
126,0,1588,5,135.0,80.0,315.0
126,0,1589,5,135.0,80.0,315.0
126,0,1590,5,135.0,80.0,315.0
126,0,1591,5,135.0,80.0,315.0
126,0,1592,5,135.0,80.0,315.0
126,0,1593,5,135.0,80.0,315.0
126,0,1594,5,135.0,80.0,315.0
127,1,1527,5,135.0,80.0,205.0
127,1,1528,5,135.0,80.0,205.0
127,1,1529,5,135.0,80.0,205.0
127,1,1530,5,135.0,80.0,205.0
127,1,1531,5,135.0,80.0,205.0
127,1,1532,5,135.0,80.0,205.0
127,1,1595,5,135.0,80.0,205.0
127,1,1596,5,135.0,80.0,205.0
127,1,1597,5,135.0,80.0,205.0
127,1,1598,5,135.0,80.0,205.0
127,1,1599,5,135.0,80.0,205.0
127,1,1600,5,135.0,80.0,205.0
127,1,1601,5,135.0,80.0,205.0
127,1,1602,5,135.0,80.0,205.0
127,1,1603,5,135.0,80.0,205.0
127,1,1604,5,135.0,80.0,205.0
127,1,4568,5,135.0,80.0,205.0
286,1,105,1,135.0,135.0,135.0
286,1,1640,1,135.0,135.0,135.0
286,1,1641,1,135.0,135.0,135.0
286,1,2550,1,135.0,135.0,135.0
286,1,3067,1,135.0,135.0,135.0
286,1,3068,1,135.0,135.0,135.0
286,1,3069,1,135.0,135.0,135.0
286,1,3070,1,135.0,135.0,135.0
286,1,3071,1,135.0,135.0,135.0
286,1,3198,1,135.0,135.0,135.0
286,1,3199,1,135.0,135.0,135.0
286,1,3200,1,135.0,135.0,135.0
286,1,3201,1,135.0,135.0,135.0
286,1,3202,1,135.0,135.0,135.0
286,1,3203,1,135.0,135.0,135.0
286,1,3204,1,135.0,135.0,135.0
286,1,3205,1,135.0,135.0,135.0
286,1,3206,1,135.0,135.0,135.0
286,1,3212,1,135.0,135.0,135.0
286,1,3213,1,135.0,135.0,135.0
286,1,3214,1,135.0,135.0,135.0
286,1,3215,1,135.0,135.0,135.0
286,1,3216,1,135.0,135.0,135.0
286,1,3857,1,135.0,135.0,135.0
286,1,409,1,135.0,135.0,135.0
286,1,410,1,135.0,135.0,135.0
286,1,411,1,135.0,135.0,135.0
286,1,412,1,135.0,135.0,135.0
286,1,413,1,135.0,135.0,135.0
286,1,418,1,135.0,135.0,135.0
286,1,436,1,135.0,135.0,135.0
286,1,4387,1,135.0,135.0,135.0
286,1,454,1,135.0,135.0,135.0
286,1,460,1,135.0,135.0,135.0
286,1,461,1,135.0,135.0,135.0
286,1,462,1,135.0,135.0,135.0
970,0,107,1,135.0,135.0,135.0
970,0,114,1,135.0,135.0,135.0
970,0,115,1,135.0,135.0,135.0
970,0,116,1,135.0,135.0,135.0
970,0,117,1,135.0,135.0,135.0
970,0,118,1,135.0,135.0,135.0
970,0,119,1,135.0,135.0,135.0
970,0,120,1,135.0,135.0,135.0
970,0,121,1,135.0,135.0,135.0
970,0,160,1,135.0,135.0,135.0
970,0,161,1,135.0,135.0,135.0
970,0,162,1,135.0,135.0,135.0
970,0,163,1,135.0,135.0,135.0
970,0,164,1,135.0,135.0,135.0
970,0,1954,1,135.0,135.0,135.0
970,0,1955,1,135.0,135.0,135.0
970,0,1956,1,135.0,135.0,135.0
970,0,1957,1,135.0,135.0,135.0
970,0,1959,1,135.0,135.0,135.0
970,0,1960,1,135.0,135.0,135.0
970,0,1961,1,135.0,135.0,135.0
970,0,319,1,135.0,135.0,135.0
970,0,320,1,135.0,135.0,135.0
970,0,321,1,135.0,135.0,135.0
970,0,322,1,135.0,135.0,135.0
970,0,324,1,135.0,135.0,135.0
970,0,331,1,135.0,135.0,135.0
970,0,491,1,135.0,135.0,135.0
970,0,5349,1,135.0,135.0,135.0
970,0,5350,1,135.0,135.0,135.0
970,0,5351,1,135.0,135.0,135.0
970,0,5352,1,135.0,135.0,135.0
970,0,5353,1,135.0,135.0,135.0
970,0,5354,1,135.0,135.0,135.0
970,0,8354,1,135.0,135.0,135.0
970,0,8355,1,135.0,135.0,135.0
970,0,8356,1,135.0,135.0,135.0
970,0,8357,1,135.0,135.0,135.0
657,1,6080,7,135.14,1.0,599.0
879,1,229,6,136.67,85.0,210.0
879,1,230,6,136.67,85.0,210.0
879,1,231,6,136.67,85.0,210.0
879,1,232,6,136.67,85.0,210.0
879,1,234,6,136.67,85.0,210.0
879,1,235,6,136.67,85.0,210.0
879,1,236,6,136.67,85.0,210.0
879,1,238,6,136.67,85.0,210.0
879,1,3315,6,136.67,85.0,210.0
879,1,3317,6,136.67,85.0,210.0
879,1,377,6,136.67,85.0,210.0
879,1,392,6,136.67,85.0,210.0
879,1,393,6,136.67,85.0,210.0
879,1,395,6,136.67,85.0,210.0
879,1,396,6,136.67,85.0,210.0
879,1,5545,6,136.67,85.0,210.0
879,1,5565,6,136.67,85.0,210.0
879,1,5568,6,136.67,85.0,210.0
879,1,5569,6,136.67,85.0,210.0
879,1,5570,6,136.67,85.0,210.0
879,1,5574,6,136.67,85.0,210.0
879,1,5576,6,136.67,85.0,210.0
879,1,5577,6,136.67,85.0,210.0
879,1,624,6,136.67,85.0,210.0
879,1,625,6,136.67,85.0,210.0
879,1,626,6,136.67,85.0,210.0
879,1,627,6,136.67,85.0,210.0
879,1,671,6,136.67,85.0,210.0
879,1,673,6,136.67,85.0,210.0
879,1,674,6,136.67,85.0,210.0
879,1,7803,6,136.67,85.0,210.0
879,1,7837,6,136.67,85.0,210.0
879,1,7838,6,136.67,85.0,210.0
879,1,7839,6,136.67,85.0,210.0
879,1,7864,6,136.67,85.0,210.0
879,1,7865,6,136.67,85.0,210.0
879,1,7866,6,136.67,85.0,210.0
879,1,7867,6,136.67,85.0,210.0
879,1,7868,6,136.67,85.0,210.0
879,1,7939,6,136.67,85.0,210.0
879,1,7941,6,136.67,85.0,210.0
879,1,7957,6,136.67,85.0,210.0
879,1,7964,6,136.67,85.0,210.0
879,1,7974,6,136.67,85.0,210.0
879,1,7983,6,136.67,85.0,210.0
879,1,7984,6,136.67,85.0,210.0
879,1,7997,6,136.67,85.0,210.0
879,1,7998,6,136.67,85.0,210.0
879,1,7999,6,136.67,85.0,210.0
879,1,8000,6,136.67,85.0,210.0
879,1,8001,6,136.67,85.0,210.0
879,1,8002,6,136.67,85.0,210.0
879,1,8003,6,136.67,85.0,210.0
879,1,8004,6,136.67,85.0,210.0
879,1,8005,6,136.67,85.0,210.0
879,1,8006,6,136.67,85.0,210.0
879,1,8007,6,136.67,85.0,210.0
879,1,8008,6,136.67,85.0,210.0
879,1,8009,6,136.67,85.0,210.0
879,1,8010,6,136.67,85.0,210.0
879,1,8011,6,136.67,85.0,210.0
879,1,8012,6,136.67,85.0,210.0
879,1,8013,6,136.67,85.0,210.0
879,1,8014,6,136.67,85.0,210.0
879,1,8015,6,136.67,85.0,210.0
879,1,8016,6,136.67,85.0,210.0
879,1,8017,6,136.67,85.0,210.0
879,1,8018,6,136.67,85.0,210.0
879,1,8019,6,136.67,85.0,210.0
879,1,8020,6,136.67,85.0,210.0
879,1,8021,6,136.67,85.0,210.0
879,1,8022,6,136.67,85.0,210.0
879,1,8023,6,136.67,85.0,210.0
879,1,8062,6,136.67,85.0,210.0
688,0,1040,2,137.5,120.0,155.0
688,0,1041,2,137.5,120.0,155.0
688,0,106831,2,137.5,120.0,155.0
688,0,4737,2,137.5,120.0,155.0
688,0,4738,2,137.5,120.0,155.0
688,0,4739,2,137.5,120.0,155.0
688,0,4740,2,137.5,120.0,155.0
688,0,4741,2,137.5,120.0,155.0
688,0,4742,2,137.5,120.0,155.0
688,0,4743,2,137.5,120.0,155.0
688,0,5144,2,137.5,120.0,155.0
688,0,5145,2,137.5,120.0,155.0
688,0,5149,2,137.5,120.0,155.0
688,0,5844,2,137.5,120.0,155.0
688,0,5929,2,137.5,120.0,155.0
688,0,5930,2,137.5,120.0,155.0
688,0,5931,2,137.5,120.0,155.0
688,0,5932,2,137.5,120.0,155.0
688,0,6566,2,137.5,120.0,155.0
688,0,6567,2,137.5,120.0,155.0
688,0,6568,2,137.5,120.0,155.0
688,0,6843,2,137.5,120.0,155.0
688,0,6857,2,137.5,120.0,155.0
688,0,6859,2,137.5,120.0,155.0
688,0,6860,2,137.5,120.0,155.0
688,0,6861,2,137.5,120.0,155.0
688,0,6862,2,137.5,120.0,155.0
688,0,6863,2,137.5,120.0,155.0
688,0,6864,2,137.5,120.0,155.0
688,0,6865,2,137.5,120.0,155.0
688,0,6866,2,137.5,120.0,155.0
688,0,6867,2,137.5,120.0,155.0
688,0,6868,2,137.5,120.0,155.0
688,0,6869,2,137.5,120.0,155.0
688,0,6870,2,137.5,120.0,155.0
688,0,6871,2,137.5,120.0,155.0
688,0,7259,2,137.5,120.0,155.0
687,1,1058,6,138.33,45.0,210.0
687,1,106832,6,138.33,45.0,210.0
687,1,1746,6,138.33,45.0,210.0
687,1,4728,6,138.33,45.0,210.0
687,1,4781,6,138.33,45.0,210.0
687,1,4782,6,138.33,45.0,210.0
687,1,4783,6,138.33,45.0,210.0
687,1,4784,6,138.33,45.0,210.0
687,1,4785,6,138.33,45.0,210.0
687,1,4786,6,138.33,45.0,210.0
687,1,4787,6,138.33,45.0,210.0
687,1,4788,6,138.33,45.0,210.0
687,1,4789,6,138.33,45.0,210.0
687,1,4790,6,138.33,45.0,210.0
687,1,4791,6,138.33,45.0,210.0
687,1,4792,6,138.33,45.0,210.0
687,1,4794,6,138.33,45.0,210.0
687,1,4795,6,138.33,45.0,210.0
687,1,4796,6,138.33,45.0,210.0
687,1,4798,6,138.33,45.0,210.0
687,1,4799,6,138.33,45.0,210.0
687,1,4800,6,138.33,45.0,210.0
687,1,4801,6,138.33,45.0,210.0
687,1,4802,6,138.33,45.0,210.0
687,1,4803,6,138.33,45.0,210.0
687,1,5154,6,138.33,45.0,210.0
687,1,5155,6,138.33,45.0,210.0
687,1,5156,6,138.33,45.0,210.0
687,1,5158,6,138.33,45.0,210.0
687,1,5159,6,138.33,45.0,210.0
687,1,5845,6,138.33,45.0,210.0
687,1,5932,6,138.33,45.0,210.0
687,1,5937,6,138.33,45.0,210.0
687,1,5938,6,138.33,45.0,210.0
687,1,5939,6,138.33,45.0,210.0
687,1,6575,6,138.33,45.0,210.0
687,1,6605,6,138.33,45.0,210.0
687,1,6646,6,138.33,45.0,210.0
687,1,6842,6,138.33,45.0,210.0
687,1,6850,6,138.33,45.0,210.0
687,1,6851,6,138.33,45.0,210.0
687,1,6852,6,138.33,45.0,210.0
687,1,6853,6,138.33,45.0,210.0
687,1,6854,6,138.33,45.0,210.0
687,1,6855,6,138.33,45.0,210.0
687,1,6856,6,138.33,45.0,210.0
687,1,7260,6,138.33,45.0,210.0
208,1,106,7,139.29,135.0,140.0
208,1,107,7,139.29,135.0,140.0
208,1,1204,7,139.29,135.0,140.0
208,1,1318,7,139.29,135.0,140.0
208,1,1323,7,139.29,135.0,140.0
208,1,1324,7,139.29,135.0,140.0
208,1,1325,7,139.29,135.0,140.0
208,1,1326,7,139.29,135.0,140.0
208,1,1327,7,139.29,135.0,140.0
208,1,1328,7,139.29,135.0,140.0
208,1,1329,7,139.29,135.0,140.0
208,1,1330,7,139.29,135.0,140.0
208,1,1331,7,139.29,135.0,140.0
208,1,1332,7,139.29,135.0,140.0
208,1,1334,7,139.29,135.0,140.0
208,1,1335,7,139.29,135.0,140.0
208,1,1336,7,139.29,135.0,140.0
208,1,1337,7,139.29,135.0,140.0
208,1,1338,7,139.29,135.0,140.0
208,1,1339,7,139.29,135.0,140.0
208,1,2178,7,139.29,135.0,140.0
208,1,2287,7,139.29,135.0,140.0
208,1,2288,7,139.29,135.0,140.0
208,1,2289,7,139.29,135.0,140.0
208,1,2290,7,139.29,135.0,140.0
208,1,2291,7,139.29,135.0,140.0
208,1,2292,7,139.29,135.0,140.0
208,1,2293,7,139.29,135.0,140.0
208,1,2294,7,139.29,135.0,140.0
208,1,2295,7,139.29,135.0,140.0
208,1,2296,7,139.29,135.0,140.0
208,1,2383,7,139.29,135.0,140.0
208,1,349,7,139.29,135.0,140.0
208,1,3857,7,139.29,135.0,140.0
208,1,39,7,139.29,135.0,140.0
29,1,106463,7,139.29,135.0,140.0
29,1,106812,7,139.29,135.0,140.0
29,1,144,7,139.29,135.0,140.0
29,1,1694,7,139.29,135.0,140.0
29,1,1702,7,139.29,135.0,140.0
29,1,276,7,139.29,135.0,140.0
29,1,289,7,139.29,135.0,140.0
29,1,290,7,139.29,135.0,140.0
29,1,291,7,139.29,135.0,140.0
29,1,292,7,139.29,135.0,140.0
29,1,3211,7,139.29,135.0,140.0
29,1,3855,7,139.29,135.0,140.0
29,1,404,7,139.29,135.0,140.0
29,1,405,7,139.29,135.0,140.0
29,1,406,7,139.29,135.0,140.0
29,1,407,7,139.29,135.0,140.0
29,1,408,7,139.29,135.0,140.0
29,1,414,7,139.29,135.0,140.0
29,1,415,7,139.29,135.0,140.0
29,1,416,7,139.29,135.0,140.0
29,1,419,7,139.29,135.0,140.0
29,1,420,7,139.29,135.0,140.0
29,1,421,7,139.29,135.0,140.0
29,1,424,7,139.29,135.0,140.0
29,1,429,7,139.29,135.0,140.0
29,1,430,7,139.29,135.0,140.0
29,1,433,7,139.29,135.0,140.0
29,1,435,7,139.29,135.0,140.0
29,1,438,7,139.29,135.0,140.0
29,1,439,7,139.29,135.0,140.0
29,1,440,7,139.29,135.0,140.0
29,1,445,7,139.29,135.0,140.0
29,1,446,7,139.29,135.0,140.0
29,1,447,7,139.29,135.0,140.0
29,1,448,7,139.29,135.0,140.0
29,1,449,7,139.29,135.0,140.0
29,1,450,7,139.29,135.0,140.0
29,1,4509,7,139.29,135.0,140.0
29,1,6467,7,139.29,135.0,140.0
759,1,2104,7,139.29,135.0,140.0
759,1,2116,7,139.29,135.0,140.0
759,1,2185,7,139.29,135.0,140.0
759,1,2186,7,139.29,135.0,140.0
759,1,2187,7,139.29,135.0,140.0
759,1,2188,7,139.29,135.0,140.0
759,1,2189,7,139.29,135.0,140.0
759,1,2190,7,139.29,135.0,140.0
759,1,2191,7,139.29,135.0,140.0
759,1,22,7,139.29,135.0,140.0
759,1,2223,7,139.29,135.0,140.0
759,1,2226,7,139.29,135.0,140.0
759,1,248,7,139.29,135.0,140.0
759,1,3852,7,139.29,135.0,140.0
759,1,4526,7,139.29,135.0,140.0
759,1,469,7,139.29,135.0,140.0
759,1,470,7,139.29,135.0,140.0
759,1,471,7,139.29,135.0,140.0
759,1,472,7,139.29,135.0,140.0
759,1,473,7,139.29,135.0,140.0
759,1,474,7,139.29,135.0,140.0
759,1,477,7,139.29,135.0,140.0
759,1,478,7,139.29,135.0,140.0
759,1,520,7,139.29,135.0,140.0
759,1,6328,7,139.29,135.0,140.0
759,1,6478,7,139.29,135.0,140.0
759,1,6543,7,139.29,135.0,140.0
759,1,6975,7,139.29,135.0,140.0
759,1,699,7,139.29,135.0,140.0
759,1,701,7,139.29,135.0,140.0
759,1,702,7,139.29,135.0,140.0
759,1,703,7,139.29,135.0,140.0
759,1,7218,7,139.29,135.0,140.0
759,1,761,7,139.29,135.0,140.0
759,1,763,7,139.29,135.0,140.0
759,1,764,7,139.29,135.0,140.0
759,1,765,7,139.29,135.0,140.0
759,1,861,7,139.29,135.0,140.0
759,1,862,7,139.29,135.0,140.0
759,1,865,7,139.29,135.0,140.0
759,1,934,7,139.29,135.0,140.0
759,1,935,7,139.29,135.0,140.0
759,1,937,7,139.29,135.0,140.0
759,1,938,7,139.29,135.0,140.0
759,1,960,7,139.29,135.0,140.0
779,1,6897,7,139.29,135.0,140.0
779,1,7278,7,139.29,135.0,140.0
779,1,7279,7,139.29,135.0,140.0
779,1,7280,7,139.29,135.0,140.0
779,1,7281,7,139.29,135.0,140.0
779,1,7282,7,139.29,135.0,140.0
779,1,7283,7,139.29,135.0,140.0
779,1,7284,7,139.29,135.0,140.0
779,1,7285,7,139.29,135.0,140.0
779,1,7286,7,139.29,135.0,140.0
779,1,761,7,139.29,135.0,140.0
779,1,771,7,139.29,135.0,140.0
779,1,912,7,139.29,135.0,140.0
779,1,913,7,139.29,135.0,140.0
779,1,914,7,139.29,135.0,140.0
779,1,915,7,139.29,135.0,140.0
779,1,916,7,139.29,135.0,140.0
923,1,1277,7,139.29,135.0,140.0
923,1,1685,7,139.29,135.0,140.0
923,1,1749,7,139.29,135.0,140.0
923,1,1750,7,139.29,135.0,140.0
923,1,1751,7,139.29,135.0,140.0
923,1,1752,7,139.29,135.0,140.0
923,1,1753,7,139.29,135.0,140.0
923,1,1754,7,139.29,135.0,140.0
923,1,1756,7,139.29,135.0,140.0
923,1,2519,7,139.29,135.0,140.0
923,1,3030,7,139.29,135.0,140.0
923,1,3391,7,139.29,135.0,140.0
923,1,3427,7,139.29,135.0,140.0
923,1,3429,7,139.29,135.0,140.0
923,1,3431,7,139.29,135.0,140.0
923,1,3432,7,139.29,135.0,140.0
923,1,3433,7,139.29,135.0,140.0
923,1,3434,7,139.29,135.0,140.0
923,1,3435,7,139.29,135.0,140.0
923,1,3436,7,139.29,135.0,140.0
923,1,3437,7,139.29,135.0,140.0
923,1,3438,7,139.29,135.0,140.0
923,1,3439,7,139.29,135.0,140.0
923,1,3440,7,139.29,135.0,140.0
923,1,3441,7,139.29,135.0,140.0
923,1,3442,7,139.29,135.0,140.0
923,1,3443,7,139.29,135.0,140.0
923,1,3705,7,139.29,135.0,140.0
923,1,3714,7,139.29,135.0,140.0
923,1,3715,7,139.29,135.0,140.0
923,1,3716,7,139.29,135.0,140.0
923,1,3717,7,139.29,135.0,140.0
923,1,3718,7,139.29,135.0,140.0
923,1,3720,7,139.29,135.0,140.0
923,1,3721,7,139.29,135.0,140.0
923,1,3723,7,139.29,135.0,140.0
923,1,3724,7,139.29,135.0,140.0
923,1,3725,7,139.29,135.0,140.0
923,1,3726,7,139.29,135.0,140.0
923,1,3727,7,139.29,135.0,140.0
923,1,3728,7,139.29,135.0,140.0
923,1,3729,7,139.29,135.0,140.0
923,1,3752,7,139.29,135.0,140.0
923,1,3758,7,139.29,135.0,140.0
923,1,403,7,139.29,135.0,140.0
923,1,409,7,139.29,135.0,140.0
923,1,410,7,139.29,135.0,140.0
923,1,411,7,139.29,135.0,140.0
923,1,412,7,139.29,135.0,140.0
923,1,418,7,139.29,135.0,140.0
923,1,436,7,139.29,135.0,140.0
923,1,437,7,139.29,135.0,140.0
923,1,442,7,139.29,135.0,140.0
923,1,443,7,139.29,135.0,140.0
923,1,444,7,139.29,135.0,140.0
923,1,456,7,139.29,135.0,140.0
923,1,5795,7,139.29,135.0,140.0
1024,0,114,1,140.0,140.0,140.0
1024,0,115,1,140.0,140.0,140.0
1024,0,116,1,140.0,140.0,140.0
1024,0,117,1,140.0,140.0,140.0
1024,0,118,1,140.0,140.0,140.0
1024,0,119,1,140.0,140.0,140.0
1024,0,120,1,140.0,140.0,140.0
1024,0,121,1,140.0,140.0,140.0
1024,0,158,1,140.0,140.0,140.0
1024,0,159,1,140.0,140.0,140.0
1024,0,160,1,140.0,140.0,140.0
1024,0,161,1,140.0,140.0,140.0
1024,0,162,1,140.0,140.0,140.0
1024,0,163,1,140.0,140.0,140.0
1024,0,164,1,140.0,140.0,140.0
1024,0,187,1,140.0,140.0,140.0
1024,0,188,1,140.0,140.0,140.0
1024,0,189,1,140.0,140.0,140.0
1024,0,190,1,140.0,140.0,140.0
1024,0,191,1,140.0,140.0,140.0
1024,0,192,1,140.0,140.0,140.0
1024,0,194,1,140.0,140.0,140.0
1024,0,3304,1,140.0,140.0,140.0
1024,0,376,1,140.0,140.0,140.0
1024,0,377,1,140.0,140.0,140.0
1024,0,378,1,140.0,140.0,140.0
1024,0,399,1,140.0,140.0,140.0
1024,0,400,1,140.0,140.0,140.0
1024,0,401,1,140.0,140.0,140.0
1024,0,446,1,140.0,140.0,140.0
1024,0,4537,1,140.0,140.0,140.0
1024,0,621,1,140.0,140.0,140.0
1024,0,622,1,140.0,140.0,140.0
1024,0,623,1,140.0,140.0,140.0
1024,0,649,1,140.0,140.0,140.0
1024,0,650,1,140.0,140.0,140.0
1024,0,651,1,140.0,140.0,140.0
1024,0,652,1,140.0,140.0,140.0
1024,0,653,1,140.0,140.0,140.0
1024,0,654,1,140.0,140.0,140.0
1024,0,655,1,140.0,140.0,140.0
1054,0,2227,6,140.0,140.0,140.0
1054,0,2251,6,140.0,140.0,140.0
1054,0,691,6,140.0,140.0,140.0
1054,0,692,6,140.0,140.0,140.0
1054,0,693,6,140.0,140.0,140.0
1054,0,694,6,140.0,140.0,140.0
1054,0,696,6,140.0,140.0,140.0
1054,0,697,6,140.0,140.0,140.0
1054,0,698,6,140.0,140.0,140.0
1054,0,761,6,140.0,140.0,140.0
1054,0,762,6,140.0,140.0,140.0
1054,0,763,6,140.0,140.0,140.0
1054,0,764,6,140.0,140.0,140.0
1054,0,765,6,140.0,140.0,140.0
1054,0,8628,6,140.0,140.0,140.0
1054,0,8629,6,140.0,140.0,140.0
1054,0,8630,6,140.0,140.0,140.0
1054,0,8631,6,140.0,140.0,140.0
1054,0,8632,6,140.0,140.0,140.0
1054,0,8633,6,140.0,140.0,140.0
1054,0,8634,6,140.0,140.0,140.0
1108,0,106882,6,140.0,140.0,140.0
1108,0,106883,6,140.0,140.0,140.0
1108,0,106884,6,140.0,140.0,140.0
1108,0,106885,6,140.0,140.0,140.0
1108,0,1370,6,140.0,140.0,140.0
1108,0,1383,6,140.0,140.0,140.0
1108,0,1398,6,140.0,140.0,140.0
1108,0,1399,6,140.0,140.0,140.0
1108,0,1575,6,140.0,140.0,140.0
1108,0,1576,6,140.0,140.0,140.0
1108,0,1635,6,140.0,140.0,140.0
1108,0,8808,6,140.0,140.0,140.0
1108,0,8809,6,140.0,140.0,140.0
1108,0,8810,6,140.0,140.0,140.0
1108,0,8811,6,140.0,140.0,140.0
1108,0,8813,6,140.0,140.0,140.0
1108,0,8814,6,140.0,140.0,140.0
1108,0,8815,6,140.0,140.0,140.0
1108,0,8816,6,140.0,140.0,140.0
1108,0,8817,6,140.0,140.0,140.0
1344,0,106887,6,140.0,140.0,140.0
1344,0,106888,6,140.0,140.0,140.0
1344,0,106889,6,140.0,140.0,140.0
1344,0,106890,6,140.0,140.0,140.0
1344,0,1253,6,140.0,140.0,140.0
1344,0,1254,6,140.0,140.0,140.0
1344,0,1256,6,140.0,140.0,140.0
1344,0,1257,6,140.0,140.0,140.0
1344,0,1258,6,140.0,140.0,140.0
1344,0,1259,6,140.0,140.0,140.0
1344,0,1260,6,140.0,140.0,140.0
1344,0,1263,6,140.0,140.0,140.0
1344,0,140,6,140.0,140.0,140.0
1344,0,5560,6,140.0,140.0,140.0
1344,0,8713,6,140.0,140.0,140.0
1344,0,8714,6,140.0,140.0,140.0
1344,0,8715,6,140.0,140.0,140.0
1344,0,8716,6,140.0,140.0,140.0
1344,0,8717,6,140.0,140.0,140.0
1344,0,8718,6,140.0,140.0,140.0
207,0,103,6,140.0,140.0,140.0
207,0,105,6,140.0,140.0,140.0
207,0,106815,6,140.0,140.0,140.0
207,0,106816,6,140.0,140.0,140.0
207,0,108,6,140.0,140.0,140.0
207,0,1204,6,140.0,140.0,140.0
207,0,1304,6,140.0,140.0,140.0
207,0,1305,6,140.0,140.0,140.0
207,0,1306,6,140.0,140.0,140.0
207,0,1307,6,140.0,140.0,140.0
207,0,1308,6,140.0,140.0,140.0
207,0,1309,6,140.0,140.0,140.0
207,0,1310,6,140.0,140.0,140.0
207,0,1311,6,140.0,140.0,140.0
207,0,1312,6,140.0,140.0,140.0
207,0,1313,6,140.0,140.0,140.0
207,0,1314,6,140.0,140.0,140.0
207,0,1315,6,140.0,140.0,140.0
207,0,1316,6,140.0,140.0,140.0
207,0,1317,6,140.0,140.0,140.0
207,0,1318,6,140.0,140.0,140.0
207,0,1321,6,140.0,140.0,140.0
207,0,1322,6,140.0,140.0,140.0
207,0,1339,6,140.0,140.0,140.0
207,0,2270,6,140.0,140.0,140.0
207,0,2271,6,140.0,140.0,140.0
207,0,2272,6,140.0,140.0,140.0
207,0,2273,6,140.0,140.0,140.0
207,0,2274,6,140.0,140.0,140.0
207,0,2275,6,140.0,140.0,140.0
207,0,2276,6,140.0,140.0,140.0
207,0,2277,6,140.0,140.0,140.0
207,0,2278,6,140.0,140.0,140.0
207,0,2296,6,140.0,140.0,140.0
207,0,2383,6,140.0,140.0,140.0
207,0,319,6,140.0,140.0,140.0
207,0,320,6,140.0,140.0,140.0
207,0,321,6,140.0,140.0,140.0
28,0,106462,6,140.0,140.0,140.0
28,0,126,6,140.0,140.0,140.0
28,0,1685,6,140.0,140.0,140.0
28,0,215,6,140.0,140.0,140.0
28,0,216,6,140.0,140.0,140.0
28,0,217,6,140.0,140.0,140.0
28,0,2519,6,140.0,140.0,140.0
28,0,294,6,140.0,140.0,140.0
28,0,399,6,140.0,140.0,140.0
28,0,400,6,140.0,140.0,140.0
28,0,401,6,140.0,140.0,140.0
28,0,402,6,140.0,140.0,140.0
28,0,403,6,140.0,140.0,140.0
28,0,409,6,140.0,140.0,140.0
28,0,410,6,140.0,140.0,140.0
28,0,411,6,140.0,140.0,140.0
28,0,412,6,140.0,140.0,140.0
28,0,413,6,140.0,140.0,140.0
28,0,418,6,140.0,140.0,140.0
28,0,422,6,140.0,140.0,140.0
28,0,423,6,140.0,140.0,140.0
28,0,426,6,140.0,140.0,140.0
28,0,427,6,140.0,140.0,140.0
28,0,428,6,140.0,140.0,140.0
28,0,431,6,140.0,140.0,140.0
28,0,432,6,140.0,140.0,140.0
28,0,436,6,140.0,140.0,140.0
28,0,437,6,140.0,140.0,140.0
28,0,4387,6,140.0,140.0,140.0
28,0,442,6,140.0,140.0,140.0
28,0,443,6,140.0,140.0,140.0
28,0,444,6,140.0,140.0,140.0
28,0,454,6,140.0,140.0,140.0
28,0,5795,6,140.0,140.0,140.0
28,0,8061,6,140.0,140.0,140.0
758,0,2115,6,140.0,140.0,140.0
758,0,2116,6,140.0,140.0,140.0
758,0,2142,6,140.0,140.0,140.0
758,0,2143,6,140.0,140.0,140.0
758,0,2144,6,140.0,140.0,140.0
758,0,2145,6,140.0,140.0,140.0
758,0,2146,6,140.0,140.0,140.0
758,0,2147,6,140.0,140.0,140.0
758,0,2148,6,140.0,140.0,140.0
758,0,2149,6,140.0,140.0,140.0
758,0,22,6,140.0,140.0,140.0
758,0,2219,6,140.0,140.0,140.0
758,0,2221,6,140.0,140.0,140.0
758,0,248,6,140.0,140.0,140.0
758,0,4549,6,140.0,140.0,140.0
758,0,4551,6,140.0,140.0,140.0
758,0,4553,6,140.0,140.0,140.0
758,0,469,6,140.0,140.0,140.0
758,0,470,6,140.0,140.0,140.0
758,0,471,6,140.0,140.0,140.0
758,0,504,6,140.0,140.0,140.0
758,0,505,6,140.0,140.0,140.0
758,0,506,6,140.0,140.0,140.0
758,0,507,6,140.0,140.0,140.0
758,0,508,6,140.0,140.0,140.0
758,0,521,6,140.0,140.0,140.0
758,0,6542,6,140.0,140.0,140.0
758,0,6975,6,140.0,140.0,140.0
758,0,701,6,140.0,140.0,140.0
758,0,702,6,140.0,140.0,140.0
758,0,703,6,140.0,140.0,140.0
758,0,7217,6,140.0,140.0,140.0
758,0,761,6,140.0,140.0,140.0
758,0,769,6,140.0,140.0,140.0
758,0,770,6,140.0,140.0,140.0
758,0,777,6,140.0,140.0,140.0
758,0,887,6,140.0,140.0,140.0
758,0,888,6,140.0,140.0,140.0
758,0,889,6,140.0,140.0,140.0
758,0,936,6,140.0,140.0,140.0
758,0,937,6,140.0,140.0,140.0
758,0,938,6,140.0,140.0,140.0
758,0,961,6,140.0,140.0,140.0
758,0,962,6,140.0,140.0,140.0
778,0,7047,6,140.0,140.0,140.0
778,0,7278,6,140.0,140.0,140.0
778,0,7279,6,140.0,140.0,140.0
778,0,7280,6,140.0,140.0,140.0
778,0,7281,6,140.0,140.0,140.0
778,0,7282,6,140.0,140.0,140.0
778,0,7283,6,140.0,140.0,140.0
778,0,7284,6,140.0,140.0,140.0
778,0,7285,6,140.0,140.0,140.0
778,0,7286,6,140.0,140.0,140.0
778,0,761,6,140.0,140.0,140.0
778,0,762,6,140.0,140.0,140.0
778,0,835,6,140.0,140.0,140.0
778,0,836,6,140.0,140.0,140.0
778,0,837,6,140.0,140.0,140.0
778,0,838,6,140.0,140.0,140.0
778,0,839,6,140.0,140.0,140.0
878,0,126,6,140.0,105.0,165.0
878,0,186,6,140.0,105.0,165.0
878,0,187,6,140.0,105.0,165.0
878,0,188,6,140.0,105.0,165.0
878,0,189,6,140.0,105.0,165.0
878,0,190,6,140.0,105.0,165.0
878,0,191,6,140.0,105.0,165.0
878,0,192,6,140.0,105.0,165.0
878,0,194,6,140.0,105.0,165.0
878,0,238,6,140.0,105.0,165.0
878,0,3295,6,140.0,105.0,165.0
878,0,3304,6,140.0,105.0,165.0
878,0,3312,6,140.0,105.0,165.0
878,0,3315,6,140.0,105.0,165.0
878,0,376,6,140.0,105.0,165.0
878,0,377,6,140.0,105.0,165.0
878,0,378,6,140.0,105.0,165.0
878,0,380,6,140.0,105.0,165.0
878,0,4509,6,140.0,105.0,165.0
878,0,5541,6,140.0,105.0,165.0
878,0,5542,6,140.0,105.0,165.0
878,0,5543,6,140.0,105.0,165.0
878,0,5546,6,140.0,105.0,165.0
878,0,5547,6,140.0,105.0,165.0
878,0,5548,6,140.0,105.0,165.0
878,0,5549,6,140.0,105.0,165.0
878,0,5550,6,140.0,105.0,165.0
878,0,5552,6,140.0,105.0,165.0
878,0,5553,6,140.0,105.0,165.0
878,0,5565,6,140.0,105.0,165.0
878,0,5574,6,140.0,105.0,165.0
878,0,621,6,140.0,105.0,165.0
878,0,622,6,140.0,105.0,165.0
878,0,623,6,140.0,105.0,165.0
878,0,636,6,140.0,105.0,165.0
878,0,665,6,140.0,105.0,165.0
878,0,668,6,140.0,105.0,165.0
878,0,7824,6,140.0,105.0,165.0
878,0,7851,6,140.0,105.0,165.0
878,0,7856,6,140.0,105.0,165.0
878,0,7866,6,140.0,105.0,165.0
878,0,7868,6,140.0,105.0,165.0
878,0,7872,6,140.0,105.0,165.0
878,0,7874,6,140.0,105.0,165.0
878,0,7876,6,140.0,105.0,165.0
878,0,7965,6,140.0,105.0,165.0
878,0,7966,6,140.0,105.0,165.0
878,0,7967,6,140.0,105.0,165.0
878,0,7968,6,140.0,105.0,165.0
878,0,7969,6,140.0,105.0,165.0
878,0,7970,6,140.0,105.0,165.0
878,0,7971,6,140.0,105.0,165.0
878,0,7972,6,140.0,105.0,165.0
878,0,7973,6,140.0,105.0,165.0
878,0,7974,6,140.0,105.0,165.0
878,0,7975,6,140.0,105.0,165.0
878,0,7976,6,140.0,105.0,165.0
878,0,7977,6,140.0,105.0,165.0
878,0,7978,6,140.0,105.0,165.0
878,0,7979,6,140.0,105.0,165.0
878,0,7980,6,140.0,105.0,165.0
878,0,7981,6,140.0,105.0,165.0
878,0,7982,6,140.0,105.0,165.0
878,0,7983,6,140.0,105.0,165.0
878,0,7984,6,140.0,105.0,165.0
878,0,7985,6,140.0,105.0,165.0
878,0,7986,6,140.0,105.0,165.0
878,0,7987,6,140.0,105.0,165.0
878,0,7988,6,140.0,105.0,165.0
878,0,7989,6,140.0,105.0,165.0
878,0,7991,6,140.0,105.0,165.0
878,0,7992,6,140.0,105.0,165.0
878,0,7993,6,140.0,105.0,165.0
878,0,7994,6,140.0,105.0,165.0
878,0,8024,6,140.0,105.0,165.0
878,0,8061,6,140.0,105.0,165.0
914,0,106712,6,140.0,140.0,140.0
914,0,106713,6,140.0,140.0,140.0
914,0,106714,6,140.0,140.0,140.0
914,0,106715,6,140.0,140.0,140.0
914,0,106716,6,140.0,140.0,140.0
914,0,106717,6,140.0,140.0,140.0
914,0,106718,6,140.0,140.0,140.0
914,0,106719,6,140.0,140.0,140.0
914,0,106720,6,140.0,140.0,140.0
914,0,1749,6,140.0,140.0,140.0
914,0,1750,6,140.0,140.0,140.0
914,0,1751,6,140.0,140.0,140.0
914,0,1752,6,140.0,140.0,140.0
914,0,1753,6,140.0,140.0,140.0
914,0,1754,6,140.0,140.0,140.0
914,0,1756,6,140.0,140.0,140.0
914,0,1757,6,140.0,140.0,140.0
914,0,3390,6,140.0,140.0,140.0
914,0,3414,6,140.0,140.0,140.0
914,0,3415,6,140.0,140.0,140.0
914,0,3416,6,140.0,140.0,140.0
914,0,3417,6,140.0,140.0,140.0
914,0,3418,6,140.0,140.0,140.0
914,0,3419,6,140.0,140.0,140.0
914,0,3420,6,140.0,140.0,140.0
914,0,3421,6,140.0,140.0,140.0
914,0,3422,6,140.0,140.0,140.0
914,0,3423,6,140.0,140.0,140.0
914,0,3424,6,140.0,140.0,140.0
914,0,3425,6,140.0,140.0,140.0
914,0,3426,6,140.0,140.0,140.0
914,0,3427,6,140.0,140.0,140.0
914,0,3428,6,140.0,140.0,140.0
914,0,3680,6,140.0,140.0,140.0
914,0,3681,6,140.0,140.0,140.0
914,0,3683,6,140.0,140.0,140.0
914,0,3684,6,140.0,140.0,140.0
914,0,3685,6,140.0,140.0,140.0
914,0,3686,6,140.0,140.0,140.0
914,0,3687,6,140.0,140.0,140.0
914,0,3688,6,140.0,140.0,140.0
914,0,3689,6,140.0,140.0,140.0
914,0,3690,6,140.0,140.0,140.0
914,0,3691,6,140.0,140.0,140.0
914,0,3692,6,140.0,140.0,140.0
914,0,3693,6,140.0,140.0,140.0
914,0,3694,6,140.0,140.0,140.0
914,0,3695,6,140.0,140.0,140.0
914,0,3696,6,140.0,140.0,140.0
914,0,3697,6,140.0,140.0,140.0
914,0,3698,6,140.0,140.0,140.0
914,0,3699,6,140.0,140.0,140.0
914,0,3700,6,140.0,140.0,140.0
914,0,3701,6,140.0,140.0,140.0
914,0,3702,6,140.0,140.0,140.0
914,0,3703,6,140.0,140.0,140.0
914,0,3704,6,140.0,140.0,140.0
914,0,3705,6,140.0,140.0,140.0
914,0,3706,6,140.0,140.0,140.0
914,0,3707,6,140.0,140.0,140.0
914,0,3709,6,140.0,140.0,140.0
914,0,3710,6,140.0,140.0,140.0
914,0,3711,6,140.0,140.0,140.0
914,0,3712,6,140.0,140.0,140.0
914,0,3713,6,140.0,140.0,140.0
914,0,3758,6,140.0,140.0,140.0
914,0,8100,6,140.0,140.0,140.0
914,0,8101,6,140.0,140.0,140.0
914,0,8102,6,140.0,140.0,140.0
914,0,8103,6,140.0,140.0,140.0
914,0,8104,6,140.0,140.0,140.0
914,0,8105,6,140.0,140.0,140.0
914,0,8106,6,140.0,140.0,140.0
914,0,8107,6,140.0,140.0,140.0
914,0,8108,6,140.0,140.0,140.0
914,0,8109,6,140.0,140.0,140.0
914,0,8110,6,140.0,140.0,140.0
914,0,8111,6,140.0,140.0,140.0
914,0,8112,6,140.0,140.0,140.0
914,0,8113,6,140.0,140.0,140.0
914,0,8114,6,140.0,140.0,140.0
914,0,8115,6,140.0,140.0,140.0
914,0,8116,6,140.0,140.0,140.0
914,0,8117,6,140.0,140.0,140.0
914,0,8118,6,140.0,140.0,140.0
914,0,8119,6,140.0,140.0,140.0
914,0,8120,6,140.0,140.0,140.0
914,0,8121,6,140.0,140.0,140.0
914,0,8122,6,140.0,140.0,140.0
914,0,8123,6,140.0,140.0,140.0
914,0,8124,6,140.0,140.0,140.0
914,0,8125,6,140.0,140.0,140.0
914,0,8126,6,140.0,140.0,140.0
914,0,8127,6,140.0,140.0,140.0
914,0,8128,6,140.0,140.0,140.0
914,0,8129,6,140.0,140.0,140.0
914,0,8130,6,140.0,140.0,140.0
914,0,8163,6,140.0,140.0,140.0
914,0,8164,6,140.0,140.0,140.0
922,0,1702,6,140.0,140.0,140.0
922,0,1705,6,140.0,140.0,140.0
922,0,1751,6,140.0,140.0,140.0
922,0,1760,6,140.0,140.0,140.0
922,0,1761,6,140.0,140.0,140.0
922,0,1762,6,140.0,140.0,140.0
922,0,1763,6,140.0,140.0,140.0
922,0,1764,6,140.0,140.0,140.0
922,0,1767,6,140.0,140.0,140.0
922,0,3211,6,140.0,140.0,140.0
922,0,3315,6,140.0,140.0,140.0
922,0,3390,6,140.0,140.0,140.0
922,0,3414,6,140.0,140.0,140.0
922,0,3415,6,140.0,140.0,140.0
922,0,3416,6,140.0,140.0,140.0
922,0,3417,6,140.0,140.0,140.0
922,0,3418,6,140.0,140.0,140.0
922,0,3419,6,140.0,140.0,140.0
922,0,3420,6,140.0,140.0,140.0
922,0,3421,6,140.0,140.0,140.0
922,0,3422,6,140.0,140.0,140.0
922,0,3423,6,140.0,140.0,140.0
922,0,3424,6,140.0,140.0,140.0
922,0,3425,6,140.0,140.0,140.0
922,0,3426,6,140.0,140.0,140.0
922,0,3427,6,140.0,140.0,140.0
922,0,3428,6,140.0,140.0,140.0
922,0,3698,6,140.0,140.0,140.0
922,0,3699,6,140.0,140.0,140.0
922,0,3700,6,140.0,140.0,140.0
922,0,3701,6,140.0,140.0,140.0
922,0,3702,6,140.0,140.0,140.0
922,0,3704,6,140.0,140.0,140.0
922,0,3705,6,140.0,140.0,140.0
922,0,3706,6,140.0,140.0,140.0
922,0,3707,6,140.0,140.0,140.0
922,0,3709,6,140.0,140.0,140.0
922,0,3711,6,140.0,140.0,140.0
922,0,3712,6,140.0,140.0,140.0
922,0,3713,6,140.0,140.0,140.0
922,0,3717,6,140.0,140.0,140.0
922,0,3724,6,140.0,140.0,140.0
922,0,3755,6,140.0,140.0,140.0
922,0,3756,6,140.0,140.0,140.0
922,0,404,6,140.0,140.0,140.0
922,0,405,6,140.0,140.0,140.0
922,0,406,6,140.0,140.0,140.0
922,0,407,6,140.0,140.0,140.0
922,0,408,6,140.0,140.0,140.0
922,0,409,6,140.0,140.0,140.0
922,0,414,6,140.0,140.0,140.0
922,0,416,6,140.0,140.0,140.0
922,0,433,6,140.0,140.0,140.0
922,0,435,6,140.0,140.0,140.0
922,0,438,6,140.0,140.0,140.0
922,0,439,6,140.0,140.0,140.0
922,0,440,6,140.0,140.0,140.0
922,0,8164,6,140.0,140.0,140.0
686,0,1040,6,140.83,120.0,175.0
686,0,1041,6,140.83,120.0,175.0
686,0,106831,6,140.83,120.0,175.0
686,0,4720,6,140.83,120.0,175.0
686,0,4721,6,140.83,120.0,175.0
686,0,4722,6,140.83,120.0,175.0
686,0,4723,6,140.83,120.0,175.0
686,0,4724,6,140.83,120.0,175.0
686,0,4725,6,140.83,120.0,175.0
686,0,4727,6,140.83,120.0,175.0
686,0,4728,6,140.83,120.0,175.0
686,0,4729,6,140.83,120.0,175.0
686,0,4730,6,140.83,120.0,175.0
686,0,4732,6,140.83,120.0,175.0
686,0,4733,6,140.83,120.0,175.0
686,0,4734,6,140.83,120.0,175.0
686,0,4735,6,140.83,120.0,175.0
686,0,4736,6,140.83,120.0,175.0
686,0,4737,6,140.83,120.0,175.0
686,0,4738,6,140.83,120.0,175.0
686,0,4739,6,140.83,120.0,175.0
686,0,4740,6,140.83,120.0,175.0
686,0,4741,6,140.83,120.0,175.0
686,0,4742,6,140.83,120.0,175.0
686,0,4743,6,140.83,120.0,175.0
686,0,5144,6,140.83,120.0,175.0
686,0,5145,6,140.83,120.0,175.0
686,0,5149,6,140.83,120.0,175.0
686,0,5844,6,140.83,120.0,175.0
686,0,5929,6,140.83,120.0,175.0
686,0,5930,6,140.83,120.0,175.0
686,0,5931,6,140.83,120.0,175.0
686,0,5932,6,140.83,120.0,175.0
686,0,6566,6,140.83,120.0,175.0
686,0,6567,6,140.83,120.0,175.0
686,0,6568,6,140.83,120.0,175.0
686,0,6603,6,140.83,120.0,175.0
686,0,6605,6,140.83,120.0,175.0
686,0,6842,6,140.83,120.0,175.0
686,0,6843,6,140.83,120.0,175.0
686,0,6844,6,140.83,120.0,175.0
686,0,6845,6,140.83,120.0,175.0
686,0,6846,6,140.83,120.0,175.0
686,0,6847,6,140.83,120.0,175.0
686,0,6848,6,140.83,120.0,175.0
686,0,6849,6,140.83,120.0,175.0
686,0,7259,6,140.83,120.0,175.0
535,1,129,6,141.67,120.0,180.0
535,1,130,6,141.67,120.0,180.0
535,1,131,6,141.67,120.0,180.0
535,1,133,6,141.67,120.0,180.0
535,1,134,6,141.67,120.0,180.0
535,1,135,6,141.67,120.0,180.0
535,1,136,6,141.67,120.0,180.0
535,1,137,6,141.67,120.0,180.0
535,1,138,6,141.67,120.0,180.0
535,1,139,6,141.67,120.0,180.0
535,1,141,6,141.67,120.0,180.0
535,1,142,6,141.67,120.0,180.0
535,1,173,6,141.67,120.0,180.0
535,1,1804,6,141.67,120.0,180.0
535,1,213,6,141.67,120.0,180.0
535,1,3315,6,141.67,120.0,180.0
535,1,3354,6,141.67,120.0,180.0
535,1,343,6,141.67,120.0,180.0
535,1,344,6,141.67,120.0,180.0
535,1,381,6,141.67,120.0,180.0
535,1,382,6,141.67,120.0,180.0
535,1,385,6,141.67,120.0,180.0
535,1,5033,6,141.67,120.0,180.0
535,1,5728,6,141.67,120.0,180.0
535,1,5729,6,141.67,120.0,180.0
535,1,5731,6,141.67,120.0,180.0
535,1,5732,6,141.67,120.0,180.0
131,1,105,8,141.88,20.0,420.0
131,1,107,8,141.88,20.0,420.0
131,1,1323,8,141.88,20.0,420.0
131,1,1324,8,141.88,20.0,420.0
131,1,1325,8,141.88,20.0,420.0
131,1,1369,8,141.88,20.0,420.0
131,1,1370,8,141.88,20.0,420.0
131,1,1375,8,141.88,20.0,420.0
131,1,1379,8,141.88,20.0,420.0
131,1,1380,8,141.88,20.0,420.0
131,1,1381,8,141.88,20.0,420.0
131,1,1398,8,141.88,20.0,420.0
131,1,1400,8,141.88,20.0,420.0
131,1,1426,8,141.88,20.0,420.0
131,1,1432,8,141.88,20.0,420.0
131,1,1436,8,141.88,20.0,420.0
131,1,1476,8,141.88,20.0,420.0
131,1,1477,8,141.88,20.0,420.0
131,1,1479,8,141.88,20.0,420.0
131,1,1481,8,141.88,20.0,420.0
131,1,1485,8,141.88,20.0,420.0
131,1,1486,8,141.88,20.0,420.0
131,1,1487,8,141.88,20.0,420.0
131,1,1488,8,141.88,20.0,420.0
131,1,1489,8,141.88,20.0,420.0
131,1,1490,8,141.88,20.0,420.0
131,1,1492,8,141.88,20.0,420.0
131,1,1504,8,141.88,20.0,420.0
131,1,1527,8,141.88,20.0,420.0
131,1,1528,8,141.88,20.0,420.0
131,1,1529,8,141.88,20.0,420.0
131,1,1530,8,141.88,20.0,420.0
131,1,1531,8,141.88,20.0,420.0
131,1,1532,8,141.88,20.0,420.0
131,1,1533,8,141.88,20.0,420.0
131,1,1534,8,141.88,20.0,420.0
131,1,1535,8,141.88,20.0,420.0
131,1,1536,8,141.88,20.0,420.0
131,1,1537,8,141.88,20.0,420.0
131,1,1538,8,141.88,20.0,420.0
131,1,1539,8,141.88,20.0,420.0
131,1,1540,8,141.88,20.0,420.0
131,1,1541,8,141.88,20.0,420.0
131,1,1542,8,141.88,20.0,420.0
131,1,1543,8,141.88,20.0,420.0
131,1,1544,8,141.88,20.0,420.0
131,1,1545,8,141.88,20.0,420.0
131,1,1546,8,141.88,20.0,420.0
131,1,1547,8,141.88,20.0,420.0
131,1,1549,8,141.88,20.0,420.0
131,1,1550,8,141.88,20.0,420.0
131,1,1551,8,141.88,20.0,420.0
131,1,1552,8,141.88,20.0,420.0
131,1,1553,8,141.88,20.0,420.0
131,1,1554,8,141.88,20.0,420.0
131,1,1555,8,141.88,20.0,420.0
131,1,1556,8,141.88,20.0,420.0
131,1,1557,8,141.88,20.0,420.0
131,1,1558,8,141.88,20.0,420.0
131,1,1559,8,141.88,20.0,420.0
131,1,1560,8,141.88,20.0,420.0
131,1,1561,8,141.88,20.0,420.0
131,1,1562,8,141.88,20.0,420.0
131,1,1567,8,141.88,20.0,420.0
131,1,1570,8,141.88,20.0,420.0
131,1,1571,8,141.88,20.0,420.0
131,1,1574,8,141.88,20.0,420.0
131,1,1577,8,141.88,20.0,420.0
131,1,1582,8,141.88,20.0,420.0
131,1,1583,8,141.88,20.0,420.0
131,1,1605,8,141.88,20.0,420.0
131,1,1606,8,141.88,20.0,420.0
131,1,1607,8,141.88,20.0,420.0
131,1,1608,8,141.88,20.0,420.0
131,1,1609,8,141.88,20.0,420.0
131,1,1610,8,141.88,20.0,420.0
131,1,1611,8,141.88,20.0,420.0
131,1,1612,8,141.88,20.0,420.0
131,1,1613,8,141.88,20.0,420.0
131,1,1614,8,141.88,20.0,420.0
131,1,1615,8,141.88,20.0,420.0
131,1,1616,8,141.88,20.0,420.0
131,1,1617,8,141.88,20.0,420.0
131,1,1618,8,141.88,20.0,420.0
131,1,1619,8,141.88,20.0,420.0
131,1,1620,8,141.88,20.0,420.0
131,1,1621,8,141.88,20.0,420.0
131,1,1622,8,141.88,20.0,420.0
131,1,1623,8,141.88,20.0,420.0
131,1,1624,8,141.88,20.0,420.0
131,1,1625,8,141.88,20.0,420.0
131,1,1626,8,141.88,20.0,420.0
131,1,1627,8,141.88,20.0,420.0
131,1,1628,8,141.88,20.0,420.0
131,1,1629,8,141.88,20.0,420.0
131,1,1634,8,141.88,20.0,420.0
131,1,1636,8,141.88,20.0,420.0
131,1,2230,8,141.88,20.0,420.0
131,1,3008,8,141.88,20.0,420.0
131,1,3045,8,141.88,20.0,420.0
131,1,3212,8,141.88,20.0,420.0
131,1,3857,8,141.88,20.0,420.0
131,1,4568,8,141.88,20.0,420.0
131,1,458,8,141.88,20.0,420.0
1267,1,106565,6,142.5,120.0,160.0
1267,1,106566,6,142.5,120.0,160.0
1267,1,106567,6,142.5,120.0,160.0
1267,1,106568,6,142.5,120.0,160.0
1267,1,106569,6,142.5,120.0,160.0
1267,1,106570,6,142.5,120.0,160.0
1267,1,106571,6,142.5,120.0,160.0
1267,1,106572,6,142.5,120.0,160.0
1267,1,106832,6,142.5,120.0,160.0
1267,1,1746,6,142.5,120.0,160.0
1267,1,4781,6,142.5,120.0,160.0
1267,1,4782,6,142.5,120.0,160.0
1267,1,4783,6,142.5,120.0,160.0
1267,1,4784,6,142.5,120.0,160.0
1267,1,4785,6,142.5,120.0,160.0
1267,1,4786,6,142.5,120.0,160.0
1267,1,4787,6,142.5,120.0,160.0
1267,1,5154,6,142.5,120.0,160.0
1267,1,5155,6,142.5,120.0,160.0
1267,1,5156,6,142.5,120.0,160.0
1267,1,5158,6,142.5,120.0,160.0
1267,1,5159,6,142.5,120.0,160.0
1267,1,5845,6,142.5,120.0,160.0
1267,1,5932,6,142.5,120.0,160.0
1267,1,5937,6,142.5,120.0,160.0
1267,1,5938,6,142.5,120.0,160.0
1267,1,5939,6,142.5,120.0,160.0
1267,1,6347,6,142.5,120.0,160.0
1267,1,6575,6,142.5,120.0,160.0
1267,1,6864,6,142.5,120.0,160.0
1267,1,6866,6,142.5,120.0,160.0
1267,1,6867,6,142.5,120.0,160.0
1267,1,6868,6,142.5,120.0,160.0
1267,1,6869,6,142.5,120.0,160.0
1267,1,6870,6,142.5,120.0,160.0
1267,1,6871,6,142.5,120.0,160.0
1267,1,7260,6,142.5,120.0,160.0
534,0,129,6,142.5,120.0,180.0
534,0,130,6,142.5,120.0,180.0
534,0,131,6,142.5,120.0,180.0
534,0,132,6,142.5,120.0,180.0
534,0,133,6,142.5,120.0,180.0
534,0,134,6,142.5,120.0,180.0
534,0,135,6,142.5,120.0,180.0
534,0,136,6,142.5,120.0,180.0
534,0,137,6,142.5,120.0,180.0
534,0,138,6,142.5,120.0,180.0
534,0,139,6,142.5,120.0,180.0
534,0,140,6,142.5,120.0,180.0
534,0,1801,6,142.5,120.0,180.0
534,0,213,6,142.5,120.0,180.0
534,0,274,6,142.5,120.0,180.0
534,0,327,6,142.5,120.0,180.0
534,0,3315,6,142.5,120.0,180.0
534,0,3354,6,142.5,120.0,180.0
534,0,385,6,142.5,120.0,180.0
534,0,387,6,142.5,120.0,180.0
534,0,388,6,142.5,120.0,180.0
534,0,391,6,142.5,120.0,180.0
534,0,5728,6,142.5,120.0,180.0
534,0,5729,6,142.5,120.0,180.0
534,0,5730,6,142.5,120.0,180.0
534,0,788,6,142.5,120.0,180.0
534,0,789,6,142.5,120.0,180.0
433,1,130,5,143.0,60.0,335.0
433,1,131,5,143.0,60.0,335.0
433,1,144,5,143.0,60.0,335.0
433,1,145,5,143.0,60.0,335.0
433,1,149,5,143.0,60.0,335.0
433,1,150,5,143.0,60.0,335.0
433,1,151,5,143.0,60.0,335.0
433,1,152,5,143.0,60.0,335.0
433,1,153,5,143.0,60.0,335.0
433,1,155,5,143.0,60.0,335.0
433,1,160,5,143.0,60.0,335.0
433,1,165,5,143.0,60.0,335.0
433,1,166,5,143.0,60.0,335.0
433,1,167,5,143.0,60.0,335.0
433,1,168,5,143.0,60.0,335.0
433,1,169,5,143.0,60.0,335.0
433,1,170,5,143.0,60.0,335.0
433,1,171,5,143.0,60.0,335.0
433,1,172,5,143.0,60.0,335.0
433,1,1914,5,143.0,60.0,335.0
433,1,3315,5,143.0,60.0,335.0
433,1,373,5,143.0,60.0,335.0
433,1,394,5,143.0,60.0,335.0
433,1,445,5,143.0,60.0,335.0
433,1,446,5,143.0,60.0,335.0
433,1,447,5,143.0,60.0,335.0
433,1,448,5,143.0,60.0,335.0
433,1,449,5,143.0,60.0,335.0
433,1,4533,5,143.0,60.0,335.0
433,1,4541,5,143.0,60.0,335.0
433,1,4579,5,143.0,60.0,335.0
433,1,4626,5,143.0,60.0,335.0
433,1,4627,5,143.0,60.0,335.0
433,1,4628,5,143.0,60.0,335.0
433,1,4629,5,143.0,60.0,335.0
433,1,4630,5,143.0,60.0,335.0
433,1,4631,5,143.0,60.0,335.0
433,1,4632,5,143.0,60.0,335.0
433,1,4633,5,143.0,60.0,335.0
433,1,4634,5,143.0,60.0,335.0
433,1,4635,5,143.0,60.0,335.0
433,1,4636,5,143.0,60.0,335.0
433,1,4637,5,143.0,60.0,335.0
433,1,4638,5,143.0,60.0,335.0
433,1,4639,5,143.0,60.0,335.0
433,1,4640,5,143.0,60.0,335.0
433,1,4641,5,143.0,60.0,335.0
433,1,4642,5,143.0,60.0,335.0
433,1,4643,5,143.0,60.0,335.0
433,1,4651,5,143.0,60.0,335.0
433,1,4652,5,143.0,60.0,335.0
433,1,4653,5,143.0,60.0,335.0
433,1,4654,5,143.0,60.0,335.0
433,1,4655,5,143.0,60.0,335.0
433,1,4656,5,143.0,60.0,335.0
433,1,4657,5,143.0,60.0,335.0
433,1,4658,5,143.0,60.0,335.0
433,1,4659,5,143.0,60.0,335.0
433,1,4660,5,143.0,60.0,335.0
433,1,4661,5,143.0,60.0,335.0
433,1,4662,5,143.0,60.0,335.0
433,1,4663,5,143.0,60.0,335.0
433,1,4664,5,143.0,60.0,335.0
433,1,4665,5,143.0,60.0,335.0
433,1,4666,5,143.0,60.0,335.0
433,1,4667,5,143.0,60.0,335.0
433,1,4688,5,143.0,60.0,335.0
433,1,4693,5,143.0,60.0,335.0
433,1,4694,5,143.0,60.0,335.0
433,1,4695,5,143.0,60.0,335.0
433,1,4696,5,143.0,60.0,335.0
433,1,4697,5,143.0,60.0,335.0
433,1,4698,5,143.0,60.0,335.0
433,1,4699,5,143.0,60.0,335.0
433,1,4700,5,143.0,60.0,335.0
433,1,4705,5,143.0,60.0,335.0
433,1,4706,5,143.0,60.0,335.0
433,1,795,5,143.0,60.0,335.0
433,1,796,5,143.0,60.0,335.0
433,1,797,5,143.0,60.0,335.0
433,1,798,5,143.0,60.0,335.0
433,1,799,5,143.0,60.0,335.0
939,1,130,6,143.33,90.0,215.0
939,1,131,6,143.33,90.0,215.0
939,1,144,6,143.33,90.0,215.0
939,1,145,6,143.33,90.0,215.0
939,1,149,6,143.33,90.0,215.0
939,1,150,6,143.33,90.0,215.0
939,1,151,6,143.33,90.0,215.0
939,1,152,6,143.33,90.0,215.0
939,1,153,6,143.33,90.0,215.0
939,1,155,6,143.33,90.0,215.0
939,1,160,6,143.33,90.0,215.0
939,1,165,6,143.33,90.0,215.0
939,1,166,6,143.33,90.0,215.0
939,1,167,6,143.33,90.0,215.0
939,1,168,6,143.33,90.0,215.0
939,1,169,6,143.33,90.0,215.0
939,1,170,6,143.33,90.0,215.0
939,1,171,6,143.33,90.0,215.0
939,1,172,6,143.33,90.0,215.0
939,1,1912,6,143.33,90.0,215.0
939,1,1914,6,143.33,90.0,215.0
939,1,3315,6,143.33,90.0,215.0
939,1,373,6,143.33,90.0,215.0
939,1,394,6,143.33,90.0,215.0
939,1,445,6,143.33,90.0,215.0
939,1,446,6,143.33,90.0,215.0
939,1,447,6,143.33,90.0,215.0
939,1,448,6,143.33,90.0,215.0
939,1,449,6,143.33,90.0,215.0
939,1,4533,6,143.33,90.0,215.0
939,1,4541,6,143.33,90.0,215.0
939,1,4626,6,143.33,90.0,215.0
939,1,4627,6,143.33,90.0,215.0
939,1,4628,6,143.33,90.0,215.0
939,1,4629,6,143.33,90.0,215.0
939,1,4630,6,143.33,90.0,215.0
939,1,4631,6,143.33,90.0,215.0
939,1,4632,6,143.33,90.0,215.0
939,1,4633,6,143.33,90.0,215.0
939,1,4634,6,143.33,90.0,215.0
939,1,4635,6,143.33,90.0,215.0
939,1,4636,6,143.33,90.0,215.0
939,1,4637,6,143.33,90.0,215.0
939,1,4638,6,143.33,90.0,215.0
939,1,4639,6,143.33,90.0,215.0
939,1,4640,6,143.33,90.0,215.0
939,1,4641,6,143.33,90.0,215.0
939,1,4642,6,143.33,90.0,215.0
939,1,4643,6,143.33,90.0,215.0
939,1,4688,6,143.33,90.0,215.0
939,1,4692,6,143.33,90.0,215.0
939,1,4693,6,143.33,90.0,215.0
939,1,4694,6,143.33,90.0,215.0
939,1,4695,6,143.33,90.0,215.0
939,1,4907,6,143.33,90.0,215.0
939,1,4945,6,143.33,90.0,215.0
939,1,4951,6,143.33,90.0,215.0
939,1,4953,6,143.33,90.0,215.0
939,1,4954,6,143.33,90.0,215.0
939,1,4955,6,143.33,90.0,215.0
939,1,4956,6,143.33,90.0,215.0
939,1,4957,6,143.33,90.0,215.0
939,1,4958,6,143.33,90.0,215.0
939,1,4959,6,143.33,90.0,215.0
939,1,4960,6,143.33,90.0,215.0
939,1,4961,6,143.33,90.0,215.0
939,1,4977,6,143.33,90.0,215.0
939,1,4978,6,143.33,90.0,215.0
939,1,4979,6,143.33,90.0,215.0
939,1,4980,6,143.33,90.0,215.0
939,1,5011,6,143.33,90.0,215.0
939,1,795,6,143.33,90.0,215.0
939,1,796,6,143.33,90.0,215.0
939,1,797,6,143.33,90.0,215.0
939,1,798,6,143.33,90.0,215.0
939,1,799,6,143.33,90.0,215.0
939,1,8242,6,143.33,90.0,215.0
939,1,8243,6,143.33,90.0,215.0
939,1,8244,6,143.33,90.0,215.0
939,1,8245,6,143.33,90.0,215.0
939,1,8246,6,143.33,90.0,215.0
939,1,8247,6,143.33,90.0,215.0
939,1,8252,6,143.33,90.0,215.0
939,1,8255,6,143.33,90.0,215.0
939,1,8266,6,143.33,90.0,215.0
939,1,8267,6,143.33,90.0,215.0
939,1,8268,6,143.33,90.0,215.0
939,1,8269,6,143.33,90.0,215.0
939,1,8270,6,143.33,90.0,215.0
939,1,8271,6,143.33,90.0,215.0
939,1,8272,6,143.33,90.0,215.0
939,1,8273,6,143.33,90.0,215.0
939,1,8274,6,143.33,90.0,215.0
939,1,8275,6,143.33,90.0,215.0
939,1,8276,6,143.33,90.0,215.0
939,1,8277,6,143.33,90.0,215.0
939,1,8278,6,143.33,90.0,215.0
939,1,8279,6,143.33,90.0,215.0
939,1,8280,6,143.33,90.0,215.0
939,1,8281,6,143.33,90.0,215.0
206,1,105,7,143.57,30.0,300.0
206,1,107,7,143.57,30.0,300.0
206,1,1208,7,143.57,30.0,300.0
206,1,1324,7,143.57,30.0,300.0
206,1,1325,7,143.57,30.0,300.0
206,1,1369,7,143.57,30.0,300.0
206,1,1370,7,143.57,30.0,300.0
206,1,1375,7,143.57,30.0,300.0
206,1,1379,7,143.57,30.0,300.0
206,1,1380,7,143.57,30.0,300.0
206,1,1381,7,143.57,30.0,300.0
206,1,1398,7,143.57,30.0,300.0
206,1,1400,7,143.57,30.0,300.0
206,1,1426,7,143.57,30.0,300.0
206,1,1432,7,143.57,30.0,300.0
206,1,1436,7,143.57,30.0,300.0
206,1,1567,7,143.57,30.0,300.0
206,1,1570,7,143.57,30.0,300.0
206,1,1571,7,143.57,30.0,300.0
206,1,1574,7,143.57,30.0,300.0
206,1,1577,7,143.57,30.0,300.0
206,1,1582,7,143.57,30.0,300.0
206,1,1583,7,143.57,30.0,300.0
206,1,1634,7,143.57,30.0,300.0
206,1,2065,7,143.57,30.0,300.0
206,1,2230,7,143.57,30.0,300.0
206,1,2367,7,143.57,30.0,300.0
206,1,2368,7,143.57,30.0,300.0
206,1,2369,7,143.57,30.0,300.0
206,1,2370,7,143.57,30.0,300.0
206,1,2371,7,143.57,30.0,300.0
206,1,3008,7,143.57,30.0,300.0
206,1,3045,7,143.57,30.0,300.0
206,1,3212,7,143.57,30.0,300.0
206,1,3857,7,143.57,30.0,300.0
206,1,4568,7,143.57,30.0,300.0
206,1,458,7,143.57,30.0,300.0
103,1,1242,6,144.17,125.0,175.0
103,1,1243,6,144.17,125.0,175.0
103,1,1244,6,144.17,125.0,175.0
103,1,1245,6,144.17,125.0,175.0
103,1,1246,6,144.17,125.0,175.0
103,1,1247,6,144.17,125.0,175.0
103,1,1248,6,144.17,125.0,175.0
103,1,1249,6,144.17,125.0,175.0
103,1,1250,6,144.17,125.0,175.0
103,1,1251,6,144.17,125.0,175.0
103,1,1252,6,144.17,125.0,175.0
103,1,1277,6,144.17,125.0,175.0
103,1,130,6,144.17,125.0,175.0
103,1,131,6,144.17,125.0,175.0
103,1,144,6,144.17,125.0,175.0
103,1,172,6,144.17,125.0,175.0
103,1,213,6,144.17,125.0,175.0
103,1,289,6,144.17,125.0,175.0
103,1,290,6,144.17,125.0,175.0
103,1,291,6,144.17,125.0,175.0
103,1,34,6,144.17,125.0,175.0
103,1,393,6,144.17,125.0,175.0
103,1,394,6,144.17,125.0,175.0
103,1,446,6,144.17,125.0,175.0
103,1,447,6,144.17,125.0,175.0
103,1,448,6,144.17,125.0,175.0
103,1,449,6,144.17,125.0,175.0
103,1,9296,6,144.17,125.0,175.0
1266,0,1041,6,144.17,120.0,180.0
1266,0,106565,6,144.17,120.0,180.0
1266,0,106566,6,144.17,120.0,180.0
1266,0,106567,6,144.17,120.0,180.0
1266,0,106568,6,144.17,120.0,180.0
1266,0,106569,6,144.17,120.0,180.0
1266,0,106570,6,144.17,120.0,180.0
1266,0,106571,6,144.17,120.0,180.0
1266,0,106831,6,144.17,120.0,180.0
1266,0,106838,6,144.17,120.0,180.0
1266,0,4737,6,144.17,120.0,180.0
1266,0,4738,6,144.17,120.0,180.0
1266,0,4739,6,144.17,120.0,180.0
1266,0,4740,6,144.17,120.0,180.0
1266,0,4741,6,144.17,120.0,180.0
1266,0,4742,6,144.17,120.0,180.0
1266,0,4743,6,144.17,120.0,180.0
1266,0,5144,6,144.17,120.0,180.0
1266,0,5145,6,144.17,120.0,180.0
1266,0,5149,6,144.17,120.0,180.0
1266,0,5844,6,144.17,120.0,180.0
1266,0,5929,6,144.17,120.0,180.0
1266,0,5930,6,144.17,120.0,180.0
1266,0,5931,6,144.17,120.0,180.0
1266,0,6307,6,144.17,120.0,180.0
1266,0,6566,6,144.17,120.0,180.0
1266,0,6567,6,144.17,120.0,180.0
1266,0,6568,6,144.17,120.0,180.0
1266,0,6864,6,144.17,120.0,180.0
1266,0,6865,6,144.17,120.0,180.0
1266,0,6866,6,144.17,120.0,180.0
1266,0,6867,6,144.17,120.0,180.0
1266,0,6868,6,144.17,120.0,180.0
1266,0,6869,6,144.17,120.0,180.0
1266,0,6870,6,144.17,120.0,180.0
1266,0,6871,6,144.17,120.0,180.0
1266,0,7259,6,144.17,120.0,180.0
488,0,122,6,146.67,120.0,165.0
488,0,123,6,146.67,120.0,165.0
488,0,124,6,146.67,120.0,165.0
488,0,125,6,146.67,120.0,165.0
488,0,126,6,146.67,120.0,165.0
488,0,127,6,146.67,120.0,165.0
488,0,129,6,146.67,120.0,165.0
488,0,130,6,146.67,120.0,165.0
488,0,131,6,146.67,120.0,165.0
488,0,132,6,146.67,120.0,165.0
488,0,133,6,146.67,120.0,165.0
488,0,134,6,146.67,120.0,165.0
488,0,135,6,146.67,120.0,165.0
488,0,136,6,146.67,120.0,165.0
488,0,213,6,146.67,120.0,165.0
488,0,215,6,146.67,120.0,165.0
488,0,216,6,146.67,120.0,165.0
488,0,217,6,146.67,120.0,165.0
488,0,3315,6,146.67,120.0,165.0
488,0,35,6,146.67,120.0,165.0
488,0,3855,6,146.67,120.0,165.0
488,0,4444,6,146.67,120.0,165.0
488,0,5269,6,146.67,120.0,165.0
488,0,5270,6,146.67,120.0,165.0
562,1,2139,1,150.0,150.0,150.0
562,1,2185,1,150.0,150.0,150.0
562,1,2186,1,150.0,150.0,150.0
562,1,2187,1,150.0,150.0,150.0
562,1,2188,1,150.0,150.0,150.0
562,1,2189,1,150.0,150.0,150.0
562,1,2190,1,150.0,150.0,150.0
562,1,2191,1,150.0,150.0,150.0
562,1,2196,1,150.0,150.0,150.0
562,1,2197,1,150.0,150.0,150.0
562,1,2198,1,150.0,150.0,150.0
562,1,2199,1,150.0,150.0,150.0
562,1,2200,1,150.0,150.0,150.0
562,1,2201,1,150.0,150.0,150.0
562,1,5275,1,150.0,150.0,150.0
562,1,5276,1,150.0,150.0,150.0
562,1,5278,1,150.0,150.0,150.0
562,1,5773,1,150.0,150.0,150.0
562,1,5802,1,150.0,150.0,150.0
562,1,5809,1,150.0,150.0,150.0
562,1,5810,1,150.0,150.0,150.0
562,1,5811,1,150.0,150.0,150.0
562,1,5812,1,150.0,150.0,150.0
562,1,5815,1,150.0,150.0,150.0
562,1,5816,1,150.0,150.0,150.0
562,1,5817,1,150.0,150.0,150.0
562,1,5818,1,150.0,150.0,150.0
562,1,5819,1,150.0,150.0,150.0
562,1,6163,1,150.0,150.0,150.0
562,1,6164,1,150.0,150.0,150.0
562,1,698,1,150.0,150.0,150.0
562,1,699,1,150.0,150.0,150.0
562,1,700,1,150.0,150.0,150.0
562,1,701,1,150.0,150.0,150.0
562,1,702,1,150.0,150.0,150.0
562,1,703,1,150.0,150.0,150.0
562,1,704,1,150.0,150.0,150.0
562,1,705,1,150.0,150.0,150.0
562,1,761,1,150.0,150.0,150.0
562,1,763,1,150.0,150.0,150.0
562,1,769,1,150.0,150.0,150.0
562,1,770,1,150.0,150.0,150.0
562,1,771,1,150.0,150.0,150.0
562,1,861,1,150.0,150.0,150.0
562,1,863,1,150.0,150.0,150.0
562,1,887,1,150.0,150.0,150.0
562,1,888,1,150.0,150.0,150.0
562,1,889,1,150.0,150.0,150.0
562,1,986,1,150.0,150.0,150.0
821,0,100,5,150.0,60.0,305.0
821,0,1058,5,150.0,60.0,305.0
821,0,1059,5,150.0,60.0,305.0
821,0,1061,5,150.0,60.0,305.0
821,0,1064,5,150.0,60.0,305.0
821,0,106703,5,150.0,60.0,305.0
821,0,106704,5,150.0,60.0,305.0
821,0,106705,5,150.0,60.0,305.0
821,0,106706,5,150.0,60.0,305.0
821,0,1068,5,150.0,60.0,305.0
821,0,1069,5,150.0,60.0,305.0
821,0,1071,5,150.0,60.0,305.0
821,0,1092,5,150.0,60.0,305.0
821,0,1094,5,150.0,60.0,305.0
821,0,1095,5,150.0,60.0,305.0
821,0,1098,5,150.0,60.0,305.0
821,0,1645,5,150.0,60.0,305.0
821,0,5843,5,150.0,60.0,305.0
821,0,5844,5,150.0,60.0,305.0
821,0,5848,5,150.0,60.0,305.0
821,0,5981,5,150.0,60.0,305.0
821,0,5983,5,150.0,60.0,305.0
821,0,6000,5,150.0,60.0,305.0
821,0,6002,5,150.0,60.0,305.0
821,0,6412,5,150.0,60.0,305.0
821,0,6684,5,150.0,60.0,305.0
821,0,6718,5,150.0,60.0,305.0
821,0,6720,5,150.0,60.0,305.0
821,0,6756,5,150.0,60.0,305.0
821,0,70,5,150.0,60.0,305.0
821,0,7228,5,150.0,60.0,305.0
821,0,7245,5,150.0,60.0,305.0
821,0,7249,5,150.0,60.0,305.0
821,0,7251,5,150.0,60.0,305.0
821,0,7252,5,150.0,60.0,305.0
821,0,7253,5,150.0,60.0,305.0
821,0,7254,5,150.0,60.0,305.0
821,0,7255,5,150.0,60.0,305.0
821,0,7256,5,150.0,60.0,305.0
821,0,7258,5,150.0,60.0,305.0
821,0,7263,5,150.0,60.0,305.0
821,0,73,5,150.0,60.0,305.0
821,0,75,5,150.0,60.0,305.0
821,0,76,5,150.0,60.0,305.0
821,0,7671,5,150.0,60.0,305.0
821,0,77,5,150.0,60.0,305.0
821,0,7700,5,150.0,60.0,305.0
821,0,7701,5,150.0,60.0,305.0
821,0,7702,5,150.0,60.0,305.0
821,0,7703,5,150.0,60.0,305.0
821,0,7704,5,150.0,60.0,305.0
821,0,7705,5,150.0,60.0,305.0
821,0,7710,5,150.0,60.0,305.0
821,0,7711,5,150.0,60.0,305.0
821,0,7712,5,150.0,60.0,305.0
821,0,7713,5,150.0,60.0,305.0
821,0,7714,5,150.0,60.0,305.0
821,0,7715,5,150.0,60.0,305.0
821,0,7716,5,150.0,60.0,305.0
821,0,7717,5,150.0,60.0,305.0
821,0,7718,5,150.0,60.0,305.0
821,0,7720,5,150.0,60.0,305.0
821,0,7721,5,150.0,60.0,305.0
821,0,7722,5,150.0,60.0,305.0
821,0,7723,5,150.0,60.0,305.0
821,0,78,5,150.0,60.0,305.0
821,0,79,5,150.0,60.0,305.0
821,0,8,5,150.0,60.0,305.0
821,0,98,5,150.0,60.0,305.0
712,0,1024,3,151.67,55.0,210.0
712,0,1025,3,151.67,55.0,210.0
712,0,1026,3,151.67,55.0,210.0
712,0,1027,3,151.67,55.0,210.0
712,0,1028,3,151.67,55.0,210.0
712,0,1029,3,151.67,55.0,210.0
712,0,1030,3,151.67,55.0,210.0
712,0,2132,3,151.67,55.0,210.0
712,0,2133,3,151.67,55.0,210.0
712,0,2134,3,151.67,55.0,210.0
712,0,2135,3,151.67,55.0,210.0
712,0,2137,3,151.67,55.0,210.0
712,0,2138,3,151.67,55.0,210.0
712,0,2139,3,151.67,55.0,210.0
712,0,2140,3,151.67,55.0,210.0
712,0,2141,3,151.67,55.0,210.0
712,0,2142,3,151.67,55.0,210.0
712,0,2143,3,151.67,55.0,210.0
712,0,2144,3,151.67,55.0,210.0
712,0,2145,3,151.67,55.0,210.0
712,0,2146,3,151.67,55.0,210.0
712,0,2147,3,151.67,55.0,210.0
712,0,2148,3,151.67,55.0,210.0
712,0,2149,3,151.67,55.0,210.0
712,0,3842,3,151.67,55.0,210.0
712,0,3844,3,151.67,55.0,210.0
712,0,5886,3,151.67,55.0,210.0
712,0,5887,3,151.67,55.0,210.0
712,0,5888,3,151.67,55.0,210.0
712,0,5889,3,151.67,55.0,210.0
712,0,5890,3,151.67,55.0,210.0
712,0,5891,3,151.67,55.0,210.0
712,0,594,3,151.67,55.0,210.0
712,0,6674,3,151.67,55.0,210.0
712,0,6675,3,151.67,55.0,210.0
712,0,6677,3,151.67,55.0,210.0
712,0,6678,3,151.67,55.0,210.0
712,0,6680,3,151.67,55.0,210.0
712,0,6681,3,151.67,55.0,210.0
712,0,6682,3,151.67,55.0,210.0
712,0,6683,3,151.67,55.0,210.0
712,0,6684,3,151.67,55.0,210.0
712,0,6686,3,151.67,55.0,210.0
712,0,6734,3,151.67,55.0,210.0
712,0,6735,3,151.67,55.0,210.0
712,0,6738,3,151.67,55.0,210.0
712,0,6745,3,151.67,55.0,210.0
712,0,6754,3,151.67,55.0,210.0
712,0,6755,3,151.67,55.0,210.0
712,0,6765,3,151.67,55.0,210.0
712,0,6949,3,151.67,55.0,210.0
712,0,698,3,151.67,55.0,210.0
712,0,699,3,151.67,55.0,210.0
712,0,700,3,151.67,55.0,210.0
712,0,701,3,151.67,55.0,210.0
712,0,702,3,151.67,55.0,210.0
712,0,703,3,151.67,55.0,210.0
712,0,704,3,151.67,55.0,210.0
712,0,705,3,151.67,55.0,210.0
712,0,7262,3,151.67,55.0,210.0
712,0,7320,3,151.67,55.0,210.0
712,0,761,3,151.67,55.0,210.0
712,0,762,3,151.67,55.0,210.0
712,0,763,3,151.67,55.0,210.0
712,0,764,3,151.67,55.0,210.0
712,0,7647,3,151.67,55.0,210.0
712,0,765,3,151.67,55.0,210.0
712,0,7736,3,151.67,55.0,210.0
712,0,7915,3,151.67,55.0,210.0
712,0,862,3,151.67,55.0,210.0
712,0,888,3,151.67,55.0,210.0
712,0,932,3,151.67,55.0,210.0
712,0,992,3,151.67,55.0,210.0
712,0,993,3,151.67,55.0,210.0
786,1,1004,6,151.67,10.0,315.0
786,1,1005,6,151.67,10.0,315.0
786,1,1006,6,151.67,10.0,315.0
786,1,1007,6,151.67,10.0,315.0
786,1,1008,6,151.67,10.0,315.0
786,1,1010,6,151.67,10.0,315.0
786,1,1645,6,151.67,10.0,315.0
786,1,1746,6,151.67,10.0,315.0
786,1,2134,6,151.67,10.0,315.0
786,1,2139,6,151.67,10.0,315.0
786,1,2140,6,151.67,10.0,315.0
786,1,2192,6,151.67,10.0,315.0
786,1,2194,6,151.67,10.0,315.0
786,1,2195,6,151.67,10.0,315.0
786,1,2197,6,151.67,10.0,315.0
786,1,2198,6,151.67,10.0,315.0
786,1,2199,6,151.67,10.0,315.0
786,1,2200,6,151.67,10.0,315.0
786,1,2202,6,151.67,10.0,315.0
786,1,2203,6,151.67,10.0,315.0
786,1,2204,6,151.67,10.0,315.0
786,1,2205,6,151.67,10.0,315.0
786,1,2206,6,151.67,10.0,315.0
786,1,2207,6,151.67,10.0,315.0
786,1,2208,6,151.67,10.0,315.0
786,1,2209,6,151.67,10.0,315.0
786,1,2210,6,151.67,10.0,315.0
786,1,5797,6,151.67,10.0,315.0
786,1,5837,6,151.67,10.0,315.0
786,1,5847,6,151.67,10.0,315.0
786,1,5848,6,151.67,10.0,315.0
786,1,5849,6,151.67,10.0,315.0
786,1,5850,6,151.67,10.0,315.0
786,1,5851,6,151.67,10.0,315.0
786,1,5852,6,151.67,10.0,315.0
786,1,5853,6,151.67,10.0,315.0
786,1,5854,6,151.67,10.0,315.0
786,1,5855,6,151.67,10.0,315.0
786,1,5856,6,151.67,10.0,315.0
786,1,5857,6,151.67,10.0,315.0
786,1,5858,6,151.67,10.0,315.0
786,1,5859,6,151.67,10.0,315.0
786,1,5860,6,151.67,10.0,315.0
786,1,5861,6,151.67,10.0,315.0
786,1,5862,6,151.67,10.0,315.0
786,1,5863,6,151.67,10.0,315.0
786,1,6260,6,151.67,10.0,315.0
786,1,7302,6,151.67,10.0,315.0
786,1,7303,6,151.67,10.0,315.0
786,1,7304,6,151.67,10.0,315.0
786,1,7305,6,151.67,10.0,315.0
938,0,114,6,151.67,100.0,195.0
938,0,115,6,151.67,100.0,195.0
938,0,116,6,151.67,100.0,195.0
938,0,117,6,151.67,100.0,195.0
938,0,118,6,151.67,100.0,195.0
938,0,119,6,151.67,100.0,195.0
938,0,120,6,151.67,100.0,195.0
938,0,121,6,151.67,100.0,195.0
938,0,126,6,151.67,100.0,195.0
938,0,127,6,151.67,100.0,195.0
938,0,129,6,151.67,100.0,195.0
938,0,130,6,151.67,100.0,195.0
938,0,131,6,151.67,100.0,195.0
938,0,158,6,151.67,100.0,195.0
938,0,159,6,151.67,100.0,195.0
938,0,160,6,151.67,100.0,195.0
938,0,161,6,151.67,100.0,195.0
938,0,162,6,151.67,100.0,195.0
938,0,163,6,151.67,100.0,195.0
938,0,164,6,151.67,100.0,195.0
938,0,1836,6,151.67,100.0,195.0
938,0,1838,6,151.67,100.0,195.0
938,0,3315,6,151.67,100.0,195.0
938,0,379,6,151.67,100.0,195.0
938,0,399,6,151.67,100.0,195.0
938,0,400,6,151.67,100.0,195.0
938,0,401,6,151.67,100.0,195.0
938,0,402,6,151.67,100.0,195.0
938,0,4537,6,151.67,100.0,195.0
938,0,4607,6,151.67,100.0,195.0
938,0,4608,6,151.67,100.0,195.0
938,0,4609,6,151.67,100.0,195.0
938,0,4610,6,151.67,100.0,195.0
938,0,4611,6,151.67,100.0,195.0
938,0,4612,6,151.67,100.0,195.0
938,0,4613,6,151.67,100.0,195.0
938,0,4614,6,151.67,100.0,195.0
938,0,4615,6,151.67,100.0,195.0
938,0,4616,6,151.67,100.0,195.0
938,0,4617,6,151.67,100.0,195.0
938,0,4618,6,151.67,100.0,195.0
938,0,4619,6,151.67,100.0,195.0
938,0,4620,6,151.67,100.0,195.0
938,0,4621,6,151.67,100.0,195.0
938,0,4622,6,151.67,100.0,195.0
938,0,4623,6,151.67,100.0,195.0
938,0,4624,6,151.67,100.0,195.0
938,0,4625,6,151.67,100.0,195.0
938,0,4687,6,151.67,100.0,195.0
938,0,4688,6,151.67,100.0,195.0
938,0,4689,6,151.67,100.0,195.0
938,0,4690,6,151.67,100.0,195.0
938,0,4705,6,151.67,100.0,195.0
938,0,4906,6,151.67,100.0,195.0
938,0,4942,6,151.67,100.0,195.0
938,0,4943,6,151.67,100.0,195.0
938,0,4944,6,151.67,100.0,195.0
938,0,4945,6,151.67,100.0,195.0
938,0,4946,6,151.67,100.0,195.0
938,0,4947,6,151.67,100.0,195.0
938,0,4948,6,151.67,100.0,195.0
938,0,4949,6,151.67,100.0,195.0
938,0,4950,6,151.67,100.0,195.0
938,0,4951,6,151.67,100.0,195.0
938,0,4952,6,151.67,100.0,195.0
938,0,4971,6,151.67,100.0,195.0
938,0,4972,6,151.67,100.0,195.0
938,0,4973,6,151.67,100.0,195.0
938,0,4974,6,151.67,100.0,195.0
938,0,5010,6,151.67,100.0,195.0
938,0,790,6,151.67,100.0,195.0
938,0,791,6,151.67,100.0,195.0
938,0,792,6,151.67,100.0,195.0
938,0,793,6,151.67,100.0,195.0
938,0,794,6,151.67,100.0,195.0
938,0,8242,6,151.67,100.0,195.0
938,0,8243,6,151.67,100.0,195.0
938,0,8244,6,151.67,100.0,195.0
938,0,8245,6,151.67,100.0,195.0
938,0,8246,6,151.67,100.0,195.0
938,0,8247,6,151.67,100.0,195.0
938,0,8248,6,151.67,100.0,195.0
938,0,8249,6,151.67,100.0,195.0
938,0,8250,6,151.67,100.0,195.0
938,0,8251,6,151.67,100.0,195.0
938,0,8252,6,151.67,100.0,195.0
938,0,8253,6,151.67,100.0,195.0
938,0,8254,6,151.67,100.0,195.0
938,0,8255,6,151.67,100.0,195.0
938,0,8256,6,151.67,100.0,195.0
938,0,8257,6,151.67,100.0,195.0
938,0,8258,6,151.67,100.0,195.0
938,0,8259,6,151.67,100.0,195.0
938,0,8260,6,151.67,100.0,195.0
938,0,8261,6,151.67,100.0,195.0
938,0,8262,6,151.67,100.0,195.0
938,0,8263,6,151.67,100.0,195.0
938,0,8264,6,151.67,100.0,195.0
938,0,8265,6,151.67,100.0,195.0
1139,1,105,2,152.5,120.0,185.0
1139,1,106564,2,152.5,120.0,185.0
1139,1,107,2,152.5,120.0,185.0
1139,1,1277,2,152.5,120.0,185.0
1139,1,130,2,152.5,120.0,185.0
1139,1,131,2,152.5,120.0,185.0
1139,1,133,2,152.5,120.0,185.0
1139,1,134,2,152.5,120.0,185.0
1139,1,135,2,152.5,120.0,185.0
1139,1,137,2,152.5,120.0,185.0
1139,1,138,2,152.5,120.0,185.0
1139,1,139,2,152.5,120.0,185.0
1139,1,141,2,152.5,120.0,185.0
1139,1,142,2,152.5,120.0,185.0
1139,1,172,2,152.5,120.0,185.0
1139,1,1819,2,152.5,120.0,185.0
1139,1,1820,2,152.5,120.0,185.0
1139,1,1821,2,152.5,120.0,185.0
1139,1,1822,2,152.5,120.0,185.0
1139,1,1823,2,152.5,120.0,185.0
1139,1,1966,2,152.5,120.0,185.0
1139,1,2230,2,152.5,120.0,185.0
1139,1,403,2,152.5,120.0,185.0
1139,1,442,2,152.5,120.0,185.0
1139,1,443,2,152.5,120.0,185.0
1139,1,444,2,152.5,120.0,185.0
822,1,100,5,153.0,60.0,310.0
822,1,1059,5,153.0,60.0,310.0
822,1,1060,5,153.0,60.0,310.0
822,1,1061,5,153.0,60.0,310.0
822,1,1064,5,153.0,60.0,310.0
822,1,106703,5,153.0,60.0,310.0
822,1,106704,5,153.0,60.0,310.0
822,1,106705,5,153.0,60.0,310.0
822,1,106706,5,153.0,60.0,310.0
822,1,1092,5,153.0,60.0,310.0
822,1,1093,5,153.0,60.0,310.0
822,1,1094,5,153.0,60.0,310.0
822,1,1095,5,153.0,60.0,310.0
822,1,1645,5,153.0,60.0,310.0
822,1,1746,5,153.0,60.0,310.0
822,1,4750,5,153.0,60.0,310.0
822,1,4754,5,153.0,60.0,310.0
822,1,5843,5,153.0,60.0,310.0
822,1,5844,5,153.0,60.0,310.0
822,1,5848,5,153.0,60.0,310.0
822,1,5981,5,153.0,60.0,310.0
822,1,5983,5,153.0,60.0,310.0
822,1,5990,5,153.0,60.0,310.0
822,1,6000,5,153.0,60.0,310.0
822,1,6002,5,153.0,60.0,310.0
822,1,61,5,153.0,60.0,310.0
822,1,62,5,153.0,60.0,310.0
822,1,6684,5,153.0,60.0,310.0
822,1,6718,5,153.0,60.0,310.0
822,1,6720,5,153.0,60.0,310.0
822,1,6756,5,153.0,60.0,310.0
822,1,71,5,153.0,60.0,310.0
822,1,7243,5,153.0,60.0,310.0
822,1,7245,5,153.0,60.0,310.0
822,1,7249,5,153.0,60.0,310.0
822,1,7251,5,153.0,60.0,310.0
822,1,7253,5,153.0,60.0,310.0
822,1,7258,5,153.0,60.0,310.0
822,1,7262,5,153.0,60.0,310.0
822,1,7263,5,153.0,60.0,310.0
822,1,7265,5,153.0,60.0,310.0
822,1,7266,5,153.0,60.0,310.0
822,1,7268,5,153.0,60.0,310.0
822,1,7269,5,153.0,60.0,310.0
822,1,7275,5,153.0,60.0,310.0
822,1,7617,5,153.0,60.0,310.0
822,1,7623,5,153.0,60.0,310.0
822,1,7647,5,153.0,60.0,310.0
822,1,7690,5,153.0,60.0,310.0
822,1,7700,5,153.0,60.0,310.0
822,1,7701,5,153.0,60.0,310.0
822,1,7702,5,153.0,60.0,310.0
822,1,7703,5,153.0,60.0,310.0
822,1,7704,5,153.0,60.0,310.0
822,1,7705,5,153.0,60.0,310.0
822,1,7710,5,153.0,60.0,310.0
822,1,7711,5,153.0,60.0,310.0
822,1,7712,5,153.0,60.0,310.0
822,1,7713,5,153.0,60.0,310.0
822,1,7714,5,153.0,60.0,310.0
822,1,7715,5,153.0,60.0,310.0
822,1,7716,5,153.0,60.0,310.0
822,1,7717,5,153.0,60.0,310.0
822,1,7718,5,153.0,60.0,310.0
822,1,7720,5,153.0,60.0,310.0
822,1,7721,5,153.0,60.0,310.0
822,1,91,5,153.0,60.0,310.0
822,1,92,5,153.0,60.0,310.0
822,1,93,5,153.0,60.0,310.0
822,1,94,5,153.0,60.0,310.0
822,1,95,5,153.0,60.0,310.0
822,1,96,5,153.0,60.0,310.0
822,1,98,5,153.0,60.0,310.0
822,1,99,5,153.0,60.0,310.0
102,0,1233,6,153.33,130.0,190.0
102,0,1235,6,153.33,130.0,190.0
102,0,1236,6,153.33,130.0,190.0
102,0,1237,6,153.33,130.0,190.0
102,0,1238,6,153.33,130.0,190.0
102,0,1239,6,153.33,130.0,190.0
102,0,1240,6,153.33,130.0,190.0
102,0,1241,6,153.33,130.0,190.0
102,0,1242,6,153.33,130.0,190.0
102,0,1249,6,153.33,130.0,190.0
102,0,1251,6,153.33,130.0,190.0
102,0,126,6,153.33,130.0,190.0
102,0,1266,6,153.33,130.0,190.0
102,0,129,6,153.33,130.0,190.0
102,0,145,6,153.33,130.0,190.0
102,0,213,6,153.33,130.0,190.0
102,0,215,6,153.33,130.0,190.0
102,0,216,6,153.33,130.0,190.0
102,0,217,6,153.33,130.0,190.0
102,0,3315,6,153.33,130.0,190.0
102,0,35,6,153.33,130.0,190.0
102,0,379,6,153.33,130.0,190.0
102,0,380,6,153.33,130.0,190.0
102,0,3830,6,153.33,130.0,190.0
102,0,3855,6,153.33,130.0,190.0
102,0,399,6,153.33,130.0,190.0
102,0,400,6,153.33,130.0,190.0
102,0,401,6,153.33,130.0,190.0
102,0,8061,6,153.33,130.0,190.0
11,0,122,1,155.0,155.0,155.0
11,0,123,1,155.0,155.0,155.0
11,0,124,1,155.0,155.0,155.0
11,0,125,1,155.0,155.0,155.0
11,0,126,1,155.0,155.0,155.0
11,0,1266,1,155.0,155.0,155.0
11,0,1267,1,155.0,155.0,155.0
11,0,1268,1,155.0,155.0,155.0
11,0,1269,1,155.0,155.0,155.0
11,0,1270,1,155.0,155.0,155.0
11,0,1271,1,155.0,155.0,155.0
11,0,129,1,155.0,155.0,155.0
11,0,132,1,155.0,155.0,155.0
11,0,136,1,155.0,155.0,155.0
11,0,137,1,155.0,155.0,155.0
11,0,141,1,155.0,155.0,155.0
11,0,149,1,155.0,155.0,155.0
11,0,150,1,155.0,155.0,155.0
11,0,152,1,155.0,155.0,155.0
11,0,153,1,155.0,155.0,155.0
11,0,160,1,155.0,155.0,155.0
11,0,165,1,155.0,155.0,155.0
11,0,166,1,155.0,155.0,155.0
11,0,167,1,155.0,155.0,155.0
11,0,168,1,155.0,155.0,155.0
11,0,169,1,155.0,155.0,155.0
11,0,170,1,155.0,155.0,155.0
11,0,171,1,155.0,155.0,155.0
11,0,3315,1,155.0,155.0,155.0
11,0,3830,1,155.0,155.0,155.0
11,0,4533,1,155.0,155.0,155.0
11,0,4541,1,155.0,155.0,155.0
11,0,4542,1,155.0,155.0,155.0
11,0,8061,1,155.0,155.0,155.0
11,0,8501,1,155.0,155.0,155.0
561,0,1033,1,155.0,155.0,155.0
561,0,2134,1,155.0,155.0,155.0
561,0,2135,1,155.0,155.0,155.0
561,0,2137,1,155.0,155.0,155.0
561,0,2138,1,155.0,155.0,155.0
561,0,2139,1,155.0,155.0,155.0
561,0,2140,1,155.0,155.0,155.0
561,0,2142,1,155.0,155.0,155.0
561,0,2143,1,155.0,155.0,155.0
561,0,2144,1,155.0,155.0,155.0
561,0,2145,1,155.0,155.0,155.0
561,0,2146,1,155.0,155.0,155.0
561,0,2147,1,155.0,155.0,155.0
561,0,2148,1,155.0,155.0,155.0
561,0,2149,1,155.0,155.0,155.0
561,0,2192,1,155.0,155.0,155.0
561,0,5275,1,155.0,155.0,155.0
561,0,5278,1,155.0,155.0,155.0
561,0,5281,1,155.0,155.0,155.0
561,0,5797,1,155.0,155.0,155.0
561,0,5798,1,155.0,155.0,155.0
561,0,5799,1,155.0,155.0,155.0
561,0,5800,1,155.0,155.0,155.0
561,0,5801,1,155.0,155.0,155.0
561,0,5802,1,155.0,155.0,155.0
561,0,5803,1,155.0,155.0,155.0
561,0,5805,1,155.0,155.0,155.0
561,0,5806,1,155.0,155.0,155.0
561,0,5807,1,155.0,155.0,155.0
561,0,5808,1,155.0,155.0,155.0
561,0,5809,1,155.0,155.0,155.0
561,0,6320,1,155.0,155.0,155.0
561,0,698,1,155.0,155.0,155.0
561,0,699,1,155.0,155.0,155.0
561,0,700,1,155.0,155.0,155.0
561,0,701,1,155.0,155.0,155.0
561,0,702,1,155.0,155.0,155.0
561,0,703,1,155.0,155.0,155.0
561,0,704,1,155.0,155.0,155.0
561,0,705,1,155.0,155.0,155.0
561,0,7320,1,155.0,155.0,155.0
561,0,761,1,155.0,155.0,155.0
561,0,762,1,155.0,155.0,155.0
561,0,763,1,155.0,155.0,155.0
561,0,764,1,155.0,155.0,155.0
561,0,765,1,155.0,155.0,155.0
561,0,865,1,155.0,155.0,155.0
561,0,984,1,155.0,155.0,155.0
561,0,985,1,155.0,155.0,155.0
632,1,2201,5,155.0,120.0,170.0
632,1,2202,5,155.0,120.0,170.0
632,1,2203,5,155.0,120.0,170.0
632,1,304,5,155.0,120.0,170.0
632,1,40,5,155.0,120.0,170.0
632,1,5274,5,155.0,120.0,170.0
632,1,5819,5,155.0,120.0,170.0
632,1,6044,5,155.0,120.0,170.0
632,1,6282,5,155.0,120.0,170.0
632,1,6305,5,155.0,120.0,170.0
632,1,6463,5,155.0,120.0,170.0
632,1,6464,5,155.0,120.0,170.0
632,1,6465,5,155.0,120.0,170.0
632,1,734,5,155.0,120.0,170.0
632,1,735,5,155.0,120.0,170.0
632,1,736,5,155.0,120.0,170.0
632,1,737,5,155.0,120.0,170.0
632,1,738,5,155.0,120.0,170.0
632,1,739,5,155.0,120.0,170.0
632,1,949,5,155.0,120.0,170.0
632,1,950,5,155.0,120.0,170.0
632,1,951,5,155.0,120.0,170.0
632,1,952,5,155.0,120.0,170.0
632,1,953,5,155.0,120.0,170.0
632,1,954,5,155.0,120.0,170.0
632,1,955,5,155.0,120.0,170.0
632,1,956,5,155.0,120.0,170.0
632,1,957,5,155.0,120.0,170.0
632,1,958,5,155.0,120.0,170.0
632,1,959,5,155.0,120.0,170.0
632,1,974,5,155.0,120.0,170.0
632,1,975,5,155.0,120.0,170.0
632,1,976,5,155.0,120.0,170.0
632,1,977,5,155.0,120.0,170.0
632,1,978,5,155.0,120.0,170.0
632,1,979,5,155.0,120.0,170.0
632,1,980,5,155.0,120.0,170.0
810,0,10,1,155.0,155.0,155.0
810,0,1059,1,155.0,155.0,155.0
810,0,1060,1,155.0,155.0,155.0
810,0,1061,1,155.0,155.0,155.0
810,0,1064,1,155.0,155.0,155.0
810,0,1068,1,155.0,155.0,155.0
810,0,1069,1,155.0,155.0,155.0
810,0,1071,1,155.0,155.0,155.0
810,0,1092,1,155.0,155.0,155.0
810,0,1094,1,155.0,155.0,155.0
810,0,1095,1,155.0,155.0,155.0
810,0,1096,1,155.0,155.0,155.0
810,0,11,1,155.0,155.0,155.0
810,0,12,1,155.0,155.0,155.0
810,0,248,1,155.0,155.0,155.0
810,0,3850,1,155.0,155.0,155.0
810,0,3872,1,155.0,155.0,155.0
810,0,472,1,155.0,155.0,155.0
810,0,473,1,155.0,155.0,155.0
810,0,521,1,155.0,155.0,155.0
810,0,522,1,155.0,155.0,155.0
810,0,525,1,155.0,155.0,155.0
810,0,57,1,155.0,155.0,155.0
810,0,598,1,155.0,155.0,155.0
810,0,599,1,155.0,155.0,155.0
810,0,6325,1,155.0,155.0,155.0
810,0,6328,1,155.0,155.0,155.0
810,0,6412,1,155.0,155.0,155.0
810,0,6470,1,155.0,155.0,155.0
810,0,6471,1,155.0,155.0,155.0
810,0,6473,1,155.0,155.0,155.0
810,0,6474,1,155.0,155.0,155.0
810,0,6477,1,155.0,155.0,155.0
810,0,6479,1,155.0,155.0,155.0
810,0,6481,1,155.0,155.0,155.0
810,0,69,1,155.0,155.0,155.0
810,0,6904,1,155.0,155.0,155.0
810,0,70,1,155.0,155.0,155.0
810,0,7050,1,155.0,155.0,155.0
810,0,71,1,155.0,155.0,155.0
810,0,73,1,155.0,155.0,155.0
810,0,75,1,155.0,155.0,155.0
810,0,7583,1,155.0,155.0,155.0
810,0,7584,1,155.0,155.0,155.0
810,0,7587,1,155.0,155.0,155.0
810,0,7589,1,155.0,155.0,155.0
810,0,7590,1,155.0,155.0,155.0
810,0,7599,1,155.0,155.0,155.0
810,0,76,1,155.0,155.0,155.0
810,0,7601,1,155.0,155.0,155.0
810,0,77,1,155.0,155.0,155.0
810,0,78,1,155.0,155.0,155.0
810,0,79,1,155.0,155.0,155.0
631,0,2132,5,157.0,130.0,175.0
631,0,2133,5,157.0,130.0,175.0
631,0,2134,5,157.0,130.0,175.0
631,0,264,5,157.0,130.0,175.0
631,0,35,5,157.0,130.0,175.0
631,0,3855,5,157.0,130.0,175.0
631,0,5282,5,157.0,130.0,175.0
631,0,5286,5,157.0,130.0,175.0
631,0,5799,5,157.0,130.0,175.0
631,0,6030,5,157.0,130.0,175.0
631,0,6144,5,157.0,130.0,175.0
631,0,6276,5,157.0,130.0,175.0
631,0,6277,5,157.0,130.0,175.0
631,0,6278,5,157.0,130.0,175.0
631,0,6279,5,157.0,130.0,175.0
631,0,6280,5,157.0,130.0,175.0
631,0,6281,5,157.0,130.0,175.0
631,0,6282,5,157.0,130.0,175.0
631,0,6467,5,157.0,130.0,175.0
631,0,728,5,157.0,130.0,175.0
631,0,729,5,157.0,130.0,175.0
631,0,730,5,157.0,130.0,175.0
631,0,731,5,157.0,130.0,175.0
631,0,732,5,157.0,130.0,175.0
631,0,939,5,157.0,130.0,175.0
631,0,940,5,157.0,130.0,175.0
631,0,941,5,157.0,130.0,175.0
631,0,942,5,157.0,130.0,175.0
631,0,943,5,157.0,130.0,175.0
631,0,944,5,157.0,130.0,175.0
631,0,945,5,157.0,130.0,175.0
631,0,946,5,157.0,130.0,175.0
631,0,947,5,157.0,130.0,175.0
631,0,948,5,157.0,130.0,175.0
631,0,949,5,157.0,130.0,175.0
631,0,966,5,157.0,130.0,175.0
631,0,967,5,157.0,130.0,175.0
631,0,968,5,157.0,130.0,175.0
631,0,969,5,157.0,130.0,175.0
631,0,970,5,157.0,130.0,175.0
631,0,973,5,157.0,130.0,175.0
489,1,124,6,159.17,65.0,320.0
489,1,125,6,159.17,65.0,320.0
489,1,1252,6,159.17,65.0,320.0
489,1,130,6,159.17,65.0,320.0
489,1,131,6,159.17,65.0,320.0
489,1,133,6,159.17,65.0,320.0
489,1,134,6,159.17,65.0,320.0
489,1,135,6,159.17,65.0,320.0
489,1,136,6,159.17,65.0,320.0
489,1,142,6,159.17,65.0,320.0
489,1,145,6,159.17,65.0,320.0
489,1,146,6,159.17,65.0,320.0
489,1,147,6,159.17,65.0,320.0
489,1,172,6,159.17,65.0,320.0
489,1,213,6,159.17,65.0,320.0
489,1,289,6,159.17,65.0,320.0
489,1,290,6,159.17,65.0,320.0
489,1,291,6,159.17,65.0,320.0
489,1,3315,6,159.17,65.0,320.0
489,1,34,6,159.17,65.0,320.0
489,1,4469,6,159.17,65.0,320.0
489,1,5270,6,159.17,65.0,320.0
489,1,5271,6,159.17,65.0,320.0
167,1,103,5,160.0,115.0,220.0
167,1,1204,5,160.0,115.0,220.0
167,1,1882,5,160.0,115.0,220.0
167,1,1883,5,160.0,115.0,220.0
167,1,1884,5,160.0,115.0,220.0
167,1,1885,5,160.0,115.0,220.0
167,1,1886,5,160.0,115.0,220.0
167,1,1887,5,160.0,115.0,220.0
167,1,2001,5,160.0,115.0,220.0
167,1,2002,5,160.0,115.0,220.0
167,1,2005,5,160.0,115.0,220.0
167,1,2006,5,160.0,115.0,220.0
167,1,319,5,160.0,115.0,220.0
167,1,321,5,160.0,115.0,220.0
167,1,3246,5,160.0,115.0,220.0
167,1,349,5,160.0,115.0,220.0
167,1,353,5,160.0,115.0,220.0
167,1,354,5,160.0,115.0,220.0
167,1,355,5,160.0,115.0,220.0
167,1,356,5,160.0,115.0,220.0
167,1,357,5,160.0,115.0,220.0
167,1,358,5,160.0,115.0,220.0
167,1,360,5,160.0,115.0,220.0
167,1,361,5,160.0,115.0,220.0
167,1,362,5,160.0,115.0,220.0
167,1,39,5,160.0,115.0,220.0
167,1,398,5,160.0,115.0,220.0
167,1,40,5,160.0,115.0,220.0
167,1,41,5,160.0,115.0,220.0
167,1,42,5,160.0,115.0,220.0
167,1,43,5,160.0,115.0,220.0
167,1,44,5,160.0,115.0,220.0
167,1,45,5,160.0,115.0,220.0
167,1,461,5,160.0,115.0,220.0
293,0,1301,6,160.0,75.0,205.0
293,0,1302,6,160.0,75.0,205.0
293,0,1303,6,160.0,75.0,205.0
293,0,1304,6,160.0,75.0,205.0
293,0,1305,6,160.0,75.0,205.0
293,0,1306,6,160.0,75.0,205.0
293,0,1307,6,160.0,75.0,205.0
293,0,1308,6,160.0,75.0,205.0
293,0,1369,6,160.0,75.0,205.0
293,0,1387,6,160.0,75.0,205.0
293,0,1398,6,160.0,75.0,205.0
293,0,1399,6,160.0,75.0,205.0
293,0,1634,6,160.0,75.0,205.0
293,0,1635,6,160.0,75.0,205.0
293,0,2157,6,160.0,75.0,205.0
293,0,2158,6,160.0,75.0,205.0
293,0,2159,6,160.0,75.0,205.0
293,0,2160,6,160.0,75.0,205.0
293,0,2162,6,160.0,75.0,205.0
293,0,2163,6,160.0,75.0,205.0
293,0,2164,6,160.0,75.0,205.0
293,0,2165,6,160.0,75.0,205.0
293,0,2166,6,160.0,75.0,205.0
293,0,2253,6,160.0,75.0,205.0
293,0,2254,6,160.0,75.0,205.0
293,0,2255,6,160.0,75.0,205.0
293,0,2988,6,160.0,75.0,205.0
293,0,2989,6,160.0,75.0,205.0
293,0,2990,6,160.0,75.0,205.0
293,0,2995,6,160.0,75.0,205.0
293,0,2996,6,160.0,75.0,205.0
293,0,2997,6,160.0,75.0,205.0
293,0,3018,6,160.0,75.0,205.0
293,0,3038,6,160.0,75.0,205.0
293,0,3280,6,160.0,75.0,205.0
293,0,3281,6,160.0,75.0,205.0
293,0,3283,6,160.0,75.0,205.0
293,0,416,6,160.0,75.0,205.0
293,0,418,6,160.0,75.0,205.0
293,0,419,6,160.0,75.0,205.0
293,0,454,6,160.0,75.0,205.0
293,0,8800,6,160.0,75.0,205.0
805,0,1015,1,160.0,160.0,160.0
805,0,1025,1,160.0,160.0,160.0
805,0,1043,1,160.0,160.0,160.0
805,0,1044,1,160.0,160.0,160.0
805,0,1045,1,160.0,160.0,160.0
805,0,1071,1,160.0,160.0,160.0
805,0,3842,1,160.0,160.0,160.0
805,0,3844,1,160.0,160.0,160.0
805,0,5844,1,160.0,160.0,160.0
805,0,586,1,160.0,160.0,160.0
805,0,587,1,160.0,160.0,160.0
805,0,588,1,160.0,160.0,160.0
805,0,5894,1,160.0,160.0,160.0
805,0,5898,1,160.0,160.0,160.0
805,0,590,1,160.0,160.0,160.0
805,0,591,1,160.0,160.0,160.0
805,0,592,1,160.0,160.0,160.0
805,0,593,1,160.0,160.0,160.0
805,0,594,1,160.0,160.0,160.0
805,0,5991,1,160.0,160.0,160.0
805,0,5992,1,160.0,160.0,160.0
805,0,5993,1,160.0,160.0,160.0
805,0,5994,1,160.0,160.0,160.0
805,0,6014,1,160.0,160.0,160.0
805,0,6015,1,160.0,160.0,160.0
805,0,607,1,160.0,160.0,160.0
805,0,608,1,160.0,160.0,160.0
805,0,6307,1,160.0,160.0,160.0
805,0,6530,1,160.0,160.0,160.0
805,0,69,1,160.0,160.0,160.0
805,0,6941,1,160.0,160.0,160.0
805,0,70,1,160.0,160.0,160.0
805,0,71,1,160.0,160.0,160.0
805,0,72,1,160.0,160.0,160.0
805,0,73,1,160.0,160.0,160.0
805,0,75,1,160.0,160.0,160.0
805,0,76,1,160.0,160.0,160.0
805,0,7627,1,160.0,160.0,160.0
805,0,77,1,160.0,160.0,160.0
805,0,7736,1,160.0,160.0,160.0
805,0,78,1,160.0,160.0,160.0
805,0,79,1,160.0,160.0,160.0
805,0,7909,1,160.0,160.0,160.0
805,0,7910,1,160.0,160.0,160.0
805,0,7912,1,160.0,160.0,160.0
805,0,7915,1,160.0,160.0,160.0
805,0,8,1,160.0,160.0,160.0
806,1,100,1,160.0,160.0,160.0
806,1,1056,1,160.0,160.0,160.0
806,1,1743,1,160.0,160.0,160.0
806,1,1744,1,160.0,160.0,160.0
806,1,1746,1,160.0,160.0,160.0
806,1,3846,1,160.0,160.0,160.0
806,1,3847,1,160.0,160.0,160.0
806,1,3848,1,160.0,160.0,160.0
806,1,5846,1,160.0,160.0,160.0
806,1,589,1,160.0,160.0,160.0
806,1,5892,1,160.0,160.0,160.0
806,1,5894,1,160.0,160.0,160.0
806,1,594,1,160.0,160.0,160.0
806,1,6,1,160.0,160.0,160.0
806,1,600,1,160.0,160.0,160.0
806,1,601,1,160.0,160.0,160.0
806,1,6014,1,160.0,160.0,160.0
806,1,603,1,160.0,160.0,160.0
806,1,604,1,160.0,160.0,160.0
806,1,605,1,160.0,160.0,160.0
806,1,606,1,160.0,160.0,160.0
806,1,607,1,160.0,160.0,160.0
806,1,608,1,160.0,160.0,160.0
806,1,62,1,160.0,160.0,160.0
806,1,6307,1,160.0,160.0,160.0
806,1,6414,1,160.0,160.0,160.0
806,1,6527,1,160.0,160.0,160.0
806,1,6531,1,160.0,160.0,160.0
806,1,6941,1,160.0,160.0,160.0
806,1,6943,1,160.0,160.0,160.0
806,1,6944,1,160.0,160.0,160.0
806,1,6945,1,160.0,160.0,160.0
806,1,7,1,160.0,160.0,160.0
806,1,7627,1,160.0,160.0,160.0
806,1,7735,1,160.0,160.0,160.0
806,1,7920,1,160.0,160.0,160.0
806,1,91,1,160.0,160.0,160.0
806,1,92,1,160.0,160.0,160.0
806,1,93,1,160.0,160.0,160.0
806,1,94,1,160.0,160.0,160.0
806,1,95,1,160.0,160.0,160.0
806,1,96,1,160.0,160.0,160.0
806,1,97,1,160.0,160.0,160.0
806,1,98,1,160.0,160.0,160.0
806,1,99,1,160.0,160.0,160.0
806,1,994,1,160.0,160.0,160.0
806,1,995,1,160.0,160.0,160.0
824,1,1737,1,160.0,160.0,160.0
824,1,304,1,160.0,160.0,160.0
824,1,40,1,160.0,160.0,160.0
824,1,5274,1,160.0,160.0,160.0
824,1,5275,1,160.0,160.0,160.0
824,1,5276,1,160.0,160.0,160.0
824,1,5277,1,160.0,160.0,160.0
824,1,5278,1,160.0,160.0,160.0
824,1,5773,1,160.0,160.0,160.0
824,1,5802,1,160.0,160.0,160.0
824,1,5809,1,160.0,160.0,160.0
824,1,5810,1,160.0,160.0,160.0
824,1,5811,1,160.0,160.0,160.0
824,1,5812,1,160.0,160.0,160.0
824,1,6165,1,160.0,160.0,160.0
824,1,6320,1,160.0,160.0,160.0
824,1,734,1,160.0,160.0,160.0
824,1,735,1,160.0,160.0,160.0
824,1,736,1,160.0,160.0,160.0
824,1,737,1,160.0,160.0,160.0
824,1,738,1,160.0,160.0,160.0
824,1,739,1,160.0,160.0,160.0
824,1,949,1,160.0,160.0,160.0
824,1,950,1,160.0,160.0,160.0
824,1,951,1,160.0,160.0,160.0
824,1,952,1,160.0,160.0,160.0
824,1,953,1,160.0,160.0,160.0
824,1,954,1,160.0,160.0,160.0
824,1,955,1,160.0,160.0,160.0
824,1,956,1,160.0,160.0,160.0
824,1,957,1,160.0,160.0,160.0
824,1,958,1,160.0,160.0,160.0
824,1,959,1,160.0,160.0,160.0
824,1,974,1,160.0,160.0,160.0
824,1,975,1,160.0,160.0,160.0
824,1,976,1,160.0,160.0,160.0
824,1,977,1,160.0,160.0,160.0
824,1,978,1,160.0,160.0,160.0
824,1,979,1,160.0,160.0,160.0
824,1,980,1,160.0,160.0,160.0
824,1,984,1,160.0,160.0,160.0
824,1,985,1,160.0,160.0,160.0
832,1,100,1,160.0,160.0,160.0
832,1,101,1,160.0,160.0,160.0
832,1,13,1,160.0,160.0,160.0
832,1,2192,1,160.0,160.0,160.0
832,1,2193,1,160.0,160.0,160.0
832,1,2194,1,160.0,160.0,160.0
832,1,58,1,160.0,160.0,160.0
832,1,5812,1,160.0,160.0,160.0
832,1,59,1,160.0,160.0,160.0
832,1,6,1,160.0,160.0,160.0
832,1,60,1,160.0,160.0,160.0
832,1,62,1,160.0,160.0,160.0
832,1,6289,1,160.0,160.0,160.0
832,1,6290,1,160.0,160.0,160.0
832,1,6292,1,160.0,160.0,160.0
832,1,6320,1,160.0,160.0,160.0
832,1,6446,1,160.0,160.0,160.0
832,1,6470,1,160.0,160.0,160.0
832,1,6482,1,160.0,160.0,160.0
832,1,6669,1,160.0,160.0,160.0
832,1,6671,1,160.0,160.0,160.0
832,1,6672,1,160.0,160.0,160.0
832,1,6909,1,160.0,160.0,160.0
832,1,6911,1,160.0,160.0,160.0
832,1,7,1,160.0,160.0,160.0
832,1,7088,1,160.0,160.0,160.0
832,1,7101,1,160.0,160.0,160.0
832,1,7587,1,160.0,160.0,160.0
832,1,7590,1,160.0,160.0,160.0
832,1,7611,1,160.0,160.0,160.0
832,1,7732,1,160.0,160.0,160.0
832,1,879,1,160.0,160.0,160.0
832,1,880,1,160.0,160.0,160.0
832,1,887,1,160.0,160.0,160.0
832,1,9,1,160.0,160.0,160.0
832,1,91,1,160.0,160.0,160.0
832,1,92,1,160.0,160.0,160.0
832,1,93,1,160.0,160.0,160.0
832,1,94,1,160.0,160.0,160.0
832,1,95,1,160.0,160.0,160.0
832,1,96,1,160.0,160.0,160.0
832,1,961,1,160.0,160.0,160.0
832,1,962,1,160.0,160.0,160.0
832,1,97,1,160.0,160.0,160.0
832,1,978,1,160.0,160.0,160.0
832,1,979,1,160.0,160.0,160.0
832,1,98,1,160.0,160.0,160.0
832,1,980,1,160.0,160.0,160.0
832,1,982,1,160.0,160.0,160.0
832,1,983,1,160.0,160.0,160.0
832,1,984,1,160.0,160.0,160.0
832,1,985,1,160.0,160.0,160.0
832,1,99,1,160.0,160.0,160.0
153,1,103,5,161.0,90.0,270.0
153,1,1204,5,161.0,90.0,270.0
153,1,1838,5,161.0,90.0,270.0
153,1,1840,5,161.0,90.0,270.0
153,1,1841,5,161.0,90.0,270.0
153,1,1842,5,161.0,90.0,270.0
153,1,1843,5,161.0,90.0,270.0
153,1,1844,5,161.0,90.0,270.0
153,1,1882,5,161.0,90.0,270.0
153,1,1883,5,161.0,90.0,270.0
153,1,1884,5,161.0,90.0,270.0
153,1,1885,5,161.0,90.0,270.0
153,1,1886,5,161.0,90.0,270.0
153,1,1887,5,161.0,90.0,270.0
153,1,1888,5,161.0,90.0,270.0
153,1,1889,5,161.0,90.0,270.0
153,1,1890,5,161.0,90.0,270.0
153,1,1891,5,161.0,90.0,270.0
153,1,1892,5,161.0,90.0,270.0
153,1,1893,5,161.0,90.0,270.0
153,1,1894,5,161.0,90.0,270.0
153,1,1895,5,161.0,90.0,270.0
153,1,1896,5,161.0,90.0,270.0
153,1,1897,5,161.0,90.0,270.0
153,1,1898,5,161.0,90.0,270.0
153,1,1899,5,161.0,90.0,270.0
153,1,1900,5,161.0,90.0,270.0
153,1,1901,5,161.0,90.0,270.0
153,1,1902,5,161.0,90.0,270.0
153,1,1903,5,161.0,90.0,270.0
153,1,1904,5,161.0,90.0,270.0
153,1,1905,5,161.0,90.0,270.0
153,1,1906,5,161.0,90.0,270.0
153,1,1907,5,161.0,90.0,270.0
153,1,1908,5,161.0,90.0,270.0
153,1,1909,5,161.0,90.0,270.0
153,1,1911,5,161.0,90.0,270.0
153,1,1913,5,161.0,90.0,270.0
153,1,1914,5,161.0,90.0,270.0
153,1,319,5,161.0,90.0,270.0
153,1,321,5,161.0,90.0,270.0
153,1,3246,5,161.0,90.0,270.0
153,1,349,5,161.0,90.0,270.0
153,1,353,5,161.0,90.0,270.0
153,1,354,5,161.0,90.0,270.0
153,1,355,5,161.0,90.0,270.0
153,1,356,5,161.0,90.0,270.0
153,1,357,5,161.0,90.0,270.0
153,1,358,5,161.0,90.0,270.0
153,1,360,5,161.0,90.0,270.0
153,1,361,5,161.0,90.0,270.0
153,1,362,5,161.0,90.0,270.0
153,1,39,5,161.0,90.0,270.0
153,1,398,5,161.0,90.0,270.0
153,1,40,5,161.0,90.0,270.0
153,1,41,5,161.0,90.0,270.0
153,1,42,5,161.0,90.0,270.0
153,1,43,5,161.0,90.0,270.0
153,1,44,5,161.0,90.0,270.0
153,1,45,5,161.0,90.0,270.0
153,1,461,5,161.0,90.0,270.0
166,0,105,5,161.0,135.0,200.0
166,0,107,5,161.0,135.0,200.0
166,0,1867,5,161.0,135.0,200.0
166,0,1868,5,161.0,135.0,200.0
166,0,1869,5,161.0,135.0,200.0
166,0,1870,5,161.0,135.0,200.0
166,0,1871,5,161.0,135.0,200.0
166,0,1872,5,161.0,135.0,200.0
166,0,1873,5,161.0,135.0,200.0
166,0,1874,5,161.0,135.0,200.0
166,0,1875,5,161.0,135.0,200.0
166,0,1876,5,161.0,135.0,200.0
166,0,1877,5,161.0,135.0,200.0
166,0,1878,5,161.0,135.0,200.0
166,0,1879,5,161.0,135.0,200.0
166,0,1880,5,161.0,135.0,200.0
166,0,1881,5,161.0,135.0,200.0
166,0,2001,5,161.0,135.0,200.0
166,0,2002,5,161.0,135.0,200.0
166,0,2003,5,161.0,135.0,200.0
166,0,2004,5,161.0,135.0,200.0
166,0,2230,5,161.0,135.0,200.0
166,0,274,5,161.0,135.0,200.0
166,0,30,5,161.0,135.0,200.0
166,0,31,5,161.0,135.0,200.0
166,0,32,5,161.0,135.0,200.0
166,0,3212,5,161.0,135.0,200.0
166,0,3246,5,161.0,135.0,200.0
166,0,33,5,161.0,135.0,200.0
166,0,3354,5,161.0,135.0,200.0
166,0,34,5,161.0,135.0,200.0
166,0,3857,5,161.0,135.0,200.0
166,0,458,5,161.0,135.0,200.0
195,0,1148,5,162.0,90.0,210.0
195,0,1310,5,162.0,90.0,210.0
195,0,1311,5,162.0,90.0,210.0
195,0,1312,5,162.0,90.0,210.0
195,0,1313,5,162.0,90.0,210.0
195,0,1314,5,162.0,90.0,210.0
195,0,1315,5,162.0,90.0,210.0
195,0,1316,5,162.0,90.0,210.0
195,0,1369,5,162.0,90.0,210.0
195,0,1370,5,162.0,90.0,210.0
195,0,1380,5,162.0,90.0,210.0
195,0,1381,5,162.0,90.0,210.0
195,0,1382,5,162.0,90.0,210.0
195,0,1399,5,162.0,90.0,210.0
195,0,1401,5,162.0,90.0,210.0
195,0,1402,5,162.0,90.0,210.0
195,0,2150,5,162.0,90.0,210.0
195,0,2151,5,162.0,90.0,210.0
195,0,2152,5,162.0,90.0,210.0
195,0,2153,5,162.0,90.0,210.0
195,0,2154,5,162.0,90.0,210.0
195,0,2155,5,162.0,90.0,210.0
195,0,2159,5,162.0,90.0,210.0
195,0,2327,5,162.0,90.0,210.0
195,0,2328,5,162.0,90.0,210.0
195,0,2329,5,162.0,90.0,210.0
195,0,2330,5,162.0,90.0,210.0
195,0,2332,5,162.0,90.0,210.0
195,0,2333,5,162.0,90.0,210.0
195,0,2335,5,162.0,90.0,210.0
195,0,698,5,162.0,90.0,210.0
195,0,699,5,162.0,90.0,210.0
195,0,700,5,162.0,90.0,210.0
195,0,701,5,162.0,90.0,210.0
195,0,702,5,162.0,90.0,210.0
195,0,703,5,162.0,90.0,210.0
195,0,704,5,162.0,90.0,210.0
195,0,705,5,162.0,90.0,210.0
195,0,706,5,162.0,90.0,210.0
195,0,707,5,162.0,90.0,210.0
195,0,708,5,162.0,90.0,210.0
195,0,709,5,162.0,90.0,210.0
195,0,710,5,162.0,90.0,210.0
195,0,711,5,162.0,90.0,210.0
195,0,712,5,162.0,90.0,210.0
195,0,713,5,162.0,90.0,210.0
195,0,714,5,162.0,90.0,210.0
195,0,715,5,162.0,90.0,210.0
195,0,716,5,162.0,90.0,210.0
195,0,761,5,162.0,90.0,210.0
195,0,762,5,162.0,90.0,210.0
195,0,763,5,162.0,90.0,210.0
195,0,764,5,162.0,90.0,210.0
195,0,765,5,162.0,90.0,210.0
1275,1,106604,4,162.5,30.0,310.0
1275,1,106605,4,162.5,30.0,310.0
1275,1,106606,4,162.5,30.0,310.0
1275,1,106607,4,162.5,30.0,310.0
1275,1,106608,4,162.5,30.0,310.0
1275,1,106609,4,162.5,30.0,310.0
1275,1,106610,4,162.5,30.0,310.0
1275,1,106611,4,162.5,30.0,310.0
1275,1,106612,4,162.5,30.0,310.0
1275,1,106613,4,162.5,30.0,310.0
1275,1,106614,4,162.5,30.0,310.0
1275,1,106615,4,162.5,30.0,310.0
1275,1,106616,4,162.5,30.0,310.0
1275,1,106617,4,162.5,30.0,310.0
1275,1,106618,4,162.5,30.0,310.0
1275,1,106619,4,162.5,30.0,310.0
1275,1,106620,4,162.5,30.0,310.0
1275,1,106621,4,162.5,30.0,310.0
1275,1,106622,4,162.5,30.0,310.0
1275,1,106623,4,162.5,30.0,310.0
1275,1,106624,4,162.5,30.0,310.0
1275,1,106625,4,162.5,30.0,310.0
1275,1,106626,4,162.5,30.0,310.0
1275,1,106627,4,162.5,30.0,310.0
1275,1,106628,4,162.5,30.0,310.0
1275,1,106629,4,162.5,30.0,310.0
1275,1,106630,4,162.5,30.0,310.0
1275,1,106631,4,162.5,30.0,310.0
1275,1,106632,4,162.5,30.0,310.0
1275,1,106633,4,162.5,30.0,310.0
1275,1,106634,4,162.5,30.0,310.0
1275,1,106635,4,162.5,30.0,310.0
1275,1,106636,4,162.5,30.0,310.0
1275,1,106637,4,162.5,30.0,310.0
1275,1,106638,4,162.5,30.0,310.0
1275,1,106639,4,162.5,30.0,310.0
1275,1,106640,4,162.5,30.0,310.0
1275,1,106641,4,162.5,30.0,310.0
1275,1,106642,4,162.5,30.0,310.0
1275,1,106643,4,162.5,30.0,310.0
1275,1,3697,4,162.5,30.0,310.0
1275,1,3698,4,162.5,30.0,310.0
1275,1,4352,4,162.5,30.0,310.0
152,0,105,5,163.0,95.0,240.0
152,0,106,5,163.0,95.0,240.0
152,0,107,5,163.0,95.0,240.0
152,0,1827,5,163.0,95.0,240.0
152,0,1836,5,163.0,95.0,240.0
152,0,1837,5,163.0,95.0,240.0
152,0,1838,5,163.0,95.0,240.0
152,0,1839,5,163.0,95.0,240.0
152,0,1840,5,163.0,95.0,240.0
152,0,1841,5,163.0,95.0,240.0
152,0,1842,5,163.0,95.0,240.0
152,0,1843,5,163.0,95.0,240.0
152,0,1844,5,163.0,95.0,240.0
152,0,1845,5,163.0,95.0,240.0
152,0,1846,5,163.0,95.0,240.0
152,0,1847,5,163.0,95.0,240.0
152,0,1848,5,163.0,95.0,240.0
152,0,1849,5,163.0,95.0,240.0
152,0,1850,5,163.0,95.0,240.0
152,0,1851,5,163.0,95.0,240.0
152,0,1852,5,163.0,95.0,240.0
152,0,1853,5,163.0,95.0,240.0
152,0,1854,5,163.0,95.0,240.0
152,0,1855,5,163.0,95.0,240.0
152,0,1856,5,163.0,95.0,240.0
152,0,1857,5,163.0,95.0,240.0
152,0,1858,5,163.0,95.0,240.0
152,0,1859,5,163.0,95.0,240.0
152,0,1860,5,163.0,95.0,240.0
152,0,1861,5,163.0,95.0,240.0
152,0,1862,5,163.0,95.0,240.0
152,0,1863,5,163.0,95.0,240.0
152,0,1864,5,163.0,95.0,240.0
152,0,1865,5,163.0,95.0,240.0
152,0,1866,5,163.0,95.0,240.0
152,0,1867,5,163.0,95.0,240.0
152,0,1868,5,163.0,95.0,240.0
152,0,1869,5,163.0,95.0,240.0
152,0,1870,5,163.0,95.0,240.0
152,0,1871,5,163.0,95.0,240.0
152,0,1872,5,163.0,95.0,240.0
152,0,1873,5,163.0,95.0,240.0
152,0,1874,5,163.0,95.0,240.0
152,0,1875,5,163.0,95.0,240.0
152,0,1876,5,163.0,95.0,240.0
152,0,1877,5,163.0,95.0,240.0
152,0,1878,5,163.0,95.0,240.0
152,0,1879,5,163.0,95.0,240.0
152,0,1880,5,163.0,95.0,240.0
152,0,1881,5,163.0,95.0,240.0
152,0,274,5,163.0,95.0,240.0
152,0,30,5,163.0,95.0,240.0
152,0,31,5,163.0,95.0,240.0
152,0,32,5,163.0,95.0,240.0
152,0,3212,5,163.0,95.0,240.0
152,0,33,5,163.0,95.0,240.0
152,0,3354,5,163.0,95.0,240.0
152,0,34,5,163.0,95.0,240.0
152,0,3857,5,163.0,95.0,240.0
152,0,458,5,163.0,95.0,240.0
238,1,106,5,164.0,75.0,255.0
238,1,107,5,164.0,75.0,255.0
238,1,1204,5,164.0,75.0,255.0
238,1,1318,5,164.0,75.0,255.0
238,1,1323,5,164.0,75.0,255.0
238,1,1324,5,164.0,75.0,255.0
238,1,1325,5,164.0,75.0,255.0
238,1,1370,5,164.0,75.0,255.0
238,1,1378,5,164.0,75.0,255.0
238,1,1379,5,164.0,75.0,255.0
238,1,1380,5,164.0,75.0,255.0
238,1,1381,5,164.0,75.0,255.0
238,1,1382,5,164.0,75.0,255.0
238,1,1383,5,164.0,75.0,255.0
238,1,1400,5,164.0,75.0,255.0
238,1,1401,5,164.0,75.0,255.0
238,1,1422,5,164.0,75.0,255.0
238,1,1574,5,164.0,75.0,255.0
238,1,1575,5,164.0,75.0,255.0
238,1,1576,5,164.0,75.0,255.0
238,1,1577,5,164.0,75.0,255.0
238,1,1578,5,164.0,75.0,255.0
238,1,1581,5,164.0,75.0,255.0
238,1,1582,5,164.0,75.0,255.0
238,1,1583,5,164.0,75.0,255.0
238,1,2056,5,164.0,75.0,255.0
238,1,2065,5,164.0,75.0,255.0
238,1,2066,5,164.0,75.0,255.0
238,1,2067,5,164.0,75.0,255.0
238,1,2068,5,164.0,75.0,255.0
238,1,2069,5,164.0,75.0,255.0
238,1,2070,5,164.0,75.0,255.0
238,1,2071,5,164.0,75.0,255.0
238,1,2074,5,164.0,75.0,255.0
238,1,2075,5,164.0,75.0,255.0
238,1,2076,5,164.0,75.0,255.0
238,1,2389,5,164.0,75.0,255.0
238,1,2481,5,164.0,75.0,255.0
238,1,2738,5,164.0,75.0,255.0
238,1,2752,5,164.0,75.0,255.0
238,1,2817,5,164.0,75.0,255.0
238,1,2834,5,164.0,75.0,255.0
238,1,2835,5,164.0,75.0,255.0
238,1,2836,5,164.0,75.0,255.0
238,1,2837,5,164.0,75.0,255.0
238,1,2838,5,164.0,75.0,255.0
238,1,2841,5,164.0,75.0,255.0
238,1,2849,5,164.0,75.0,255.0
238,1,2851,5,164.0,75.0,255.0
238,1,2852,5,164.0,75.0,255.0
238,1,2853,5,164.0,75.0,255.0
238,1,2854,5,164.0,75.0,255.0
238,1,2855,5,164.0,75.0,255.0
238,1,2856,5,164.0,75.0,255.0
238,1,2857,5,164.0,75.0,255.0
238,1,2858,5,164.0,75.0,255.0
238,1,2859,5,164.0,75.0,255.0
238,1,2860,5,164.0,75.0,255.0
238,1,2862,5,164.0,75.0,255.0
238,1,2866,5,164.0,75.0,255.0
238,1,2868,5,164.0,75.0,255.0
238,1,2869,5,164.0,75.0,255.0
238,1,2872,5,164.0,75.0,255.0
238,1,3008,5,164.0,75.0,255.0
238,1,349,5,164.0,75.0,255.0
238,1,3857,5,164.0,75.0,255.0
238,1,4568,5,164.0,75.0,255.0
238,1,458,5,164.0,75.0,255.0
238,1,5173,5,164.0,75.0,255.0
238,1,5177,5,164.0,75.0,255.0
238,1,5179,5,164.0,75.0,255.0
238,1,5252,5,164.0,75.0,255.0
238,1,5254,5,164.0,75.0,255.0
238,1,5255,5,164.0,75.0,255.0
238,1,5256,5,164.0,75.0,255.0
238,1,5257,5,164.0,75.0,255.0
238,1,5258,5,164.0,75.0,255.0
238,1,5259,5,164.0,75.0,255.0
238,1,5260,5,164.0,75.0,255.0
238,1,5261,5,164.0,75.0,255.0
238,1,5263,5,164.0,75.0,255.0
238,1,5265,5,164.0,75.0,255.0
238,1,5266,5,164.0,75.0,255.0
238,1,5267,5,164.0,75.0,255.0
576,1,106832,5,164.0,45.0,210.0
576,1,1746,5,164.0,45.0,210.0
576,1,4728,5,164.0,45.0,210.0
576,1,4781,5,164.0,45.0,210.0
576,1,4782,5,164.0,45.0,210.0
576,1,4783,5,164.0,45.0,210.0
576,1,4784,5,164.0,45.0,210.0
576,1,4785,5,164.0,45.0,210.0
576,1,4786,5,164.0,45.0,210.0
576,1,4787,5,164.0,45.0,210.0
576,1,4788,5,164.0,45.0,210.0
576,1,4789,5,164.0,45.0,210.0
576,1,4790,5,164.0,45.0,210.0
576,1,4791,5,164.0,45.0,210.0
576,1,4792,5,164.0,45.0,210.0
576,1,4794,5,164.0,45.0,210.0
576,1,4795,5,164.0,45.0,210.0
576,1,4796,5,164.0,45.0,210.0
576,1,4798,5,164.0,45.0,210.0
576,1,4799,5,164.0,45.0,210.0
576,1,4800,5,164.0,45.0,210.0
576,1,4801,5,164.0,45.0,210.0
576,1,4802,5,164.0,45.0,210.0
576,1,4803,5,164.0,45.0,210.0
576,1,4804,5,164.0,45.0,210.0
576,1,5153,5,164.0,45.0,210.0
576,1,5154,5,164.0,45.0,210.0
576,1,5155,5,164.0,45.0,210.0
576,1,5156,5,164.0,45.0,210.0
576,1,5158,5,164.0,45.0,210.0
576,1,5159,5,164.0,45.0,210.0
576,1,5845,5,164.0,45.0,210.0
576,1,5912,5,164.0,45.0,210.0
576,1,5932,5,164.0,45.0,210.0
576,1,5937,5,164.0,45.0,210.0
576,1,5938,5,164.0,45.0,210.0
576,1,5939,5,164.0,45.0,210.0
576,1,5940,5,164.0,45.0,210.0
576,1,5941,5,164.0,45.0,210.0
576,1,5942,5,164.0,45.0,210.0
576,1,5943,5,164.0,45.0,210.0
576,1,5944,5,164.0,45.0,210.0
576,1,5945,5,164.0,45.0,210.0
576,1,5946,5,164.0,45.0,210.0
576,1,5947,5,164.0,45.0,210.0
576,1,5948,5,164.0,45.0,210.0
576,1,5949,5,164.0,45.0,210.0
576,1,5950,5,164.0,45.0,210.0
576,1,5951,5,164.0,45.0,210.0
576,1,5952,5,164.0,45.0,210.0
576,1,5953,5,164.0,45.0,210.0
576,1,5954,5,164.0,45.0,210.0
576,1,5955,5,164.0,45.0,210.0
576,1,5958,5,164.0,45.0,210.0
576,1,5960,5,164.0,45.0,210.0
576,1,5964,5,164.0,45.0,210.0
576,1,5965,5,164.0,45.0,210.0
576,1,5966,5,164.0,45.0,210.0
576,1,5967,5,164.0,45.0,210.0
576,1,5968,5,164.0,45.0,210.0
576,1,5969,5,164.0,45.0,210.0
576,1,5970,5,164.0,45.0,210.0
576,1,6575,5,164.0,45.0,210.0
576,1,6605,5,164.0,45.0,210.0
576,1,6646,5,164.0,45.0,210.0
576,1,7260,5,164.0,45.0,210.0
12,1,114,1,165.0,165.0,165.0
12,1,115,1,165.0,165.0,165.0
12,1,116,1,165.0,165.0,165.0
12,1,117,1,165.0,165.0,165.0
12,1,118,1,165.0,165.0,165.0
12,1,119,1,165.0,165.0,165.0
12,1,120,1,165.0,165.0,165.0
12,1,121,1,165.0,165.0,165.0
12,1,124,1,165.0,165.0,165.0
12,1,125,1,165.0,165.0,165.0
12,1,1275,1,165.0,165.0,165.0
12,1,1276,1,165.0,165.0,165.0
12,1,1277,1,165.0,165.0,165.0
12,1,130,1,165.0,165.0,165.0
12,1,131,1,165.0,165.0,165.0
12,1,133,1,165.0,165.0,165.0
12,1,134,1,165.0,165.0,165.0
12,1,135,1,165.0,165.0,165.0
12,1,138,1,165.0,165.0,165.0
12,1,139,1,165.0,165.0,165.0
12,1,141,1,165.0,165.0,165.0
12,1,142,1,165.0,165.0,165.0
12,1,144,1,165.0,165.0,165.0
12,1,146,1,165.0,165.0,165.0
12,1,147,1,165.0,165.0,165.0
12,1,158,1,165.0,165.0,165.0
12,1,159,1,165.0,165.0,165.0
12,1,161,1,165.0,165.0,165.0
12,1,162,1,165.0,165.0,165.0
12,1,163,1,165.0,165.0,165.0
12,1,164,1,165.0,165.0,165.0
12,1,172,1,165.0,165.0,165.0
12,1,4509,1,165.0,165.0,165.0
12,1,4536,1,165.0,165.0,165.0
12,1,4537,1,165.0,165.0,165.0
159,1,105,5,165.0,135.0,195.0
159,1,107,5,165.0,135.0,195.0
159,1,149,5,165.0,135.0,195.0
159,1,150,5,165.0,135.0,195.0
159,1,151,5,165.0,135.0,195.0
159,1,152,5,165.0,135.0,195.0
159,1,1948,5,165.0,135.0,195.0
159,1,1949,5,165.0,135.0,195.0
159,1,1950,5,165.0,135.0,195.0
159,1,1951,5,165.0,135.0,195.0
159,1,1962,5,165.0,135.0,195.0
159,1,1963,5,165.0,135.0,195.0
159,1,1966,5,165.0,135.0,195.0
159,1,200,5,165.0,135.0,195.0
159,1,218,5,165.0,135.0,195.0
159,1,219,5,165.0,135.0,195.0
159,1,220,5,165.0,135.0,195.0
159,1,221,5,165.0,135.0,195.0
159,1,222,5,165.0,135.0,195.0
159,1,223,5,165.0,135.0,195.0
159,1,2230,5,165.0,135.0,195.0
159,1,224,5,165.0,135.0,195.0
159,1,277,5,165.0,135.0,195.0
159,1,278,5,165.0,135.0,195.0
159,1,3165,5,165.0,135.0,195.0
159,1,3166,5,165.0,135.0,195.0
159,1,343,5,165.0,135.0,195.0
159,1,344,5,165.0,135.0,195.0
159,1,345,5,165.0,135.0,195.0
159,1,346,5,165.0,135.0,195.0
159,1,347,5,165.0,135.0,195.0
159,1,4533,5,165.0,135.0,195.0
159,1,5033,5,165.0,135.0,195.0
159,1,7784,5,165.0,135.0,195.0
159,1,7936,5,165.0,135.0,195.0
159,1,8202,5,165.0,135.0,195.0
823,0,264,1,165.0,165.0,165.0
823,0,35,1,165.0,165.0,165.0
823,0,3855,1,165.0,165.0,165.0
823,0,5275,1,165.0,165.0,165.0
823,0,5278,1,165.0,165.0,165.0
823,0,5281,1,165.0,165.0,165.0
823,0,5282,1,165.0,165.0,165.0
823,0,5286,1,165.0,165.0,165.0
823,0,5801,1,165.0,165.0,165.0
823,0,5802,1,165.0,165.0,165.0
823,0,5803,1,165.0,165.0,165.0
823,0,5805,1,165.0,165.0,165.0
823,0,5806,1,165.0,165.0,165.0
823,0,5807,1,165.0,165.0,165.0
823,0,5809,1,165.0,165.0,165.0
823,0,5815,1,165.0,165.0,165.0
823,0,5816,1,165.0,165.0,165.0
823,0,6144,1,165.0,165.0,165.0
823,0,6163,1,165.0,165.0,165.0
823,0,6164,1,165.0,165.0,165.0
823,0,6467,1,165.0,165.0,165.0
823,0,728,1,165.0,165.0,165.0
823,0,729,1,165.0,165.0,165.0
823,0,730,1,165.0,165.0,165.0
823,0,731,1,165.0,165.0,165.0
823,0,732,1,165.0,165.0,165.0
823,0,939,1,165.0,165.0,165.0
823,0,940,1,165.0,165.0,165.0
823,0,941,1,165.0,165.0,165.0
823,0,942,1,165.0,165.0,165.0
823,0,943,1,165.0,165.0,165.0
823,0,944,1,165.0,165.0,165.0
823,0,945,1,165.0,165.0,165.0
823,0,946,1,165.0,165.0,165.0
823,0,947,1,165.0,165.0,165.0
823,0,948,1,165.0,165.0,165.0
823,0,949,1,165.0,165.0,165.0
823,0,966,1,165.0,165.0,165.0
823,0,967,1,165.0,165.0,165.0
823,0,968,1,165.0,165.0,165.0
823,0,969,1,165.0,165.0,165.0
823,0,970,1,165.0,165.0,165.0
823,0,973,1,165.0,165.0,165.0
823,0,986,1,165.0,165.0,165.0
785,0,1011,5,167.0,150.0,185.0
785,0,1012,5,167.0,150.0,185.0
785,0,1013,5,167.0,150.0,185.0
785,0,1014,5,167.0,150.0,185.0
785,0,1041,5,167.0,150.0,185.0
785,0,1058,5,167.0,150.0,185.0
785,0,2121,5,167.0,150.0,185.0
785,0,2126,5,167.0,150.0,185.0
785,0,2127,5,167.0,150.0,185.0
785,0,2128,5,167.0,150.0,185.0
785,0,2129,5,167.0,150.0,185.0
785,0,2130,5,167.0,150.0,185.0
785,0,2131,5,167.0,150.0,185.0
785,0,2132,5,167.0,150.0,185.0
785,0,2133,5,167.0,150.0,185.0
785,0,2135,5,167.0,150.0,185.0
785,0,2137,5,167.0,150.0,185.0
785,0,2138,5,167.0,150.0,185.0
785,0,2141,5,167.0,150.0,185.0
785,0,2192,5,167.0,150.0,185.0
785,0,2193,5,167.0,150.0,185.0
785,0,2199,5,167.0,150.0,185.0
785,0,2201,5,167.0,150.0,185.0
785,0,2210,5,167.0,150.0,185.0
785,0,5826,5,167.0,150.0,185.0
785,0,5827,5,167.0,150.0,185.0
785,0,5828,5,167.0,150.0,185.0
785,0,5829,5,167.0,150.0,185.0
785,0,5830,5,167.0,150.0,185.0
785,0,5831,5,167.0,150.0,185.0
785,0,5832,5,167.0,150.0,185.0
785,0,5833,5,167.0,150.0,185.0
785,0,5835,5,167.0,150.0,185.0
785,0,5836,5,167.0,150.0,185.0
785,0,5837,5,167.0,150.0,185.0
785,0,5838,5,167.0,150.0,185.0
785,0,5839,5,167.0,150.0,185.0
785,0,5840,5,167.0,150.0,185.0
785,0,5841,5,167.0,150.0,185.0
785,0,5842,5,167.0,150.0,185.0
785,0,5843,5,167.0,150.0,185.0
785,0,5865,5,167.0,150.0,185.0
785,0,6263,5,167.0,150.0,185.0
785,0,7258,5,167.0,150.0,185.0
785,0,7288,5,167.0,150.0,185.0
785,0,7302,5,167.0,150.0,185.0
785,0,7308,5,167.0,150.0,185.0
785,0,7309,5,167.0,150.0,185.0
785,0,7322,5,167.0,150.0,185.0
785,0,9298,5,167.0,150.0,185.0
237,0,102,4,167.5,25.0,315.0
237,0,103,4,167.5,25.0,315.0
237,0,105,4,167.5,25.0,315.0
237,0,106732,4,167.5,25.0,315.0
237,0,1204,4,167.5,25.0,315.0
237,0,1319,4,167.5,25.0,315.0
237,0,1320,4,167.5,25.0,315.0
237,0,1322,4,167.5,25.0,315.0
237,0,1369,4,167.5,25.0,315.0
237,0,1370,4,167.5,25.0,315.0
237,0,1371,4,167.5,25.0,315.0
237,0,1372,4,167.5,25.0,315.0
237,0,1373,4,167.5,25.0,315.0
237,0,1374,4,167.5,25.0,315.0
237,0,1375,4,167.5,25.0,315.0
237,0,1376,4,167.5,25.0,315.0
237,0,1398,4,167.5,25.0,315.0
237,0,1399,4,167.5,25.0,315.0
237,0,1423,4,167.5,25.0,315.0
237,0,1426,4,167.5,25.0,315.0
237,0,1566,4,167.5,25.0,315.0
237,0,1567,4,167.5,25.0,315.0
237,0,1568,4,167.5,25.0,315.0
237,0,1570,4,167.5,25.0,315.0
237,0,1571,4,167.5,25.0,315.0
237,0,1582,4,167.5,25.0,315.0
237,0,1632,4,167.5,25.0,315.0
237,0,1634,4,167.5,25.0,315.0
237,0,1635,4,167.5,25.0,315.0
237,0,2052,4,167.5,25.0,315.0
237,0,2053,4,167.5,25.0,315.0
237,0,2054,4,167.5,25.0,315.0
237,0,2055,4,167.5,25.0,315.0
237,0,2056,4,167.5,25.0,315.0
237,0,2057,4,167.5,25.0,315.0
237,0,2058,4,167.5,25.0,315.0
237,0,2059,4,167.5,25.0,315.0
237,0,2060,4,167.5,25.0,315.0
237,0,2061,4,167.5,25.0,315.0
237,0,2063,4,167.5,25.0,315.0
237,0,2386,4,167.5,25.0,315.0
237,0,2406,4,167.5,25.0,315.0
237,0,2817,4,167.5,25.0,315.0
237,0,2819,4,167.5,25.0,315.0
237,0,2820,4,167.5,25.0,315.0
237,0,2822,4,167.5,25.0,315.0
237,0,2823,4,167.5,25.0,315.0
237,0,2825,4,167.5,25.0,315.0
237,0,2829,4,167.5,25.0,315.0
237,0,2830,4,167.5,25.0,315.0
237,0,2833,4,167.5,25.0,315.0
237,0,2834,4,167.5,25.0,315.0
237,0,2835,4,167.5,25.0,315.0
237,0,2836,4,167.5,25.0,315.0
237,0,2837,4,167.5,25.0,315.0
237,0,2838,4,167.5,25.0,315.0
237,0,2839,4,167.5,25.0,315.0
237,0,2840,4,167.5,25.0,315.0
237,0,2841,4,167.5,25.0,315.0
237,0,2842,4,167.5,25.0,315.0
237,0,2843,4,167.5,25.0,315.0
237,0,2844,4,167.5,25.0,315.0
237,0,2846,4,167.5,25.0,315.0
237,0,2847,4,167.5,25.0,315.0
237,0,2848,4,167.5,25.0,315.0
237,0,2849,4,167.5,25.0,315.0
237,0,2850,4,167.5,25.0,315.0
237,0,2864,4,167.5,25.0,315.0
237,0,2865,4,167.5,25.0,315.0
237,0,2866,4,167.5,25.0,315.0
237,0,3045,4,167.5,25.0,315.0
237,0,319,4,167.5,25.0,315.0
237,0,320,4,167.5,25.0,315.0
237,0,321,4,167.5,25.0,315.0
237,0,3372,4,167.5,25.0,315.0
237,0,5173,4,167.5,25.0,315.0
237,0,5174,4,167.5,25.0,315.0
237,0,5175,4,167.5,25.0,315.0
237,0,5176,4,167.5,25.0,315.0
237,0,5177,4,167.5,25.0,315.0
237,0,5178,4,167.5,25.0,315.0
237,0,5179,4,167.5,25.0,315.0
237,0,5180,4,167.5,25.0,315.0
237,0,5181,4,167.5,25.0,315.0
237,0,5182,4,167.5,25.0,315.0
237,0,5183,4,167.5,25.0,315.0
237,0,5184,4,167.5,25.0,315.0
237,0,5185,4,167.5,25.0,315.0
237,0,5186,4,167.5,25.0,315.0
237,0,5188,4,167.5,25.0,315.0
237,0,9068,4,167.5,25.0,315.0
1002,0,1851,5,168.0,145.0,205.0
1002,0,1852,5,168.0,145.0,205.0
1002,0,1853,5,168.0,145.0,205.0
1002,0,1854,5,168.0,145.0,205.0
1002,0,1855,5,168.0,145.0,205.0
1002,0,1856,5,168.0,145.0,205.0
1002,0,1857,5,168.0,145.0,205.0
1002,0,1858,5,168.0,145.0,205.0
1002,0,1859,5,168.0,145.0,205.0
1002,0,1860,5,168.0,145.0,205.0
1002,0,1861,5,168.0,145.0,205.0
1002,0,1862,5,168.0,145.0,205.0
1002,0,1863,5,168.0,145.0,205.0
1002,0,1864,5,168.0,145.0,205.0
1002,0,1865,5,168.0,145.0,205.0
1002,0,1866,5,168.0,145.0,205.0
1002,0,1867,5,168.0,145.0,205.0
1002,0,1868,5,168.0,145.0,205.0
1002,0,1869,5,168.0,145.0,205.0
1002,0,1870,5,168.0,145.0,205.0
1002,0,1871,5,168.0,145.0,205.0
1002,0,1872,5,168.0,145.0,205.0
1002,0,1873,5,168.0,145.0,205.0
1002,0,1874,5,168.0,145.0,205.0
1002,0,1875,5,168.0,145.0,205.0
1002,0,1876,5,168.0,145.0,205.0
1002,0,1877,5,168.0,145.0,205.0
1002,0,1878,5,168.0,145.0,205.0
1002,0,1879,5,168.0,145.0,205.0
1002,0,1880,5,168.0,145.0,205.0
1002,0,1881,5,168.0,145.0,205.0
1002,0,215,5,168.0,145.0,205.0
1002,0,216,5,168.0,145.0,205.0
1002,0,217,5,168.0,145.0,205.0
1002,0,274,5,168.0,145.0,205.0
1002,0,275,5,168.0,145.0,205.0
1002,0,294,5,168.0,145.0,205.0
1002,0,30,5,168.0,145.0,205.0
1002,0,31,5,168.0,145.0,205.0
1002,0,32,5,168.0,145.0,205.0
1002,0,33,5,168.0,145.0,205.0
1002,0,3354,5,168.0,145.0,205.0
1002,0,34,5,168.0,145.0,205.0
1099,1,1204,5,168.0,120.0,210.0
1099,1,1702,5,168.0,120.0,210.0
1099,1,349,5,168.0,120.0,210.0
1099,1,3857,5,168.0,120.0,210.0
1099,1,39,5,168.0,120.0,210.0
1099,1,409,5,168.0,120.0,210.0
1099,1,413,5,168.0,120.0,210.0
1099,1,415,5,168.0,120.0,210.0
1099,1,419,5,168.0,120.0,210.0
1099,1,433,5,168.0,120.0,210.0
1099,1,435,5,168.0,120.0,210.0
1099,1,436,5,168.0,120.0,210.0
1099,1,437,5,168.0,120.0,210.0
1099,1,438,5,168.0,120.0,210.0
1099,1,439,5,168.0,120.0,210.0
1099,1,440,5,168.0,120.0,210.0
1099,1,460,5,168.0,120.0,210.0
1099,1,461,5,168.0,120.0,210.0
1099,1,462,5,168.0,120.0,210.0
1099,1,463,5,168.0,120.0,210.0
1099,1,464,5,168.0,120.0,210.0
1099,1,467,5,168.0,120.0,210.0
1099,1,5785,5,168.0,120.0,210.0
279,0,1777,5,168.0,150.0,195.0
279,0,1778,5,168.0,150.0,195.0
279,0,1779,5,168.0,150.0,195.0
279,0,1780,5,168.0,150.0,195.0
279,0,1781,5,168.0,150.0,195.0
279,0,1782,5,168.0,150.0,195.0
279,0,1783,5,168.0,150.0,195.0
279,0,1784,5,168.0,150.0,195.0
279,0,1785,5,168.0,150.0,195.0
279,0,1788,5,168.0,150.0,195.0
279,0,1789,5,168.0,150.0,195.0
279,0,1790,5,168.0,150.0,195.0
279,0,1791,5,168.0,150.0,195.0
279,0,1792,5,168.0,150.0,195.0
279,0,1795,5,168.0,150.0,195.0
279,0,1796,5,168.0,150.0,195.0
279,0,1816,5,168.0,150.0,195.0
279,0,1817,5,168.0,150.0,195.0
279,0,3109,5,168.0,150.0,195.0
279,0,3137,5,168.0,150.0,195.0
279,0,3138,5,168.0,150.0,195.0
279,0,3139,5,168.0,150.0,195.0
279,0,3140,5,168.0,150.0,195.0
279,0,3141,5,168.0,150.0,195.0
279,0,3142,5,168.0,150.0,195.0
279,0,3143,5,168.0,150.0,195.0
279,0,3144,5,168.0,150.0,195.0
279,0,3145,5,168.0,150.0,195.0
279,0,3146,5,168.0,150.0,195.0
279,0,3147,5,168.0,150.0,195.0
279,0,3148,5,168.0,150.0,195.0
279,0,3149,5,168.0,150.0,195.0
279,0,3150,5,168.0,150.0,195.0
279,0,3151,5,168.0,150.0,195.0
279,0,319,5,168.0,150.0,195.0
279,0,320,5,168.0,150.0,195.0
279,0,321,5,168.0,150.0,195.0
279,0,3826,5,168.0,150.0,195.0
279,0,794,5,168.0,150.0,195.0
279,0,796,5,168.0,150.0,195.0
130,0,102,4,168.75,60.0,410.0
130,0,103,4,168.75,60.0,410.0
130,0,106815,4,168.75,60.0,410.0
130,0,106816,4,168.75,60.0,410.0
130,0,1204,4,168.75,60.0,410.0
130,0,1318,4,168.75,60.0,410.0
130,0,1321,4,168.75,60.0,410.0
130,0,1322,4,168.75,60.0,410.0
130,0,1371,4,168.75,60.0,410.0
130,0,1372,4,168.75,60.0,410.0
130,0,1373,4,168.75,60.0,410.0
130,0,1378,4,168.75,60.0,410.0
130,0,1383,4,168.75,60.0,410.0
130,0,1398,4,168.75,60.0,410.0
130,0,1399,4,168.75,60.0,410.0
130,0,1422,4,168.75,60.0,410.0
130,0,1423,4,168.75,60.0,410.0
130,0,1447,4,168.75,60.0,410.0
130,0,1476,4,168.75,60.0,410.0
130,0,1477,4,168.75,60.0,410.0
130,0,1478,4,168.75,60.0,410.0
130,0,1479,4,168.75,60.0,410.0
130,0,1480,4,168.75,60.0,410.0
130,0,1481,4,168.75,60.0,410.0
130,0,1482,4,168.75,60.0,410.0
130,0,1483,4,168.75,60.0,410.0
130,0,1484,4,168.75,60.0,410.0
130,0,1485,4,168.75,60.0,410.0
130,0,1486,4,168.75,60.0,410.0
130,0,1487,4,168.75,60.0,410.0
130,0,1488,4,168.75,60.0,410.0
130,0,1489,4,168.75,60.0,410.0
130,0,1490,4,168.75,60.0,410.0
130,0,1492,4,168.75,60.0,410.0
130,0,1493,4,168.75,60.0,410.0
130,0,1494,4,168.75,60.0,410.0
130,0,1495,4,168.75,60.0,410.0
130,0,1496,4,168.75,60.0,410.0
130,0,1497,4,168.75,60.0,410.0
130,0,1498,4,168.75,60.0,410.0
130,0,1499,4,168.75,60.0,410.0
130,0,1500,4,168.75,60.0,410.0
130,0,1501,4,168.75,60.0,410.0
130,0,1503,4,168.75,60.0,410.0
130,0,1504,4,168.75,60.0,410.0
130,0,1505,4,168.75,60.0,410.0
130,0,1506,4,168.75,60.0,410.0
130,0,1507,4,168.75,60.0,410.0
130,0,1508,4,168.75,60.0,410.0
130,0,1509,4,168.75,60.0,410.0
130,0,1510,4,168.75,60.0,410.0
130,0,1511,4,168.75,60.0,410.0
130,0,1512,4,168.75,60.0,410.0
130,0,1513,4,168.75,60.0,410.0
130,0,1514,4,168.75,60.0,410.0
130,0,1515,4,168.75,60.0,410.0
130,0,1516,4,168.75,60.0,410.0
130,0,1517,4,168.75,60.0,410.0
130,0,1518,4,168.75,60.0,410.0
130,0,1519,4,168.75,60.0,410.0
130,0,1520,4,168.75,60.0,410.0
130,0,1521,4,168.75,60.0,410.0
130,0,1522,4,168.75,60.0,410.0
130,0,1523,4,168.75,60.0,410.0
130,0,1524,4,168.75,60.0,410.0
130,0,1566,4,168.75,60.0,410.0
130,0,1568,4,168.75,60.0,410.0
130,0,1575,4,168.75,60.0,410.0
130,0,1576,4,168.75,60.0,410.0
130,0,1578,4,168.75,60.0,410.0
130,0,1581,4,168.75,60.0,410.0
130,0,1605,4,168.75,60.0,410.0
130,0,1606,4,168.75,60.0,410.0
130,0,1607,4,168.75,60.0,410.0
130,0,1608,4,168.75,60.0,410.0
130,0,1609,4,168.75,60.0,410.0
130,0,1610,4,168.75,60.0,410.0
130,0,1611,4,168.75,60.0,410.0
130,0,1612,4,168.75,60.0,410.0
130,0,1613,4,168.75,60.0,410.0
130,0,1614,4,168.75,60.0,410.0
130,0,1615,4,168.75,60.0,410.0
130,0,1616,4,168.75,60.0,410.0
130,0,1617,4,168.75,60.0,410.0
130,0,1618,4,168.75,60.0,410.0
130,0,1619,4,168.75,60.0,410.0
130,0,1620,4,168.75,60.0,410.0
130,0,1621,4,168.75,60.0,410.0
130,0,1622,4,168.75,60.0,410.0
130,0,1623,4,168.75,60.0,410.0
130,0,1624,4,168.75,60.0,410.0
130,0,1625,4,168.75,60.0,410.0
130,0,1626,4,168.75,60.0,410.0
130,0,1627,4,168.75,60.0,410.0
130,0,1628,4,168.75,60.0,410.0
130,0,1629,4,168.75,60.0,410.0
130,0,1630,4,168.75,60.0,410.0
130,0,1632,4,168.75,60.0,410.0
130,0,1635,4,168.75,60.0,410.0
130,0,2738,4,168.75,60.0,410.0
130,0,2892,4,168.75,60.0,410.0
130,0,319,4,168.75,60.0,410.0
130,0,320,4,168.75,60.0,410.0
130,0,321,4,168.75,60.0,410.0
130,0,349,4,168.75,60.0,410.0
158,0,107,5,170.0,150.0,195.0
158,0,117,5,170.0,150.0,195.0
158,0,118,5,170.0,150.0,195.0
158,0,119,5,170.0,150.0,195.0
158,0,120,5,170.0,150.0,195.0
158,0,121,5,170.0,150.0,195.0
158,0,1946,5,170.0,150.0,195.0
158,0,1947,5,170.0,150.0,195.0
158,0,1953,5,170.0,150.0,195.0
158,0,1954,5,170.0,150.0,195.0
158,0,1955,5,170.0,150.0,195.0
158,0,1956,5,170.0,150.0,195.0
158,0,1957,5,170.0,150.0,195.0
158,0,1959,5,170.0,150.0,195.0
158,0,1960,5,170.0,150.0,195.0
158,0,1961,5,170.0,150.0,195.0
158,0,201,5,170.0,150.0,195.0
158,0,202,5,170.0,150.0,195.0
158,0,203,5,170.0,150.0,195.0
158,0,204,5,170.0,150.0,195.0
158,0,205,5,170.0,150.0,195.0
158,0,206,5,170.0,150.0,195.0
158,0,207,5,170.0,150.0,195.0
158,0,225,5,170.0,150.0,195.0
158,0,287,5,170.0,150.0,195.0
158,0,288,5,170.0,150.0,195.0
158,0,3179,5,170.0,150.0,195.0
158,0,319,5,170.0,150.0,195.0
158,0,320,5,170.0,150.0,195.0
158,0,321,5,170.0,150.0,195.0
158,0,322,5,170.0,150.0,195.0
158,0,324,5,170.0,150.0,195.0
158,0,331,5,170.0,150.0,195.0
158,0,491,5,170.0,150.0,195.0
158,0,7885,5,170.0,150.0,195.0
158,0,7886,5,170.0,150.0,195.0
158,0,8343,5,170.0,150.0,195.0
158,0,8349,5,170.0,150.0,195.0
196,1,1327,3,170.0,120.0,210.0
196,1,1328,3,170.0,120.0,210.0
196,1,1329,3,170.0,120.0,210.0
196,1,1330,3,170.0,120.0,210.0
196,1,1331,3,170.0,120.0,210.0
196,1,1332,3,170.0,120.0,210.0
196,1,1372,3,170.0,120.0,210.0
196,1,1381,3,170.0,120.0,210.0
196,1,1383,3,170.0,120.0,210.0
196,1,1400,3,170.0,120.0,210.0
196,1,1401,3,170.0,120.0,210.0
196,1,1402,3,170.0,120.0,210.0
196,1,2175,3,170.0,120.0,210.0
196,1,2178,3,170.0,120.0,210.0
196,1,2179,3,170.0,120.0,210.0
196,1,2180,3,170.0,120.0,210.0
196,1,2181,3,170.0,120.0,210.0
196,1,2182,3,170.0,120.0,210.0
196,1,2183,3,170.0,120.0,210.0
196,1,2184,3,170.0,120.0,210.0
196,1,2331,3,170.0,120.0,210.0
196,1,2332,3,170.0,120.0,210.0
196,1,2333,3,170.0,120.0,210.0
196,1,2336,3,170.0,120.0,210.0
196,1,2337,3,170.0,120.0,210.0
196,1,2338,3,170.0,120.0,210.0
196,1,2339,3,170.0,120.0,210.0
196,1,2892,3,170.0,120.0,210.0
196,1,698,3,170.0,120.0,210.0
196,1,699,3,170.0,120.0,210.0
196,1,700,3,170.0,120.0,210.0
196,1,701,3,170.0,120.0,210.0
196,1,702,3,170.0,120.0,210.0
196,1,703,3,170.0,120.0,210.0
196,1,704,3,170.0,120.0,210.0
196,1,705,3,170.0,120.0,210.0
196,1,748,3,170.0,120.0,210.0
196,1,749,3,170.0,120.0,210.0
196,1,750,3,170.0,120.0,210.0
196,1,751,3,170.0,120.0,210.0
196,1,752,3,170.0,120.0,210.0
196,1,753,3,170.0,120.0,210.0
196,1,754,3,170.0,120.0,210.0
196,1,755,3,170.0,120.0,210.0
196,1,756,3,170.0,120.0,210.0
196,1,757,3,170.0,120.0,210.0
196,1,758,3,170.0,120.0,210.0
196,1,759,3,170.0,120.0,210.0
196,1,761,3,170.0,120.0,210.0
196,1,763,3,170.0,120.0,210.0
196,1,769,3,170.0,120.0,210.0
196,1,770,3,170.0,120.0,210.0
196,1,771,3,170.0,120.0,210.0
63,1,1277,1,170.0,170.0,170.0
63,1,130,1,170.0,170.0,170.0
63,1,131,1,170.0,170.0,170.0
63,1,172,1,170.0,170.0,170.0
63,1,248,1,170.0,170.0,170.0
63,1,253,1,170.0,170.0,170.0
63,1,258,1,170.0,170.0,170.0
63,1,311,1,170.0,170.0,170.0
63,1,312,1,170.0,170.0,170.0
63,1,313,1,170.0,170.0,170.0
63,1,314,1,170.0,170.0,170.0
63,1,315,1,170.0,170.0,170.0
63,1,316,1,170.0,170.0,170.0
63,1,317,1,170.0,170.0,170.0
63,1,343,1,170.0,170.0,170.0
63,1,344,1,170.0,170.0,170.0
63,1,381,1,170.0,170.0,170.0
63,1,382,1,170.0,170.0,170.0
63,1,385,1,170.0,170.0,170.0
63,1,40,1,170.0,170.0,170.0
63,1,4509,1,170.0,170.0,170.0
63,1,5033,1,170.0,170.0,170.0
63,1,5323,1,170.0,170.0,170.0
63,1,734,1,170.0,170.0,170.0
63,1,735,1,170.0,170.0,170.0
63,1,736,1,170.0,170.0,170.0
63,1,737,1,170.0,170.0,170.0
63,1,738,1,170.0,170.0,170.0
63,1,739,1,170.0,170.0,170.0
63,1,740,1,170.0,170.0,170.0
63,1,772,1,170.0,170.0,170.0
63,1,777,1,170.0,170.0,170.0
63,1,785,1,170.0,170.0,170.0
63,1,790,1,170.0,170.0,170.0
63,1,792,1,170.0,170.0,170.0
63,1,793,1,170.0,170.0,170.0
63,1,795,1,170.0,170.0,170.0
63,1,800,1,170.0,170.0,170.0
63,1,801,1,170.0,170.0,170.0
63,1,802,1,170.0,170.0,170.0
63,1,803,1,170.0,170.0,170.0
63,1,804,1,170.0,170.0,170.0
63,1,805,1,170.0,170.0,170.0
63,1,806,1,170.0,170.0,170.0
63,1,807,1,170.0,170.0,170.0
63,1,808,1,170.0,170.0,170.0
63,1,809,1,170.0,170.0,170.0
63,1,810,1,170.0,170.0,170.0
812,1,100,1,170.0,170.0,170.0
812,1,1059,1,170.0,170.0,170.0
812,1,1064,1,170.0,170.0,170.0
812,1,106484,1,170.0,170.0,170.0
812,1,1092,1,170.0,170.0,170.0
812,1,1094,1,170.0,170.0,170.0
812,1,1095,1,170.0,170.0,170.0
812,1,1097,1,170.0,170.0,170.0
812,1,1098,1,170.0,170.0,170.0
812,1,248,1,170.0,170.0,170.0
812,1,3850,1,170.0,170.0,170.0
812,1,472,1,170.0,170.0,170.0
812,1,507,1,170.0,170.0,170.0
812,1,521,1,170.0,170.0,170.0
812,1,522,1,170.0,170.0,170.0
812,1,525,1,170.0,170.0,170.0
812,1,527,1,170.0,170.0,170.0
812,1,57,1,170.0,170.0,170.0
812,1,5761,1,170.0,170.0,170.0
812,1,58,1,170.0,170.0,170.0
812,1,59,1,170.0,170.0,170.0
812,1,598,1,170.0,170.0,170.0
812,1,60,1,170.0,170.0,170.0
812,1,61,1,170.0,170.0,170.0
812,1,62,1,170.0,170.0,170.0
812,1,6328,1,170.0,170.0,170.0
812,1,6331,1,170.0,170.0,170.0
812,1,6412,1,170.0,170.0,170.0
812,1,6470,1,170.0,170.0,170.0
812,1,6471,1,170.0,170.0,170.0
812,1,6472,1,170.0,170.0,170.0
812,1,6474,1,170.0,170.0,170.0
812,1,6476,1,170.0,170.0,170.0
812,1,6477,1,170.0,170.0,170.0
812,1,6479,1,170.0,170.0,170.0
812,1,6480,1,170.0,170.0,170.0
812,1,6482,1,170.0,170.0,170.0
812,1,7,1,170.0,170.0,170.0
812,1,71,1,170.0,170.0,170.0
812,1,7587,1,170.0,170.0,170.0
812,1,7605,1,170.0,170.0,170.0
812,1,7608,1,170.0,170.0,170.0
812,1,7611,1,170.0,170.0,170.0
812,1,7617,1,170.0,170.0,170.0
812,1,7623,1,170.0,170.0,170.0
812,1,7700,1,170.0,170.0,170.0
812,1,91,1,170.0,170.0,170.0
812,1,92,1,170.0,170.0,170.0
812,1,93,1,170.0,170.0,170.0
812,1,94,1,170.0,170.0,170.0
812,1,95,1,170.0,170.0,170.0
812,1,96,1,170.0,170.0,170.0
812,1,98,1,170.0,170.0,170.0
812,1,99,1,170.0,170.0,170.0
831,0,1033,1,170.0,170.0,170.0
831,0,1071,1,170.0,170.0,170.0
831,0,12,1,170.0,170.0,170.0
831,0,13,1,170.0,170.0,170.0
831,0,14,1,170.0,170.0,170.0
831,0,2192,1,170.0,170.0,170.0
831,0,5797,1,170.0,170.0,170.0
831,0,5803,1,170.0,170.0,170.0
831,0,5805,1,170.0,170.0,170.0
831,0,584,1,170.0,170.0,170.0
831,0,585,1,170.0,170.0,170.0
831,0,586,1,170.0,170.0,170.0
831,0,6163,1,170.0,170.0,170.0
831,0,6164,1,170.0,170.0,170.0
831,0,6290,1,170.0,170.0,170.0
831,0,6292,1,170.0,170.0,170.0
831,0,6299,1,170.0,170.0,170.0
831,0,6444,1,170.0,170.0,170.0
831,0,6470,1,170.0,170.0,170.0
831,0,6657,1,170.0,170.0,170.0
831,0,6658,1,170.0,170.0,170.0
831,0,6659,1,170.0,170.0,170.0
831,0,6660,1,170.0,170.0,170.0
831,0,68,1,170.0,170.0,170.0
831,0,69,1,170.0,170.0,170.0
831,0,6906,1,170.0,170.0,170.0
831,0,6908,1,170.0,170.0,170.0
831,0,6912,1,170.0,170.0,170.0
831,0,70,1,170.0,170.0,170.0
831,0,71,1,170.0,170.0,170.0
831,0,7101,1,170.0,170.0,170.0
831,0,72,1,170.0,170.0,170.0
831,0,7273,1,170.0,170.0,170.0
831,0,73,1,170.0,170.0,170.0
831,0,75,1,170.0,170.0,170.0
831,0,7589,1,170.0,170.0,170.0
831,0,76,1,170.0,170.0,170.0
831,0,7611,1,170.0,170.0,170.0
831,0,77,1,170.0,170.0,170.0
831,0,78,1,170.0,170.0,170.0
831,0,79,1,170.0,170.0,170.0
831,0,8,1,170.0,170.0,170.0
831,0,865,1,170.0,170.0,170.0
831,0,875,1,170.0,170.0,170.0
831,0,876,1,170.0,170.0,170.0
831,0,877,1,170.0,170.0,170.0
831,0,931,1,170.0,170.0,170.0
831,0,934,1,170.0,170.0,170.0
831,0,935,1,170.0,170.0,170.0
831,0,966,1,170.0,170.0,170.0
831,0,967,1,170.0,170.0,170.0
831,0,968,1,170.0,170.0,170.0
831,0,986,1,170.0,170.0,170.0
859,1,229,5,170.0,125.0,195.0
859,1,230,5,170.0,125.0,195.0
859,1,231,5,170.0,125.0,195.0
859,1,232,5,170.0,125.0,195.0
859,1,234,5,170.0,125.0,195.0
859,1,235,5,170.0,125.0,195.0
859,1,236,5,170.0,125.0,195.0
859,1,238,5,170.0,125.0,195.0
859,1,3315,5,170.0,125.0,195.0
859,1,377,5,170.0,125.0,195.0
859,1,392,5,170.0,125.0,195.0
859,1,393,5,170.0,125.0,195.0
859,1,394,5,170.0,125.0,195.0
859,1,395,5,170.0,125.0,195.0
859,1,396,5,170.0,125.0,195.0
859,1,5565,5,170.0,125.0,195.0
859,1,5568,5,170.0,125.0,195.0
859,1,5569,5,170.0,125.0,195.0
859,1,624,5,170.0,125.0,195.0
859,1,625,5,170.0,125.0,195.0
859,1,626,5,170.0,125.0,195.0
859,1,627,5,170.0,125.0,195.0
859,1,671,5,170.0,125.0,195.0
859,1,673,5,170.0,125.0,195.0
859,1,674,5,170.0,125.0,195.0
859,1,7795,5,170.0,125.0,195.0
859,1,7796,5,170.0,125.0,195.0
859,1,7803,5,170.0,125.0,195.0
859,1,7805,5,170.0,125.0,195.0
859,1,7806,5,170.0,125.0,195.0
859,1,7807,5,170.0,125.0,195.0
859,1,7808,5,170.0,125.0,195.0
859,1,7809,5,170.0,125.0,195.0
859,1,7810,5,170.0,125.0,195.0
859,1,7811,5,170.0,125.0,195.0
859,1,7939,5,170.0,125.0,195.0
859,1,7941,5,170.0,125.0,195.0
859,1,8062,5,170.0,125.0,195.0
858,0,126,5,171.0,120.0,210.0
858,0,127,5,171.0,120.0,210.0
858,0,145,5,171.0,120.0,210.0
858,0,186,5,171.0,120.0,210.0
858,0,187,5,171.0,120.0,210.0
858,0,188,5,171.0,120.0,210.0
858,0,189,5,171.0,120.0,210.0
858,0,190,5,171.0,120.0,210.0
858,0,191,5,171.0,120.0,210.0
858,0,192,5,171.0,120.0,210.0
858,0,194,5,171.0,120.0,210.0
858,0,238,5,171.0,120.0,210.0
858,0,3295,5,171.0,120.0,210.0
858,0,3304,5,171.0,120.0,210.0
858,0,3315,5,171.0,120.0,210.0
858,0,376,5,171.0,120.0,210.0
858,0,377,5,171.0,120.0,210.0
858,0,378,5,171.0,120.0,210.0
858,0,379,5,171.0,120.0,210.0
858,0,380,5,171.0,120.0,210.0
858,0,5549,5,171.0,120.0,210.0
858,0,5550,5,171.0,120.0,210.0
858,0,5552,5,171.0,120.0,210.0
858,0,5553,5,171.0,120.0,210.0
858,0,5565,5,171.0,120.0,210.0
858,0,621,5,171.0,120.0,210.0
858,0,622,5,171.0,120.0,210.0
858,0,623,5,171.0,120.0,210.0
858,0,636,5,171.0,120.0,210.0
858,0,665,5,171.0,120.0,210.0
858,0,668,5,171.0,120.0,210.0
858,0,7794,5,171.0,120.0,210.0
858,0,7795,5,171.0,120.0,210.0
858,0,7796,5,171.0,120.0,210.0
858,0,7797,5,171.0,120.0,210.0
858,0,7798,5,171.0,120.0,210.0
858,0,7799,5,171.0,120.0,210.0
858,0,7800,5,171.0,120.0,210.0
858,0,7801,5,171.0,120.0,210.0
858,0,7802,5,171.0,120.0,210.0
1098,0,102,5,173.0,145.0,210.0
1098,0,103,5,173.0,145.0,210.0
1098,0,105,5,173.0,145.0,210.0
1098,0,1204,5,173.0,145.0,210.0
1098,0,1639,5,173.0,145.0,210.0
1098,0,1640,5,173.0,145.0,210.0
1098,0,1641,5,173.0,145.0,210.0
1098,0,320,5,173.0,145.0,210.0
1098,0,321,5,173.0,145.0,210.0
1098,0,40,5,173.0,145.0,210.0
1098,0,409,5,173.0,145.0,210.0
1098,0,410,5,173.0,145.0,210.0
1098,0,411,5,173.0,145.0,210.0
1098,0,412,5,173.0,145.0,210.0
1098,0,413,5,173.0,145.0,210.0
1098,0,414,5,173.0,145.0,210.0
1098,0,415,5,173.0,145.0,210.0
1098,0,416,5,173.0,145.0,210.0
1098,0,418,5,173.0,145.0,210.0
1098,0,419,5,173.0,145.0,210.0
1098,0,454,5,173.0,145.0,210.0
1098,0,5785,5,173.0,145.0,210.0
1003,1,1882,4,173.75,150.0,195.0
1003,1,1883,4,173.75,150.0,195.0
1003,1,1884,4,173.75,150.0,195.0
1003,1,1885,4,173.75,150.0,195.0
1003,1,1886,4,173.75,150.0,195.0
1003,1,1887,4,173.75,150.0,195.0
1003,1,1888,4,173.75,150.0,195.0
1003,1,1889,4,173.75,150.0,195.0
1003,1,1890,4,173.75,150.0,195.0
1003,1,1891,4,173.75,150.0,195.0
1003,1,1892,4,173.75,150.0,195.0
1003,1,1893,4,173.75,150.0,195.0
1003,1,1894,4,173.75,150.0,195.0
1003,1,1895,4,173.75,150.0,195.0
1003,1,1896,4,173.75,150.0,195.0
1003,1,1897,4,173.75,150.0,195.0
1003,1,1898,4,173.75,150.0,195.0
1003,1,1899,4,173.75,150.0,195.0
1003,1,1900,4,173.75,150.0,195.0
1003,1,1901,4,173.75,150.0,195.0
1003,1,1902,4,173.75,150.0,195.0
1003,1,1903,4,173.75,150.0,195.0
1003,1,217,4,173.75,150.0,195.0
1003,1,289,4,173.75,150.0,195.0
1003,1,290,4,173.75,150.0,195.0
1003,1,291,4,173.75,150.0,195.0
1003,1,292,4,173.75,150.0,195.0
1003,1,293,4,173.75,150.0,195.0
1003,1,294,4,173.75,150.0,195.0
1003,1,352,4,173.75,150.0,195.0
1003,1,353,4,173.75,150.0,195.0
1003,1,354,4,173.75,150.0,195.0
1003,1,355,4,173.75,150.0,195.0
1003,1,356,4,173.75,150.0,195.0
1003,1,357,4,173.75,150.0,195.0
1003,1,358,4,173.75,150.0,195.0
1003,1,360,4,173.75,150.0,195.0
1003,1,361,4,173.75,150.0,195.0
1003,1,362,4,173.75,150.0,195.0
1003,1,3855,4,173.75,150.0,195.0
1003,1,40,4,173.75,150.0,195.0
1003,1,41,4,173.75,150.0,195.0
1003,1,42,4,173.75,150.0,195.0
1003,1,43,4,173.75,150.0,195.0
1003,1,44,4,173.75,150.0,195.0
1003,1,45,4,173.75,150.0,195.0
146,0,106476,1,175.0,175.0,175.0
146,0,106477,1,175.0,175.0,175.0
146,0,106819,1,175.0,175.0,175.0
146,0,1777,1,175.0,175.0,175.0
146,0,1778,1,175.0,175.0,175.0
146,0,1779,1,175.0,175.0,175.0
146,0,1780,1,175.0,175.0,175.0
146,0,1781,1,175.0,175.0,175.0
146,0,1782,1,175.0,175.0,175.0
146,0,1783,1,175.0,175.0,175.0
146,0,1784,1,175.0,175.0,175.0
146,0,1785,1,175.0,175.0,175.0
146,0,1788,1,175.0,175.0,175.0
146,0,1790,1,175.0,175.0,175.0
146,0,1791,1,175.0,175.0,175.0
146,0,1792,1,175.0,175.0,175.0
146,0,1795,1,175.0,175.0,175.0
146,0,1796,1,175.0,175.0,175.0
146,0,1798,1,175.0,175.0,175.0
146,0,1799,1,175.0,175.0,175.0
146,0,1801,1,175.0,175.0,175.0
146,0,1802,1,175.0,175.0,175.0
146,0,1807,1,175.0,175.0,175.0
146,0,1816,1,175.0,175.0,175.0
146,0,1817,1,175.0,175.0,175.0
146,0,319,1,175.0,175.0,175.0
146,0,320,1,175.0,175.0,175.0
146,0,321,1,175.0,175.0,175.0
146,0,794,1,175.0,175.0,175.0
146,0,796,1,175.0,175.0,175.0
147,1,106,1,175.0,175.0,175.0
147,1,106476,1,175.0,175.0,175.0
147,1,106477,1,175.0,175.0,175.0
147,1,1786,1,175.0,175.0,175.0
147,1,1787,1,175.0,175.0,175.0
147,1,1797,1,175.0,175.0,175.0
147,1,1800,1,175.0,175.0,175.0
147,1,1803,1,175.0,175.0,175.0
147,1,1804,1,175.0,175.0,175.0
147,1,1805,1,175.0,175.0,175.0
147,1,1806,1,175.0,175.0,175.0
147,1,1808,1,175.0,175.0,175.0
147,1,1809,1,175.0,175.0,175.0
147,1,1810,1,175.0,175.0,175.0
147,1,1811,1,175.0,175.0,175.0
147,1,1812,1,175.0,175.0,175.0
147,1,1813,1,175.0,175.0,175.0
147,1,1814,1,175.0,175.0,175.0
147,1,1815,1,175.0,175.0,175.0
147,1,1818,1,175.0,175.0,175.0
147,1,1819,1,175.0,175.0,175.0
147,1,1820,1,175.0,175.0,175.0
147,1,1821,1,175.0,175.0,175.0
147,1,1822,1,175.0,175.0,175.0
147,1,1823,1,175.0,175.0,175.0
147,1,1824,1,175.0,175.0,175.0
147,1,1825,1,175.0,175.0,175.0
147,1,1826,1,175.0,175.0,175.0
147,1,1827,1,175.0,175.0,175.0
147,1,1828,1,175.0,175.0,175.0
147,1,795,1,175.0,175.0,175.0
245,0,102,3,175.0,60.0,390.0
245,0,103,3,175.0,60.0,390.0
245,0,105,3,175.0,60.0,390.0
245,0,106815,3,175.0,60.0,390.0
245,0,106816,3,175.0,60.0,390.0
245,0,1204,3,175.0,60.0,390.0
245,0,1321,3,175.0,60.0,390.0
245,0,1322,3,175.0,60.0,390.0
245,0,1369,3,175.0,60.0,390.0
245,0,1370,3,175.0,60.0,390.0
245,0,1371,3,175.0,60.0,390.0
245,0,1372,3,175.0,60.0,390.0
245,0,1373,3,175.0,60.0,390.0
245,0,1374,3,175.0,60.0,390.0
245,0,1375,3,175.0,60.0,390.0
245,0,1398,3,175.0,60.0,390.0
245,0,1399,3,175.0,60.0,390.0
245,0,1417,3,175.0,60.0,390.0
245,0,1423,3,175.0,60.0,390.0
245,0,1426,3,175.0,60.0,390.0
245,0,1568,3,175.0,60.0,390.0
245,0,1570,3,175.0,60.0,390.0
245,0,1571,3,175.0,60.0,390.0
245,0,1582,3,175.0,60.0,390.0
245,0,1632,3,175.0,60.0,390.0
245,0,1634,3,175.0,60.0,390.0
245,0,1635,3,175.0,60.0,390.0
245,0,2052,3,175.0,60.0,390.0
245,0,2053,3,175.0,60.0,390.0
245,0,2054,3,175.0,60.0,390.0
245,0,2055,3,175.0,60.0,390.0
245,0,2056,3,175.0,60.0,390.0
245,0,2057,3,175.0,60.0,390.0
245,0,2058,3,175.0,60.0,390.0
245,0,2059,3,175.0,60.0,390.0
245,0,2060,3,175.0,60.0,390.0
245,0,2061,3,175.0,60.0,390.0
245,0,2063,3,175.0,60.0,390.0
245,0,2386,3,175.0,60.0,390.0
245,0,2433,3,175.0,60.0,390.0
245,0,2434,3,175.0,60.0,390.0
245,0,2435,3,175.0,60.0,390.0
245,0,2436,3,175.0,60.0,390.0
245,0,2437,3,175.0,60.0,390.0
245,0,2438,3,175.0,60.0,390.0
245,0,2439,3,175.0,60.0,390.0
245,0,2440,3,175.0,60.0,390.0
245,0,2441,3,175.0,60.0,390.0
245,0,2442,3,175.0,60.0,390.0
245,0,2443,3,175.0,60.0,390.0
245,0,2444,3,175.0,60.0,390.0
245,0,2498,3,175.0,60.0,390.0
245,0,2500,3,175.0,60.0,390.0
245,0,2501,3,175.0,60.0,390.0
245,0,2502,3,175.0,60.0,390.0
245,0,2503,3,175.0,60.0,390.0
245,0,2504,3,175.0,60.0,390.0
245,0,2505,3,175.0,60.0,390.0
245,0,2506,3,175.0,60.0,390.0
245,0,2738,3,175.0,60.0,390.0
245,0,2905,3,175.0,60.0,390.0
245,0,2906,3,175.0,60.0,390.0
245,0,2907,3,175.0,60.0,390.0
245,0,2908,3,175.0,60.0,390.0
245,0,2909,3,175.0,60.0,390.0
245,0,2910,3,175.0,60.0,390.0
245,0,2911,3,175.0,60.0,390.0
245,0,2912,3,175.0,60.0,390.0
245,0,2913,3,175.0,60.0,390.0
245,0,2914,3,175.0,60.0,390.0
245,0,2915,3,175.0,60.0,390.0
245,0,2916,3,175.0,60.0,390.0
245,0,2917,3,175.0,60.0,390.0
245,0,2918,3,175.0,60.0,390.0
245,0,2919,3,175.0,60.0,390.0
245,0,2920,3,175.0,60.0,390.0
245,0,2921,3,175.0,60.0,390.0
245,0,2922,3,175.0,60.0,390.0
245,0,2923,3,175.0,60.0,390.0
245,0,2924,3,175.0,60.0,390.0
245,0,2925,3,175.0,60.0,390.0
245,0,2926,3,175.0,60.0,390.0
245,0,2927,3,175.0,60.0,390.0
245,0,2928,3,175.0,60.0,390.0
245,0,2929,3,175.0,60.0,390.0
245,0,2930,3,175.0,60.0,390.0
245,0,2931,3,175.0,60.0,390.0
245,0,2932,3,175.0,60.0,390.0
245,0,2933,3,175.0,60.0,390.0
245,0,2934,3,175.0,60.0,390.0
245,0,2935,3,175.0,60.0,390.0
245,0,2936,3,175.0,60.0,390.0
245,0,2937,3,175.0,60.0,390.0
245,0,2938,3,175.0,60.0,390.0
245,0,2939,3,175.0,60.0,390.0
245,0,2940,3,175.0,60.0,390.0
245,0,2941,3,175.0,60.0,390.0
245,0,2942,3,175.0,60.0,390.0
245,0,3045,3,175.0,60.0,390.0
245,0,319,3,175.0,60.0,390.0
245,0,320,3,175.0,60.0,390.0
245,0,321,3,175.0,60.0,390.0
245,0,3372,3,175.0,60.0,390.0
246,1,107,3,180.0,60.0,375.0
246,1,1204,3,180.0,60.0,375.0
246,1,1323,3,180.0,60.0,375.0
246,1,1324,3,180.0,60.0,375.0
246,1,1325,3,180.0,60.0,375.0
246,1,1370,3,180.0,60.0,375.0
246,1,1375,3,180.0,60.0,375.0
246,1,1379,3,180.0,60.0,375.0
246,1,1380,3,180.0,60.0,375.0
246,1,1381,3,180.0,60.0,375.0
246,1,1382,3,180.0,60.0,375.0
246,1,1383,3,180.0,60.0,375.0
246,1,1398,3,180.0,60.0,375.0
246,1,1400,3,180.0,60.0,375.0
246,1,1422,3,180.0,60.0,375.0
246,1,1423,3,180.0,60.0,375.0
246,1,1436,3,180.0,60.0,375.0
246,1,1574,3,180.0,60.0,375.0
246,1,1575,3,180.0,60.0,375.0
246,1,1576,3,180.0,60.0,375.0
246,1,1577,3,180.0,60.0,375.0
246,1,1581,3,180.0,60.0,375.0
246,1,1582,3,180.0,60.0,375.0
246,1,1583,3,180.0,60.0,375.0
246,1,2056,3,180.0,60.0,375.0
246,1,2065,3,180.0,60.0,375.0
246,1,2066,3,180.0,60.0,375.0
246,1,2067,3,180.0,60.0,375.0
246,1,2068,3,180.0,60.0,375.0
246,1,2069,3,180.0,60.0,375.0
246,1,2070,3,180.0,60.0,375.0
246,1,2071,3,180.0,60.0,375.0
246,1,2074,3,180.0,60.0,375.0
246,1,2075,3,180.0,60.0,375.0
246,1,2076,3,180.0,60.0,375.0
246,1,2230,3,180.0,60.0,375.0
246,1,2389,3,180.0,60.0,375.0
246,1,2441,3,180.0,60.0,375.0
246,1,2445,3,180.0,60.0,375.0
246,1,2446,3,180.0,60.0,375.0
246,1,2447,3,180.0,60.0,375.0
246,1,2448,3,180.0,60.0,375.0
246,1,2449,3,180.0,60.0,375.0
246,1,2450,3,180.0,60.0,375.0
246,1,2451,3,180.0,60.0,375.0
246,1,2452,3,180.0,60.0,375.0
246,1,2454,3,180.0,60.0,375.0
246,1,2455,3,180.0,60.0,375.0
246,1,2499,3,180.0,60.0,375.0
246,1,2509,3,180.0,60.0,375.0
246,1,2510,3,180.0,60.0,375.0
246,1,2511,3,180.0,60.0,375.0
246,1,2512,3,180.0,60.0,375.0
246,1,2513,3,180.0,60.0,375.0
246,1,2514,3,180.0,60.0,375.0
246,1,2515,3,180.0,60.0,375.0
246,1,2738,3,180.0,60.0,375.0
246,1,2752,3,180.0,60.0,375.0
246,1,2905,3,180.0,60.0,375.0
246,1,2908,3,180.0,60.0,375.0
246,1,2914,3,180.0,60.0,375.0
246,1,2943,3,180.0,60.0,375.0
246,1,2944,3,180.0,60.0,375.0
246,1,2945,3,180.0,60.0,375.0
246,1,2946,3,180.0,60.0,375.0
246,1,2947,3,180.0,60.0,375.0
246,1,2948,3,180.0,60.0,375.0
246,1,2949,3,180.0,60.0,375.0
246,1,2950,3,180.0,60.0,375.0
246,1,2951,3,180.0,60.0,375.0
246,1,2952,3,180.0,60.0,375.0
246,1,2953,3,180.0,60.0,375.0
246,1,2954,3,180.0,60.0,375.0
246,1,2955,3,180.0,60.0,375.0
246,1,2956,3,180.0,60.0,375.0
246,1,2957,3,180.0,60.0,375.0
246,1,2958,3,180.0,60.0,375.0
246,1,2959,3,180.0,60.0,375.0
246,1,2960,3,180.0,60.0,375.0
246,1,2961,3,180.0,60.0,375.0
246,1,2962,3,180.0,60.0,375.0
246,1,2963,3,180.0,60.0,375.0
246,1,2964,3,180.0,60.0,375.0
246,1,2965,3,180.0,60.0,375.0
246,1,2966,3,180.0,60.0,375.0
246,1,2967,3,180.0,60.0,375.0
246,1,2968,3,180.0,60.0,375.0
246,1,2969,3,180.0,60.0,375.0
246,1,2970,3,180.0,60.0,375.0
246,1,2971,3,180.0,60.0,375.0
246,1,2972,3,180.0,60.0,375.0
246,1,2973,3,180.0,60.0,375.0
246,1,2974,3,180.0,60.0,375.0
246,1,2975,3,180.0,60.0,375.0
246,1,2976,3,180.0,60.0,375.0
246,1,3045,3,180.0,60.0,375.0
246,1,349,3,180.0,60.0,375.0
246,1,3857,3,180.0,60.0,375.0
246,1,4568,3,180.0,60.0,375.0
246,1,458,3,180.0,60.0,375.0
531,1,136,3,180.0,30.0,275.0
531,1,137,3,180.0,30.0,275.0
531,1,138,3,180.0,30.0,275.0
531,1,139,3,180.0,30.0,275.0
531,1,141,3,180.0,30.0,275.0
531,1,5420,3,180.0,30.0,275.0
531,1,5424,3,180.0,30.0,275.0
531,1,5425,3,180.0,30.0,275.0
531,1,5426,3,180.0,30.0,275.0
531,1,5427,3,180.0,30.0,275.0
531,1,5428,3,180.0,30.0,275.0
531,1,5429,3,180.0,30.0,275.0
531,1,5430,3,180.0,30.0,275.0
531,1,5431,3,180.0,30.0,275.0
531,1,5432,3,180.0,30.0,275.0
531,1,5433,3,180.0,30.0,275.0
531,1,5434,3,180.0,30.0,275.0
531,1,5435,3,180.0,30.0,275.0
531,1,5436,3,180.0,30.0,275.0
531,1,5437,3,180.0,30.0,275.0
531,1,5438,3,180.0,30.0,275.0
531,1,5439,3,180.0,30.0,275.0
531,1,5440,3,180.0,30.0,275.0
531,1,5441,3,180.0,30.0,275.0
531,1,5505,3,180.0,30.0,275.0
531,1,5506,3,180.0,30.0,275.0
531,1,5507,3,180.0,30.0,275.0
531,1,5508,3,180.0,30.0,275.0
531,1,5509,3,180.0,30.0,275.0
531,1,5510,3,180.0,30.0,275.0
531,1,5511,3,180.0,30.0,275.0
531,1,5512,3,180.0,30.0,275.0
531,1,5513,3,180.0,30.0,275.0
531,1,5514,3,180.0,30.0,275.0
531,1,5515,3,180.0,30.0,275.0
531,1,5517,3,180.0,30.0,275.0
531,1,5518,3,180.0,30.0,275.0
531,1,5519,3,180.0,30.0,275.0
531,1,5520,3,180.0,30.0,275.0
531,1,5590,3,180.0,30.0,275.0
531,1,5597,3,180.0,30.0,275.0
531,1,5614,3,180.0,30.0,275.0
531,1,5622,3,180.0,30.0,275.0
531,1,5623,3,180.0,30.0,275.0
531,1,5624,3,180.0,30.0,275.0
531,1,5625,3,180.0,30.0,275.0
531,1,5626,3,180.0,30.0,275.0
531,1,5627,3,180.0,30.0,275.0
531,1,5628,3,180.0,30.0,275.0
531,1,5629,3,180.0,30.0,275.0
531,1,5630,3,180.0,30.0,275.0
531,1,5631,3,180.0,30.0,275.0
531,1,5632,3,180.0,30.0,275.0
531,1,5633,3,180.0,30.0,275.0
531,1,5634,3,180.0,30.0,275.0
531,1,5635,3,180.0,30.0,275.0
531,1,5636,3,180.0,30.0,275.0
531,1,5637,3,180.0,30.0,275.0
531,1,5638,3,180.0,30.0,275.0
531,1,5639,3,180.0,30.0,275.0
531,1,5640,3,180.0,30.0,275.0
531,1,5641,3,180.0,30.0,275.0
531,1,5642,3,180.0,30.0,275.0
531,1,5643,3,180.0,30.0,275.0
531,1,5644,3,180.0,30.0,275.0
531,1,5645,3,180.0,30.0,275.0
531,1,5646,3,180.0,30.0,275.0
531,1,5647,3,180.0,30.0,275.0
531,1,5648,3,180.0,30.0,275.0
531,1,5649,3,180.0,30.0,275.0
531,1,5650,3,180.0,30.0,275.0
531,1,5651,3,180.0,30.0,275.0
531,1,5652,3,180.0,30.0,275.0
531,1,5653,3,180.0,30.0,275.0
531,1,5654,3,180.0,30.0,275.0
531,1,5655,3,180.0,30.0,275.0
531,1,5656,3,180.0,30.0,275.0
531,1,5657,3,180.0,30.0,275.0
531,1,5658,3,180.0,30.0,275.0
531,1,5659,3,180.0,30.0,275.0
531,1,5660,3,180.0,30.0,275.0
531,1,5661,3,180.0,30.0,275.0
531,1,5662,3,180.0,30.0,275.0
531,1,5698,3,180.0,30.0,275.0
982,0,117,5,180.0,105.0,215.0
982,0,118,5,180.0,105.0,215.0
982,0,119,5,180.0,105.0,215.0
982,0,120,5,180.0,105.0,215.0
982,0,121,5,180.0,105.0,215.0
982,0,1968,5,180.0,105.0,215.0
982,0,1969,5,180.0,105.0,215.0
982,0,1970,5,180.0,105.0,215.0
982,0,1971,5,180.0,105.0,215.0
982,0,1972,5,180.0,105.0,215.0
982,0,1973,5,180.0,105.0,215.0
982,0,1974,5,180.0,105.0,215.0
982,0,1975,5,180.0,105.0,215.0
982,0,1976,5,180.0,105.0,215.0
982,0,1977,5,180.0,105.0,215.0
982,0,1978,5,180.0,105.0,215.0
982,0,1989,5,180.0,105.0,215.0
982,0,200,5,180.0,105.0,215.0
982,0,201,5,180.0,105.0,215.0
982,0,202,5,180.0,105.0,215.0
982,0,203,5,180.0,105.0,215.0
982,0,204,5,180.0,105.0,215.0
982,0,205,5,180.0,105.0,215.0
982,0,206,5,180.0,105.0,215.0
982,0,207,5,180.0,105.0,215.0
982,0,217,5,180.0,105.0,215.0
982,0,277,5,180.0,105.0,215.0
982,0,278,5,180.0,105.0,215.0
982,0,281,5,180.0,105.0,215.0
982,0,282,5,180.0,105.0,215.0
982,0,4672,5,180.0,105.0,215.0
982,0,8177,5,180.0,105.0,215.0
982,0,8179,5,180.0,105.0,215.0
982,0,8180,5,180.0,105.0,215.0
982,0,8181,5,180.0,105.0,215.0
982,0,8182,5,180.0,105.0,215.0
982,0,8183,5,180.0,105.0,215.0
982,0,8184,5,180.0,105.0,215.0
982,0,8185,5,180.0,105.0,215.0
982,0,8202,5,180.0,105.0,215.0
982,0,8362,5,180.0,105.0,215.0
982,0,8377,5,180.0,105.0,215.0
982,0,8378,5,180.0,105.0,215.0
982,0,8379,5,180.0,105.0,215.0
982,0,8380,5,180.0,105.0,215.0
982,0,8381,5,180.0,105.0,215.0
982,0,8382,5,180.0,105.0,215.0
982,0,8383,5,180.0,105.0,215.0
982,0,8384,5,180.0,105.0,215.0
982,0,8385,5,180.0,105.0,215.0
982,0,8386,5,180.0,105.0,215.0
982,0,8387,5,180.0,105.0,215.0
982,0,8388,5,180.0,105.0,215.0
982,0,8389,5,180.0,105.0,215.0
982,0,8605,5,180.0,105.0,215.0
935,1,114,4,182.5,130.0,295.0
935,1,115,4,182.5,130.0,295.0
935,1,116,4,182.5,130.0,295.0
935,1,117,4,182.5,130.0,295.0
935,1,118,4,182.5,130.0,295.0
935,1,119,4,182.5,130.0,295.0
935,1,120,4,182.5,130.0,295.0
935,1,121,4,182.5,130.0,295.0
935,1,1277,4,182.5,130.0,295.0
935,1,130,4,182.5,130.0,295.0
935,1,131,4,182.5,130.0,295.0
935,1,144,4,182.5,130.0,295.0
935,1,145,4,182.5,130.0,295.0
935,1,158,4,182.5,130.0,295.0
935,1,159,4,182.5,130.0,295.0
935,1,161,4,182.5,130.0,295.0
935,1,162,4,182.5,130.0,295.0
935,1,163,4,182.5,130.0,295.0
935,1,164,4,182.5,130.0,295.0
935,1,172,4,182.5,130.0,295.0
935,1,1838,4,182.5,130.0,295.0
935,1,1840,4,182.5,130.0,295.0
935,1,1841,4,182.5,130.0,295.0
935,1,1842,4,182.5,130.0,295.0
935,1,1843,4,182.5,130.0,295.0
935,1,1844,4,182.5,130.0,295.0
935,1,1911,4,182.5,130.0,295.0
935,1,1913,4,182.5,130.0,295.0
935,1,1914,4,182.5,130.0,295.0
935,1,373,4,182.5,130.0,295.0
935,1,394,4,182.5,130.0,295.0
935,1,445,4,182.5,130.0,295.0
935,1,446,4,182.5,130.0,295.0
935,1,447,4,182.5,130.0,295.0
935,1,448,4,182.5,130.0,295.0
935,1,449,4,182.5,130.0,295.0
935,1,4536,4,182.5,130.0,295.0
935,1,4537,4,182.5,130.0,295.0
935,1,4626,4,182.5,130.0,295.0
935,1,4627,4,182.5,130.0,295.0
935,1,4628,4,182.5,130.0,295.0
935,1,4629,4,182.5,130.0,295.0
935,1,4630,4,182.5,130.0,295.0
935,1,4631,4,182.5,130.0,295.0
935,1,4632,4,182.5,130.0,295.0
935,1,4633,4,182.5,130.0,295.0
935,1,4634,4,182.5,130.0,295.0
935,1,4635,4,182.5,130.0,295.0
935,1,4636,4,182.5,130.0,295.0
935,1,4637,4,182.5,130.0,295.0
935,1,4638,4,182.5,130.0,295.0
935,1,4639,4,182.5,130.0,295.0
935,1,4640,4,182.5,130.0,295.0
935,1,4641,4,182.5,130.0,295.0
935,1,4642,4,182.5,130.0,295.0
935,1,4643,4,182.5,130.0,295.0
935,1,4688,4,182.5,130.0,295.0
935,1,4692,4,182.5,130.0,295.0
935,1,4693,4,182.5,130.0,295.0
935,1,4694,4,182.5,130.0,295.0
935,1,4695,4,182.5,130.0,295.0
935,1,790,4,182.5,130.0,295.0
935,1,791,4,182.5,130.0,295.0
935,1,792,4,182.5,130.0,295.0
935,1,793,4,182.5,130.0,295.0
935,1,795,4,182.5,130.0,295.0
935,1,8234,4,182.5,130.0,295.0
935,1,8235,4,182.5,130.0,295.0
484,0,102,5,183.0,95.0,340.0
484,0,103,5,183.0,95.0,340.0
484,0,1031,5,183.0,95.0,340.0
484,0,1032,5,183.0,95.0,340.0
484,0,1033,5,183.0,95.0,340.0
484,0,1034,5,183.0,95.0,340.0
484,0,1035,5,183.0,95.0,340.0
484,0,1040,5,183.0,95.0,340.0
484,0,1041,5,183.0,95.0,340.0
484,0,1043,5,183.0,95.0,340.0
484,0,1044,5,183.0,95.0,340.0
484,0,1045,5,183.0,95.0,340.0
484,0,1047,5,183.0,95.0,340.0
484,0,1048,5,183.0,95.0,340.0
484,0,105,5,183.0,95.0,340.0
484,0,106,5,183.0,95.0,340.0
484,0,107,5,183.0,95.0,340.0
484,0,1204,5,183.0,95.0,340.0
484,0,1742,5,183.0,95.0,340.0
484,0,264,5,183.0,95.0,340.0
484,0,35,5,183.0,95.0,340.0
484,0,3855,5,183.0,95.0,340.0
484,0,5123,5,183.0,95.0,340.0
484,0,5124,5,183.0,95.0,340.0
484,0,5125,5,183.0,95.0,340.0
484,0,5126,5,183.0,95.0,340.0
484,0,5127,5,183.0,95.0,340.0
484,0,5128,5,183.0,95.0,340.0
484,0,5129,5,183.0,95.0,340.0
484,0,5130,5,183.0,95.0,340.0
484,0,5131,5,183.0,95.0,340.0
484,0,5132,5,183.0,95.0,340.0
484,0,5133,5,183.0,95.0,340.0
484,0,5134,5,183.0,95.0,340.0
484,0,5135,5,183.0,95.0,340.0
484,0,5136,5,183.0,95.0,340.0
484,0,5137,5,183.0,95.0,340.0
484,0,5138,5,183.0,95.0,340.0
484,0,5140,5,183.0,95.0,340.0
484,0,5141,5,183.0,95.0,340.0
484,0,5143,5,183.0,95.0,340.0
484,0,5144,5,183.0,95.0,340.0
484,0,5145,5,183.0,95.0,340.0
484,0,5149,5,183.0,95.0,340.0
484,0,5844,5,183.0,95.0,340.0
484,0,6467,5,183.0,95.0,340.0
484,0,6560,5,183.0,95.0,340.0
484,0,6566,5,183.0,95.0,340.0
484,0,6567,5,183.0,95.0,340.0
484,0,6568,5,183.0,95.0,340.0
484,0,6596,5,183.0,95.0,340.0
484,0,728,5,183.0,95.0,340.0
484,0,729,5,183.0,95.0,340.0
484,0,730,5,183.0,95.0,340.0
484,0,731,5,183.0,95.0,340.0
484,0,732,5,183.0,95.0,340.0
484,0,939,5,183.0,95.0,340.0
484,0,940,5,183.0,95.0,340.0
484,0,941,5,183.0,95.0,340.0
484,0,942,5,183.0,95.0,340.0
484,0,943,5,183.0,95.0,340.0
484,0,944,5,183.0,95.0,340.0
484,0,945,5,183.0,95.0,340.0
484,0,946,5,183.0,95.0,340.0
484,0,947,5,183.0,95.0,340.0
484,0,948,5,183.0,95.0,340.0
484,0,972,5,183.0,95.0,340.0
484,0,973,5,183.0,95.0,340.0
485,1,103,5,183.0,95.0,325.0
485,1,1031,5,183.0,95.0,325.0
485,1,1036,5,183.0,95.0,325.0
485,1,1037,5,183.0,95.0,325.0
485,1,1038,5,183.0,95.0,325.0
485,1,105,5,183.0,95.0,325.0
485,1,1050,5,183.0,95.0,325.0
485,1,1051,5,183.0,95.0,325.0
485,1,1052,5,183.0,95.0,325.0
485,1,1053,5,183.0,95.0,325.0
485,1,1056,5,183.0,95.0,325.0
485,1,107,5,183.0,95.0,325.0
485,1,1204,5,183.0,95.0,325.0
485,1,1737,5,183.0,95.0,325.0
485,1,1743,5,183.0,95.0,325.0
485,1,1744,5,183.0,95.0,325.0
485,1,1746,5,183.0,95.0,325.0
485,1,1827,5,183.0,95.0,325.0
485,1,304,5,183.0,95.0,325.0
485,1,319,5,183.0,95.0,325.0
485,1,321,5,183.0,95.0,325.0
485,1,40,5,183.0,95.0,325.0
485,1,461,5,183.0,95.0,325.0
485,1,5123,5,183.0,95.0,325.0
485,1,5124,5,183.0,95.0,325.0
485,1,5125,5,183.0,95.0,325.0
485,1,5126,5,183.0,95.0,325.0
485,1,5127,5,183.0,95.0,325.0
485,1,5128,5,183.0,95.0,325.0
485,1,5129,5,183.0,95.0,325.0
485,1,5130,5,183.0,95.0,325.0
485,1,5132,5,183.0,95.0,325.0
485,1,5153,5,183.0,95.0,325.0
485,1,5154,5,183.0,95.0,325.0
485,1,5155,5,183.0,95.0,325.0
485,1,5156,5,183.0,95.0,325.0
485,1,5158,5,183.0,95.0,325.0
485,1,5159,5,183.0,95.0,325.0
485,1,5160,5,183.0,95.0,325.0
485,1,5161,5,183.0,95.0,325.0
485,1,5162,5,183.0,95.0,325.0
485,1,5163,5,183.0,95.0,325.0
485,1,5164,5,183.0,95.0,325.0
485,1,5165,5,183.0,95.0,325.0
485,1,5166,5,183.0,95.0,325.0
485,1,5167,5,183.0,95.0,325.0
485,1,5168,5,183.0,95.0,325.0
485,1,5169,5,183.0,95.0,325.0
485,1,5170,5,183.0,95.0,325.0
485,1,5172,5,183.0,95.0,325.0
485,1,6575,5,183.0,95.0,325.0
485,1,734,5,183.0,95.0,325.0
485,1,735,5,183.0,95.0,325.0
485,1,736,5,183.0,95.0,325.0
485,1,737,5,183.0,95.0,325.0
485,1,738,5,183.0,95.0,325.0
485,1,739,5,183.0,95.0,325.0
485,1,949,5,183.0,95.0,325.0
485,1,950,5,183.0,95.0,325.0
485,1,951,5,183.0,95.0,325.0
485,1,952,5,183.0,95.0,325.0
485,1,953,5,183.0,95.0,325.0
485,1,954,5,183.0,95.0,325.0
485,1,955,5,183.0,95.0,325.0
485,1,956,5,183.0,95.0,325.0
485,1,957,5,183.0,95.0,325.0
485,1,958,5,183.0,95.0,325.0
485,1,959,5,183.0,95.0,325.0
485,1,974,5,183.0,95.0,325.0
766,0,2142,5,183.0,145.0,245.0
766,0,2143,5,183.0,145.0,245.0
766,0,2144,5,183.0,145.0,245.0
766,0,2145,5,183.0,145.0,245.0
766,0,2146,5,183.0,145.0,245.0
766,0,2147,5,183.0,145.0,245.0
766,0,2148,5,183.0,145.0,245.0
766,0,2149,5,183.0,145.0,245.0
766,0,5822,5,183.0,145.0,245.0
766,0,6542,5,183.0,145.0,245.0
766,0,6906,5,183.0,145.0,245.0
766,0,698,5,183.0,145.0,245.0
766,0,699,5,183.0,145.0,245.0
766,0,700,5,183.0,145.0,245.0
766,0,701,5,183.0,145.0,245.0
766,0,702,5,183.0,145.0,245.0
766,0,703,5,183.0,145.0,245.0
766,0,704,5,183.0,145.0,245.0
766,0,761,5,183.0,145.0,245.0
766,0,762,5,183.0,145.0,245.0
766,0,763,5,183.0,145.0,245.0
766,0,764,5,183.0,145.0,245.0
766,0,765,5,183.0,145.0,245.0
766,0,862,5,183.0,145.0,245.0
766,0,865,5,183.0,145.0,245.0
766,0,868,5,183.0,145.0,245.0
766,0,869,5,183.0,145.0,245.0
766,0,870,5,183.0,145.0,245.0
766,0,873,5,183.0,145.0,245.0
766,0,883,5,183.0,145.0,245.0
766,0,884,5,183.0,145.0,245.0
766,0,886,5,183.0,145.0,245.0
766,0,888,5,183.0,145.0,245.0
766,0,932,5,183.0,145.0,245.0
766,0,966,5,183.0,145.0,245.0
766,0,967,5,183.0,145.0,245.0
766,0,968,5,183.0,145.0,245.0
17,1,106797,4,183.75,140.0,205.0
17,1,149,4,183.75,140.0,205.0
17,1,150,4,183.75,140.0,205.0
17,1,151,4,183.75,140.0,205.0
17,1,152,4,183.75,140.0,205.0
17,1,200,4,183.75,140.0,205.0
17,1,218,4,183.75,140.0,205.0
17,1,219,4,183.75,140.0,205.0
17,1,220,4,183.75,140.0,205.0
17,1,221,4,183.75,140.0,205.0
17,1,222,4,183.75,140.0,205.0
17,1,223,4,183.75,140.0,205.0
17,1,224,4,183.75,140.0,205.0
17,1,248,4,183.75,140.0,205.0
17,1,253,4,183.75,140.0,205.0
17,1,257,4,183.75,140.0,205.0
17,1,276,4,183.75,140.0,205.0
17,1,277,4,183.75,140.0,205.0
17,1,278,4,183.75,140.0,205.0
17,1,281,4,183.75,140.0,205.0
17,1,283,4,183.75,140.0,205.0
17,1,285,4,183.75,140.0,205.0
17,1,289,4,183.75,140.0,205.0
17,1,290,4,183.75,140.0,205.0
17,1,291,4,183.75,140.0,205.0
17,1,292,4,183.75,140.0,205.0
17,1,295,4,183.75,140.0,205.0
17,1,297,4,183.75,140.0,205.0
17,1,299,4,183.75,140.0,205.0
17,1,300,4,183.75,140.0,205.0
17,1,301,4,183.75,140.0,205.0
17,1,302,4,183.75,140.0,205.0
17,1,303,4,183.75,140.0,205.0
17,1,305,4,183.75,140.0,205.0
17,1,306,4,183.75,140.0,205.0
17,1,307,4,183.75,140.0,205.0
17,1,308,4,183.75,140.0,205.0
17,1,309,4,183.75,140.0,205.0
17,1,310,4,183.75,140.0,205.0
17,1,311,4,183.75,140.0,205.0
17,1,312,4,183.75,140.0,205.0
17,1,313,4,183.75,140.0,205.0
17,1,314,4,183.75,140.0,205.0
17,1,315,4,183.75,140.0,205.0
17,1,316,4,183.75,140.0,205.0
17,1,317,4,183.75,140.0,205.0
17,1,3855,4,183.75,140.0,205.0
17,1,40,4,183.75,140.0,205.0
17,1,41,4,183.75,140.0,205.0
17,1,42,4,183.75,140.0,205.0
17,1,43,4,183.75,140.0,205.0
17,1,44,4,183.75,140.0,205.0
17,1,45,4,183.75,140.0,205.0
17,1,4533,4,183.75,140.0,205.0
17,1,6467,4,183.75,140.0,205.0
17,1,8202,4,183.75,140.0,205.0
62,0,106808,1,185.0,185.0,185.0
62,0,1266,1,185.0,185.0,185.0
62,0,129,1,185.0,185.0,185.0
62,0,2105,1,185.0,185.0,185.0
62,0,248,1,185.0,185.0,185.0
62,0,249,1,185.0,185.0,185.0
62,0,250,1,185.0,185.0,185.0
62,0,251,1,185.0,185.0,185.0
62,0,252,1,185.0,185.0,185.0
62,0,254,1,185.0,185.0,185.0
62,0,255,1,185.0,185.0,185.0
62,0,256,1,185.0,185.0,185.0
62,0,274,1,185.0,185.0,185.0
62,0,310,1,185.0,185.0,185.0
62,0,327,1,185.0,185.0,185.0
62,0,3315,1,185.0,185.0,185.0
62,0,3354,1,185.0,185.0,185.0
62,0,3830,1,185.0,185.0,185.0
62,0,385,1,185.0,185.0,185.0
62,0,387,1,185.0,185.0,185.0
62,0,388,1,185.0,185.0,185.0
62,0,391,1,185.0,185.0,185.0
62,0,6328,1,185.0,185.0,185.0
62,0,727,1,185.0,185.0,185.0
62,0,729,1,185.0,185.0,185.0
62,0,730,1,185.0,185.0,185.0
62,0,731,1,185.0,185.0,185.0
62,0,732,1,185.0,185.0,185.0
62,0,772,1,185.0,185.0,185.0
62,0,773,1,185.0,185.0,185.0
62,0,774,1,185.0,185.0,185.0
62,0,775,1,185.0,185.0,185.0
62,0,776,1,185.0,185.0,185.0
62,0,778,1,185.0,185.0,185.0
62,0,779,1,185.0,185.0,185.0
62,0,780,1,185.0,185.0,185.0
62,0,782,1,185.0,185.0,185.0
62,0,783,1,185.0,185.0,185.0
62,0,784,1,185.0,185.0,185.0
62,0,786,1,185.0,185.0,185.0
62,0,788,1,185.0,185.0,185.0
62,0,789,1,185.0,185.0,185.0
62,0,794,1,185.0,185.0,185.0
62,0,796,1,185.0,185.0,185.0
62,0,797,1,185.0,185.0,185.0
62,0,798,1,185.0,185.0,185.0
62,0,799,1,185.0,185.0,185.0
62,0,804,1,185.0,185.0,185.0
983,1,149,4,185.0,165.0,215.0
983,1,150,4,185.0,165.0,215.0
983,1,151,4,185.0,165.0,215.0
983,1,152,4,185.0,165.0,215.0
983,1,1976,4,185.0,165.0,215.0
983,1,1979,4,185.0,165.0,215.0
983,1,1980,4,185.0,165.0,215.0
983,1,1981,4,185.0,165.0,215.0
983,1,1982,4,185.0,165.0,215.0
983,1,1983,4,185.0,165.0,215.0
983,1,1984,4,185.0,165.0,215.0
983,1,1985,4,185.0,165.0,215.0
983,1,1986,4,185.0,165.0,215.0
983,1,1987,4,185.0,165.0,215.0
983,1,1988,4,185.0,165.0,215.0
983,1,1989,4,185.0,165.0,215.0
983,1,217,4,185.0,165.0,215.0
983,1,218,4,185.0,165.0,215.0
983,1,219,4,185.0,165.0,215.0
983,1,220,4,185.0,165.0,215.0
983,1,221,4,185.0,165.0,215.0
983,1,222,4,185.0,165.0,215.0
983,1,223,4,185.0,165.0,215.0
983,1,224,4,185.0,165.0,215.0
983,1,225,4,185.0,165.0,215.0
983,1,283,4,185.0,165.0,215.0
983,1,284,4,185.0,165.0,215.0
983,1,285,4,185.0,165.0,215.0
983,1,287,4,185.0,165.0,215.0
983,1,288,4,185.0,165.0,215.0
983,1,3179,4,185.0,165.0,215.0
983,1,4533,4,185.0,165.0,215.0
983,1,4702,4,185.0,165.0,215.0
983,1,8179,4,185.0,165.0,215.0
983,1,8181,4,185.0,165.0,215.0
983,1,8183,4,185.0,165.0,215.0
983,1,8184,4,185.0,165.0,215.0
983,1,8186,4,185.0,165.0,215.0
983,1,8188,4,185.0,165.0,215.0
983,1,8189,4,185.0,165.0,215.0
983,1,8204,4,185.0,165.0,215.0
983,1,8362,4,185.0,165.0,215.0
983,1,8364,4,185.0,165.0,215.0
983,1,8365,4,185.0,165.0,215.0
983,1,8366,4,185.0,165.0,215.0
983,1,8367,4,185.0,165.0,215.0
983,1,8368,4,185.0,165.0,215.0
983,1,8369,4,185.0,165.0,215.0
983,1,8370,4,185.0,165.0,215.0
983,1,8371,4,185.0,165.0,215.0
983,1,8372,4,185.0,165.0,215.0
983,1,8373,4,185.0,165.0,215.0
983,1,8374,4,185.0,165.0,215.0
983,1,8375,4,185.0,165.0,215.0
983,1,8376,4,185.0,165.0,215.0
767,1,2185,5,186.0,140.0,220.0
767,1,2186,5,186.0,140.0,220.0
767,1,2187,5,186.0,140.0,220.0
767,1,2188,5,186.0,140.0,220.0
767,1,2189,5,186.0,140.0,220.0
767,1,2190,5,186.0,140.0,220.0
767,1,2191,5,186.0,140.0,220.0
767,1,2192,5,186.0,140.0,220.0
767,1,2193,5,186.0,140.0,220.0
767,1,2194,5,186.0,140.0,220.0
767,1,5823,5,186.0,140.0,220.0
767,1,5824,5,186.0,140.0,220.0
767,1,6543,5,186.0,140.0,220.0
767,1,698,5,186.0,140.0,220.0
767,1,699,5,186.0,140.0,220.0
767,1,700,5,186.0,140.0,220.0
767,1,701,5,186.0,140.0,220.0
767,1,702,5,186.0,140.0,220.0
767,1,703,5,186.0,140.0,220.0
767,1,704,5,186.0,140.0,220.0
767,1,7222,5,186.0,140.0,220.0
767,1,761,5,186.0,140.0,220.0
767,1,763,5,186.0,140.0,220.0
767,1,769,5,186.0,140.0,220.0
767,1,770,5,186.0,140.0,220.0
767,1,771,5,186.0,140.0,220.0
767,1,861,5,186.0,140.0,220.0
767,1,866,5,186.0,140.0,220.0
767,1,867,5,186.0,140.0,220.0
767,1,882,5,186.0,140.0,220.0
767,1,884,5,186.0,140.0,220.0
767,1,885,5,186.0,140.0,220.0
767,1,887,5,186.0,140.0,220.0
767,1,978,5,186.0,140.0,220.0
767,1,979,5,186.0,140.0,220.0
767,1,980,5,186.0,140.0,220.0
767,1,981,5,186.0,140.0,220.0
112,0,103,4,190.0,170.0,210.0
112,0,106815,4,190.0,170.0,210.0
112,0,106816,4,190.0,170.0,210.0
112,0,1204,4,190.0,170.0,210.0
112,0,1278,4,190.0,170.0,210.0
112,0,1279,4,190.0,170.0,210.0
112,0,1280,4,190.0,170.0,210.0
112,0,1281,4,190.0,170.0,210.0
112,0,1282,4,190.0,170.0,210.0
112,0,1283,4,190.0,170.0,210.0
112,0,1284,4,190.0,170.0,210.0
112,0,1285,4,190.0,170.0,210.0
112,0,1286,4,190.0,170.0,210.0
112,0,1287,4,190.0,170.0,210.0
112,0,1288,4,190.0,170.0,210.0
112,0,1289,4,190.0,170.0,210.0
112,0,1290,4,190.0,170.0,210.0
112,0,1291,4,190.0,170.0,210.0
112,0,1292,4,190.0,170.0,210.0
112,0,1293,4,190.0,170.0,210.0
112,0,1294,4,190.0,170.0,210.0
112,0,1295,4,190.0,170.0,210.0
112,0,1296,4,190.0,170.0,210.0
112,0,1297,4,190.0,170.0,210.0
112,0,1298,4,190.0,170.0,210.0
112,0,1299,4,190.0,170.0,210.0
112,0,1300,4,190.0,170.0,210.0
112,0,1301,4,190.0,170.0,210.0
112,0,1302,4,190.0,170.0,210.0
112,0,1303,4,190.0,170.0,210.0
112,0,1305,4,190.0,170.0,210.0
112,0,1306,4,190.0,170.0,210.0
112,0,1307,4,190.0,170.0,210.0
112,0,1308,4,190.0,170.0,210.0
112,0,1309,4,190.0,170.0,210.0
112,0,1310,4,190.0,170.0,210.0
112,0,1311,4,190.0,170.0,210.0
112,0,1312,4,190.0,170.0,210.0
112,0,1313,4,190.0,170.0,210.0
112,0,1314,4,190.0,170.0,210.0
112,0,1315,4,190.0,170.0,210.0
112,0,1316,4,190.0,170.0,210.0
112,0,1317,4,190.0,170.0,210.0
112,0,1318,4,190.0,170.0,210.0
112,0,1321,4,190.0,170.0,210.0
112,0,1322,4,190.0,170.0,210.0
112,0,1339,4,190.0,170.0,210.0
112,0,319,4,190.0,170.0,210.0
112,0,320,4,190.0,170.0,210.0
112,0,321,4,190.0,170.0,210.0
112,0,349,4,190.0,170.0,210.0
112,0,39,4,190.0,170.0,210.0
840,0,122,1,190.0,190.0,190.0
840,0,123,1,190.0,190.0,190.0
840,0,1233,1,190.0,190.0,190.0
840,0,1235,1,190.0,190.0,190.0
840,0,1236,1,190.0,190.0,190.0
840,0,1237,1,190.0,190.0,190.0
840,0,1238,1,190.0,190.0,190.0
840,0,1239,1,190.0,190.0,190.0
840,0,124,1,190.0,190.0,190.0
840,0,1240,1,190.0,190.0,190.0
840,0,1241,1,190.0,190.0,190.0
840,0,1242,1,190.0,190.0,190.0
840,0,1249,1,190.0,190.0,190.0
840,0,125,1,190.0,190.0,190.0
840,0,1251,1,190.0,190.0,190.0
840,0,126,1,190.0,190.0,190.0
840,0,127,1,190.0,190.0,190.0
840,0,129,1,190.0,190.0,190.0
840,0,130,1,190.0,190.0,190.0
840,0,131,1,190.0,190.0,190.0
840,0,208,1,190.0,190.0,190.0
840,0,217,1,190.0,190.0,190.0
840,0,22,1,190.0,190.0,190.0
840,0,23,1,190.0,190.0,190.0
840,0,3315,1,190.0,190.0,190.0
840,0,3850,1,190.0,190.0,190.0
840,0,3851,1,190.0,190.0,190.0
840,0,4475,1,190.0,190.0,190.0
840,0,4476,1,190.0,190.0,190.0
840,0,4477,1,190.0,190.0,190.0
840,0,4478,1,190.0,190.0,190.0
840,0,4479,1,190.0,190.0,190.0
840,0,4480,1,190.0,190.0,190.0
840,0,477,1,190.0,190.0,190.0
840,0,478,1,190.0,190.0,190.0
840,0,479,1,190.0,190.0,190.0
840,0,480,1,190.0,190.0,190.0
840,0,481,1,190.0,190.0,190.0
840,0,482,1,190.0,190.0,190.0
840,0,483,1,190.0,190.0,190.0
840,0,484,1,190.0,190.0,190.0
840,0,485,1,190.0,190.0,190.0
840,0,486,1,190.0,190.0,190.0
840,0,487,1,190.0,190.0,190.0
840,0,488,1,190.0,190.0,190.0
840,0,489,1,190.0,190.0,190.0
840,0,519,1,190.0,190.0,190.0
840,0,520,1,190.0,190.0,190.0
840,0,525,1,190.0,190.0,190.0
840,0,5272,1,190.0,190.0,190.0
840,0,53,1,190.0,190.0,190.0
840,0,7774,1,190.0,190.0,190.0
840,0,7775,1,190.0,190.0,190.0
840,0,7776,1,190.0,190.0,190.0
840,0,7777,1,190.0,190.0,190.0
841,1,106877,1,190.0,190.0,190.0
841,1,124,1,190.0,190.0,190.0
841,1,1241,1,190.0,190.0,190.0
841,1,1242,1,190.0,190.0,190.0
841,1,1243,1,190.0,190.0,190.0
841,1,1244,1,190.0,190.0,190.0
841,1,1245,1,190.0,190.0,190.0
841,1,1246,1,190.0,190.0,190.0
841,1,1247,1,190.0,190.0,190.0
841,1,1248,1,190.0,190.0,190.0
841,1,1249,1,190.0,190.0,190.0
841,1,125,1,190.0,190.0,190.0
841,1,1250,1,190.0,190.0,190.0
841,1,1251,1,190.0,190.0,190.0
841,1,1277,1,190.0,190.0,190.0
841,1,130,1,190.0,190.0,190.0
841,1,131,1,190.0,190.0,190.0
841,1,145,1,190.0,190.0,190.0
841,1,146,1,190.0,190.0,190.0
841,1,147,1,190.0,190.0,190.0
841,1,172,1,190.0,190.0,190.0
841,1,289,1,190.0,190.0,190.0
841,1,3850,1,190.0,190.0,190.0
841,1,4504,1,190.0,190.0,190.0
841,1,4505,1,190.0,190.0,190.0
841,1,4506,1,190.0,190.0,190.0
841,1,4507,1,190.0,190.0,190.0
841,1,4508,1,190.0,190.0,190.0
841,1,492,1,190.0,190.0,190.0
841,1,493,1,190.0,190.0,190.0
841,1,494,1,190.0,190.0,190.0
841,1,495,1,190.0,190.0,190.0
841,1,496,1,190.0,190.0,190.0
841,1,497,1,190.0,190.0,190.0
841,1,498,1,190.0,190.0,190.0
841,1,499,1,190.0,190.0,190.0
841,1,500,1,190.0,190.0,190.0
841,1,501,1,190.0,190.0,190.0
841,1,502,1,190.0,190.0,190.0
841,1,503,1,190.0,190.0,190.0
841,1,504,1,190.0,190.0,190.0
841,1,505,1,190.0,190.0,190.0
841,1,51,1,190.0,190.0,190.0
841,1,52,1,190.0,190.0,190.0
841,1,521,1,190.0,190.0,190.0
841,1,522,1,190.0,190.0,190.0
841,1,527,1,190.0,190.0,190.0
841,1,5273,1,190.0,190.0,190.0
841,1,528,1,190.0,190.0,190.0
841,1,7775,1,190.0,190.0,190.0
841,1,7778,1,190.0,190.0,190.0
841,1,7779,1,190.0,190.0,190.0
841,1,7780,1,190.0,190.0,190.0
1022,0,117,3,191.67,110.0,355.0
1022,0,118,3,191.67,110.0,355.0
1022,0,119,3,191.67,110.0,355.0
1022,0,120,3,191.67,110.0,355.0
1022,0,121,3,191.67,110.0,355.0
1022,0,200,3,191.67,110.0,355.0
1022,0,201,3,191.67,110.0,355.0
1022,0,202,3,191.67,110.0,355.0
1022,0,203,3,191.67,110.0,355.0
1022,0,204,3,191.67,110.0,355.0
1022,0,205,3,191.67,110.0,355.0
1022,0,206,3,191.67,110.0,355.0
1022,0,207,3,191.67,110.0,355.0
1022,0,208,3,191.67,110.0,355.0
1022,0,276,3,191.67,110.0,355.0
1022,0,277,3,191.67,110.0,355.0
1022,0,290,3,191.67,110.0,355.0
1022,0,291,3,191.67,110.0,355.0
1022,0,292,3,191.67,110.0,355.0
1022,0,3855,3,191.67,110.0,355.0
1022,0,6467,3,191.67,110.0,355.0
1022,0,8574,3,191.67,110.0,355.0
1022,0,8575,3,191.67,110.0,355.0
1022,0,8576,3,191.67,110.0,355.0
663,1,2185,3,191.67,180.0,210.0
663,1,2186,3,191.67,180.0,210.0
663,1,2187,3,191.67,180.0,210.0
663,1,2188,3,191.67,180.0,210.0
663,1,2189,3,191.67,180.0,210.0
663,1,2190,3,191.67,180.0,210.0
663,1,2191,3,191.67,180.0,210.0
663,1,2192,3,191.67,180.0,210.0
663,1,2193,3,191.67,180.0,210.0
663,1,2194,3,191.67,180.0,210.0
663,1,2216,3,191.67,180.0,210.0
663,1,5812,3,191.67,180.0,210.0
663,1,5823,3,191.67,180.0,210.0
663,1,5824,3,191.67,180.0,210.0
663,1,6289,3,191.67,180.0,210.0
663,1,6299,3,191.67,180.0,210.0
663,1,6300,3,191.67,180.0,210.0
663,1,6320,3,191.67,180.0,210.0
663,1,6452,3,191.67,180.0,210.0
663,1,6453,3,191.67,180.0,210.0
663,1,6454,3,191.67,180.0,210.0
663,1,6455,3,191.67,180.0,210.0
663,1,6456,3,191.67,180.0,210.0
663,1,6669,3,191.67,180.0,210.0
663,1,6671,3,191.67,180.0,210.0
663,1,6672,3,191.67,180.0,210.0
663,1,6673,3,191.67,180.0,210.0
663,1,692,3,191.67,180.0,210.0
663,1,693,3,191.67,180.0,210.0
663,1,694,3,191.67,180.0,210.0
663,1,695,3,191.67,180.0,210.0
663,1,696,3,191.67,180.0,210.0
663,1,697,3,191.67,180.0,210.0
663,1,698,3,191.67,180.0,210.0
663,1,699,3,191.67,180.0,210.0
663,1,700,3,191.67,180.0,210.0
663,1,701,3,191.67,180.0,210.0
663,1,702,3,191.67,180.0,210.0
663,1,703,3,191.67,180.0,210.0
663,1,704,3,191.67,180.0,210.0
663,1,705,3,191.67,180.0,210.0
663,1,760,3,191.67,180.0,210.0
663,1,7732,3,191.67,180.0,210.0
663,1,861,3,191.67,180.0,210.0
663,1,866,3,191.67,180.0,210.0
663,1,867,3,191.67,180.0,210.0
663,1,879,3,191.67,180.0,210.0
663,1,880,3,191.67,180.0,210.0
663,1,882,3,191.67,180.0,210.0
663,1,884,3,191.67,180.0,210.0
663,1,885,3,191.67,180.0,210.0
663,1,887,3,191.67,180.0,210.0
663,1,980,3,191.67,180.0,210.0
663,1,981,3,191.67,180.0,210.0
663,1,982,3,191.67,180.0,210.0
663,1,983,3,191.67,180.0,210.0
663,1,984,3,191.67,180.0,210.0
663,1,985,3,191.67,180.0,210.0
661,1,2185,4,192.5,170.0,210.0
661,1,2186,4,192.5,170.0,210.0
661,1,2187,4,192.5,170.0,210.0
661,1,2188,4,192.5,170.0,210.0
661,1,2189,4,192.5,170.0,210.0
661,1,2190,4,192.5,170.0,210.0
661,1,2191,4,192.5,170.0,210.0
661,1,2192,4,192.5,170.0,210.0
661,1,2193,4,192.5,170.0,210.0
661,1,2194,4,192.5,170.0,210.0
661,1,5812,4,192.5,170.0,210.0
661,1,5823,4,192.5,170.0,210.0
661,1,5824,4,192.5,170.0,210.0
661,1,6289,4,192.5,170.0,210.0
661,1,6299,4,192.5,170.0,210.0
661,1,6300,4,192.5,170.0,210.0
661,1,6320,4,192.5,170.0,210.0
661,1,6452,4,192.5,170.0,210.0
661,1,6453,4,192.5,170.0,210.0
661,1,6454,4,192.5,170.0,210.0
661,1,6455,4,192.5,170.0,210.0
661,1,6456,4,192.5,170.0,210.0
661,1,6649,4,192.5,170.0,210.0
661,1,6655,4,192.5,170.0,210.0
661,1,6662,4,192.5,170.0,210.0
661,1,6663,4,192.5,170.0,210.0
661,1,6664,4,192.5,170.0,210.0
661,1,6665,4,192.5,170.0,210.0
661,1,6666,4,192.5,170.0,210.0
661,1,6667,4,192.5,170.0,210.0
661,1,6668,4,192.5,170.0,210.0
661,1,6669,4,192.5,170.0,210.0
661,1,6671,4,192.5,170.0,210.0
661,1,6672,4,192.5,170.0,210.0
661,1,6673,4,192.5,170.0,210.0
661,1,691,4,192.5,170.0,210.0
661,1,695,4,192.5,170.0,210.0
661,1,703,4,192.5,170.0,210.0
661,1,704,4,192.5,170.0,210.0
661,1,705,4,192.5,170.0,210.0
661,1,7732,4,192.5,170.0,210.0
661,1,861,4,192.5,170.0,210.0
661,1,866,4,192.5,170.0,210.0
661,1,867,4,192.5,170.0,210.0
661,1,879,4,192.5,170.0,210.0
661,1,880,4,192.5,170.0,210.0
661,1,882,4,192.5,170.0,210.0
661,1,884,4,192.5,170.0,210.0
661,1,885,4,192.5,170.0,210.0
661,1,887,4,192.5,170.0,210.0
661,1,9281,4,192.5,170.0,210.0
661,1,9282,4,192.5,170.0,210.0
661,1,9283,4,192.5,170.0,210.0
661,1,9284,4,192.5,170.0,210.0
661,1,980,4,192.5,170.0,210.0
661,1,981,4,192.5,170.0,210.0
661,1,982,4,192.5,170.0,210.0
661,1,983,4,192.5,170.0,210.0
661,1,984,4,192.5,170.0,210.0
661,1,985,4,192.5,170.0,210.0
662,0,1033,4,192.5,165.0,210.0
662,0,2142,4,192.5,165.0,210.0
662,0,2143,4,192.5,165.0,210.0
662,0,2144,4,192.5,165.0,210.0
662,0,2145,4,192.5,165.0,210.0
662,0,2146,4,192.5,165.0,210.0
662,0,2147,4,192.5,165.0,210.0
662,0,2148,4,192.5,165.0,210.0
662,0,2149,4,192.5,165.0,210.0
662,0,2227,4,192.5,165.0,210.0
662,0,5803,4,192.5,165.0,210.0
662,0,5805,4,192.5,165.0,210.0
662,0,5822,4,192.5,165.0,210.0
662,0,6163,4,192.5,165.0,210.0
662,0,6164,4,192.5,165.0,210.0
662,0,6290,4,192.5,165.0,210.0
662,0,6444,4,192.5,165.0,210.0
662,0,6445,4,192.5,165.0,210.0
662,0,6446,4,192.5,165.0,210.0
662,0,6447,4,192.5,165.0,210.0
662,0,6448,4,192.5,165.0,210.0
662,0,6449,4,192.5,165.0,210.0
662,0,6450,4,192.5,165.0,210.0
662,0,6483,4,192.5,165.0,210.0
662,0,6657,4,192.5,165.0,210.0
662,0,6658,4,192.5,165.0,210.0
662,0,6659,4,192.5,165.0,210.0
662,0,6660,4,192.5,165.0,210.0
662,0,691,4,192.5,165.0,210.0
662,0,692,4,192.5,165.0,210.0
662,0,693,4,192.5,165.0,210.0
662,0,694,4,192.5,165.0,210.0
662,0,695,4,192.5,165.0,210.0
662,0,696,4,192.5,165.0,210.0
662,0,697,4,192.5,165.0,210.0
662,0,698,4,192.5,165.0,210.0
662,0,699,4,192.5,165.0,210.0
662,0,700,4,192.5,165.0,210.0
662,0,701,4,192.5,165.0,210.0
662,0,702,4,192.5,165.0,210.0
662,0,703,4,192.5,165.0,210.0
662,0,704,4,192.5,165.0,210.0
662,0,705,4,192.5,165.0,210.0
662,0,7273,4,192.5,165.0,210.0
662,0,862,4,192.5,165.0,210.0
662,0,865,4,192.5,165.0,210.0
662,0,868,4,192.5,165.0,210.0
662,0,869,4,192.5,165.0,210.0
662,0,870,4,192.5,165.0,210.0
662,0,873,4,192.5,165.0,210.0
662,0,875,4,192.5,165.0,210.0
662,0,876,4,192.5,165.0,210.0
662,0,877,4,192.5,165.0,210.0
662,0,883,4,192.5,165.0,210.0
662,0,884,4,192.5,165.0,210.0
662,0,886,4,192.5,165.0,210.0
662,0,888,4,192.5,165.0,210.0
662,0,932,4,192.5,165.0,210.0
662,0,966,4,192.5,165.0,210.0
662,0,986,4,192.5,165.0,210.0
59,1,2227,4,197.5,150.0,255.0
59,1,2301,4,197.5,150.0,255.0
59,1,2302,4,197.5,150.0,255.0
59,1,40,4,197.5,150.0,255.0
59,1,4549,4,197.5,150.0,255.0
59,1,4550,4,197.5,150.0,255.0
59,1,4551,4,197.5,150.0,255.0
59,1,557,4,197.5,150.0,255.0
59,1,692,4,197.5,150.0,255.0
59,1,693,4,197.5,150.0,255.0
59,1,694,4,197.5,150.0,255.0
59,1,696,4,197.5,150.0,255.0
59,1,697,4,197.5,150.0,255.0
59,1,698,4,197.5,150.0,255.0
59,1,701,4,197.5,150.0,255.0
59,1,702,4,197.5,150.0,255.0
59,1,705,4,197.5,150.0,255.0
59,1,7217,4,197.5,150.0,255.0
59,1,734,4,197.5,150.0,255.0
59,1,735,4,197.5,150.0,255.0
59,1,736,4,197.5,150.0,255.0
59,1,737,4,197.5,150.0,255.0
59,1,738,4,197.5,150.0,255.0
59,1,739,4,197.5,150.0,255.0
59,1,740,4,197.5,150.0,255.0
59,1,742,4,197.5,150.0,255.0
59,1,743,4,197.5,150.0,255.0
59,1,744,4,197.5,150.0,255.0
59,1,745,4,197.5,150.0,255.0
59,1,746,4,197.5,150.0,255.0
59,1,747,4,197.5,150.0,255.0
59,1,748,4,197.5,150.0,255.0
59,1,749,4,197.5,150.0,255.0
59,1,750,4,197.5,150.0,255.0
59,1,751,4,197.5,150.0,255.0
59,1,752,4,197.5,150.0,255.0
59,1,753,4,197.5,150.0,255.0
59,1,754,4,197.5,150.0,255.0
59,1,755,4,197.5,150.0,255.0
59,1,756,4,197.5,150.0,255.0
59,1,757,4,197.5,150.0,255.0
59,1,758,4,197.5,150.0,255.0
59,1,759,4,197.5,150.0,255.0
59,1,760,4,197.5,150.0,255.0
499,1,130,3,198.33,10.0,325.0
499,1,131,3,198.33,10.0,325.0
499,1,144,3,198.33,10.0,325.0
499,1,145,3,198.33,10.0,325.0
499,1,149,3,198.33,10.0,325.0
499,1,150,3,198.33,10.0,325.0
499,1,151,3,198.33,10.0,325.0
499,1,152,3,198.33,10.0,325.0
499,1,153,3,198.33,10.0,325.0
499,1,155,3,198.33,10.0,325.0
499,1,160,3,198.33,10.0,325.0
499,1,165,3,198.33,10.0,325.0
499,1,166,3,198.33,10.0,325.0
499,1,167,3,198.33,10.0,325.0
499,1,168,3,198.33,10.0,325.0
499,1,169,3,198.33,10.0,325.0
499,1,170,3,198.33,10.0,325.0
499,1,171,3,198.33,10.0,325.0
499,1,172,3,198.33,10.0,325.0
499,1,1838,3,198.33,10.0,325.0
499,1,1840,3,198.33,10.0,325.0
499,1,1842,3,198.33,10.0,325.0
499,1,1843,3,198.33,10.0,325.0
499,1,1844,3,198.33,10.0,325.0
499,1,1910,3,198.33,10.0,325.0
499,1,1911,3,198.33,10.0,325.0
499,1,1913,3,198.33,10.0,325.0
499,1,1914,3,198.33,10.0,325.0
499,1,3315,3,198.33,10.0,325.0
499,1,373,3,198.33,10.0,325.0
499,1,394,3,198.33,10.0,325.0
499,1,445,3,198.33,10.0,325.0
499,1,446,3,198.33,10.0,325.0
499,1,447,3,198.33,10.0,325.0
499,1,448,3,198.33,10.0,325.0
499,1,449,3,198.33,10.0,325.0
499,1,4533,3,198.33,10.0,325.0
499,1,4541,3,198.33,10.0,325.0
499,1,4626,3,198.33,10.0,325.0
499,1,4627,3,198.33,10.0,325.0
499,1,4628,3,198.33,10.0,325.0
499,1,4629,3,198.33,10.0,325.0
499,1,4630,3,198.33,10.0,325.0
499,1,4631,3,198.33,10.0,325.0
499,1,4632,3,198.33,10.0,325.0
499,1,4633,3,198.33,10.0,325.0
499,1,4634,3,198.33,10.0,325.0
499,1,4635,3,198.33,10.0,325.0
499,1,4636,3,198.33,10.0,325.0
499,1,4637,3,198.33,10.0,325.0
499,1,4638,3,198.33,10.0,325.0
499,1,4639,3,198.33,10.0,325.0
499,1,4640,3,198.33,10.0,325.0
499,1,4641,3,198.33,10.0,325.0
499,1,4642,3,198.33,10.0,325.0
499,1,4643,3,198.33,10.0,325.0
499,1,4688,3,198.33,10.0,325.0
499,1,4692,3,198.33,10.0,325.0
499,1,4693,3,198.33,10.0,325.0
499,1,4694,3,198.33,10.0,325.0
499,1,4695,3,198.33,10.0,325.0
499,1,5298,3,198.33,10.0,325.0
499,1,5300,3,198.33,10.0,325.0
499,1,5324,3,198.33,10.0,325.0
499,1,5325,3,198.33,10.0,325.0
499,1,5326,3,198.33,10.0,325.0
499,1,5327,3,198.33,10.0,325.0
499,1,5328,3,198.33,10.0,325.0
499,1,5329,3,198.33,10.0,325.0
499,1,5330,3,198.33,10.0,325.0
499,1,5331,3,198.33,10.0,325.0
499,1,5332,3,198.33,10.0,325.0
499,1,5333,3,198.33,10.0,325.0
499,1,5334,3,198.33,10.0,325.0
499,1,5335,3,198.33,10.0,325.0
499,1,5336,3,198.33,10.0,325.0
499,1,5337,3,198.33,10.0,325.0
499,1,5338,3,198.33,10.0,325.0
499,1,5339,3,198.33,10.0,325.0
499,1,5340,3,198.33,10.0,325.0
499,1,5341,3,198.33,10.0,325.0
499,1,5342,3,198.33,10.0,325.0
499,1,5343,3,198.33,10.0,325.0
499,1,5344,3,198.33,10.0,325.0
499,1,5345,3,198.33,10.0,325.0
499,1,5346,3,198.33,10.0,325.0
499,1,795,3,198.33,10.0,325.0
499,1,796,3,198.33,10.0,325.0
499,1,797,3,198.33,10.0,325.0
499,1,798,3,198.33,10.0,325.0
499,1,799,3,198.33,10.0,325.0
934,0,106462,4,198.75,80.0,255.0
934,0,126,4,198.75,80.0,255.0
934,0,1266,4,198.75,80.0,255.0
934,0,129,4,198.75,80.0,255.0
934,0,149,4,198.75,80.0,255.0
934,0,150,4,198.75,80.0,255.0
934,0,152,4,198.75,80.0,255.0
934,0,153,4,198.75,80.0,255.0
934,0,155,4,198.75,80.0,255.0
934,0,160,4,198.75,80.0,255.0
934,0,165,4,198.75,80.0,255.0
934,0,166,4,198.75,80.0,255.0
934,0,167,4,198.75,80.0,255.0
934,0,168,4,198.75,80.0,255.0
934,0,169,4,198.75,80.0,255.0
934,0,170,4,198.75,80.0,255.0
934,0,171,4,198.75,80.0,255.0
934,0,1836,4,198.75,80.0,255.0
934,0,1837,4,198.75,80.0,255.0
934,0,1838,4,198.75,80.0,255.0
934,0,1839,4,198.75,80.0,255.0
934,0,1840,4,198.75,80.0,255.0
934,0,1841,4,198.75,80.0,255.0
934,0,1842,4,198.75,80.0,255.0
934,0,1843,4,198.75,80.0,255.0
934,0,1844,4,198.75,80.0,255.0
934,0,3315,4,198.75,80.0,255.0
934,0,3830,4,198.75,80.0,255.0
934,0,399,4,198.75,80.0,255.0
934,0,400,4,198.75,80.0,255.0
934,0,401,4,198.75,80.0,255.0
934,0,402,4,198.75,80.0,255.0
934,0,4533,4,198.75,80.0,255.0
934,0,4541,4,198.75,80.0,255.0
934,0,4542,4,198.75,80.0,255.0
934,0,4607,4,198.75,80.0,255.0
934,0,4608,4,198.75,80.0,255.0
934,0,4609,4,198.75,80.0,255.0
934,0,4610,4,198.75,80.0,255.0
934,0,4611,4,198.75,80.0,255.0
934,0,4612,4,198.75,80.0,255.0
934,0,4613,4,198.75,80.0,255.0
934,0,4614,4,198.75,80.0,255.0
934,0,4615,4,198.75,80.0,255.0
934,0,4616,4,198.75,80.0,255.0
934,0,4617,4,198.75,80.0,255.0
934,0,4618,4,198.75,80.0,255.0
934,0,4619,4,198.75,80.0,255.0
934,0,4620,4,198.75,80.0,255.0
934,0,4621,4,198.75,80.0,255.0
934,0,4622,4,198.75,80.0,255.0
934,0,4623,4,198.75,80.0,255.0
934,0,4624,4,198.75,80.0,255.0
934,0,4625,4,198.75,80.0,255.0
934,0,4687,4,198.75,80.0,255.0
934,0,4688,4,198.75,80.0,255.0
934,0,4689,4,198.75,80.0,255.0
934,0,4690,4,198.75,80.0,255.0
934,0,4705,4,198.75,80.0,255.0
934,0,794,4,198.75,80.0,255.0
934,0,796,4,198.75,80.0,255.0
934,0,797,4,198.75,80.0,255.0
934,0,798,4,198.75,80.0,255.0
934,0,799,4,198.75,80.0,255.0
934,0,8061,4,198.75,80.0,255.0
934,0,8234,4,198.75,80.0,255.0
934,0,8235,4,198.75,80.0,255.0
113,1,105,4,200.0,170.0,215.0
113,1,107,4,200.0,170.0,215.0
113,1,108,4,200.0,170.0,215.0
113,1,1278,4,200.0,170.0,215.0
113,1,1323,4,200.0,170.0,215.0
113,1,1324,4,200.0,170.0,215.0
113,1,1325,4,200.0,170.0,215.0
113,1,1326,4,200.0,170.0,215.0
113,1,1327,4,200.0,170.0,215.0
113,1,1328,4,200.0,170.0,215.0
113,1,1329,4,200.0,170.0,215.0
113,1,1330,4,200.0,170.0,215.0
113,1,1331,4,200.0,170.0,215.0
113,1,1332,4,200.0,170.0,215.0
113,1,1334,4,200.0,170.0,215.0
113,1,1335,4,200.0,170.0,215.0
113,1,1336,4,200.0,170.0,215.0
113,1,1337,4,200.0,170.0,215.0
113,1,1338,4,200.0,170.0,215.0
113,1,1339,4,200.0,170.0,215.0
113,1,1340,4,200.0,170.0,215.0
113,1,1341,4,200.0,170.0,215.0
113,1,1342,4,200.0,170.0,215.0
113,1,1343,4,200.0,170.0,215.0
113,1,1344,4,200.0,170.0,215.0
113,1,1345,4,200.0,170.0,215.0
113,1,1346,4,200.0,170.0,215.0
113,1,1347,4,200.0,170.0,215.0
113,1,1348,4,200.0,170.0,215.0
113,1,1349,4,200.0,170.0,215.0
113,1,1350,4,200.0,170.0,215.0
113,1,1351,4,200.0,170.0,215.0
113,1,1352,4,200.0,170.0,215.0
113,1,1353,4,200.0,170.0,215.0
113,1,1354,4,200.0,170.0,215.0
113,1,1355,4,200.0,170.0,215.0
113,1,1356,4,200.0,170.0,215.0
113,1,1357,4,200.0,170.0,215.0
113,1,1358,4,200.0,170.0,215.0
113,1,1359,4,200.0,170.0,215.0
113,1,1360,4,200.0,170.0,215.0
113,1,1361,4,200.0,170.0,215.0
113,1,1362,4,200.0,170.0,215.0
113,1,1363,4,200.0,170.0,215.0
113,1,1364,4,200.0,170.0,215.0
113,1,1375,4,200.0,170.0,215.0
113,1,2178,4,200.0,170.0,215.0
113,1,2230,4,200.0,170.0,215.0
113,1,3212,4,200.0,170.0,215.0
113,1,3857,4,200.0,170.0,215.0
16,0,106797,4,200.0,175.0,230.0
16,0,106808,4,200.0,175.0,230.0
16,0,106809,4,200.0,175.0,230.0
16,0,106810,4,200.0,175.0,230.0
16,0,106811,4,200.0,175.0,230.0
16,0,117,4,200.0,175.0,230.0
16,0,118,4,200.0,175.0,230.0
16,0,119,4,200.0,175.0,230.0
16,0,120,4,200.0,175.0,230.0
16,0,121,4,200.0,175.0,230.0
16,0,201,4,200.0,175.0,230.0
16,0,202,4,200.0,175.0,230.0
16,0,203,4,200.0,175.0,230.0
16,0,204,4,200.0,175.0,230.0
16,0,205,4,200.0,175.0,230.0
16,0,206,4,200.0,175.0,230.0
16,0,207,4,200.0,175.0,230.0
16,0,215,4,200.0,175.0,230.0
16,0,216,4,200.0,175.0,230.0
16,0,217,4,200.0,175.0,230.0
16,0,225,4,200.0,175.0,230.0
16,0,248,4,200.0,175.0,230.0
16,0,249,4,200.0,175.0,230.0
16,0,250,4,200.0,175.0,230.0
16,0,251,4,200.0,175.0,230.0
16,0,252,4,200.0,175.0,230.0
16,0,254,4,200.0,175.0,230.0
16,0,255,4,200.0,175.0,230.0
16,0,256,4,200.0,175.0,230.0
16,0,257,4,200.0,175.0,230.0
16,0,258,4,200.0,175.0,230.0
16,0,259,4,200.0,175.0,230.0
16,0,260,4,200.0,175.0,230.0
16,0,261,4,200.0,175.0,230.0
16,0,262,4,200.0,175.0,230.0
16,0,263,4,200.0,175.0,230.0
16,0,265,4,200.0,175.0,230.0
16,0,266,4,200.0,175.0,230.0
16,0,267,4,200.0,175.0,230.0
16,0,268,4,200.0,175.0,230.0
16,0,269,4,200.0,175.0,230.0
16,0,270,4,200.0,175.0,230.0
16,0,271,4,200.0,175.0,230.0
16,0,274,4,200.0,175.0,230.0
16,0,275,4,200.0,175.0,230.0
16,0,282,4,200.0,175.0,230.0
16,0,284,4,200.0,175.0,230.0
16,0,287,4,200.0,175.0,230.0
16,0,288,4,200.0,175.0,230.0
16,0,294,4,200.0,175.0,230.0
16,0,31,4,200.0,175.0,230.0
16,0,3179,4,200.0,175.0,230.0
16,0,32,4,200.0,175.0,230.0
16,0,33,4,200.0,175.0,230.0
16,0,3354,4,200.0,175.0,230.0
16,0,34,4,200.0,175.0,230.0
16,0,8605,4,200.0,175.0,230.0
659,0,1033,3,200.0,175.0,215.0
659,0,2142,3,200.0,175.0,215.0
659,0,2143,3,200.0,175.0,215.0
659,0,2144,3,200.0,175.0,215.0
659,0,2145,3,200.0,175.0,215.0
659,0,2146,3,200.0,175.0,215.0
659,0,2147,3,200.0,175.0,215.0
659,0,2148,3,200.0,175.0,215.0
659,0,2149,3,200.0,175.0,215.0
659,0,5803,3,200.0,175.0,215.0
659,0,5805,3,200.0,175.0,215.0
659,0,5822,3,200.0,175.0,215.0
659,0,6163,3,200.0,175.0,215.0
659,0,6164,3,200.0,175.0,215.0
659,0,6290,3,200.0,175.0,215.0
659,0,6444,3,200.0,175.0,215.0
659,0,6445,3,200.0,175.0,215.0
659,0,6446,3,200.0,175.0,215.0
659,0,6447,3,200.0,175.0,215.0
659,0,6448,3,200.0,175.0,215.0
659,0,6449,3,200.0,175.0,215.0
659,0,6450,3,200.0,175.0,215.0
659,0,6483,3,200.0,175.0,215.0
659,0,6647,3,200.0,175.0,215.0
659,0,6648,3,200.0,175.0,215.0
659,0,6649,3,200.0,175.0,215.0
659,0,6650,3,200.0,175.0,215.0
659,0,6651,3,200.0,175.0,215.0
659,0,6652,3,200.0,175.0,215.0
659,0,6653,3,200.0,175.0,215.0
659,0,6654,3,200.0,175.0,215.0
659,0,6655,3,200.0,175.0,215.0
659,0,6657,3,200.0,175.0,215.0
659,0,6658,3,200.0,175.0,215.0
659,0,6659,3,200.0,175.0,215.0
659,0,6660,3,200.0,175.0,215.0
659,0,691,3,200.0,175.0,215.0
659,0,695,3,200.0,175.0,215.0
659,0,702,3,200.0,175.0,215.0
659,0,703,3,200.0,175.0,215.0
659,0,704,3,200.0,175.0,215.0
659,0,705,3,200.0,175.0,215.0
659,0,7273,3,200.0,175.0,215.0
659,0,862,3,200.0,175.0,215.0
659,0,865,3,200.0,175.0,215.0
659,0,868,3,200.0,175.0,215.0
659,0,869,3,200.0,175.0,215.0
659,0,870,3,200.0,175.0,215.0
659,0,873,3,200.0,175.0,215.0
659,0,875,3,200.0,175.0,215.0
659,0,876,3,200.0,175.0,215.0
659,0,877,3,200.0,175.0,215.0
659,0,883,3,200.0,175.0,215.0
659,0,884,3,200.0,175.0,215.0
659,0,886,3,200.0,175.0,215.0
659,0,888,3,200.0,175.0,215.0
659,0,9281,3,200.0,175.0,215.0
659,0,9282,3,200.0,175.0,215.0
659,0,9283,3,200.0,175.0,215.0
659,0,9284,3,200.0,175.0,215.0
659,0,932,3,200.0,175.0,215.0
659,0,966,3,200.0,175.0,215.0
659,0,986,3,200.0,175.0,215.0
921,1,130,2,200.0,40.0,360.0
921,1,131,2,200.0,40.0,360.0
921,1,143,2,200.0,40.0,360.0
921,1,144,2,200.0,40.0,360.0
921,1,145,2,200.0,40.0,360.0
921,1,149,2,200.0,40.0,360.0
921,1,150,2,200.0,40.0,360.0
921,1,151,2,200.0,40.0,360.0
921,1,152,2,200.0,40.0,360.0
921,1,1976,2,200.0,40.0,360.0
921,1,1979,2,200.0,40.0,360.0
921,1,1980,2,200.0,40.0,360.0
921,1,1981,2,200.0,40.0,360.0
921,1,1982,2,200.0,40.0,360.0
921,1,1983,2,200.0,40.0,360.0
921,1,1984,2,200.0,40.0,360.0
921,1,1985,2,200.0,40.0,360.0
921,1,1986,2,200.0,40.0,360.0
921,1,1987,2,200.0,40.0,360.0
921,1,1988,2,200.0,40.0,360.0
921,1,1989,2,200.0,40.0,360.0
921,1,218,2,200.0,40.0,360.0
921,1,219,2,200.0,40.0,360.0
921,1,220,2,200.0,40.0,360.0
921,1,221,2,200.0,40.0,360.0
921,1,222,2,200.0,40.0,360.0
921,1,223,2,200.0,40.0,360.0
921,1,224,2,200.0,40.0,360.0
921,1,225,2,200.0,40.0,360.0
921,1,283,2,200.0,40.0,360.0
921,1,284,2,200.0,40.0,360.0
921,1,285,2,200.0,40.0,360.0
921,1,287,2,200.0,40.0,360.0
921,1,288,2,200.0,40.0,360.0
921,1,3179,2,200.0,40.0,360.0
921,1,3315,2,200.0,40.0,360.0
921,1,394,2,200.0,40.0,360.0
921,1,445,2,200.0,40.0,360.0
921,1,446,2,200.0,40.0,360.0
921,1,447,2,200.0,40.0,360.0
921,1,448,2,200.0,40.0,360.0
921,1,449,2,200.0,40.0,360.0
921,1,4533,2,200.0,40.0,360.0
921,1,795,2,200.0,40.0,360.0
921,1,796,2,200.0,40.0,360.0
921,1,797,2,200.0,40.0,360.0
921,1,798,2,200.0,40.0,360.0
921,1,799,2,200.0,40.0,360.0
921,1,8166,2,200.0,40.0,360.0
921,1,8167,2,200.0,40.0,360.0
921,1,8173,2,200.0,40.0,360.0
921,1,8181,2,200.0,40.0,360.0
921,1,8183,2,200.0,40.0,360.0
921,1,8184,2,200.0,40.0,360.0
921,1,8186,2,200.0,40.0,360.0
921,1,8188,2,200.0,40.0,360.0
921,1,8189,2,200.0,40.0,360.0
921,1,8190,2,200.0,40.0,360.0
921,1,8191,2,200.0,40.0,360.0
921,1,8192,2,200.0,40.0,360.0
921,1,8193,2,200.0,40.0,360.0
921,1,8194,2,200.0,40.0,360.0
921,1,8195,2,200.0,40.0,360.0
921,1,8196,2,200.0,40.0,360.0
921,1,8199,2,200.0,40.0,360.0
921,1,8204,2,200.0,40.0,360.0
961,0,118,1,200.0,200.0,200.0
961,0,119,1,200.0,200.0,200.0
961,0,120,1,200.0,200.0,200.0
961,0,121,1,200.0,200.0,200.0
961,0,122,1,200.0,200.0,200.0
961,0,123,1,200.0,200.0,200.0
961,0,124,1,200.0,200.0,200.0
961,0,125,1,200.0,200.0,200.0
961,0,126,1,200.0,200.0,200.0
961,0,127,1,200.0,200.0,200.0
961,0,129,1,200.0,200.0,200.0
961,0,1788,1,200.0,200.0,200.0
961,0,1917,1,200.0,200.0,200.0
961,0,1918,1,200.0,200.0,200.0
961,0,1919,1,200.0,200.0,200.0
961,0,1920,1,200.0,200.0,200.0
961,0,1921,1,200.0,200.0,200.0
961,0,1923,1,200.0,200.0,200.0
961,0,196,1,200.0,200.0,200.0
961,0,1967,1,200.0,200.0,200.0
961,0,1968,1,200.0,200.0,200.0
961,0,1969,1,200.0,200.0,200.0
961,0,197,1,200.0,200.0,200.0
961,0,1970,1,200.0,200.0,200.0
961,0,1971,1,200.0,200.0,200.0
961,0,1972,1,200.0,200.0,200.0
961,0,1973,1,200.0,200.0,200.0
961,0,1974,1,200.0,200.0,200.0
961,0,1975,1,200.0,200.0,200.0
961,0,1976,1,200.0,200.0,200.0
961,0,1977,1,200.0,200.0,200.0
961,0,1978,1,200.0,200.0,200.0
961,0,198,1,200.0,200.0,200.0
961,0,199,1,200.0,200.0,200.0
961,0,200,1,200.0,200.0,200.0
961,0,277,1,200.0,200.0,200.0
961,0,278,1,200.0,200.0,200.0
961,0,281,1,200.0,200.0,200.0
961,0,282,1,200.0,200.0,200.0
961,0,3315,1,200.0,200.0,200.0
961,0,3798,1,200.0,200.0,200.0
961,0,3799,1,200.0,200.0,200.0
961,0,3800,1,200.0,200.0,200.0
961,0,3801,1,200.0,200.0,200.0
961,0,3820,1,200.0,200.0,200.0
961,0,793,1,200.0,200.0,200.0
961,0,794,1,200.0,200.0,200.0
961,0,8202,1,200.0,200.0,200.0
961,0,8332,1,200.0,200.0,200.0
961,0,8333,1,200.0,200.0,200.0
961,0,8605,1,200.0,200.0,200.0
575,0,1040,3,201.67,175.0,255.0
575,0,1041,3,201.67,175.0,255.0
575,0,106831,3,201.67,175.0,255.0
575,0,4720,3,201.67,175.0,255.0
575,0,4721,3,201.67,175.0,255.0
575,0,4722,3,201.67,175.0,255.0
575,0,4723,3,201.67,175.0,255.0
575,0,4724,3,201.67,175.0,255.0
575,0,4725,3,201.67,175.0,255.0
575,0,4727,3,201.67,175.0,255.0
575,0,4728,3,201.67,175.0,255.0
575,0,4729,3,201.67,175.0,255.0
575,0,4730,3,201.67,175.0,255.0
575,0,4732,3,201.67,175.0,255.0
575,0,4733,3,201.67,175.0,255.0
575,0,4734,3,201.67,175.0,255.0
575,0,4735,3,201.67,175.0,255.0
575,0,4736,3,201.67,175.0,255.0
575,0,4737,3,201.67,175.0,255.0
575,0,4738,3,201.67,175.0,255.0
575,0,4739,3,201.67,175.0,255.0
575,0,4740,3,201.67,175.0,255.0
575,0,4741,3,201.67,175.0,255.0
575,0,4742,3,201.67,175.0,255.0
575,0,4743,3,201.67,175.0,255.0
575,0,5144,3,201.67,175.0,255.0
575,0,5145,3,201.67,175.0,255.0
575,0,5149,3,201.67,175.0,255.0
575,0,5844,3,201.67,175.0,255.0
575,0,5912,3,201.67,175.0,255.0
575,0,5913,3,201.67,175.0,255.0
575,0,5914,3,201.67,175.0,255.0
575,0,5915,3,201.67,175.0,255.0
575,0,5916,3,201.67,175.0,255.0
575,0,5917,3,201.67,175.0,255.0
575,0,5918,3,201.67,175.0,255.0
575,0,5919,3,201.67,175.0,255.0
575,0,5920,3,201.67,175.0,255.0
575,0,5921,3,201.67,175.0,255.0
575,0,5922,3,201.67,175.0,255.0
575,0,5923,3,201.67,175.0,255.0
575,0,5924,3,201.67,175.0,255.0
575,0,5925,3,201.67,175.0,255.0
575,0,5926,3,201.67,175.0,255.0
575,0,5927,3,201.67,175.0,255.0
575,0,5928,3,201.67,175.0,255.0
575,0,5929,3,201.67,175.0,255.0
575,0,5930,3,201.67,175.0,255.0
575,0,5931,3,201.67,175.0,255.0
575,0,5932,3,201.67,175.0,255.0
575,0,5958,3,201.67,175.0,255.0
575,0,5959,3,201.67,175.0,255.0
575,0,5960,3,201.67,175.0,255.0
575,0,5961,3,201.67,175.0,255.0
575,0,5962,3,201.67,175.0,255.0
575,0,5963,3,201.67,175.0,255.0
575,0,5964,3,201.67,175.0,255.0
575,0,5965,3,201.67,175.0,255.0
575,0,5966,3,201.67,175.0,255.0
575,0,6566,3,201.67,175.0,255.0
575,0,6567,3,201.67,175.0,255.0
575,0,6568,3,201.67,175.0,255.0
575,0,6603,3,201.67,175.0,255.0
575,0,6605,3,201.67,175.0,255.0
575,0,7259,3,201.67,175.0,255.0
58,0,2216,4,202.5,150.0,305.0
58,0,2217,4,202.5,150.0,305.0
58,0,2218,4,202.5,150.0,305.0
58,0,2226,4,202.5,150.0,305.0
58,0,35,4,202.5,150.0,305.0
58,0,3855,4,202.5,150.0,305.0
58,0,4527,4,202.5,150.0,305.0
58,0,4532,4,202.5,150.0,305.0
58,0,6467,4,202.5,150.0,305.0
58,0,691,4,202.5,150.0,305.0
58,0,692,4,202.5,150.0,305.0
58,0,693,4,202.5,150.0,305.0
58,0,694,4,202.5,150.0,305.0
58,0,699,4,202.5,150.0,305.0
58,0,700,4,202.5,150.0,305.0
58,0,701,4,202.5,150.0,305.0
58,0,702,4,202.5,150.0,305.0
58,0,703,4,202.5,150.0,305.0
58,0,704,4,202.5,150.0,305.0
58,0,706,4,202.5,150.0,305.0
58,0,707,4,202.5,150.0,305.0
58,0,708,4,202.5,150.0,305.0
58,0,709,4,202.5,150.0,305.0
58,0,710,4,202.5,150.0,305.0
58,0,711,4,202.5,150.0,305.0
58,0,712,4,202.5,150.0,305.0
58,0,713,4,202.5,150.0,305.0
58,0,714,4,202.5,150.0,305.0
58,0,715,4,202.5,150.0,305.0
58,0,716,4,202.5,150.0,305.0
58,0,717,4,202.5,150.0,305.0
58,0,718,4,202.5,150.0,305.0
58,0,719,4,202.5,150.0,305.0
58,0,720,4,202.5,150.0,305.0
58,0,721,4,202.5,150.0,305.0
58,0,722,4,202.5,150.0,305.0
58,0,723,4,202.5,150.0,305.0
58,0,726,4,202.5,150.0,305.0
58,0,727,4,202.5,150.0,305.0
58,0,729,4,202.5,150.0,305.0
58,0,730,4,202.5,150.0,305.0
58,0,731,4,202.5,150.0,305.0
58,0,732,4,202.5,150.0,305.0
58,0,733,4,202.5,150.0,305.0
58,0,741,4,202.5,150.0,305.0
58,0,766,4,202.5,150.0,305.0
1032,0,149,1,205.0,205.0,205.0
1032,0,150,1,205.0,205.0,205.0
1032,0,152,1,205.0,205.0,205.0
1032,0,153,1,205.0,205.0,205.0
1032,0,155,1,205.0,205.0,205.0
1032,0,160,1,205.0,205.0,205.0
1032,0,165,1,205.0,205.0,205.0
1032,0,166,1,205.0,205.0,205.0
1032,0,167,1,205.0,205.0,205.0
1032,0,168,1,205.0,205.0,205.0
1032,0,169,1,205.0,205.0,205.0
1032,0,170,1,205.0,205.0,205.0
1032,0,171,1,205.0,205.0,205.0
1032,0,217,1,205.0,205.0,205.0
1032,0,4533,1,205.0,205.0,205.0
1032,0,4541,1,205.0,205.0,205.0
1032,0,4542,1,205.0,205.0,205.0
1032,0,4624,1,205.0,205.0,205.0
1032,0,4625,1,205.0,205.0,205.0
1032,0,8594,1,205.0,205.0,205.0
1032,0,8595,1,205.0,205.0,205.0
1032,0,8596,1,205.0,205.0,205.0
1032,0,8597,1,205.0,205.0,205.0
1032,0,8598,1,205.0,205.0,205.0
1032,0,8599,1,205.0,205.0,205.0
580,1,589,3,208.33,95.0,425.0
580,1,594,3,208.33,95.0,425.0
580,1,5995,3,208.33,95.0,425.0
580,1,5996,3,208.33,95.0,425.0
580,1,5997,3,208.33,95.0,425.0
580,1,5999,3,208.33,95.0,425.0
580,1,6,3,208.33,95.0,425.0
580,1,600,3,208.33,95.0,425.0
580,1,6000,3,208.33,95.0,425.0
580,1,6001,3,208.33,95.0,425.0
580,1,6002,3,208.33,95.0,425.0
580,1,6003,3,208.33,95.0,425.0
580,1,6004,3,208.33,95.0,425.0
580,1,6005,3,208.33,95.0,425.0
580,1,6006,3,208.33,95.0,425.0
580,1,6007,3,208.33,95.0,425.0
580,1,6008,3,208.33,95.0,425.0
580,1,6009,3,208.33,95.0,425.0
580,1,601,3,208.33,95.0,425.0
580,1,6010,3,208.33,95.0,425.0
580,1,6011,3,208.33,95.0,425.0
580,1,6012,3,208.33,95.0,425.0
580,1,6013,3,208.33,95.0,425.0
580,1,603,3,208.33,95.0,425.0
580,1,604,3,208.33,95.0,425.0
580,1,605,3,208.33,95.0,425.0
580,1,606,3,208.33,95.0,425.0
580,1,607,3,208.33,95.0,425.0
580,1,608,3,208.33,95.0,425.0
580,1,62,3,208.33,95.0,425.0
580,1,7,3,208.33,95.0,425.0
580,1,7704,3,208.33,95.0,425.0
580,1,7920,3,208.33,95.0,425.0
580,1,8,3,208.33,95.0,425.0
713,1,4771,3,209.78,9.35,610.65
287,0,106823,3,210.0,160.0,275.0
287,0,107,3,210.0,160.0,275.0
287,0,1711,3,210.0,160.0,275.0
287,0,1827,3,210.0,160.0,275.0
287,0,2230,3,210.0,160.0,275.0
287,0,3088,3,210.0,160.0,275.0
287,0,3089,3,210.0,160.0,275.0
287,0,3090,3,210.0,160.0,275.0
287,0,3091,3,210.0,160.0,275.0
287,0,3092,3,210.0,160.0,275.0
287,0,3093,3,210.0,160.0,275.0
287,0,3094,3,210.0,160.0,275.0
287,0,3096,3,210.0,160.0,275.0
287,0,3097,3,210.0,160.0,275.0
287,0,3099,3,210.0,160.0,275.0
287,0,3100,3,210.0,160.0,275.0
287,0,3101,3,210.0,160.0,275.0
287,0,3128,3,210.0,160.0,275.0
287,0,3129,3,210.0,160.0,275.0
287,0,3130,3,210.0,160.0,275.0
287,0,3135,3,210.0,160.0,275.0
287,0,3217,3,210.0,160.0,275.0
287,0,3218,3,210.0,160.0,275.0
287,0,3219,3,210.0,160.0,275.0
287,0,3220,3,210.0,160.0,275.0
287,0,3221,3,210.0,160.0,275.0
287,0,3222,3,210.0,160.0,275.0
287,0,3223,3,210.0,160.0,275.0
287,0,3224,3,210.0,160.0,275.0
287,0,3225,3,210.0,160.0,275.0
287,0,3226,3,210.0,160.0,275.0
287,0,3227,3,210.0,160.0,275.0
287,0,3228,3,210.0,160.0,275.0
287,0,3229,3,210.0,160.0,275.0
287,0,3230,3,210.0,160.0,275.0
287,0,3231,3,210.0,160.0,275.0
287,0,3232,3,210.0,160.0,275.0
287,0,3254,3,210.0,160.0,275.0
287,0,409,3,210.0,160.0,275.0
287,0,462,3,210.0,160.0,275.0
287,0,463,3,210.0,160.0,275.0
287,0,464,3,210.0,160.0,275.0
288,1,106823,3,210.0,160.0,275.0
288,1,1639,3,210.0,160.0,275.0
288,1,1640,3,210.0,160.0,275.0
288,1,1641,3,210.0,160.0,275.0
288,1,3089,3,210.0,160.0,275.0
288,1,3095,3,210.0,160.0,275.0
288,1,3102,3,210.0,160.0,275.0
288,1,3103,3,210.0,160.0,275.0
288,1,3104,3,210.0,160.0,275.0
288,1,3105,3,210.0,160.0,275.0
288,1,3107,3,210.0,160.0,275.0
288,1,3128,3,210.0,160.0,275.0
288,1,3129,3,210.0,160.0,275.0
288,1,3130,3,210.0,160.0,275.0
288,1,3131,3,210.0,160.0,275.0
288,1,3132,3,210.0,160.0,275.0
288,1,3134,3,210.0,160.0,275.0
288,1,3135,3,210.0,160.0,275.0
288,1,3136,3,210.0,160.0,275.0
288,1,319,3,210.0,160.0,275.0
288,1,3218,3,210.0,160.0,275.0
288,1,3220,3,210.0,160.0,275.0
288,1,3222,3,210.0,160.0,275.0
288,1,3229,3,210.0,160.0,275.0
288,1,3230,3,210.0,160.0,275.0
288,1,3231,3,210.0,160.0,275.0
288,1,3232,3,210.0,160.0,275.0
288,1,3246,3,210.0,160.0,275.0
288,1,3254,3,210.0,160.0,275.0
288,1,3256,3,210.0,160.0,275.0
288,1,3257,3,210.0,160.0,275.0
288,1,3258,3,210.0,160.0,275.0
288,1,3259,3,210.0,160.0,275.0
288,1,3260,3,210.0,160.0,275.0
288,1,3261,3,210.0,160.0,275.0
288,1,3262,3,210.0,160.0,275.0
288,1,3263,3,210.0,160.0,275.0
288,1,3264,3,210.0,160.0,275.0
288,1,409,3,210.0,160.0,275.0
288,1,460,3,210.0,160.0,275.0
288,1,461,3,210.0,160.0,275.0
994,0,117,1,210.0,210.0,210.0
994,0,118,1,210.0,210.0,210.0
994,0,119,1,210.0,210.0,210.0
994,0,120,1,210.0,210.0,210.0
994,0,121,1,210.0,210.0,210.0
994,0,1967,1,210.0,210.0,210.0
994,0,1968,1,210.0,210.0,210.0
994,0,1969,1,210.0,210.0,210.0
994,0,1970,1,210.0,210.0,210.0
994,0,1971,1,210.0,210.0,210.0
994,0,1972,1,210.0,210.0,210.0
994,0,1973,1,210.0,210.0,210.0
994,0,1974,1,210.0,210.0,210.0
994,0,1975,1,210.0,210.0,210.0
994,0,1976,1,210.0,210.0,210.0
994,0,1977,1,210.0,210.0,210.0
994,0,1978,1,210.0,210.0,210.0
994,0,200,1,210.0,210.0,210.0
994,0,201,1,210.0,210.0,210.0
994,0,202,1,210.0,210.0,210.0
994,0,203,1,210.0,210.0,210.0
994,0,204,1,210.0,210.0,210.0
994,0,205,1,210.0,210.0,210.0
994,0,206,1,210.0,210.0,210.0
994,0,207,1,210.0,210.0,210.0
994,0,208,1,210.0,210.0,210.0
994,0,276,1,210.0,210.0,210.0
994,0,277,1,210.0,210.0,210.0
994,0,278,1,210.0,210.0,210.0
994,0,281,1,210.0,210.0,210.0
994,0,282,1,210.0,210.0,210.0
994,0,290,1,210.0,210.0,210.0
994,0,291,1,210.0,210.0,210.0
994,0,292,1,210.0,210.0,210.0
994,0,3855,1,210.0,210.0,210.0
994,0,6467,1,210.0,210.0,210.0
994,0,8202,1,210.0,210.0,210.0
994,0,8427,1,210.0,210.0,210.0
994,0,8428,1,210.0,210.0,210.0
994,0,8429,1,210.0,210.0,210.0
994,0,8430,1,210.0,210.0,210.0
994,0,8431,1,210.0,210.0,210.0
994,0,8432,1,210.0,210.0,210.0
994,0,8433,1,210.0,210.0,210.0
994,0,8434,1,210.0,210.0,210.0
994,0,8435,1,210.0,210.0,210.0
994,0,8438,1,210.0,210.0,210.0
994,0,8439,1,210.0,210.0,210.0
994,0,8605,1,210.0,210.0,210.0
683,1,124,4,215.0,110.0,265.0
683,1,125,4,215.0,110.0,265.0
683,1,1252,4,215.0,110.0,265.0
683,1,1277,4,215.0,110.0,265.0
683,1,130,4,215.0,110.0,265.0
683,1,131,4,215.0,110.0,265.0
683,1,133,4,215.0,110.0,265.0
683,1,134,4,215.0,110.0,265.0
683,1,135,4,215.0,110.0,265.0
683,1,136,4,215.0,110.0,265.0
683,1,137,4,215.0,110.0,265.0
683,1,138,4,215.0,110.0,265.0
683,1,139,4,215.0,110.0,265.0
683,1,141,4,215.0,110.0,265.0
683,1,142,4,215.0,110.0,265.0
683,1,145,4,215.0,110.0,265.0
683,1,146,4,215.0,110.0,265.0
683,1,147,4,215.0,110.0,265.0
683,1,172,4,215.0,110.0,265.0
683,1,289,4,215.0,110.0,265.0
683,1,290,4,215.0,110.0,265.0
683,1,291,4,215.0,110.0,265.0
683,1,304,4,215.0,110.0,265.0
683,1,41,4,215.0,110.0,265.0
683,1,5424,4,215.0,110.0,265.0
683,1,6788,4,215.0,110.0,265.0
683,1,6789,4,215.0,110.0,265.0
683,1,6791,4,215.0,110.0,265.0
683,1,6792,4,215.0,110.0,265.0
683,1,6793,4,215.0,110.0,265.0
683,1,6794,4,215.0,110.0,265.0
683,1,6795,4,215.0,110.0,265.0
683,1,6797,4,215.0,110.0,265.0
683,1,6798,4,215.0,110.0,265.0
683,1,6799,4,215.0,110.0,265.0
683,1,6831,4,215.0,110.0,265.0
683,1,7088,4,215.0,110.0,265.0
683,1,7089,4,215.0,110.0,265.0
683,1,7091,4,215.0,110.0,265.0
683,1,7094,4,215.0,110.0,265.0
683,1,734,4,215.0,110.0,265.0
683,1,735,4,215.0,110.0,265.0
683,1,736,4,215.0,110.0,265.0
683,1,737,4,215.0,110.0,265.0
683,1,738,4,215.0,110.0,265.0
683,1,739,4,215.0,110.0,265.0
683,1,863,4,215.0,110.0,265.0
683,1,887,4,215.0,110.0,265.0
683,1,888,4,215.0,110.0,265.0
683,1,889,4,215.0,110.0,265.0
683,1,893,4,215.0,110.0,265.0
683,1,937,4,215.0,110.0,265.0
683,1,938,4,215.0,110.0,265.0
683,1,950,4,215.0,110.0,265.0
683,1,951,4,215.0,110.0,265.0
683,1,952,4,215.0,110.0,265.0
683,1,953,4,215.0,110.0,265.0
683,1,954,4,215.0,110.0,265.0
683,1,955,4,215.0,110.0,265.0
683,1,956,4,215.0,110.0,265.0
683,1,957,4,215.0,110.0,265.0
683,1,958,4,215.0,110.0,265.0
683,1,959,4,215.0,110.0,265.0
683,1,960,4,215.0,110.0,265.0
683,1,961,4,215.0,110.0,265.0
683,1,962,4,215.0,110.0,265.0
1274,0,106604,3,216.67,150.0,340.0
1274,0,106605,3,216.67,150.0,340.0
1274,0,106606,3,216.67,150.0,340.0
1274,0,106607,3,216.67,150.0,340.0
1274,0,106608,3,216.67,150.0,340.0
1274,0,106609,3,216.67,150.0,340.0
1274,0,106610,3,216.67,150.0,340.0
1274,0,106611,3,216.67,150.0,340.0
1274,0,106612,3,216.67,150.0,340.0
1274,0,106613,3,216.67,150.0,340.0
1274,0,106614,3,216.67,150.0,340.0
1274,0,106615,3,216.67,150.0,340.0
1274,0,106616,3,216.67,150.0,340.0
1274,0,106617,3,216.67,150.0,340.0
1274,0,106618,3,216.67,150.0,340.0
1274,0,106619,3,216.67,150.0,340.0
1274,0,106620,3,216.67,150.0,340.0
1274,0,106621,3,216.67,150.0,340.0
1274,0,106622,3,216.67,150.0,340.0
1274,0,106623,3,216.67,150.0,340.0
1274,0,106624,3,216.67,150.0,340.0
1274,0,106625,3,216.67,150.0,340.0
1274,0,106626,3,216.67,150.0,340.0
1274,0,106627,3,216.67,150.0,340.0
1274,0,106628,3,216.67,150.0,340.0
1274,0,106629,3,216.67,150.0,340.0
1274,0,106630,3,216.67,150.0,340.0
1274,0,106631,3,216.67,150.0,340.0
1274,0,106632,3,216.67,150.0,340.0
1274,0,106633,3,216.67,150.0,340.0
1274,0,106634,3,216.67,150.0,340.0
1274,0,106635,3,216.67,150.0,340.0
1274,0,106636,3,216.67,150.0,340.0
1274,0,106637,3,216.67,150.0,340.0
1274,0,106638,3,216.67,150.0,340.0
1274,0,106639,3,216.67,150.0,340.0
1274,0,106640,3,216.67,150.0,340.0
1274,0,106641,3,216.67,150.0,340.0
1274,0,106642,3,216.67,150.0,340.0
1274,0,106643,3,216.67,150.0,340.0
1274,0,3729,3,216.67,150.0,340.0
1274,0,3730,3,216.67,150.0,340.0
1274,0,4351,3,216.67,150.0,340.0
989,1,117,6,217.5,145.0,360.0
989,1,118,6,217.5,145.0,360.0
989,1,119,6,217.5,145.0,360.0
989,1,120,6,217.5,145.0,360.0
989,1,121,6,217.5,145.0,360.0
989,1,1976,6,217.5,145.0,360.0
989,1,1979,6,217.5,145.0,360.0
989,1,1980,6,217.5,145.0,360.0
989,1,1981,6,217.5,145.0,360.0
989,1,1982,6,217.5,145.0,360.0
989,1,1983,6,217.5,145.0,360.0
989,1,1984,6,217.5,145.0,360.0
989,1,1985,6,217.5,145.0,360.0
989,1,1986,6,217.5,145.0,360.0
989,1,1987,6,217.5,145.0,360.0
989,1,1988,6,217.5,145.0,360.0
989,1,1989,6,217.5,145.0,360.0
989,1,201,6,217.5,145.0,360.0
989,1,202,6,217.5,145.0,360.0
989,1,204,6,217.5,145.0,360.0
989,1,205,6,217.5,145.0,360.0
989,1,206,6,217.5,145.0,360.0
989,1,207,6,217.5,145.0,360.0
989,1,217,6,217.5,145.0,360.0
989,1,225,6,217.5,145.0,360.0
989,1,283,6,217.5,145.0,360.0
989,1,284,6,217.5,145.0,360.0
989,1,287,6,217.5,145.0,360.0
989,1,288,6,217.5,145.0,360.0
989,1,3179,6,217.5,145.0,360.0
989,1,3838,6,217.5,145.0,360.0
989,1,4659,6,217.5,145.0,360.0
989,1,4702,6,217.5,145.0,360.0
989,1,8179,6,217.5,145.0,360.0
989,1,8181,6,217.5,145.0,360.0
989,1,8183,6,217.5,145.0,360.0
989,1,8184,6,217.5,145.0,360.0
989,1,8186,6,217.5,145.0,360.0
989,1,8188,6,217.5,145.0,360.0
989,1,8189,6,217.5,145.0,360.0
989,1,8204,6,217.5,145.0,360.0
989,1,8362,6,217.5,145.0,360.0
989,1,8364,6,217.5,145.0,360.0
989,1,8365,6,217.5,145.0,360.0
989,1,8366,6,217.5,145.0,360.0
989,1,8367,6,217.5,145.0,360.0
989,1,8368,6,217.5,145.0,360.0
989,1,8369,6,217.5,145.0,360.0
989,1,8370,6,217.5,145.0,360.0
989,1,8371,6,217.5,145.0,360.0
989,1,8372,6,217.5,145.0,360.0
989,1,8373,6,217.5,145.0,360.0
989,1,8376,6,217.5,145.0,360.0
989,1,8390,6,217.5,145.0,360.0
989,1,8391,6,217.5,145.0,360.0
989,1,8392,6,217.5,145.0,360.0
989,1,8394,6,217.5,145.0,360.0
989,1,8398,6,217.5,145.0,360.0
989,1,8400,6,217.5,145.0,360.0
989,1,8405,6,217.5,145.0,360.0
989,1,8409,6,217.5,145.0,360.0
989,1,8411,6,217.5,145.0,360.0
989,1,8412,6,217.5,145.0,360.0
989,1,8413,6,217.5,145.0,360.0
989,1,8414,6,217.5,145.0,360.0
989,1,8415,6,217.5,145.0,360.0
989,1,8416,6,217.5,145.0,360.0
989,1,8417,6,217.5,145.0,360.0
989,1,8418,6,217.5,145.0,360.0
989,1,8419,6,217.5,145.0,360.0
989,1,8422,6,217.5,145.0,360.0
989,1,8605,6,217.5,145.0,360.0
415,1,149,1,225.0,225.0,225.0
415,1,150,1,225.0,225.0,225.0
415,1,152,1,225.0,225.0,225.0
415,1,153,1,225.0,225.0,225.0
415,1,155,1,225.0,225.0,225.0
415,1,165,1,225.0,225.0,225.0
415,1,166,1,225.0,225.0,225.0
415,1,167,1,225.0,225.0,225.0
415,1,168,1,225.0,225.0,225.0
415,1,169,1,225.0,225.0,225.0
415,1,170,1,225.0,225.0,225.0
415,1,2219,1,225.0,225.0,225.0
415,1,2221,1,225.0,225.0,225.0
415,1,2301,1,225.0,225.0,225.0
415,1,2302,1,225.0,225.0,225.0
415,1,2303,1,225.0,225.0,225.0
415,1,2305,1,225.0,225.0,225.0
415,1,289,1,225.0,225.0,225.0
415,1,290,1,225.0,225.0,225.0
415,1,291,1,225.0,225.0,225.0
415,1,292,1,225.0,225.0,225.0
415,1,3354,1,225.0,225.0,225.0
415,1,3834,1,225.0,225.0,225.0
415,1,4533,1,225.0,225.0,225.0
415,1,4537,1,225.0,225.0,225.0
415,1,4539,1,225.0,225.0,225.0
415,1,4541,1,225.0,225.0,225.0
415,1,4542,1,225.0,225.0,225.0
415,1,4545,1,225.0,225.0,225.0
415,1,4549,1,225.0,225.0,225.0
415,1,4550,1,225.0,225.0,225.0
415,1,4551,1,225.0,225.0,225.0
415,1,4553,1,225.0,225.0,225.0
415,1,6467,1,225.0,225.0,225.0
415,1,700,1,225.0,225.0,225.0
415,1,701,1,225.0,225.0,225.0
415,1,702,1,225.0,225.0,225.0
415,1,705,1,225.0,225.0,225.0
415,1,719,1,225.0,225.0,225.0
415,1,733,1,225.0,225.0,225.0
415,1,734,1,225.0,225.0,225.0
415,1,735,1,225.0,225.0,225.0
415,1,736,1,225.0,225.0,225.0
415,1,737,1,225.0,225.0,225.0
415,1,738,1,225.0,225.0,225.0
415,1,739,1,225.0,225.0,225.0
415,1,740,1,225.0,225.0,225.0
415,1,744,1,225.0,225.0,225.0
415,1,745,1,225.0,225.0,225.0
415,1,747,1,225.0,225.0,225.0
415,1,749,1,225.0,225.0,225.0
415,1,750,1,225.0,225.0,225.0
415,1,751,1,225.0,225.0,225.0
415,1,752,1,225.0,225.0,225.0
415,1,753,1,225.0,225.0,225.0
415,1,754,1,225.0,225.0,225.0
415,1,755,1,225.0,225.0,225.0
415,1,756,1,225.0,225.0,225.0
415,1,757,1,225.0,225.0,225.0
415,1,758,1,225.0,225.0,225.0
415,1,759,1,225.0,225.0,225.0
415,1,761,1,225.0,225.0,225.0
415,1,767,1,225.0,225.0,225.0
415,1,769,1,225.0,225.0,225.0
415,1,770,1,225.0,225.0,225.0
579,0,584,3,225.0,120.0,400.0
579,0,585,3,225.0,120.0,400.0
579,0,586,3,225.0,120.0,400.0
579,0,587,3,225.0,120.0,400.0
579,0,588,3,225.0,120.0,400.0
579,0,590,3,225.0,120.0,400.0
579,0,591,3,225.0,120.0,400.0
579,0,592,3,225.0,120.0,400.0
579,0,593,3,225.0,120.0,400.0
579,0,594,3,225.0,120.0,400.0
579,0,5971,3,225.0,120.0,400.0
579,0,5972,3,225.0,120.0,400.0
579,0,5973,3,225.0,120.0,400.0
579,0,5974,3,225.0,120.0,400.0
579,0,5975,3,225.0,120.0,400.0
579,0,5976,3,225.0,120.0,400.0
579,0,5977,3,225.0,120.0,400.0
579,0,5978,3,225.0,120.0,400.0
579,0,5979,3,225.0,120.0,400.0
579,0,5980,3,225.0,120.0,400.0
579,0,5981,3,225.0,120.0,400.0
579,0,5982,3,225.0,120.0,400.0
579,0,5983,3,225.0,120.0,400.0
579,0,5984,3,225.0,120.0,400.0
579,0,5985,3,225.0,120.0,400.0
579,0,5986,3,225.0,120.0,400.0
579,0,5987,3,225.0,120.0,400.0
579,0,5988,3,225.0,120.0,400.0
579,0,5989,3,225.0,120.0,400.0
579,0,5990,3,225.0,120.0,400.0
579,0,5991,3,225.0,120.0,400.0
579,0,5992,3,225.0,120.0,400.0
579,0,5993,3,225.0,120.0,400.0
579,0,5994,3,225.0,120.0,400.0
610,1,100,3,225.0,180.0,290.0
610,1,101,3,225.0,180.0,290.0
610,1,3846,3,225.0,180.0,290.0
610,1,3847,3,225.0,180.0,290.0
610,1,3848,3,225.0,180.0,290.0
610,1,5298,3,225.0,180.0,290.0
610,1,5300,3,225.0,180.0,290.0
610,1,5327,3,225.0,180.0,290.0
610,1,5328,3,225.0,180.0,290.0
610,1,5329,3,225.0,180.0,290.0
610,1,5330,3,225.0,180.0,290.0
610,1,5331,3,225.0,180.0,290.0
610,1,5332,3,225.0,180.0,290.0
610,1,5333,3,225.0,180.0,290.0
610,1,5334,3,225.0,180.0,290.0
610,1,5335,3,225.0,180.0,290.0
610,1,5336,3,225.0,180.0,290.0
610,1,5337,3,225.0,180.0,290.0
610,1,5338,3,225.0,180.0,290.0
610,1,5339,3,225.0,180.0,290.0
610,1,5340,3,225.0,180.0,290.0
610,1,5341,3,225.0,180.0,290.0
610,1,5342,3,225.0,180.0,290.0
610,1,5343,3,225.0,180.0,290.0
610,1,5344,3,225.0,180.0,290.0
610,1,5345,3,225.0,180.0,290.0
610,1,5346,3,225.0,180.0,290.0
610,1,589,3,225.0,180.0,290.0
610,1,594,3,225.0,180.0,290.0
610,1,6,3,225.0,180.0,290.0
610,1,600,3,225.0,180.0,290.0
610,1,601,3,225.0,180.0,290.0
610,1,603,3,225.0,180.0,290.0
610,1,604,3,225.0,180.0,290.0
610,1,605,3,225.0,180.0,290.0
610,1,606,3,225.0,180.0,290.0
610,1,607,3,225.0,180.0,290.0
610,1,608,3,225.0,180.0,290.0
610,1,62,3,225.0,180.0,290.0
610,1,6243,3,225.0,180.0,290.0
610,1,6244,3,225.0,180.0,290.0
610,1,6245,3,225.0,180.0,290.0
610,1,6246,3,225.0,180.0,290.0
610,1,6247,3,225.0,180.0,290.0
610,1,6248,3,225.0,180.0,290.0
610,1,6249,3,225.0,180.0,290.0
610,1,7,3,225.0,180.0,290.0
610,1,7735,3,225.0,180.0,290.0
610,1,7920,3,225.0,180.0,290.0
610,1,8321,3,225.0,180.0,290.0
610,1,91,3,225.0,180.0,290.0
610,1,92,3,225.0,180.0,290.0
610,1,93,3,225.0,180.0,290.0
610,1,94,3,225.0,180.0,290.0
610,1,95,3,225.0,180.0,290.0
610,1,96,3,225.0,180.0,290.0
610,1,97,3,225.0,180.0,290.0
610,1,98,3,225.0,180.0,290.0
610,1,99,3,225.0,180.0,290.0
610,1,993,3,225.0,180.0,290.0
610,1,994,3,225.0,180.0,290.0
610,1,995,3,225.0,180.0,290.0
382,0,129,3,228.33,215.0,250.0
382,0,130,3,228.33,215.0,250.0
382,0,131,3,228.33,215.0,250.0
382,0,1813,3,228.33,215.0,250.0
382,0,3087,3,228.33,215.0,250.0
382,0,3088,3,228.33,215.0,250.0
382,0,3089,3,228.33,215.0,250.0
382,0,3090,3,228.33,215.0,250.0
382,0,3091,3,228.33,215.0,250.0
382,0,3092,3,228.33,215.0,250.0
382,0,3093,3,228.33,215.0,250.0
382,0,3109,3,228.33,215.0,250.0
382,0,3110,3,228.33,215.0,250.0
382,0,3111,3,228.33,215.0,250.0
382,0,3112,3,228.33,215.0,250.0
382,0,3114,3,228.33,215.0,250.0
382,0,3115,3,228.33,215.0,250.0
382,0,3118,3,228.33,215.0,250.0
382,0,3122,3,228.33,215.0,250.0
382,0,3123,3,228.33,215.0,250.0
382,0,3315,3,228.33,215.0,250.0
382,0,3947,3,228.33,215.0,250.0
382,0,3949,3,228.33,215.0,250.0
382,0,3950,3,228.33,215.0,250.0
382,0,3951,3,228.33,215.0,250.0
382,0,3952,3,228.33,215.0,250.0
382,0,3953,3,228.33,215.0,250.0
382,0,3954,3,228.33,215.0,250.0
382,0,3955,3,228.33,215.0,250.0
382,0,3956,3,228.33,215.0,250.0
382,0,3957,3,228.33,215.0,250.0
382,0,3958,3,228.33,215.0,250.0
382,0,3960,3,228.33,215.0,250.0
382,0,3961,3,228.33,215.0,250.0
382,0,3962,3,228.33,215.0,250.0
382,0,3963,3,228.33,215.0,250.0
382,0,3964,3,228.33,215.0,250.0
382,0,3965,3,228.33,215.0,250.0
382,0,3966,3,228.33,215.0,250.0
382,0,3967,3,228.33,215.0,250.0
382,0,3968,3,228.33,215.0,250.0
382,0,3969,3,228.33,215.0,250.0
382,0,3970,3,228.33,215.0,250.0
382,0,3971,3,228.33,215.0,250.0
382,0,3972,3,228.33,215.0,250.0
382,0,3973,3,228.33,215.0,250.0
382,0,3974,3,228.33,215.0,250.0
382,0,3975,3,228.33,215.0,250.0
382,0,3977,3,228.33,215.0,250.0
382,0,3978,3,228.33,215.0,250.0
382,0,3985,3,228.33,215.0,250.0
382,0,4002,3,228.33,215.0,250.0
382,0,4048,3,228.33,215.0,250.0
382,0,4351,3,228.33,215.0,250.0
382,0,790,3,228.33,215.0,250.0
382,0,791,3,228.33,215.0,250.0
382,0,792,3,228.33,215.0,250.0
382,0,793,3,228.33,215.0,250.0
382,0,794,3,228.33,215.0,250.0
383,1,129,3,228.33,190.0,280.0
383,1,130,3,228.33,190.0,280.0
383,1,131,3,228.33,190.0,280.0
383,1,1813,3,228.33,190.0,280.0
383,1,3089,3,228.33,190.0,280.0
383,1,3102,3,228.33,190.0,280.0
383,1,3103,3,228.33,190.0,280.0
383,1,3104,3,228.33,190.0,280.0
383,1,3105,3,228.33,190.0,280.0
383,1,3107,3,228.33,190.0,280.0
383,1,3108,3,228.33,190.0,280.0
383,1,3110,3,228.33,190.0,280.0
383,1,3113,3,228.33,190.0,280.0
383,1,3115,3,228.33,190.0,280.0
383,1,3117,3,228.33,190.0,280.0
383,1,3119,3,228.33,190.0,280.0
383,1,3120,3,228.33,190.0,280.0
383,1,3121,3,228.33,190.0,280.0
383,1,3126,3,228.33,190.0,280.0
383,1,3127,3,228.33,190.0,280.0
383,1,3315,3,228.33,190.0,280.0
383,1,3983,3,228.33,190.0,280.0
383,1,3984,3,228.33,190.0,280.0
383,1,3985,3,228.33,190.0,280.0
383,1,3986,3,228.33,190.0,280.0
383,1,3987,3,228.33,190.0,280.0
383,1,3988,3,228.33,190.0,280.0
383,1,3989,3,228.33,190.0,280.0
383,1,3990,3,228.33,190.0,280.0
383,1,3991,3,228.33,190.0,280.0
383,1,3992,3,228.33,190.0,280.0
383,1,3993,3,228.33,190.0,280.0
383,1,3994,3,228.33,190.0,280.0
383,1,3995,3,228.33,190.0,280.0
383,1,3996,3,228.33,190.0,280.0
383,1,3997,3,228.33,190.0,280.0
383,1,3998,3,228.33,190.0,280.0
383,1,3999,3,228.33,190.0,280.0
383,1,4000,3,228.33,190.0,280.0
383,1,4001,3,228.33,190.0,280.0
383,1,4002,3,228.33,190.0,280.0
383,1,4003,3,228.33,190.0,280.0
383,1,4004,3,228.33,190.0,280.0
383,1,4005,3,228.33,190.0,280.0
383,1,4006,3,228.33,190.0,280.0
383,1,4007,3,228.33,190.0,280.0
383,1,4008,3,228.33,190.0,280.0
383,1,4009,3,228.33,190.0,280.0
383,1,4010,3,228.33,190.0,280.0
383,1,4011,3,228.33,190.0,280.0
383,1,4012,3,228.33,190.0,280.0
383,1,4048,3,228.33,190.0,280.0
383,1,4049,3,228.33,190.0,280.0
383,1,4352,3,228.33,190.0,280.0
383,1,795,3,228.33,190.0,280.0
383,1,796,3,228.33,190.0,280.0
383,1,797,3,228.33,190.0,280.0
383,1,798,3,228.33,190.0,280.0
383,1,799,3,228.33,190.0,280.0
609,0,1024,3,228.33,180.0,290.0
609,0,1025,3,228.33,180.0,290.0
609,0,1071,3,228.33,180.0,290.0
609,0,3842,3,228.33,180.0,290.0
609,0,3844,3,228.33,180.0,290.0
609,0,5297,3,228.33,180.0,290.0
609,0,5298,3,228.33,180.0,290.0
609,0,5299,3,228.33,180.0,290.0
609,0,5300,3,228.33,180.0,290.0
609,0,5301,3,228.33,180.0,290.0
609,0,5302,3,228.33,180.0,290.0
609,0,5303,3,228.33,180.0,290.0
609,0,5304,3,228.33,180.0,290.0
609,0,5305,3,228.33,180.0,290.0
609,0,5306,3,228.33,180.0,290.0
609,0,5307,3,228.33,180.0,290.0
609,0,5308,3,228.33,180.0,290.0
609,0,5309,3,228.33,180.0,290.0
609,0,5310,3,228.33,180.0,290.0
609,0,5311,3,228.33,180.0,290.0
609,0,5312,3,228.33,180.0,290.0
609,0,5313,3,228.33,180.0,290.0
609,0,5314,3,228.33,180.0,290.0
609,0,5315,3,228.33,180.0,290.0
609,0,5316,3,228.33,180.0,290.0
609,0,5317,3,228.33,180.0,290.0
609,0,5318,3,228.33,180.0,290.0
609,0,584,3,228.33,180.0,290.0
609,0,585,3,228.33,180.0,290.0
609,0,586,3,228.33,180.0,290.0
609,0,587,3,228.33,180.0,290.0
609,0,588,3,228.33,180.0,290.0
609,0,590,3,228.33,180.0,290.0
609,0,591,3,228.33,180.0,290.0
609,0,592,3,228.33,180.0,290.0
609,0,593,3,228.33,180.0,290.0
609,0,594,3,228.33,180.0,290.0
609,0,5991,3,228.33,180.0,290.0
609,0,5992,3,228.33,180.0,290.0
609,0,5993,3,228.33,180.0,290.0
609,0,5994,3,228.33,180.0,290.0
609,0,6236,3,228.33,180.0,290.0
609,0,6237,3,228.33,180.0,290.0
609,0,6238,3,228.33,180.0,290.0
609,0,6239,3,228.33,180.0,290.0
609,0,6240,3,228.33,180.0,290.0
609,0,6241,3,228.33,180.0,290.0
609,0,6242,3,228.33,180.0,290.0
609,0,68,3,228.33,180.0,290.0
609,0,69,3,228.33,180.0,290.0
609,0,70,3,228.33,180.0,290.0
609,0,71,3,228.33,180.0,290.0
609,0,72,3,228.33,180.0,290.0
609,0,73,3,228.33,180.0,290.0
609,0,75,3,228.33,180.0,290.0
609,0,76,3,228.33,180.0,290.0
609,0,77,3,228.33,180.0,290.0
609,0,7736,3,228.33,180.0,290.0
609,0,78,3,228.33,180.0,290.0
609,0,79,3,228.33,180.0,290.0
609,0,7915,3,228.33,180.0,290.0
609,0,8,3,228.33,180.0,290.0
609,0,8321,3,228.33,180.0,290.0
609,0,993,3,228.33,180.0,290.0
1023,1,149,2,232.5,110.0,355.0
1023,1,150,2,232.5,110.0,355.0
1023,1,151,2,232.5,110.0,355.0
1023,1,152,2,232.5,110.0,355.0
1023,1,215,2,232.5,110.0,355.0
1023,1,216,2,232.5,110.0,355.0
1023,1,217,2,232.5,110.0,355.0
1023,1,218,2,232.5,110.0,355.0
1023,1,219,2,232.5,110.0,355.0
1023,1,220,2,232.5,110.0,355.0
1023,1,221,2,232.5,110.0,355.0
1023,1,222,2,232.5,110.0,355.0
1023,1,223,2,232.5,110.0,355.0
1023,1,224,2,232.5,110.0,355.0
1023,1,225,2,232.5,110.0,355.0
1023,1,288,2,232.5,110.0,355.0
1023,1,294,2,232.5,110.0,355.0
1023,1,4533,2,232.5,110.0,355.0
1023,1,8574,2,232.5,110.0,355.0
1023,1,8575,2,232.5,110.0,355.0
1023,1,8577,2,232.5,110.0,355.0
682,0,122,3,245.0,230.0,255.0
682,0,123,3,245.0,230.0,255.0
682,0,124,3,245.0,230.0,255.0
682,0,125,3,245.0,230.0,255.0
682,0,126,3,245.0,230.0,255.0
682,0,127,3,245.0,230.0,255.0
682,0,129,3,245.0,230.0,255.0
682,0,130,3,245.0,230.0,255.0
682,0,131,3,245.0,230.0,255.0
682,0,132,3,245.0,230.0,255.0
682,0,133,3,245.0,230.0,255.0
682,0,134,3,245.0,230.0,255.0
682,0,135,3,245.0,230.0,255.0
682,0,136,3,245.0,230.0,255.0
682,0,137,3,245.0,230.0,255.0
682,0,138,3,245.0,230.0,255.0
682,0,139,3,245.0,230.0,255.0
682,0,140,3,245.0,230.0,255.0
682,0,215,3,245.0,230.0,255.0
682,0,216,3,245.0,230.0,255.0
682,0,217,3,245.0,230.0,255.0
682,0,264,3,245.0,230.0,255.0
682,0,3315,3,245.0,230.0,255.0
682,0,35,3,245.0,230.0,255.0
682,0,3855,3,245.0,230.0,255.0
682,0,5424,3,245.0,230.0,255.0
682,0,6774,3,245.0,230.0,255.0
682,0,6775,3,245.0,230.0,255.0
682,0,6776,3,245.0,230.0,255.0
682,0,6777,3,245.0,230.0,255.0
682,0,6778,3,245.0,230.0,255.0
682,0,6780,3,245.0,230.0,255.0
682,0,6785,3,245.0,230.0,255.0
682,0,6786,3,245.0,230.0,255.0
682,0,6834,3,245.0,230.0,255.0
682,0,7083,3,245.0,230.0,255.0
682,0,7085,3,245.0,230.0,255.0
682,0,7086,3,245.0,230.0,255.0
682,0,7099,3,245.0,230.0,255.0
682,0,728,3,245.0,230.0,255.0
682,0,729,3,245.0,230.0,255.0
682,0,730,3,245.0,230.0,255.0
682,0,731,3,245.0,230.0,255.0
682,0,732,3,245.0,230.0,255.0
682,0,858,3,245.0,230.0,255.0
682,0,860,3,245.0,230.0,255.0
682,0,862,3,245.0,230.0,255.0
682,0,865,3,245.0,230.0,255.0
682,0,931,3,245.0,230.0,255.0
682,0,932,3,245.0,230.0,255.0
682,0,933,3,245.0,230.0,255.0
682,0,934,3,245.0,230.0,255.0
682,0,935,3,245.0,230.0,255.0
682,0,936,3,245.0,230.0,255.0
682,0,937,3,245.0,230.0,255.0
682,0,938,3,245.0,230.0,255.0
682,0,939,3,245.0,230.0,255.0
682,0,940,3,245.0,230.0,255.0
682,0,941,3,245.0,230.0,255.0
682,0,942,3,245.0,230.0,255.0
682,0,943,3,245.0,230.0,255.0
682,0,944,3,245.0,230.0,255.0
682,0,945,3,245.0,230.0,255.0
682,0,946,3,245.0,230.0,255.0
682,0,947,3,245.0,230.0,255.0
682,0,948,3,245.0,230.0,255.0
798,0,6883,2,247.5,245.0,250.0
798,0,6956,2,247.5,245.0,250.0
798,0,6957,2,247.5,245.0,250.0
798,0,6958,2,247.5,245.0,250.0
798,0,6977,2,247.5,245.0,250.0
798,0,7047,2,247.5,245.0,250.0
798,0,7189,2,247.5,245.0,250.0
798,0,7190,2,247.5,245.0,250.0
798,0,7191,2,247.5,245.0,250.0
798,0,7192,2,247.5,245.0,250.0
798,0,7193,2,247.5,245.0,250.0
798,0,7194,2,247.5,245.0,250.0
798,0,7195,2,247.5,245.0,250.0
798,0,7196,2,247.5,245.0,250.0
798,0,7197,2,247.5,245.0,250.0
798,0,7198,2,247.5,245.0,250.0
798,0,7199,2,247.5,245.0,250.0
798,0,7200,2,247.5,245.0,250.0
798,0,7201,2,247.5,245.0,250.0
798,0,7202,2,247.5,245.0,250.0
798,0,7493,2,247.5,245.0,250.0
798,0,7494,2,247.5,245.0,250.0
798,0,7495,2,247.5,245.0,250.0
798,0,7496,2,247.5,245.0,250.0
798,0,7497,2,247.5,245.0,250.0
798,0,7498,2,247.5,245.0,250.0
798,0,7499,2,247.5,245.0,250.0
798,0,7500,2,247.5,245.0,250.0
798,0,7501,2,247.5,245.0,250.0
798,0,7502,2,247.5,245.0,250.0
798,0,7503,2,247.5,245.0,250.0
798,0,7504,2,247.5,245.0,250.0
798,0,7505,2,247.5,245.0,250.0
798,0,7506,2,247.5,245.0,250.0
798,0,7507,2,247.5,245.0,250.0
798,0,7508,2,247.5,245.0,250.0
798,0,7509,2,247.5,245.0,250.0
798,0,7510,2,247.5,245.0,250.0
798,0,7511,2,247.5,245.0,250.0
798,0,7512,2,247.5,245.0,250.0
798,0,7513,2,247.5,245.0,250.0
798,0,7514,2,247.5,245.0,250.0
798,0,7515,2,247.5,245.0,250.0
798,0,7516,2,247.5,245.0,250.0
798,0,835,2,247.5,245.0,250.0
798,0,836,2,247.5,245.0,250.0
798,0,837,2,247.5,245.0,250.0
798,0,838,2,247.5,245.0,250.0
798,0,839,2,247.5,245.0,250.0
798,0,840,2,247.5,245.0,250.0
798,0,841,2,247.5,245.0,250.0
798,0,842,2,247.5,245.0,250.0
798,0,843,2,247.5,245.0,250.0
798,0,844,2,247.5,245.0,250.0
798,0,845,2,247.5,245.0,250.0
798,0,846,2,247.5,245.0,250.0
798,0,847,2,247.5,245.0,250.0
798,0,848,2,247.5,245.0,250.0
798,0,849,2,247.5,245.0,250.0
798,0,850,2,247.5,245.0,250.0
798,0,851,2,247.5,245.0,250.0
798,0,852,2,247.5,245.0,250.0
798,0,853,2,247.5,245.0,250.0
798,0,854,2,247.5,245.0,250.0
798,0,855,2,247.5,245.0,250.0
798,0,856,2,247.5,245.0,250.0
798,0,857,2,247.5,245.0,250.0
798,0,858,2,247.5,245.0,250.0
798,0,859,2,247.5,245.0,250.0
798,0,860,2,247.5,245.0,250.0
799,1,6087,2,247.5,230.0,265.0
799,1,6897,2,247.5,230.0,265.0
799,1,6960,2,247.5,230.0,265.0
799,1,6961,2,247.5,230.0,265.0
799,1,6962,2,247.5,230.0,265.0
799,1,6963,2,247.5,230.0,265.0
799,1,6964,2,247.5,230.0,265.0
799,1,6965,2,247.5,230.0,265.0
799,1,6966,2,247.5,230.0,265.0
799,1,6967,2,247.5,230.0,265.0
799,1,6968,2,247.5,230.0,265.0
799,1,6969,2,247.5,230.0,265.0
799,1,6970,2,247.5,230.0,265.0
799,1,6971,2,247.5,230.0,265.0
799,1,6972,2,247.5,230.0,265.0
799,1,6973,2,247.5,230.0,265.0
799,1,7089,2,247.5,230.0,265.0
799,1,7203,2,247.5,230.0,265.0
799,1,7204,2,247.5,230.0,265.0
799,1,7205,2,247.5,230.0,265.0
799,1,7206,2,247.5,230.0,265.0
799,1,7517,2,247.5,230.0,265.0
799,1,7518,2,247.5,230.0,265.0
799,1,7519,2,247.5,230.0,265.0
799,1,7520,2,247.5,230.0,265.0
799,1,7521,2,247.5,230.0,265.0
799,1,7522,2,247.5,230.0,265.0
799,1,890,2,247.5,230.0,265.0
799,1,892,2,247.5,230.0,265.0
799,1,893,2,247.5,230.0,265.0
799,1,894,2,247.5,230.0,265.0
799,1,895,2,247.5,230.0,265.0
799,1,896,2,247.5,230.0,265.0
799,1,897,2,247.5,230.0,265.0
799,1,898,2,247.5,230.0,265.0
799,1,899,2,247.5,230.0,265.0
799,1,900,2,247.5,230.0,265.0
799,1,901,2,247.5,230.0,265.0
799,1,903,2,247.5,230.0,265.0
799,1,904,2,247.5,230.0,265.0
799,1,905,2,247.5,230.0,265.0
799,1,906,2,247.5,230.0,265.0
799,1,907,2,247.5,230.0,265.0
799,1,908,2,247.5,230.0,265.0
799,1,909,2,247.5,230.0,265.0
799,1,910,2,247.5,230.0,265.0
799,1,911,2,247.5,230.0,265.0
799,1,912,2,247.5,230.0,265.0
799,1,913,2,247.5,230.0,265.0
799,1,914,2,247.5,230.0,265.0
799,1,915,2,247.5,230.0,265.0
799,1,916,2,247.5,230.0,265.0
959,0,10,3,253.33,210.0,305.0
959,0,1068,3,253.33,210.0,305.0
959,0,1071,3,253.33,210.0,305.0
959,0,1079,3,253.33,210.0,305.0
959,0,11,3,253.33,210.0,305.0
959,0,12,3,253.33,210.0,305.0
959,0,153,3,253.33,210.0,305.0
959,0,160,3,253.33,210.0,305.0
959,0,165,3,253.33,210.0,305.0
959,0,166,3,253.33,210.0,305.0
959,0,167,3,253.33,210.0,305.0
959,0,168,3,253.33,210.0,305.0
959,0,169,3,253.33,210.0,305.0
959,0,170,3,253.33,210.0,305.0
959,0,171,3,253.33,210.0,305.0
959,0,1863,3,253.33,210.0,305.0
959,0,1864,3,253.33,210.0,305.0
959,0,1865,3,253.33,210.0,305.0
959,0,1866,3,253.33,210.0,305.0
959,0,1867,3,253.33,210.0,305.0
959,0,1868,3,253.33,210.0,305.0
959,0,1869,3,253.33,210.0,305.0
959,0,1870,3,253.33,210.0,305.0
959,0,1871,3,253.33,210.0,305.0
959,0,1872,3,253.33,210.0,305.0
959,0,201,3,253.33,210.0,305.0
959,0,202,3,253.33,210.0,305.0
959,0,203,3,253.33,210.0,305.0
959,0,204,3,253.33,210.0,305.0
959,0,205,3,253.33,210.0,305.0
959,0,206,3,253.33,210.0,305.0
959,0,207,3,253.33,210.0,305.0
959,0,225,3,253.33,210.0,305.0
959,0,283,3,253.33,210.0,305.0
959,0,284,3,253.33,210.0,305.0
959,0,287,3,253.33,210.0,305.0
959,0,288,3,253.33,210.0,305.0
959,0,3179,3,253.33,210.0,305.0
959,0,366,3,253.33,210.0,305.0
959,0,367,3,253.33,210.0,305.0
959,0,368,3,253.33,210.0,305.0
959,0,369,3,253.33,210.0,305.0
959,0,370,3,253.33,210.0,305.0
959,0,371,3,253.33,210.0,305.0
959,0,372,3,253.33,210.0,305.0
959,0,4541,3,253.33,210.0,305.0
959,0,4625,3,253.33,210.0,305.0
959,0,4811,3,253.33,210.0,305.0
959,0,4812,3,253.33,210.0,305.0
959,0,4813,3,253.33,210.0,305.0
959,0,68,3,253.33,210.0,305.0
959,0,69,3,253.33,210.0,305.0
959,0,70,3,253.33,210.0,305.0
959,0,72,3,253.33,210.0,305.0
959,0,73,3,253.33,210.0,305.0
959,0,75,3,253.33,210.0,305.0
959,0,76,3,253.33,210.0,305.0
959,0,77,3,253.33,210.0,305.0
959,0,78,3,253.33,210.0,305.0
959,0,79,3,253.33,210.0,305.0
959,0,8,3,253.33,210.0,305.0
959,0,80,3,253.33,210.0,305.0
959,0,81,3,253.33,210.0,305.0
959,0,82,3,253.33,210.0,305.0
959,0,8327,3,253.33,210.0,305.0
959,0,8328,3,253.33,210.0,305.0
959,0,8329,3,253.33,210.0,305.0
959,0,8501,3,253.33,210.0,305.0
959,0,8605,3,253.33,210.0,305.0
959,0,9,3,253.33,210.0,305.0
487,1,2185,3,255.0,195.0,330.0
487,1,2186,3,255.0,195.0,330.0
487,1,2187,3,255.0,195.0,330.0
487,1,2188,3,255.0,195.0,330.0
487,1,2189,3,255.0,195.0,330.0
487,1,2190,3,255.0,195.0,330.0
487,1,2191,3,255.0,195.0,330.0
487,1,2481,3,255.0,195.0,330.0
487,1,2817,3,255.0,195.0,330.0
487,1,2825,3,255.0,195.0,330.0
487,1,2828,3,255.0,195.0,330.0
487,1,2830,3,255.0,195.0,330.0
487,1,2831,3,255.0,195.0,330.0
487,1,2863,3,255.0,195.0,330.0
487,1,2864,3,255.0,195.0,330.0
487,1,2865,3,255.0,195.0,330.0
487,1,2868,3,255.0,195.0,330.0
487,1,2869,3,255.0,195.0,330.0
487,1,2872,3,255.0,195.0,330.0
487,1,5088,3,255.0,195.0,330.0
487,1,5210,3,255.0,195.0,330.0
487,1,5220,3,255.0,195.0,330.0
487,1,5221,3,255.0,195.0,330.0
487,1,5223,3,255.0,195.0,330.0
487,1,5224,3,255.0,195.0,330.0
487,1,5225,3,255.0,195.0,330.0
487,1,5226,3,255.0,195.0,330.0
487,1,5227,3,255.0,195.0,330.0
487,1,5228,3,255.0,195.0,330.0
487,1,5229,3,255.0,195.0,330.0
487,1,5230,3,255.0,195.0,330.0
487,1,5231,3,255.0,195.0,330.0
487,1,5232,3,255.0,195.0,330.0
487,1,5233,3,255.0,195.0,330.0
487,1,5234,3,255.0,195.0,330.0
487,1,5235,3,255.0,195.0,330.0
487,1,5236,3,255.0,195.0,330.0
487,1,5237,3,255.0,195.0,330.0
487,1,5239,3,255.0,195.0,330.0
487,1,5240,3,255.0,195.0,330.0
487,1,5241,3,255.0,195.0,330.0
487,1,5242,3,255.0,195.0,330.0
487,1,5243,3,255.0,195.0,330.0
487,1,5244,3,255.0,195.0,330.0
487,1,5245,3,255.0,195.0,330.0
487,1,5246,3,255.0,195.0,330.0
487,1,5247,3,255.0,195.0,330.0
487,1,5248,3,255.0,195.0,330.0
487,1,5249,3,255.0,195.0,330.0
487,1,5250,3,255.0,195.0,330.0
487,1,5251,3,255.0,195.0,330.0
487,1,5252,3,255.0,195.0,330.0
487,1,5253,3,255.0,195.0,330.0
487,1,5254,3,255.0,195.0,330.0
487,1,5255,3,255.0,195.0,330.0
487,1,5256,3,255.0,195.0,330.0
487,1,5257,3,255.0,195.0,330.0
487,1,5258,3,255.0,195.0,330.0
487,1,5259,3,255.0,195.0,330.0
487,1,5260,3,255.0,195.0,330.0
487,1,5261,3,255.0,195.0,330.0
487,1,5262,3,255.0,195.0,330.0
487,1,5263,3,255.0,195.0,330.0
487,1,5264,3,255.0,195.0,330.0
487,1,5265,3,255.0,195.0,330.0
487,1,5266,3,255.0,195.0,330.0
487,1,5267,3,255.0,195.0,330.0
487,1,5268,3,255.0,195.0,330.0
487,1,6542,3,255.0,195.0,330.0
487,1,698,3,255.0,195.0,330.0
487,1,699,3,255.0,195.0,330.0
487,1,700,3,255.0,195.0,330.0
487,1,701,3,255.0,195.0,330.0
487,1,702,3,255.0,195.0,330.0
487,1,703,3,255.0,195.0,330.0
487,1,7035,3,255.0,195.0,330.0
487,1,704,3,255.0,195.0,330.0
487,1,761,3,255.0,195.0,330.0
487,1,763,3,255.0,195.0,330.0
487,1,769,3,255.0,195.0,330.0
487,1,770,3,255.0,195.0,330.0
487,1,771,3,255.0,195.0,330.0
487,1,861,3,255.0,195.0,330.0
425,1,10,2,257.5,230.0,285.0
425,1,106815,2,257.5,230.0,285.0
425,1,106816,2,257.5,230.0,285.0
425,1,1071,2,257.5,230.0,285.0
425,1,11,2,257.5,230.0,285.0
425,1,1204,2,257.5,230.0,285.0
425,1,1318,2,257.5,230.0,285.0
425,1,1322,2,257.5,230.0,285.0
425,1,1376,2,257.5,230.0,285.0
425,1,1378,2,257.5,230.0,285.0
425,1,1379,2,257.5,230.0,285.0
425,1,1380,2,257.5,230.0,285.0
425,1,1381,2,257.5,230.0,285.0
425,1,1382,2,257.5,230.0,285.0
425,1,1383,2,257.5,230.0,285.0
425,1,1400,2,257.5,230.0,285.0
425,1,1401,2,257.5,230.0,285.0
425,1,15,2,257.5,230.0,285.0
425,1,1574,2,257.5,230.0,285.0
425,1,1575,2,257.5,230.0,285.0
425,1,18,2,257.5,230.0,285.0
425,1,19,2,257.5,230.0,285.0
425,1,20,2,257.5,230.0,285.0
425,1,2175,2,257.5,230.0,285.0
425,1,2332,2,257.5,230.0,285.0
425,1,2333,2,257.5,230.0,285.0
425,1,2335,2,257.5,230.0,285.0
425,1,24,2,257.5,230.0,285.0
425,1,2878,2,257.5,230.0,285.0
425,1,2879,2,257.5,230.0,285.0
425,1,319,2,257.5,230.0,285.0
425,1,349,2,257.5,230.0,285.0
425,1,3857,2,257.5,230.0,285.0
425,1,39,2,257.5,230.0,285.0
425,1,40,2,257.5,230.0,285.0
425,1,41,2,257.5,230.0,285.0
425,1,42,2,257.5,230.0,285.0
425,1,43,2,257.5,230.0,285.0
425,1,44,2,257.5,230.0,285.0
425,1,45,2,257.5,230.0,285.0
425,1,46,2,257.5,230.0,285.0
425,1,460,2,257.5,230.0,285.0
425,1,461,2,257.5,230.0,285.0
425,1,47,2,257.5,230.0,285.0
425,1,48,2,257.5,230.0,285.0
425,1,50,2,257.5,230.0,285.0
425,1,51,2,257.5,230.0,285.0
425,1,52,2,257.5,230.0,285.0
425,1,53,2,257.5,230.0,285.0
425,1,54,2,257.5,230.0,285.0
425,1,55,2,257.5,230.0,285.0
425,1,57,2,257.5,230.0,285.0
425,1,58,2,257.5,230.0,285.0
425,1,6,2,257.5,230.0,285.0
425,1,62,2,257.5,230.0,285.0
425,1,6296,2,257.5,230.0,285.0
425,1,68,2,257.5,230.0,285.0
425,1,69,2,257.5,230.0,285.0
425,1,7,2,257.5,230.0,285.0
425,1,70,2,257.5,230.0,285.0
425,1,71,2,257.5,230.0,285.0
425,1,73,2,257.5,230.0,285.0
425,1,75,2,257.5,230.0,285.0
425,1,7587,2,257.5,230.0,285.0
425,1,76,2,257.5,230.0,285.0
425,1,78,2,257.5,230.0,285.0
425,1,79,2,257.5,230.0,285.0
425,1,9,2,257.5,230.0,285.0
425,1,93,2,257.5,230.0,285.0
218,1,107,3,260.0,50.0,405.0
218,1,1204,3,260.0,50.0,405.0
218,1,1323,3,260.0,50.0,405.0
218,1,1324,3,260.0,50.0,405.0
218,1,1325,3,260.0,50.0,405.0
218,1,1370,3,260.0,50.0,405.0
218,1,1375,3,260.0,50.0,405.0
218,1,1378,3,260.0,50.0,405.0
218,1,1379,3,260.0,50.0,405.0
218,1,1380,3,260.0,50.0,405.0
218,1,1381,3,260.0,50.0,405.0
218,1,1382,3,260.0,50.0,405.0
218,1,1383,3,260.0,50.0,405.0
218,1,1398,3,260.0,50.0,405.0
218,1,1400,3,260.0,50.0,405.0
218,1,1422,3,260.0,50.0,405.0
218,1,1574,3,260.0,50.0,405.0
218,1,1576,3,260.0,50.0,405.0
218,1,1577,3,260.0,50.0,405.0
218,1,1578,3,260.0,50.0,405.0
218,1,1581,3,260.0,50.0,405.0
218,1,1582,3,260.0,50.0,405.0
218,1,1583,3,260.0,50.0,405.0
218,1,1634,3,260.0,50.0,405.0
218,1,2056,3,260.0,50.0,405.0
218,1,2065,3,260.0,50.0,405.0
218,1,2066,3,260.0,50.0,405.0
218,1,2067,3,260.0,50.0,405.0
218,1,2068,3,260.0,50.0,405.0
218,1,2069,3,260.0,50.0,405.0
218,1,2070,3,260.0,50.0,405.0
218,1,2071,3,260.0,50.0,405.0
218,1,2074,3,260.0,50.0,405.0
218,1,2075,3,260.0,50.0,405.0
218,1,2076,3,260.0,50.0,405.0
218,1,2230,3,260.0,50.0,405.0
218,1,2389,3,260.0,50.0,405.0
218,1,2427,3,260.0,50.0,405.0
218,1,2441,3,260.0,50.0,405.0
218,1,2445,3,260.0,50.0,405.0
218,1,2446,3,260.0,50.0,405.0
218,1,2447,3,260.0,50.0,405.0
218,1,2448,3,260.0,50.0,405.0
218,1,2449,3,260.0,50.0,405.0
218,1,2450,3,260.0,50.0,405.0
218,1,2451,3,260.0,50.0,405.0
218,1,2452,3,260.0,50.0,405.0
218,1,2454,3,260.0,50.0,405.0
218,1,2455,3,260.0,50.0,405.0
218,1,2456,3,260.0,50.0,405.0
218,1,2457,3,260.0,50.0,405.0
218,1,2458,3,260.0,50.0,405.0
218,1,2459,3,260.0,50.0,405.0
218,1,2460,3,260.0,50.0,405.0
218,1,2461,3,260.0,50.0,405.0
218,1,2462,3,260.0,50.0,405.0
218,1,2463,3,260.0,50.0,405.0
218,1,2464,3,260.0,50.0,405.0
218,1,2465,3,260.0,50.0,405.0
218,1,2466,3,260.0,50.0,405.0
218,1,2467,3,260.0,50.0,405.0
218,1,2468,3,260.0,50.0,405.0
218,1,2469,3,260.0,50.0,405.0
218,1,2470,3,260.0,50.0,405.0
218,1,2471,3,260.0,50.0,405.0
218,1,2472,3,260.0,50.0,405.0
218,1,2473,3,260.0,50.0,405.0
218,1,2474,3,260.0,50.0,405.0
218,1,2475,3,260.0,50.0,405.0
218,1,2476,3,260.0,50.0,405.0
218,1,2477,3,260.0,50.0,405.0
218,1,2478,3,260.0,50.0,405.0
218,1,2479,3,260.0,50.0,405.0
218,1,2480,3,260.0,50.0,405.0
218,1,2481,3,260.0,50.0,405.0
218,1,2482,3,260.0,50.0,405.0
218,1,2483,3,260.0,50.0,405.0
218,1,2484,3,260.0,50.0,405.0
218,1,2485,3,260.0,50.0,405.0
218,1,2486,3,260.0,50.0,405.0
218,1,2487,3,260.0,50.0,405.0
218,1,2488,3,260.0,50.0,405.0
218,1,2489,3,260.0,50.0,405.0
218,1,2490,3,260.0,50.0,405.0
218,1,2491,3,260.0,50.0,405.0
218,1,2492,3,260.0,50.0,405.0
218,1,2493,3,260.0,50.0,405.0
218,1,2494,3,260.0,50.0,405.0
218,1,2495,3,260.0,50.0,405.0
218,1,2496,3,260.0,50.0,405.0
218,1,2497,3,260.0,50.0,405.0
218,1,2738,3,260.0,50.0,405.0
218,1,2752,3,260.0,50.0,405.0
218,1,2976,3,260.0,50.0,405.0
218,1,3008,3,260.0,50.0,405.0
218,1,349,3,260.0,50.0,405.0
218,1,3857,3,260.0,50.0,405.0
218,1,4568,3,260.0,50.0,405.0
218,1,458,3,260.0,50.0,405.0
987,0,149,3,260.0,140.0,480.0
987,0,150,3,260.0,140.0,480.0
987,0,152,3,260.0,140.0,480.0
987,0,1967,3,260.0,140.0,480.0
987,0,1968,3,260.0,140.0,480.0
987,0,1969,3,260.0,140.0,480.0
987,0,1970,3,260.0,140.0,480.0
987,0,1971,3,260.0,140.0,480.0
987,0,1972,3,260.0,140.0,480.0
987,0,1973,3,260.0,140.0,480.0
987,0,1974,3,260.0,140.0,480.0
987,0,1975,3,260.0,140.0,480.0
987,0,1976,3,260.0,140.0,480.0
987,0,1979,3,260.0,140.0,480.0
987,0,1980,3,260.0,140.0,480.0
987,0,200,3,260.0,140.0,480.0
987,0,217,3,260.0,140.0,480.0
987,0,218,3,260.0,140.0,480.0
987,0,219,3,260.0,140.0,480.0
987,0,220,3,260.0,140.0,480.0
987,0,221,3,260.0,140.0,480.0
987,0,222,3,260.0,140.0,480.0
987,0,223,3,260.0,140.0,480.0
987,0,224,3,260.0,140.0,480.0
987,0,277,3,260.0,140.0,480.0
987,0,278,3,260.0,140.0,480.0
987,0,281,3,260.0,140.0,480.0
987,0,282,3,260.0,140.0,480.0
987,0,285,3,260.0,140.0,480.0
987,0,4533,3,260.0,140.0,480.0
987,0,4542,3,260.0,140.0,480.0
987,0,4659,3,260.0,140.0,480.0
987,0,4672,3,260.0,140.0,480.0
987,0,8177,3,260.0,140.0,480.0
987,0,8179,3,260.0,140.0,480.0
987,0,8180,3,260.0,140.0,480.0
987,0,8181,3,260.0,140.0,480.0
987,0,8182,3,260.0,140.0,480.0
987,0,8183,3,260.0,140.0,480.0
987,0,8184,3,260.0,140.0,480.0
987,0,8186,3,260.0,140.0,480.0
987,0,8202,3,260.0,140.0,480.0
987,0,8362,3,260.0,140.0,480.0
987,0,8365,3,260.0,140.0,480.0
987,0,8371,3,260.0,140.0,480.0
987,0,8377,3,260.0,140.0,480.0
987,0,8380,3,260.0,140.0,480.0
987,0,8381,3,260.0,140.0,480.0
987,0,8383,3,260.0,140.0,480.0
987,0,8384,3,260.0,140.0,480.0
987,0,8385,3,260.0,140.0,480.0
987,0,8386,3,260.0,140.0,480.0
987,0,8387,3,260.0,140.0,480.0
987,0,8389,3,260.0,140.0,480.0
987,0,8395,3,260.0,140.0,480.0
987,0,8398,3,260.0,140.0,480.0
987,0,8399,3,260.0,140.0,480.0
987,0,8401,3,260.0,140.0,480.0
987,0,8402,3,260.0,140.0,480.0
987,0,8403,3,260.0,140.0,480.0
987,0,8404,3,260.0,140.0,480.0
987,0,8405,3,260.0,140.0,480.0
987,0,8406,3,260.0,140.0,480.0
987,0,8407,3,260.0,140.0,480.0
987,0,8408,3,260.0,140.0,480.0
987,0,8409,3,260.0,140.0,480.0
987,0,8410,3,260.0,140.0,480.0
987,0,8420,3,260.0,140.0,480.0
987,0,8421,3,260.0,140.0,480.0
987,0,8422,3,260.0,140.0,480.0
987,0,8423,3,260.0,140.0,480.0
987,0,8424,3,260.0,140.0,480.0
987,0,8425,3,260.0,140.0,480.0
987,0,8426,3,260.0,140.0,480.0
525,1,136,2,262.5,245.0,280.0
525,1,137,2,262.5,245.0,280.0
525,1,138,2,262.5,245.0,280.0
525,1,139,2,262.5,245.0,280.0
525,1,141,2,262.5,245.0,280.0
525,1,3926,2,262.5,245.0,280.0
525,1,3927,2,262.5,245.0,280.0
525,1,3928,2,262.5,245.0,280.0
525,1,3929,2,262.5,245.0,280.0
525,1,3930,2,262.5,245.0,280.0
525,1,3931,2,262.5,245.0,280.0
525,1,3932,2,262.5,245.0,280.0
525,1,3933,2,262.5,245.0,280.0
525,1,3934,2,262.5,245.0,280.0
525,1,3935,2,262.5,245.0,280.0
525,1,3936,2,262.5,245.0,280.0
525,1,3937,2,262.5,245.0,280.0
525,1,3938,2,262.5,245.0,280.0
525,1,3939,2,262.5,245.0,280.0
525,1,3940,2,262.5,245.0,280.0
525,1,3941,2,262.5,245.0,280.0
525,1,3942,2,262.5,245.0,280.0
525,1,3943,2,262.5,245.0,280.0
525,1,3944,2,262.5,245.0,280.0
525,1,4352,2,262.5,245.0,280.0
525,1,5420,2,262.5,245.0,280.0
525,1,5425,2,262.5,245.0,280.0
525,1,5426,2,262.5,245.0,280.0
525,1,5427,2,262.5,245.0,280.0
525,1,5428,2,262.5,245.0,280.0
525,1,5429,2,262.5,245.0,280.0
525,1,5430,2,262.5,245.0,280.0
525,1,5431,2,262.5,245.0,280.0
525,1,5432,2,262.5,245.0,280.0
525,1,5433,2,262.5,245.0,280.0
525,1,5434,2,262.5,245.0,280.0
525,1,5435,2,262.5,245.0,280.0
525,1,5436,2,262.5,245.0,280.0
525,1,5437,2,262.5,245.0,280.0
525,1,5438,2,262.5,245.0,280.0
525,1,5439,2,262.5,245.0,280.0
525,1,5440,2,262.5,245.0,280.0
525,1,5441,2,262.5,245.0,280.0
525,1,5480,2,262.5,245.0,280.0
525,1,5504,2,262.5,245.0,280.0
525,1,5505,2,262.5,245.0,280.0
525,1,5506,2,262.5,245.0,280.0
525,1,5507,2,262.5,245.0,280.0
525,1,5508,2,262.5,245.0,280.0
525,1,5509,2,262.5,245.0,280.0
525,1,5510,2,262.5,245.0,280.0
525,1,5511,2,262.5,245.0,280.0
525,1,5512,2,262.5,245.0,280.0
525,1,5513,2,262.5,245.0,280.0
525,1,5514,2,262.5,245.0,280.0
525,1,5515,2,262.5,245.0,280.0
525,1,5516,2,262.5,245.0,280.0
525,1,5517,2,262.5,245.0,280.0
525,1,5518,2,262.5,245.0,280.0
525,1,5519,2,262.5,245.0,280.0
525,1,5520,2,262.5,245.0,280.0
525,1,5521,2,262.5,245.0,280.0
525,1,5522,2,262.5,245.0,280.0
525,1,5523,2,262.5,245.0,280.0
525,1,5524,2,262.5,245.0,280.0
525,1,5526,2,262.5,245.0,280.0
525,1,5527,2,262.5,245.0,280.0
525,1,5528,2,262.5,245.0,280.0
525,1,5530,2,262.5,245.0,280.0
525,1,5531,2,262.5,245.0,280.0
525,1,5532,2,262.5,245.0,280.0
525,1,5533,2,262.5,245.0,280.0
525,1,5534,2,262.5,245.0,280.0
525,1,5535,2,262.5,245.0,280.0
525,1,5536,2,262.5,245.0,280.0
525,1,5537,2,262.5,245.0,280.0
525,1,5538,2,262.5,245.0,280.0
525,1,5539,2,262.5,245.0,280.0
525,1,5540,2,262.5,245.0,280.0
525,1,8078,2,262.5,245.0,280.0
525,1,9297,2,262.5,245.0,280.0
952,1,100,3,265.0,195.0,340.0
952,1,101,3,265.0,195.0,340.0
952,1,1025,3,265.0,195.0,340.0
952,1,1838,3,265.0,195.0,340.0
952,1,1840,3,265.0,195.0,340.0
952,1,1841,3,265.0,195.0,340.0
952,1,1842,3,265.0,195.0,340.0
952,1,1843,3,265.0,195.0,340.0
952,1,1844,3,265.0,195.0,340.0
952,1,1911,3,265.0,195.0,340.0
952,1,1912,3,265.0,195.0,340.0
952,1,1913,3,265.0,195.0,340.0
952,1,1914,3,265.0,195.0,340.0
952,1,3842,3,265.0,195.0,340.0
952,1,4945,3,265.0,195.0,340.0
952,1,4949,3,265.0,195.0,340.0
952,1,4951,3,265.0,195.0,340.0
952,1,4953,3,265.0,195.0,340.0
952,1,4954,3,265.0,195.0,340.0
952,1,4956,3,265.0,195.0,340.0
952,1,4957,3,265.0,195.0,340.0
952,1,4958,3,265.0,195.0,340.0
952,1,4959,3,265.0,195.0,340.0
952,1,4960,3,265.0,195.0,340.0
952,1,4961,3,265.0,195.0,340.0
952,1,4977,3,265.0,195.0,340.0
952,1,4978,3,265.0,195.0,340.0
952,1,5010,3,265.0,195.0,340.0
952,1,5321,3,265.0,195.0,340.0
952,1,5325,3,265.0,195.0,340.0
952,1,5326,3,265.0,195.0,340.0
952,1,5327,3,265.0,195.0,340.0
952,1,589,3,265.0,195.0,340.0
952,1,591,3,265.0,195.0,340.0
952,1,592,3,265.0,195.0,340.0
952,1,593,3,265.0,195.0,340.0
952,1,6,3,265.0,195.0,340.0
952,1,604,3,265.0,195.0,340.0
952,1,605,3,265.0,195.0,340.0
952,1,606,3,265.0,195.0,340.0
952,1,607,3,265.0,195.0,340.0
952,1,608,3,265.0,195.0,340.0
952,1,62,3,265.0,195.0,340.0
952,1,6243,3,265.0,195.0,340.0
952,1,6244,3,265.0,195.0,340.0
952,1,6245,3,265.0,195.0,340.0
952,1,6246,3,265.0,195.0,340.0
952,1,6247,3,265.0,195.0,340.0
952,1,6248,3,265.0,195.0,340.0
952,1,6249,3,265.0,195.0,340.0
952,1,7,3,265.0,195.0,340.0
952,1,7736,3,265.0,195.0,340.0
952,1,7744,3,265.0,195.0,340.0
952,1,7763,3,265.0,195.0,340.0
952,1,7904,3,265.0,195.0,340.0
952,1,7915,3,265.0,195.0,340.0
952,1,8321,3,265.0,195.0,340.0
952,1,8322,3,265.0,195.0,340.0
952,1,91,3,265.0,195.0,340.0
952,1,92,3,265.0,195.0,340.0
952,1,93,3,265.0,195.0,340.0
952,1,94,3,265.0,195.0,340.0
952,1,95,3,265.0,195.0,340.0
952,1,96,3,265.0,195.0,340.0
952,1,97,3,265.0,195.0,340.0
952,1,98,3,265.0,195.0,340.0
952,1,99,3,265.0,195.0,340.0
952,1,993,3,265.0,195.0,340.0
952,1,995,3,265.0,195.0,340.0
960,1,100,3,265.0,245.0,300.0
960,1,101,3,265.0,245.0,300.0
960,1,1085,3,265.0,245.0,300.0
960,1,153,3,265.0,245.0,300.0
960,1,155,3,265.0,245.0,300.0
960,1,160,3,265.0,245.0,300.0
960,1,165,3,265.0,245.0,300.0
960,1,166,3,265.0,245.0,300.0
960,1,167,3,265.0,245.0,300.0
960,1,168,3,265.0,245.0,300.0
960,1,169,3,265.0,245.0,300.0
960,1,170,3,265.0,245.0,300.0
960,1,171,3,265.0,245.0,300.0
960,1,1883,3,265.0,245.0,300.0
960,1,1884,3,265.0,245.0,300.0
960,1,1885,3,265.0,245.0,300.0
960,1,1886,3,265.0,245.0,300.0
960,1,1887,3,265.0,245.0,300.0
960,1,1888,3,265.0,245.0,300.0
960,1,1889,3,265.0,245.0,300.0
960,1,1890,3,265.0,245.0,300.0
960,1,1891,3,265.0,245.0,300.0
960,1,218,3,265.0,245.0,300.0
960,1,219,3,265.0,245.0,300.0
960,1,220,3,265.0,245.0,300.0
960,1,221,3,265.0,245.0,300.0
960,1,222,3,265.0,245.0,300.0
960,1,223,3,265.0,245.0,300.0
960,1,224,3,265.0,245.0,300.0
960,1,225,3,265.0,245.0,300.0
960,1,278,3,265.0,245.0,300.0
960,1,281,3,265.0,245.0,300.0
960,1,282,3,265.0,245.0,300.0
960,1,288,3,265.0,245.0,300.0
960,1,362,3,265.0,245.0,300.0
960,1,363,3,265.0,245.0,300.0
960,1,364,3,265.0,245.0,300.0
960,1,365,3,265.0,245.0,300.0
960,1,366,3,265.0,245.0,300.0
960,1,367,3,265.0,245.0,300.0
960,1,368,3,265.0,245.0,300.0
960,1,369,3,265.0,245.0,300.0
960,1,370,3,265.0,245.0,300.0
960,1,371,3,265.0,245.0,300.0
960,1,372,3,265.0,245.0,300.0
960,1,373,3,265.0,245.0,300.0
960,1,4541,3,265.0,245.0,300.0
960,1,4851,3,265.0,245.0,300.0
960,1,4852,3,265.0,245.0,300.0
960,1,58,3,265.0,245.0,300.0
960,1,59,3,265.0,245.0,300.0
960,1,6,3,265.0,245.0,300.0
960,1,60,3,265.0,245.0,300.0
960,1,61,3,265.0,245.0,300.0
960,1,62,3,265.0,245.0,300.0
960,1,7,3,265.0,245.0,300.0
960,1,8202,3,265.0,245.0,300.0
960,1,8605,3,265.0,245.0,300.0
960,1,88,3,265.0,245.0,300.0
960,1,89,3,265.0,245.0,300.0
960,1,90,3,265.0,245.0,300.0
960,1,91,3,265.0,245.0,300.0
960,1,92,3,265.0,245.0,300.0
960,1,93,3,265.0,245.0,300.0
960,1,94,3,265.0,245.0,300.0
960,1,95,3,265.0,245.0,300.0
960,1,96,3,265.0,245.0,300.0
960,1,97,3,265.0,245.0,300.0
960,1,98,3,265.0,245.0,300.0
960,1,99,3,265.0,245.0,300.0
801,1,106744,3,266.67,175.0,400.0
801,1,106745,3,266.67,175.0,400.0
801,1,106746,3,266.67,175.0,400.0
801,1,106747,3,266.67,175.0,400.0
801,1,106748,3,266.67,175.0,400.0
801,1,106749,3,266.67,175.0,400.0
801,1,106750,3,266.67,175.0,400.0
801,1,106751,3,266.67,175.0,400.0
801,1,106752,3,266.67,175.0,400.0
801,1,106753,3,266.67,175.0,400.0
801,1,106754,3,266.67,175.0,400.0
801,1,106755,3,266.67,175.0,400.0
801,1,106832,3,266.67,175.0,400.0
801,1,1746,3,266.67,175.0,400.0
801,1,4728,3,266.67,175.0,400.0
801,1,4781,3,266.67,175.0,400.0
801,1,4782,3,266.67,175.0,400.0
801,1,4783,3,266.67,175.0,400.0
801,1,4784,3,266.67,175.0,400.0
801,1,4785,3,266.67,175.0,400.0
801,1,4786,3,266.67,175.0,400.0
801,1,4787,3,266.67,175.0,400.0
801,1,4788,3,266.67,175.0,400.0
801,1,4789,3,266.67,175.0,400.0
801,1,4790,3,266.67,175.0,400.0
801,1,4791,3,266.67,175.0,400.0
801,1,4792,3,266.67,175.0,400.0
801,1,4794,3,266.67,175.0,400.0
801,1,4795,3,266.67,175.0,400.0
801,1,4796,3,266.67,175.0,400.0
801,1,4798,3,266.67,175.0,400.0
801,1,4799,3,266.67,175.0,400.0
801,1,4800,3,266.67,175.0,400.0
801,1,4801,3,266.67,175.0,400.0
801,1,4802,3,266.67,175.0,400.0
801,1,4803,3,266.67,175.0,400.0
801,1,4804,3,266.67,175.0,400.0
801,1,4805,3,266.67,175.0,400.0
801,1,4806,3,266.67,175.0,400.0
801,1,4807,3,266.67,175.0,400.0
801,1,4808,3,266.67,175.0,400.0
801,1,4809,3,266.67,175.0,400.0
801,1,4810,3,266.67,175.0,400.0
801,1,5153,3,266.67,175.0,400.0
801,1,5154,3,266.67,175.0,400.0
801,1,5155,3,266.67,175.0,400.0
801,1,5156,3,266.67,175.0,400.0
801,1,5158,3,266.67,175.0,400.0
801,1,5159,3,266.67,175.0,400.0
801,1,5845,3,266.67,175.0,400.0
801,1,5932,3,266.67,175.0,400.0
801,1,5937,3,266.67,175.0,400.0
801,1,5938,3,266.67,175.0,400.0
801,1,5939,3,266.67,175.0,400.0
801,1,6575,3,266.67,175.0,400.0
801,1,6605,3,266.67,175.0,400.0
801,1,6646,3,266.67,175.0,400.0
801,1,7260,3,266.67,175.0,400.0
801,1,7370,3,266.67,175.0,400.0
801,1,7371,3,266.67,175.0,400.0
801,1,7372,3,266.67,175.0,400.0
801,1,7373,3,266.67,175.0,400.0
801,1,7374,3,266.67,175.0,400.0
801,1,7375,3,266.67,175.0,400.0
801,1,7376,3,266.67,175.0,400.0
801,1,7377,3,266.67,175.0,400.0
801,1,7378,3,266.67,175.0,400.0
801,1,7541,3,266.67,175.0,400.0
801,1,7542,3,266.67,175.0,400.0
801,1,7543,3,266.67,175.0,400.0
801,1,7544,3,266.67,175.0,400.0
801,1,7545,3,266.67,175.0,400.0
801,1,7546,3,266.67,175.0,400.0
801,1,7550,3,266.67,175.0,400.0
801,1,7558,3,266.67,175.0,400.0
801,1,7560,3,266.67,175.0,400.0
801,1,7561,3,266.67,175.0,400.0
801,1,7562,3,266.67,175.0,400.0
801,1,7563,3,266.67,175.0,400.0
801,1,7564,3,266.67,175.0,400.0
801,1,7565,3,266.67,175.0,400.0
801,1,7566,3,266.67,175.0,400.0
801,1,7567,3,266.67,175.0,400.0
801,1,7568,3,266.67,175.0,400.0
801,1,7569,3,266.67,175.0,400.0
801,1,7570,3,266.67,175.0,400.0
947,0,1751,3,266.67,220.0,315.0
947,0,1760,3,266.67,220.0,315.0
947,0,1761,3,266.67,220.0,315.0
947,0,1763,3,266.67,220.0,315.0
947,0,1764,3,266.67,220.0,315.0
947,0,1767,3,266.67,220.0,315.0
947,0,3390,3,266.67,220.0,315.0
947,0,3414,3,266.67,220.0,315.0
947,0,3415,3,266.67,220.0,315.0
947,0,3416,3,266.67,220.0,315.0
947,0,3417,3,266.67,220.0,315.0
947,0,3418,3,266.67,220.0,315.0
947,0,3420,3,266.67,220.0,315.0
947,0,3421,3,266.67,220.0,315.0
947,0,3422,3,266.67,220.0,315.0
947,0,3423,3,266.67,220.0,315.0
947,0,3424,3,266.67,220.0,315.0
947,0,3425,3,266.67,220.0,315.0
947,0,3426,3,266.67,220.0,315.0
947,0,3427,3,266.67,220.0,315.0
947,0,3428,3,266.67,220.0,315.0
947,0,3438,3,266.67,220.0,315.0
947,0,3667,3,266.67,220.0,315.0
947,0,3669,3,266.67,220.0,315.0
947,0,3670,3,266.67,220.0,315.0
947,0,3671,3,266.67,220.0,315.0
947,0,3688,3,266.67,220.0,315.0
947,0,3690,3,266.67,220.0,315.0
947,0,3691,3,266.67,220.0,315.0
947,0,3692,3,266.67,220.0,315.0
947,0,3694,3,266.67,220.0,315.0
947,0,3695,3,266.67,220.0,315.0
947,0,3696,3,266.67,220.0,315.0
947,0,3697,3,266.67,220.0,315.0
947,0,3698,3,266.67,220.0,315.0
947,0,3699,3,266.67,220.0,315.0
947,0,3700,3,266.67,220.0,315.0
947,0,3701,3,266.67,220.0,315.0
947,0,3702,3,266.67,220.0,315.0
947,0,3703,3,266.67,220.0,315.0
947,0,3704,3,266.67,220.0,315.0
947,0,3705,3,266.67,220.0,315.0
947,0,3706,3,266.67,220.0,315.0
947,0,3707,3,266.67,220.0,315.0
947,0,3709,3,266.67,220.0,315.0
947,0,3710,3,266.67,220.0,315.0
947,0,3711,3,266.67,220.0,315.0
947,0,3712,3,266.67,220.0,315.0
947,0,3713,3,266.67,220.0,315.0
947,0,3751,3,266.67,220.0,315.0
947,0,3752,3,266.67,220.0,315.0
947,0,3755,3,266.67,220.0,315.0
947,0,3756,3,266.67,220.0,315.0
947,0,3758,3,266.67,220.0,315.0
947,0,8286,3,266.67,220.0,315.0
947,0,8287,3,266.67,220.0,315.0
947,0,8288,3,266.67,220.0,315.0
947,0,8289,3,266.67,220.0,315.0
947,0,8290,3,266.67,220.0,315.0
947,0,8291,3,266.67,220.0,315.0
947,0,8292,3,266.67,220.0,315.0
947,0,8293,3,266.67,220.0,315.0
947,0,8294,3,266.67,220.0,315.0
947,0,8295,3,266.67,220.0,315.0
947,0,8296,3,266.67,220.0,315.0
947,0,8297,3,266.67,220.0,315.0
947,0,8298,3,266.67,220.0,315.0
947,0,8299,3,266.67,220.0,315.0
947,0,8300,3,266.67,220.0,315.0
947,0,8301,3,266.67,220.0,315.0
947,0,8302,3,266.67,220.0,315.0
951,0,1024,3,266.67,200.0,375.0
951,0,1025,3,266.67,200.0,375.0
951,0,1071,3,266.67,200.0,375.0
951,0,1836,3,266.67,200.0,375.0
951,0,1837,3,266.67,200.0,375.0
951,0,1838,3,266.67,200.0,375.0
951,0,1839,3,266.67,200.0,375.0
951,0,1840,3,266.67,200.0,375.0
951,0,1841,3,266.67,200.0,375.0
951,0,1842,3,266.67,200.0,375.0
951,0,1843,3,266.67,200.0,375.0
951,0,1844,3,266.67,200.0,375.0
951,0,1912,3,266.67,200.0,375.0
951,0,3842,3,266.67,200.0,375.0
951,0,3848,3,266.67,200.0,375.0
951,0,4907,3,266.67,200.0,375.0
951,0,4942,3,266.67,200.0,375.0
951,0,4943,3,266.67,200.0,375.0
951,0,4944,3,266.67,200.0,375.0
951,0,4945,3,266.67,200.0,375.0
951,0,4946,3,266.67,200.0,375.0
951,0,4947,3,266.67,200.0,375.0
951,0,4948,3,266.67,200.0,375.0
951,0,4950,3,266.67,200.0,375.0
951,0,4951,3,266.67,200.0,375.0
951,0,4952,3,266.67,200.0,375.0
951,0,4955,3,266.67,200.0,375.0
951,0,4973,3,266.67,200.0,375.0
951,0,4974,3,266.67,200.0,375.0
951,0,5011,3,266.67,200.0,375.0
951,0,5318,3,266.67,200.0,375.0
951,0,5319,3,266.67,200.0,375.0
951,0,5320,3,266.67,200.0,375.0
951,0,5321,3,266.67,200.0,375.0
951,0,584,3,266.67,200.0,375.0
951,0,585,3,266.67,200.0,375.0
951,0,586,3,266.67,200.0,375.0
951,0,587,3,266.67,200.0,375.0
951,0,588,3,266.67,200.0,375.0
951,0,590,3,266.67,200.0,375.0
951,0,591,3,266.67,200.0,375.0
951,0,592,3,266.67,200.0,375.0
951,0,593,3,266.67,200.0,375.0
951,0,5991,3,266.67,200.0,375.0
951,0,5992,3,266.67,200.0,375.0
951,0,5993,3,266.67,200.0,375.0
951,0,5994,3,266.67,200.0,375.0
951,0,6236,3,266.67,200.0,375.0
951,0,6237,3,266.67,200.0,375.0
951,0,6238,3,266.67,200.0,375.0
951,0,6239,3,266.67,200.0,375.0
951,0,6240,3,266.67,200.0,375.0
951,0,6241,3,266.67,200.0,375.0
951,0,6242,3,266.67,200.0,375.0
951,0,68,3,266.67,200.0,375.0
951,0,69,3,266.67,200.0,375.0
951,0,70,3,266.67,200.0,375.0
951,0,71,3,266.67,200.0,375.0
951,0,72,3,266.67,200.0,375.0
951,0,73,3,266.67,200.0,375.0
951,0,75,3,266.67,200.0,375.0
951,0,76,3,266.67,200.0,375.0
951,0,77,3,266.67,200.0,375.0
951,0,7734,3,266.67,200.0,375.0
951,0,7736,3,266.67,200.0,375.0
951,0,7762,3,266.67,200.0,375.0
951,0,78,3,266.67,200.0,375.0
951,0,79,3,266.67,200.0,375.0
951,0,8,3,266.67,200.0,375.0
951,0,8321,3,266.67,200.0,375.0
951,0,993,3,266.67,200.0,375.0
486,0,106732,2,270.0,255.0,285.0
486,0,2142,2,270.0,255.0,285.0
486,0,2143,2,270.0,255.0,285.0
486,0,2144,2,270.0,255.0,285.0
486,0,2145,2,270.0,255.0,285.0
486,0,2146,2,270.0,255.0,285.0
486,0,2147,2,270.0,255.0,285.0
486,0,2148,2,270.0,255.0,285.0
486,0,2149,2,270.0,255.0,285.0
486,0,2406,2,270.0,255.0,285.0
486,0,2817,2,270.0,255.0,285.0
486,0,2819,2,270.0,255.0,285.0
486,0,2820,2,270.0,255.0,285.0
486,0,2823,2,270.0,255.0,285.0
486,0,2825,2,270.0,255.0,285.0
486,0,2828,2,270.0,255.0,285.0
486,0,2829,2,270.0,255.0,285.0
486,0,2830,2,270.0,255.0,285.0
486,0,2831,2,270.0,255.0,285.0
486,0,2864,2,270.0,255.0,285.0
486,0,2865,2,270.0,255.0,285.0
486,0,2866,2,270.0,255.0,285.0
486,0,5173,2,270.0,255.0,285.0
486,0,5174,2,270.0,255.0,285.0
486,0,5175,2,270.0,255.0,285.0
486,0,5176,2,270.0,255.0,285.0
486,0,5177,2,270.0,255.0,285.0
486,0,5178,2,270.0,255.0,285.0
486,0,5179,2,270.0,255.0,285.0
486,0,5180,2,270.0,255.0,285.0
486,0,5181,2,270.0,255.0,285.0
486,0,5182,2,270.0,255.0,285.0
486,0,5183,2,270.0,255.0,285.0
486,0,5184,2,270.0,255.0,285.0
486,0,5185,2,270.0,255.0,285.0
486,0,5186,2,270.0,255.0,285.0
486,0,5187,2,270.0,255.0,285.0
486,0,5188,2,270.0,255.0,285.0
486,0,5189,2,270.0,255.0,285.0
486,0,5190,2,270.0,255.0,285.0
486,0,5191,2,270.0,255.0,285.0
486,0,5192,2,270.0,255.0,285.0
486,0,5193,2,270.0,255.0,285.0
486,0,5194,2,270.0,255.0,285.0
486,0,5195,2,270.0,255.0,285.0
486,0,5196,2,270.0,255.0,285.0
486,0,5197,2,270.0,255.0,285.0
486,0,5198,2,270.0,255.0,285.0
486,0,5199,2,270.0,255.0,285.0
486,0,5200,2,270.0,255.0,285.0
486,0,5202,2,270.0,255.0,285.0
486,0,5203,2,270.0,255.0,285.0
486,0,5204,2,270.0,255.0,285.0
486,0,5205,2,270.0,255.0,285.0
486,0,5206,2,270.0,255.0,285.0
486,0,5207,2,270.0,255.0,285.0
486,0,5208,2,270.0,255.0,285.0
486,0,5209,2,270.0,255.0,285.0
486,0,5210,2,270.0,255.0,285.0
486,0,5211,2,270.0,255.0,285.0
486,0,5212,2,270.0,255.0,285.0
486,0,5213,2,270.0,255.0,285.0
486,0,5214,2,270.0,255.0,285.0
486,0,5215,2,270.0,255.0,285.0
486,0,5216,2,270.0,255.0,285.0
486,0,5217,2,270.0,255.0,285.0
486,0,5218,2,270.0,255.0,285.0
486,0,5219,2,270.0,255.0,285.0
486,0,5220,2,270.0,255.0,285.0
486,0,5221,2,270.0,255.0,285.0
486,0,5222,2,270.0,255.0,285.0
486,0,698,2,270.0,255.0,285.0
486,0,699,2,270.0,255.0,285.0
486,0,6993,2,270.0,255.0,285.0
486,0,700,2,270.0,255.0,285.0
486,0,701,2,270.0,255.0,285.0
486,0,702,2,270.0,255.0,285.0
486,0,703,2,270.0,255.0,285.0
486,0,704,2,270.0,255.0,285.0
486,0,705,2,270.0,255.0,285.0
486,0,761,2,270.0,255.0,285.0
486,0,762,2,270.0,255.0,285.0
486,0,763,2,270.0,255.0,285.0
486,0,764,2,270.0,255.0,285.0
486,0,765,2,270.0,255.0,285.0
800,0,1040,3,271.67,240.0,330.0
800,0,1041,3,271.67,240.0,330.0
800,0,106744,3,271.67,240.0,330.0
800,0,106745,3,271.67,240.0,330.0
800,0,106746,3,271.67,240.0,330.0
800,0,106747,3,271.67,240.0,330.0
800,0,106748,3,271.67,240.0,330.0
800,0,106749,3,271.67,240.0,330.0
800,0,106750,3,271.67,240.0,330.0
800,0,106751,3,271.67,240.0,330.0
800,0,106752,3,271.67,240.0,330.0
800,0,106753,3,271.67,240.0,330.0
800,0,106754,3,271.67,240.0,330.0
800,0,106755,3,271.67,240.0,330.0
800,0,4713,3,271.67,240.0,330.0
800,0,4714,3,271.67,240.0,330.0
800,0,4715,3,271.67,240.0,330.0
800,0,4716,3,271.67,240.0,330.0
800,0,4717,3,271.67,240.0,330.0
800,0,4718,3,271.67,240.0,330.0
800,0,4719,3,271.67,240.0,330.0
800,0,4720,3,271.67,240.0,330.0
800,0,4721,3,271.67,240.0,330.0
800,0,4722,3,271.67,240.0,330.0
800,0,4723,3,271.67,240.0,330.0
800,0,4724,3,271.67,240.0,330.0
800,0,4725,3,271.67,240.0,330.0
800,0,4727,3,271.67,240.0,330.0
800,0,4728,3,271.67,240.0,330.0
800,0,4729,3,271.67,240.0,330.0
800,0,4730,3,271.67,240.0,330.0
800,0,4732,3,271.67,240.0,330.0
800,0,4733,3,271.67,240.0,330.0
800,0,4734,3,271.67,240.0,330.0
800,0,4735,3,271.67,240.0,330.0
800,0,4736,3,271.67,240.0,330.0
800,0,4737,3,271.67,240.0,330.0
800,0,4738,3,271.67,240.0,330.0
800,0,4739,3,271.67,240.0,330.0
800,0,4740,3,271.67,240.0,330.0
800,0,4741,3,271.67,240.0,330.0
800,0,4742,3,271.67,240.0,330.0
800,0,4743,3,271.67,240.0,330.0
800,0,5144,3,271.67,240.0,330.0
800,0,5145,3,271.67,240.0,330.0
800,0,5149,3,271.67,240.0,330.0
800,0,5844,3,271.67,240.0,330.0
800,0,5929,3,271.67,240.0,330.0
800,0,5930,3,271.67,240.0,330.0
800,0,5931,3,271.67,240.0,330.0
800,0,5932,3,271.67,240.0,330.0
800,0,5933,3,271.67,240.0,330.0
800,0,6566,3,271.67,240.0,330.0
800,0,6567,3,271.67,240.0,330.0
800,0,6568,3,271.67,240.0,330.0
800,0,6603,3,271.67,240.0,330.0
800,0,6605,3,271.67,240.0,330.0
800,0,7259,3,271.67,240.0,330.0
800,0,7361,3,271.67,240.0,330.0
800,0,7362,3,271.67,240.0,330.0
800,0,7363,3,271.67,240.0,330.0
800,0,7364,3,271.67,240.0,330.0
800,0,7365,3,271.67,240.0,330.0
800,0,7366,3,271.67,240.0,330.0
800,0,7367,3,271.67,240.0,330.0
800,0,7368,3,271.67,240.0,330.0
800,0,7369,3,271.67,240.0,330.0
800,0,7541,3,271.67,240.0,330.0
800,0,7542,3,271.67,240.0,330.0
800,0,7543,3,271.67,240.0,330.0
800,0,7544,3,271.67,240.0,330.0
800,0,7545,3,271.67,240.0,330.0
800,0,7546,3,271.67,240.0,330.0
800,0,7547,3,271.67,240.0,330.0
800,0,7548,3,271.67,240.0,330.0
800,0,7549,3,271.67,240.0,330.0
800,0,7550,3,271.67,240.0,330.0
800,0,7551,3,271.67,240.0,330.0
800,0,7552,3,271.67,240.0,330.0
800,0,7553,3,271.67,240.0,330.0
800,0,7554,3,271.67,240.0,330.0
800,0,7555,3,271.67,240.0,330.0
800,0,7556,3,271.67,240.0,330.0
800,0,7557,3,271.67,240.0,330.0
800,0,7558,3,271.67,240.0,330.0
800,0,7559,3,271.67,240.0,330.0
530,0,136,2,272.5,270.0,275.0
530,0,137,2,272.5,270.0,275.0
530,0,138,2,272.5,270.0,275.0
530,0,139,2,272.5,270.0,275.0
530,0,140,2,272.5,270.0,275.0
530,0,5406,2,272.5,270.0,275.0
530,0,5407,2,272.5,270.0,275.0
530,0,5408,2,272.5,270.0,275.0
530,0,5409,2,272.5,270.0,275.0
530,0,5410,2,272.5,270.0,275.0
530,0,5411,2,272.5,270.0,275.0
530,0,5412,2,272.5,270.0,275.0
530,0,5413,2,272.5,270.0,275.0
530,0,5414,2,272.5,270.0,275.0
530,0,5415,2,272.5,270.0,275.0
530,0,5416,2,272.5,270.0,275.0
530,0,5417,2,272.5,270.0,275.0
530,0,5418,2,272.5,270.0,275.0
530,0,5419,2,272.5,270.0,275.0
530,0,5420,2,272.5,270.0,275.0
530,0,5421,2,272.5,270.0,275.0
530,0,5422,2,272.5,270.0,275.0
530,0,5423,2,272.5,270.0,275.0
530,0,5424,2,272.5,270.0,275.0
530,0,5488,2,272.5,270.0,275.0
530,0,5489,2,272.5,270.0,275.0
530,0,5490,2,272.5,270.0,275.0
530,0,5491,2,272.5,270.0,275.0
530,0,5493,2,272.5,270.0,275.0
530,0,5494,2,272.5,270.0,275.0
530,0,5495,2,272.5,270.0,275.0
530,0,5496,2,272.5,270.0,275.0
530,0,5497,2,272.5,270.0,275.0
530,0,5498,2,272.5,270.0,275.0
530,0,5499,2,272.5,270.0,275.0
530,0,5500,2,272.5,270.0,275.0
530,0,5501,2,272.5,270.0,275.0
530,0,5502,2,272.5,270.0,275.0
530,0,5503,2,272.5,270.0,275.0
530,0,5578,2,272.5,270.0,275.0
530,0,5579,2,272.5,270.0,275.0
530,0,5580,2,272.5,270.0,275.0
530,0,5581,2,272.5,270.0,275.0
530,0,5582,2,272.5,270.0,275.0
530,0,5583,2,272.5,270.0,275.0
530,0,5584,2,272.5,270.0,275.0
530,0,5585,2,272.5,270.0,275.0
530,0,5586,2,272.5,270.0,275.0
530,0,5587,2,272.5,270.0,275.0
530,0,5588,2,272.5,270.0,275.0
530,0,5589,2,272.5,270.0,275.0
530,0,5590,2,272.5,270.0,275.0
530,0,5591,2,272.5,270.0,275.0
530,0,5592,2,272.5,270.0,275.0
530,0,5593,2,272.5,270.0,275.0
530,0,5594,2,272.5,270.0,275.0
530,0,5595,2,272.5,270.0,275.0
530,0,5596,2,272.5,270.0,275.0
530,0,5597,2,272.5,270.0,275.0
530,0,5598,2,272.5,270.0,275.0
530,0,5599,2,272.5,270.0,275.0
530,0,5600,2,272.5,270.0,275.0
530,0,5601,2,272.5,270.0,275.0
530,0,5602,2,272.5,270.0,275.0
530,0,5603,2,272.5,270.0,275.0
530,0,5604,2,272.5,270.0,275.0
530,0,5605,2,272.5,270.0,275.0
530,0,5606,2,272.5,270.0,275.0
530,0,5607,2,272.5,270.0,275.0
530,0,5608,2,272.5,270.0,275.0
530,0,5609,2,272.5,270.0,275.0
530,0,5610,2,272.5,270.0,275.0
530,0,5611,2,272.5,270.0,275.0
530,0,5612,2,272.5,270.0,275.0
530,0,5613,2,272.5,270.0,275.0
530,0,5614,2,272.5,270.0,275.0
530,0,5615,2,272.5,270.0,275.0
530,0,5616,2,272.5,270.0,275.0
530,0,5617,2,272.5,270.0,275.0
530,0,5618,2,272.5,270.0,275.0
530,0,5619,2,272.5,270.0,275.0
530,0,5620,2,272.5,270.0,275.0
530,0,5621,2,272.5,270.0,275.0
530,0,5698,2,272.5,270.0,275.0
454,0,106462,2,277.5,220.0,335.0
454,0,114,2,277.5,220.0,335.0
454,0,115,2,277.5,220.0,335.0
454,0,116,2,277.5,220.0,335.0
454,0,117,2,277.5,220.0,335.0
454,0,118,2,277.5,220.0,335.0
454,0,119,2,277.5,220.0,335.0
454,0,120,2,277.5,220.0,335.0
454,0,121,2,277.5,220.0,335.0
454,0,126,2,277.5,220.0,335.0
454,0,127,2,277.5,220.0,335.0
454,0,129,2,277.5,220.0,335.0
454,0,130,2,277.5,220.0,335.0
454,0,131,2,277.5,220.0,335.0
454,0,158,2,277.5,220.0,335.0
454,0,159,2,277.5,220.0,335.0
454,0,160,2,277.5,220.0,335.0
454,0,161,2,277.5,220.0,335.0
454,0,162,2,277.5,220.0,335.0
454,0,163,2,277.5,220.0,335.0
454,0,164,2,277.5,220.0,335.0
454,0,1836,2,277.5,220.0,335.0
454,0,1838,2,277.5,220.0,335.0
454,0,3315,2,277.5,220.0,335.0
454,0,399,2,277.5,220.0,335.0
454,0,400,2,277.5,220.0,335.0
454,0,401,2,277.5,220.0,335.0
454,0,402,2,277.5,220.0,335.0
454,0,4537,2,277.5,220.0,335.0
454,0,4607,2,277.5,220.0,335.0
454,0,4608,2,277.5,220.0,335.0
454,0,4609,2,277.5,220.0,335.0
454,0,4610,2,277.5,220.0,335.0
454,0,4611,2,277.5,220.0,335.0
454,0,4612,2,277.5,220.0,335.0
454,0,4613,2,277.5,220.0,335.0
454,0,4614,2,277.5,220.0,335.0
454,0,4615,2,277.5,220.0,335.0
454,0,4616,2,277.5,220.0,335.0
454,0,4617,2,277.5,220.0,335.0
454,0,4618,2,277.5,220.0,335.0
454,0,4619,2,277.5,220.0,335.0
454,0,4620,2,277.5,220.0,335.0
454,0,4621,2,277.5,220.0,335.0
454,0,4622,2,277.5,220.0,335.0
454,0,4623,2,277.5,220.0,335.0
454,0,4624,2,277.5,220.0,335.0
454,0,4625,2,277.5,220.0,335.0
454,0,4687,2,277.5,220.0,335.0
454,0,4688,2,277.5,220.0,335.0
454,0,4689,2,277.5,220.0,335.0
454,0,4690,2,277.5,220.0,335.0
454,0,4705,2,277.5,220.0,335.0
454,0,4903,2,277.5,220.0,335.0
454,0,4904,2,277.5,220.0,335.0
454,0,4905,2,277.5,220.0,335.0
454,0,4906,2,277.5,220.0,335.0
454,0,4942,2,277.5,220.0,335.0
454,0,4943,2,277.5,220.0,335.0
454,0,4944,2,277.5,220.0,335.0
454,0,4945,2,277.5,220.0,335.0
454,0,4946,2,277.5,220.0,335.0
454,0,4947,2,277.5,220.0,335.0
454,0,4948,2,277.5,220.0,335.0
454,0,4949,2,277.5,220.0,335.0
454,0,4950,2,277.5,220.0,335.0
454,0,4951,2,277.5,220.0,335.0
454,0,4952,2,277.5,220.0,335.0
454,0,4985,2,277.5,220.0,335.0
454,0,4986,2,277.5,220.0,335.0
454,0,4987,2,277.5,220.0,335.0
454,0,4988,2,277.5,220.0,335.0
454,0,4989,2,277.5,220.0,335.0
454,0,4990,2,277.5,220.0,335.0
454,0,4991,2,277.5,220.0,335.0
454,0,4992,2,277.5,220.0,335.0
454,0,4993,2,277.5,220.0,335.0
454,0,4994,2,277.5,220.0,335.0
454,0,4995,2,277.5,220.0,335.0
454,0,4996,2,277.5,220.0,335.0
454,0,4997,2,277.5,220.0,335.0
454,0,4998,2,277.5,220.0,335.0
454,0,790,2,277.5,220.0,335.0
454,0,791,2,277.5,220.0,335.0
454,0,792,2,277.5,220.0,335.0
454,0,793,2,277.5,220.0,335.0
454,0,794,2,277.5,220.0,335.0
434,0,106462,3,278.33,240.0,350.0
434,0,114,3,278.33,240.0,350.0
434,0,115,3,278.33,240.0,350.0
434,0,116,3,278.33,240.0,350.0
434,0,117,3,278.33,240.0,350.0
434,0,118,3,278.33,240.0,350.0
434,0,119,3,278.33,240.0,350.0
434,0,120,3,278.33,240.0,350.0
434,0,121,3,278.33,240.0,350.0
434,0,126,3,278.33,240.0,350.0
434,0,127,3,278.33,240.0,350.0
434,0,129,3,278.33,240.0,350.0
434,0,130,3,278.33,240.0,350.0
434,0,131,3,278.33,240.0,350.0
434,0,158,3,278.33,240.0,350.0
434,0,159,3,278.33,240.0,350.0
434,0,160,3,278.33,240.0,350.0
434,0,161,3,278.33,240.0,350.0
434,0,162,3,278.33,240.0,350.0
434,0,163,3,278.33,240.0,350.0
434,0,164,3,278.33,240.0,350.0
434,0,1836,3,278.33,240.0,350.0
434,0,3315,3,278.33,240.0,350.0
434,0,399,3,278.33,240.0,350.0
434,0,400,3,278.33,240.0,350.0
434,0,401,3,278.33,240.0,350.0
434,0,402,3,278.33,240.0,350.0
434,0,4537,3,278.33,240.0,350.0
434,0,4592,3,278.33,240.0,350.0
434,0,4593,3,278.33,240.0,350.0
434,0,4594,3,278.33,240.0,350.0
434,0,4607,3,278.33,240.0,350.0
434,0,4608,3,278.33,240.0,350.0
434,0,4609,3,278.33,240.0,350.0
434,0,4610,3,278.33,240.0,350.0
434,0,4611,3,278.33,240.0,350.0
434,0,4612,3,278.33,240.0,350.0
434,0,4613,3,278.33,240.0,350.0
434,0,4614,3,278.33,240.0,350.0
434,0,4615,3,278.33,240.0,350.0
434,0,4616,3,278.33,240.0,350.0
434,0,4617,3,278.33,240.0,350.0
434,0,4618,3,278.33,240.0,350.0
434,0,4619,3,278.33,240.0,350.0
434,0,4620,3,278.33,240.0,350.0
434,0,4621,3,278.33,240.0,350.0
434,0,4622,3,278.33,240.0,350.0
434,0,4623,3,278.33,240.0,350.0
434,0,4624,3,278.33,240.0,350.0
434,0,4625,3,278.33,240.0,350.0
434,0,4681,3,278.33,240.0,350.0
434,0,4682,3,278.33,240.0,350.0
434,0,4684,3,278.33,240.0,350.0
434,0,4685,3,278.33,240.0,350.0
434,0,4686,3,278.33,240.0,350.0
434,0,4687,3,278.33,240.0,350.0
434,0,4688,3,278.33,240.0,350.0
434,0,4689,3,278.33,240.0,350.0
434,0,4690,3,278.33,240.0,350.0
434,0,4705,3,278.33,240.0,350.0
434,0,4706,3,278.33,240.0,350.0
434,0,4707,3,278.33,240.0,350.0
434,0,4708,3,278.33,240.0,350.0
434,0,4709,3,278.33,240.0,350.0
434,0,790,3,278.33,240.0,350.0
434,0,791,3,278.33,240.0,350.0
434,0,792,3,278.33,240.0,350.0
434,0,793,3,278.33,240.0,350.0
434,0,794,3,278.33,240.0,350.0
498,0,106462,2,287.5,285.0,290.0
498,0,116,2,287.5,285.0,290.0
498,0,117,2,287.5,285.0,290.0
498,0,118,2,287.5,285.0,290.0
498,0,119,2,287.5,285.0,290.0
498,0,120,2,287.5,285.0,290.0
498,0,121,2,287.5,285.0,290.0
498,0,126,2,287.5,285.0,290.0
498,0,127,2,287.5,285.0,290.0
498,0,129,2,287.5,285.0,290.0
498,0,130,2,287.5,285.0,290.0
498,0,131,2,287.5,285.0,290.0
498,0,155,2,287.5,285.0,290.0
498,0,158,2,287.5,285.0,290.0
498,0,159,2,287.5,285.0,290.0
498,0,160,2,287.5,285.0,290.0
498,0,161,2,287.5,285.0,290.0
498,0,162,2,287.5,285.0,290.0
498,0,163,2,287.5,285.0,290.0
498,0,164,2,287.5,285.0,290.0
498,0,1836,2,287.5,285.0,290.0
498,0,1837,2,287.5,285.0,290.0
498,0,1838,2,287.5,285.0,290.0
498,0,1839,2,287.5,285.0,290.0
498,0,1840,2,287.5,285.0,290.0
498,0,1841,2,287.5,285.0,290.0
498,0,1842,2,287.5,285.0,290.0
498,0,1843,2,287.5,285.0,290.0
498,0,1844,2,287.5,285.0,290.0
498,0,3315,2,287.5,285.0,290.0
498,0,399,2,287.5,285.0,290.0
498,0,400,2,287.5,285.0,290.0
498,0,401,2,287.5,285.0,290.0
498,0,402,2,287.5,285.0,290.0
498,0,4537,2,287.5,285.0,290.0
498,0,4541,2,287.5,285.0,290.0
498,0,4607,2,287.5,285.0,290.0
498,0,4608,2,287.5,285.0,290.0
498,0,4609,2,287.5,285.0,290.0
498,0,4610,2,287.5,285.0,290.0
498,0,4611,2,287.5,285.0,290.0
498,0,4612,2,287.5,285.0,290.0
498,0,4613,2,287.5,285.0,290.0
498,0,4614,2,287.5,285.0,290.0
498,0,4615,2,287.5,285.0,290.0
498,0,4616,2,287.5,285.0,290.0
498,0,4617,2,287.5,285.0,290.0
498,0,4618,2,287.5,285.0,290.0
498,0,4619,2,287.5,285.0,290.0
498,0,4620,2,287.5,285.0,290.0
498,0,4621,2,287.5,285.0,290.0
498,0,4622,2,287.5,285.0,290.0
498,0,4623,2,287.5,285.0,290.0
498,0,4624,2,287.5,285.0,290.0
498,0,4625,2,287.5,285.0,290.0
498,0,4687,2,287.5,285.0,290.0
498,0,4688,2,287.5,285.0,290.0
498,0,4689,2,287.5,285.0,290.0
498,0,4690,2,287.5,285.0,290.0
498,0,4705,2,287.5,285.0,290.0
498,0,5297,2,287.5,285.0,290.0
498,0,5298,2,287.5,285.0,290.0
498,0,5299,2,287.5,285.0,290.0
498,0,5300,2,287.5,285.0,290.0
498,0,5301,2,287.5,285.0,290.0
498,0,5302,2,287.5,285.0,290.0
498,0,5303,2,287.5,285.0,290.0
498,0,5304,2,287.5,285.0,290.0
498,0,5305,2,287.5,285.0,290.0
498,0,5306,2,287.5,285.0,290.0
498,0,5307,2,287.5,285.0,290.0
498,0,5308,2,287.5,285.0,290.0
498,0,5309,2,287.5,285.0,290.0
498,0,5310,2,287.5,285.0,290.0
498,0,5311,2,287.5,285.0,290.0
498,0,5312,2,287.5,285.0,290.0
498,0,5313,2,287.5,285.0,290.0
498,0,5314,2,287.5,285.0,290.0
498,0,5315,2,287.5,285.0,290.0
498,0,5316,2,287.5,285.0,290.0
498,0,5317,2,287.5,285.0,290.0
498,0,5318,2,287.5,285.0,290.0
498,0,5319,2,287.5,285.0,290.0
498,0,5320,2,287.5,285.0,290.0
498,0,5321,2,287.5,285.0,290.0
498,0,5323,2,287.5,285.0,290.0
498,0,790,2,287.5,285.0,290.0
498,0,792,2,287.5,285.0,290.0
498,0,793,2,287.5,285.0,290.0
498,0,794,2,287.5,285.0,290.0
920,0,106462,2,290.0,235.0,345.0
920,0,117,2,290.0,235.0,345.0
920,0,118,2,290.0,235.0,345.0
920,0,119,2,290.0,235.0,345.0
920,0,120,2,290.0,235.0,345.0
920,0,121,2,290.0,235.0,345.0
920,0,126,2,290.0,235.0,345.0
920,0,127,2,290.0,235.0,345.0
920,0,129,2,290.0,235.0,345.0
920,0,130,2,290.0,235.0,345.0
920,0,131,2,290.0,235.0,345.0
920,0,1967,2,290.0,235.0,345.0
920,0,1968,2,290.0,235.0,345.0
920,0,1969,2,290.0,235.0,345.0
920,0,1970,2,290.0,235.0,345.0
920,0,1971,2,290.0,235.0,345.0
920,0,1972,2,290.0,235.0,345.0
920,0,1973,2,290.0,235.0,345.0
920,0,1974,2,290.0,235.0,345.0
920,0,1975,2,290.0,235.0,345.0
920,0,1976,2,290.0,235.0,345.0
920,0,1977,2,290.0,235.0,345.0
920,0,1978,2,290.0,235.0,345.0
920,0,200,2,290.0,235.0,345.0
920,0,201,2,290.0,235.0,345.0
920,0,202,2,290.0,235.0,345.0
920,0,203,2,290.0,235.0,345.0
920,0,204,2,290.0,235.0,345.0
920,0,205,2,290.0,235.0,345.0
920,0,206,2,290.0,235.0,345.0
920,0,207,2,290.0,235.0,345.0
920,0,277,2,290.0,235.0,345.0
920,0,278,2,290.0,235.0,345.0
920,0,281,2,290.0,235.0,345.0
920,0,282,2,290.0,235.0,345.0
920,0,3315,2,290.0,235.0,345.0
920,0,399,2,290.0,235.0,345.0
920,0,400,2,290.0,235.0,345.0
920,0,401,2,290.0,235.0,345.0
920,0,402,2,290.0,235.0,345.0
920,0,790,2,290.0,235.0,345.0
920,0,791,2,290.0,235.0,345.0
920,0,792,2,290.0,235.0,345.0
920,0,793,2,290.0,235.0,345.0
920,0,794,2,290.0,235.0,345.0
920,0,8166,2,290.0,235.0,345.0
920,0,8167,2,290.0,235.0,345.0
920,0,8170,2,290.0,235.0,345.0
920,0,8171,2,290.0,235.0,345.0
920,0,8172,2,290.0,235.0,345.0
920,0,8173,2,290.0,235.0,345.0
920,0,8174,2,290.0,235.0,345.0
920,0,8175,2,290.0,235.0,345.0
920,0,8176,2,290.0,235.0,345.0
920,0,8177,2,290.0,235.0,345.0
920,0,8180,2,290.0,235.0,345.0
920,0,8181,2,290.0,235.0,345.0
920,0,8182,2,290.0,235.0,345.0
920,0,8183,2,290.0,235.0,345.0
920,0,8184,2,290.0,235.0,345.0
920,0,8185,2,290.0,235.0,345.0
920,0,8196,2,290.0,235.0,345.0
920,0,8199,2,290.0,235.0,345.0
980,1,149,3,290.0,275.0,300.0
980,1,150,3,290.0,275.0,300.0
980,1,151,3,290.0,275.0,300.0
980,1,152,3,290.0,275.0,300.0
980,1,1976,3,290.0,275.0,300.0
980,1,1979,3,290.0,275.0,300.0
980,1,1980,3,290.0,275.0,300.0
980,1,1981,3,290.0,275.0,300.0
980,1,1982,3,290.0,275.0,300.0
980,1,1983,3,290.0,275.0,300.0
980,1,1984,3,290.0,275.0,300.0
980,1,1985,3,290.0,275.0,300.0
980,1,1986,3,290.0,275.0,300.0
980,1,1987,3,290.0,275.0,300.0
980,1,1988,3,290.0,275.0,300.0
980,1,1989,3,290.0,275.0,300.0
980,1,218,3,290.0,275.0,300.0
980,1,219,3,290.0,275.0,300.0
980,1,220,3,290.0,275.0,300.0
980,1,221,3,290.0,275.0,300.0
980,1,222,3,290.0,275.0,300.0
980,1,223,3,290.0,275.0,300.0
980,1,224,3,290.0,275.0,300.0
980,1,225,3,290.0,275.0,300.0
980,1,283,3,290.0,275.0,300.0
980,1,284,3,290.0,275.0,300.0
980,1,285,3,290.0,275.0,300.0
980,1,287,3,290.0,275.0,300.0
980,1,288,3,290.0,275.0,300.0
980,1,289,3,290.0,275.0,300.0
980,1,290,3,290.0,275.0,300.0
980,1,291,3,290.0,275.0,300.0
980,1,292,3,290.0,275.0,300.0
980,1,293,3,290.0,275.0,300.0
980,1,3179,3,290.0,275.0,300.0
980,1,3855,3,290.0,275.0,300.0
980,1,40,3,290.0,275.0,300.0
980,1,4533,3,290.0,275.0,300.0
980,1,557,3,290.0,275.0,300.0
980,1,698,3,290.0,275.0,300.0
980,1,699,3,290.0,275.0,300.0
980,1,700,3,290.0,275.0,300.0
980,1,701,3,290.0,275.0,300.0
980,1,702,3,290.0,275.0,300.0
980,1,703,3,290.0,275.0,300.0
980,1,704,3,290.0,275.0,300.0
980,1,705,3,290.0,275.0,300.0
980,1,726,3,290.0,275.0,300.0
980,1,734,3,290.0,275.0,300.0
980,1,735,3,290.0,275.0,300.0
980,1,736,3,290.0,275.0,300.0
980,1,737,3,290.0,275.0,300.0
980,1,738,3,290.0,275.0,300.0
980,1,739,3,290.0,275.0,300.0
980,1,740,3,290.0,275.0,300.0
980,1,741,3,290.0,275.0,300.0
980,1,744,3,290.0,275.0,300.0
980,1,745,3,290.0,275.0,300.0
980,1,746,3,290.0,275.0,300.0
980,1,747,3,290.0,275.0,300.0
980,1,748,3,290.0,275.0,300.0
980,1,749,3,290.0,275.0,300.0
980,1,750,3,290.0,275.0,300.0
980,1,751,3,290.0,275.0,300.0
980,1,752,3,290.0,275.0,300.0
980,1,753,3,290.0,275.0,300.0
980,1,754,3,290.0,275.0,300.0
980,1,755,3,290.0,275.0,300.0
980,1,756,3,290.0,275.0,300.0
980,1,757,3,290.0,275.0,300.0
980,1,758,3,290.0,275.0,300.0
980,1,759,3,290.0,275.0,300.0
980,1,761,3,290.0,275.0,300.0
980,1,763,3,290.0,275.0,300.0
980,1,766,3,290.0,275.0,300.0
980,1,767,3,290.0,275.0,300.0
980,1,768,3,290.0,275.0,300.0
980,1,769,3,290.0,275.0,300.0
980,1,770,3,290.0,275.0,300.0
980,1,771,3,290.0,275.0,300.0
170,0,102,2,292.5,255.0,330.0
170,0,103,2,292.5,255.0,330.0
170,0,106815,2,292.5,255.0,330.0
170,0,106816,2,292.5,255.0,330.0
170,0,1204,2,292.5,255.0,330.0
170,0,1321,2,292.5,255.0,330.0
170,0,1322,2,292.5,255.0,330.0
170,0,1371,2,292.5,255.0,330.0
170,0,1372,2,292.5,255.0,330.0
170,0,1373,2,292.5,255.0,330.0
170,0,1378,2,292.5,255.0,330.0
170,0,1383,2,292.5,255.0,330.0
170,0,1398,2,292.5,255.0,330.0
170,0,1399,2,292.5,255.0,330.0
170,0,1417,2,292.5,255.0,330.0
170,0,1422,2,292.5,255.0,330.0
170,0,1423,2,292.5,255.0,330.0
170,0,1447,2,292.5,255.0,330.0
170,0,1568,2,292.5,255.0,330.0
170,0,1575,2,292.5,255.0,330.0
170,0,1576,2,292.5,255.0,330.0
170,0,1578,2,292.5,255.0,330.0
170,0,1581,2,292.5,255.0,330.0
170,0,1632,2,292.5,255.0,330.0
170,0,1635,2,292.5,255.0,330.0
170,0,2025,2,292.5,255.0,330.0
170,0,2026,2,292.5,255.0,330.0
170,0,2027,2,292.5,255.0,330.0
170,0,2028,2,292.5,255.0,330.0
170,0,2029,2,292.5,255.0,330.0
170,0,2030,2,292.5,255.0,330.0
170,0,2031,2,292.5,255.0,330.0
170,0,2032,2,292.5,255.0,330.0
170,0,2033,2,292.5,255.0,330.0
170,0,2034,2,292.5,255.0,330.0
170,0,2035,2,292.5,255.0,330.0
170,0,2036,2,292.5,255.0,330.0
170,0,2037,2,292.5,255.0,330.0
170,0,2038,2,292.5,255.0,330.0
170,0,2039,2,292.5,255.0,330.0
170,0,2040,2,292.5,255.0,330.0
170,0,2041,2,292.5,255.0,330.0
170,0,2042,2,292.5,255.0,330.0
170,0,2043,2,292.5,255.0,330.0
170,0,2044,2,292.5,255.0,330.0
170,0,2045,2,292.5,255.0,330.0
170,0,2046,2,292.5,255.0,330.0
170,0,2047,2,292.5,255.0,330.0
170,0,2048,2,292.5,255.0,330.0
170,0,2049,2,292.5,255.0,330.0
170,0,2050,2,292.5,255.0,330.0
170,0,2051,2,292.5,255.0,330.0
170,0,2052,2,292.5,255.0,330.0
170,0,2053,2,292.5,255.0,330.0
170,0,2054,2,292.5,255.0,330.0
170,0,2055,2,292.5,255.0,330.0
170,0,2057,2,292.5,255.0,330.0
170,0,2058,2,292.5,255.0,330.0
170,0,2059,2,292.5,255.0,330.0
170,0,2060,2,292.5,255.0,330.0
170,0,2061,2,292.5,255.0,330.0
170,0,2063,2,292.5,255.0,330.0
170,0,2730,2,292.5,255.0,330.0
170,0,2738,2,292.5,255.0,330.0
170,0,2892,2,292.5,255.0,330.0
170,0,319,2,292.5,255.0,330.0
170,0,320,2,292.5,255.0,330.0
170,0,321,2,292.5,255.0,330.0
170,0,3372,2,292.5,255.0,330.0
170,0,349,2,292.5,255.0,330.0
170,0,9235,2,292.5,255.0,330.0
451,1,106465,2,292.5,290.0,295.0
451,1,106466,2,292.5,290.0,295.0
451,1,106467,2,292.5,290.0,295.0
451,1,106468,2,292.5,290.0,295.0
451,1,106469,2,292.5,290.0,295.0
451,1,106470,2,292.5,290.0,295.0
451,1,106471,2,292.5,290.0,295.0
451,1,106472,2,292.5,290.0,295.0
451,1,106473,2,292.5,290.0,295.0
451,1,106474,2,292.5,290.0,295.0
451,1,124,2,292.5,290.0,295.0
451,1,125,2,292.5,290.0,295.0
451,1,130,2,292.5,290.0,295.0
451,1,131,2,292.5,290.0,295.0
451,1,144,2,292.5,290.0,295.0
451,1,146,2,292.5,290.0,295.0
451,1,147,2,292.5,290.0,295.0
451,1,149,2,292.5,290.0,295.0
451,1,150,2,292.5,290.0,295.0
451,1,151,2,292.5,290.0,295.0
451,1,152,2,292.5,290.0,295.0
451,1,153,2,292.5,290.0,295.0
451,1,155,2,292.5,290.0,295.0
451,1,159,2,292.5,290.0,295.0
451,1,160,2,292.5,290.0,295.0
451,1,165,2,292.5,290.0,295.0
451,1,166,2,292.5,290.0,295.0
451,1,167,2,292.5,290.0,295.0
451,1,168,2,292.5,290.0,295.0
451,1,170,2,292.5,290.0,295.0
451,1,171,2,292.5,290.0,295.0
451,1,172,2,292.5,290.0,295.0
451,1,1912,2,292.5,290.0,295.0
451,1,1914,2,292.5,290.0,295.0
451,1,3315,2,292.5,290.0,295.0
451,1,373,2,292.5,290.0,295.0
451,1,4509,2,292.5,290.0,295.0
451,1,4533,2,292.5,290.0,295.0
451,1,4541,2,292.5,290.0,295.0
451,1,4626,2,292.5,290.0,295.0
451,1,4627,2,292.5,290.0,295.0
451,1,4628,2,292.5,290.0,295.0
451,1,4629,2,292.5,290.0,295.0
451,1,4630,2,292.5,290.0,295.0
451,1,4631,2,292.5,290.0,295.0
451,1,4632,2,292.5,290.0,295.0
451,1,4633,2,292.5,290.0,295.0
451,1,4634,2,292.5,290.0,295.0
451,1,4635,2,292.5,290.0,295.0
451,1,4636,2,292.5,290.0,295.0
451,1,4637,2,292.5,290.0,295.0
451,1,4638,2,292.5,290.0,295.0
451,1,4639,2,292.5,290.0,295.0
451,1,4640,2,292.5,290.0,295.0
451,1,4641,2,292.5,290.0,295.0
451,1,4642,2,292.5,290.0,295.0
451,1,4643,2,292.5,290.0,295.0
451,1,4688,2,292.5,290.0,295.0
451,1,4693,2,292.5,290.0,295.0
451,1,4694,2,292.5,290.0,295.0
451,1,4695,2,292.5,290.0,295.0
451,1,4705,2,292.5,290.0,295.0
451,1,4907,2,292.5,290.0,295.0
451,1,4945,2,292.5,290.0,295.0
451,1,4951,2,292.5,290.0,295.0
451,1,4953,2,292.5,290.0,295.0
451,1,4954,2,292.5,290.0,295.0
451,1,4955,2,292.5,290.0,295.0
451,1,4956,2,292.5,290.0,295.0
451,1,4957,2,292.5,290.0,295.0
451,1,4958,2,292.5,290.0,295.0
451,1,4959,2,292.5,290.0,295.0
451,1,4960,2,292.5,290.0,295.0
451,1,4961,2,292.5,290.0,295.0
451,1,4963,2,292.5,290.0,295.0
451,1,4964,2,292.5,290.0,295.0
451,1,4965,2,292.5,290.0,295.0
451,1,4966,2,292.5,290.0,295.0
451,1,4967,2,292.5,290.0,295.0
451,1,4969,2,292.5,290.0,295.0
451,1,4970,2,292.5,290.0,295.0
451,1,4977,2,292.5,290.0,295.0
451,1,4978,2,292.5,290.0,295.0
451,1,4979,2,292.5,290.0,295.0
451,1,4980,2,292.5,290.0,295.0
451,1,4981,2,292.5,290.0,295.0
451,1,4982,2,292.5,290.0,295.0
451,1,5011,2,292.5,290.0,295.0
451,1,795,2,292.5,290.0,295.0
451,1,796,2,292.5,290.0,295.0
451,1,797,2,292.5,290.0,295.0
451,1,798,2,292.5,290.0,295.0
451,1,799,2,292.5,290.0,295.0
979,0,117,3,293.33,290.0,300.0
979,0,118,3,293.33,290.0,300.0
979,0,119,3,293.33,290.0,300.0
979,0,120,3,293.33,290.0,300.0
979,0,121,3,293.33,290.0,300.0
979,0,1967,3,293.33,290.0,300.0
979,0,1968,3,293.33,290.0,300.0
979,0,1969,3,293.33,290.0,300.0
979,0,1970,3,293.33,290.0,300.0
979,0,1971,3,293.33,290.0,300.0
979,0,1972,3,293.33,290.0,300.0
979,0,1973,3,293.33,290.0,300.0
979,0,1974,3,293.33,290.0,300.0
979,0,1975,3,293.33,290.0,300.0
979,0,1976,3,293.33,290.0,300.0
979,0,1977,3,293.33,290.0,300.0
979,0,1978,3,293.33,290.0,300.0
979,0,200,3,293.33,290.0,300.0
979,0,201,3,293.33,290.0,300.0
979,0,202,3,293.33,290.0,300.0
979,0,203,3,293.33,290.0,300.0
979,0,204,3,293.33,290.0,300.0
979,0,205,3,293.33,290.0,300.0
979,0,206,3,293.33,290.0,300.0
979,0,207,3,293.33,290.0,300.0
979,0,215,3,293.33,290.0,300.0
979,0,216,3,293.33,290.0,300.0
979,0,217,3,293.33,290.0,300.0
979,0,2303,3,293.33,290.0,300.0
979,0,275,3,293.33,290.0,300.0
979,0,276,3,293.33,290.0,300.0
979,0,277,3,293.33,290.0,300.0
979,0,278,3,293.33,290.0,300.0
979,0,281,3,293.33,290.0,300.0
979,0,282,3,293.33,290.0,300.0
979,0,35,3,293.33,290.0,300.0
979,0,40,3,293.33,290.0,300.0
979,0,698,3,293.33,290.0,300.0
979,0,699,3,293.33,290.0,300.0
979,0,700,3,293.33,290.0,300.0
979,0,701,3,293.33,290.0,300.0
979,0,702,3,293.33,290.0,300.0
979,0,703,3,293.33,290.0,300.0
979,0,704,3,293.33,290.0,300.0
979,0,705,3,293.33,290.0,300.0
979,0,706,3,293.33,290.0,300.0
979,0,707,3,293.33,290.0,300.0
979,0,708,3,293.33,290.0,300.0
979,0,709,3,293.33,290.0,300.0
979,0,710,3,293.33,290.0,300.0
979,0,711,3,293.33,290.0,300.0
979,0,712,3,293.33,290.0,300.0
979,0,713,3,293.33,290.0,300.0
979,0,714,3,293.33,290.0,300.0
979,0,715,3,293.33,290.0,300.0
979,0,716,3,293.33,290.0,300.0
979,0,717,3,293.33,290.0,300.0
979,0,718,3,293.33,290.0,300.0
979,0,719,3,293.33,290.0,300.0
979,0,720,3,293.33,290.0,300.0
979,0,721,3,293.33,290.0,300.0
979,0,722,3,293.33,290.0,300.0
979,0,723,3,293.33,290.0,300.0
979,0,725,3,293.33,290.0,300.0
979,0,726,3,293.33,290.0,300.0
979,0,727,3,293.33,290.0,300.0
979,0,728,3,293.33,290.0,300.0
979,0,729,3,293.33,290.0,300.0
979,0,730,3,293.33,290.0,300.0
979,0,731,3,293.33,290.0,300.0
979,0,732,3,293.33,290.0,300.0
979,0,761,3,293.33,290.0,300.0
979,0,762,3,293.33,290.0,300.0
979,0,763,3,293.33,290.0,300.0
979,0,764,3,293.33,290.0,300.0
979,0,765,3,293.33,290.0,300.0
979,0,8202,3,293.33,290.0,300.0
979,0,8605,3,293.33,290.0,300.0
948,1,1749,3,295.0,95.0,540.0
948,1,1750,3,295.0,95.0,540.0
948,1,1752,3,295.0,95.0,540.0
948,1,1753,3,295.0,95.0,540.0
948,1,1754,3,295.0,95.0,540.0
948,1,1756,3,295.0,95.0,540.0
948,1,3391,3,295.0,95.0,540.0
948,1,3429,3,295.0,95.0,540.0
948,1,3431,3,295.0,95.0,540.0
948,1,3432,3,295.0,95.0,540.0
948,1,3433,3,295.0,95.0,540.0
948,1,3434,3,295.0,95.0,540.0
948,1,3435,3,295.0,95.0,540.0
948,1,3436,3,295.0,95.0,540.0
948,1,3437,3,295.0,95.0,540.0
948,1,3438,3,295.0,95.0,540.0
948,1,3439,3,295.0,95.0,540.0
948,1,3440,3,295.0,95.0,540.0
948,1,3441,3,295.0,95.0,540.0
948,1,3442,3,295.0,95.0,540.0
948,1,3443,3,295.0,95.0,540.0
948,1,3669,3,295.0,95.0,540.0
948,1,3671,3,295.0,95.0,540.0
948,1,3714,3,295.0,95.0,540.0
948,1,3715,3,295.0,95.0,540.0
948,1,3716,3,295.0,95.0,540.0
948,1,3717,3,295.0,95.0,540.0
948,1,3718,3,295.0,95.0,540.0
948,1,3720,3,295.0,95.0,540.0
948,1,3721,3,295.0,95.0,540.0
948,1,3722,3,295.0,95.0,540.0
948,1,3723,3,295.0,95.0,540.0
948,1,3724,3,295.0,95.0,540.0
948,1,3725,3,295.0,95.0,540.0
948,1,3726,3,295.0,95.0,540.0
948,1,3727,3,295.0,95.0,540.0
948,1,3728,3,295.0,95.0,540.0
948,1,3729,3,295.0,95.0,540.0
948,1,3730,3,295.0,95.0,540.0
948,1,3731,3,295.0,95.0,540.0
948,1,3732,3,295.0,95.0,540.0
948,1,3733,3,295.0,95.0,540.0
948,1,3734,3,295.0,95.0,540.0
948,1,3735,3,295.0,95.0,540.0
948,1,3736,3,295.0,95.0,540.0
948,1,3738,3,295.0,95.0,540.0
948,1,3747,3,295.0,95.0,540.0
948,1,3748,3,295.0,95.0,540.0
948,1,3749,3,295.0,95.0,540.0
948,1,3750,3,295.0,95.0,540.0
948,1,3752,3,295.0,95.0,540.0
948,1,3757,3,295.0,95.0,540.0
948,1,3758,3,295.0,95.0,540.0
948,1,3759,3,295.0,95.0,540.0
948,1,8303,3,295.0,95.0,540.0
948,1,8304,3,295.0,95.0,540.0
948,1,8305,3,295.0,95.0,540.0
948,1,8306,3,295.0,95.0,540.0
948,1,8307,3,295.0,95.0,540.0
948,1,8308,3,295.0,95.0,540.0
948,1,8309,3,295.0,95.0,540.0
948,1,8310,3,295.0,95.0,540.0
948,1,8311,3,295.0,95.0,540.0
948,1,8312,3,295.0,95.0,540.0
948,1,8313,3,295.0,95.0,540.0
948,1,8314,3,295.0,95.0,540.0
948,1,8315,3,295.0,95.0,540.0
948,1,8316,3,295.0,95.0,540.0
948,1,8317,3,295.0,95.0,540.0
948,1,8318,3,295.0,95.0,540.0
524,0,136,2,300.0,290.0,310.0
524,0,137,2,300.0,290.0,310.0
524,0,138,2,300.0,290.0,310.0
524,0,139,2,300.0,290.0,310.0
524,0,140,2,300.0,290.0,310.0
524,0,3926,2,300.0,290.0,310.0
524,0,3927,2,300.0,290.0,310.0
524,0,3928,2,300.0,290.0,310.0
524,0,3929,2,300.0,290.0,310.0
524,0,3930,2,300.0,290.0,310.0
524,0,3931,2,300.0,290.0,310.0
524,0,3932,2,300.0,290.0,310.0
524,0,3933,2,300.0,290.0,310.0
524,0,3934,2,300.0,290.0,310.0
524,0,3935,2,300.0,290.0,310.0
524,0,3936,2,300.0,290.0,310.0
524,0,3937,2,300.0,290.0,310.0
524,0,3938,2,300.0,290.0,310.0
524,0,3939,2,300.0,290.0,310.0
524,0,3940,2,300.0,290.0,310.0
524,0,3941,2,300.0,290.0,310.0
524,0,3942,2,300.0,290.0,310.0
524,0,3943,2,300.0,290.0,310.0
524,0,3944,2,300.0,290.0,310.0
524,0,4351,2,300.0,290.0,310.0
524,0,5406,2,300.0,290.0,310.0
524,0,5407,2,300.0,290.0,310.0
524,0,5408,2,300.0,290.0,310.0
524,0,5409,2,300.0,290.0,310.0
524,0,5410,2,300.0,290.0,310.0
524,0,5411,2,300.0,290.0,310.0
524,0,5412,2,300.0,290.0,310.0
524,0,5413,2,300.0,290.0,310.0
524,0,5414,2,300.0,290.0,310.0
524,0,5415,2,300.0,290.0,310.0
524,0,5416,2,300.0,290.0,310.0
524,0,5417,2,300.0,290.0,310.0
524,0,5418,2,300.0,290.0,310.0
524,0,5419,2,300.0,290.0,310.0
524,0,5420,2,300.0,290.0,310.0
524,0,5421,2,300.0,290.0,310.0
524,0,5422,2,300.0,290.0,310.0
524,0,5423,2,300.0,290.0,310.0
524,0,5424,2,300.0,290.0,310.0
524,0,5468,2,300.0,290.0,310.0
524,0,5469,2,300.0,290.0,310.0
524,0,5470,2,300.0,290.0,310.0
524,0,5471,2,300.0,290.0,310.0
524,0,5472,2,300.0,290.0,310.0
524,0,5473,2,300.0,290.0,310.0
524,0,5474,2,300.0,290.0,310.0
524,0,5475,2,300.0,290.0,310.0
524,0,5476,2,300.0,290.0,310.0
524,0,5477,2,300.0,290.0,310.0
524,0,5478,2,300.0,290.0,310.0
524,0,5480,2,300.0,290.0,310.0
524,0,5481,2,300.0,290.0,310.0
524,0,5482,2,300.0,290.0,310.0
524,0,5484,2,300.0,290.0,310.0
524,0,5485,2,300.0,290.0,310.0
524,0,5486,2,300.0,290.0,310.0
524,0,5487,2,300.0,290.0,310.0
524,0,5488,2,300.0,290.0,310.0
524,0,5489,2,300.0,290.0,310.0
524,0,5490,2,300.0,290.0,310.0
524,0,5491,2,300.0,290.0,310.0
524,0,5492,2,300.0,290.0,310.0
524,0,5493,2,300.0,290.0,310.0
524,0,5494,2,300.0,290.0,310.0
524,0,5495,2,300.0,290.0,310.0
524,0,5496,2,300.0,290.0,310.0
524,0,5497,2,300.0,290.0,310.0
524,0,5498,2,300.0,290.0,310.0
524,0,5499,2,300.0,290.0,310.0
524,0,5500,2,300.0,290.0,310.0
524,0,5501,2,300.0,290.0,310.0
524,0,5502,2,300.0,290.0,310.0
524,0,5503,2,300.0,290.0,310.0
524,0,5528,2,300.0,290.0,310.0
524,0,8077,2,300.0,290.0,310.0
524,0,9297,2,300.0,290.0,310.0
748,0,2104,2,300.0,210.0,390.0
748,0,2116,2,300.0,210.0,390.0
748,0,248,2,300.0,210.0,390.0
748,0,6952,2,300.0,210.0,390.0
748,0,6956,2,300.0,210.0,390.0
748,0,6957,2,300.0,210.0,390.0
748,0,6958,2,300.0,210.0,390.0
748,0,6977,2,300.0,210.0,390.0
748,0,6979,2,300.0,210.0,390.0
748,0,6980,2,300.0,210.0,390.0
748,0,7047,2,300.0,210.0,390.0
748,0,7188,2,300.0,210.0,390.0
748,0,7189,2,300.0,210.0,390.0
748,0,7190,2,300.0,210.0,390.0
748,0,7191,2,300.0,210.0,390.0
748,0,7192,2,300.0,210.0,390.0
748,0,7193,2,300.0,210.0,390.0
748,0,7194,2,300.0,210.0,390.0
748,0,7195,2,300.0,210.0,390.0
748,0,7196,2,300.0,210.0,390.0
748,0,7197,2,300.0,210.0,390.0
748,0,7198,2,300.0,210.0,390.0
748,0,7199,2,300.0,210.0,390.0
748,0,7200,2,300.0,210.0,390.0
748,0,7201,2,300.0,210.0,390.0
748,0,7202,2,300.0,210.0,390.0
748,0,777,2,300.0,210.0,390.0
748,0,835,2,300.0,210.0,390.0
748,0,836,2,300.0,210.0,390.0
748,0,837,2,300.0,210.0,390.0
748,0,838,2,300.0,210.0,390.0
748,0,839,2,300.0,210.0,390.0
748,0,840,2,300.0,210.0,390.0
748,0,841,2,300.0,210.0,390.0
748,0,842,2,300.0,210.0,390.0
748,0,843,2,300.0,210.0,390.0
748,0,844,2,300.0,210.0,390.0
748,0,845,2,300.0,210.0,390.0
748,0,846,2,300.0,210.0,390.0
748,0,847,2,300.0,210.0,390.0
748,0,848,2,300.0,210.0,390.0
748,0,849,2,300.0,210.0,390.0
748,0,850,2,300.0,210.0,390.0
748,0,851,2,300.0,210.0,390.0
748,0,852,2,300.0,210.0,390.0
748,0,853,2,300.0,210.0,390.0
748,0,854,2,300.0,210.0,390.0
748,0,855,2,300.0,210.0,390.0
748,0,856,2,300.0,210.0,390.0
748,0,857,2,300.0,210.0,390.0
748,0,858,2,300.0,210.0,390.0
748,0,859,2,300.0,210.0,390.0
748,0,860,2,300.0,210.0,390.0
748,0,862,2,300.0,210.0,390.0
748,0,865,2,300.0,210.0,390.0
748,0,931,2,300.0,210.0,390.0
748,0,932,2,300.0,210.0,390.0
748,0,933,2,300.0,210.0,390.0
748,0,934,2,300.0,210.0,390.0
748,0,935,2,300.0,210.0,390.0
748,0,936,2,300.0,210.0,390.0
748,0,937,2,300.0,210.0,390.0
748,0,938,2,300.0,210.0,390.0
749,1,2115,2,300.0,195.0,405.0
749,1,2116,2,300.0,195.0,405.0
749,1,248,2,300.0,195.0,405.0
749,1,6087,2,300.0,195.0,405.0
749,1,6897,2,300.0,195.0,405.0
749,1,6960,2,300.0,195.0,405.0
749,1,6961,2,300.0,195.0,405.0
749,1,6962,2,300.0,195.0,405.0
749,1,6963,2,300.0,195.0,405.0
749,1,6964,2,300.0,195.0,405.0
749,1,6965,2,300.0,195.0,405.0
749,1,6966,2,300.0,195.0,405.0
749,1,6967,2,300.0,195.0,405.0
749,1,6968,2,300.0,195.0,405.0
749,1,6969,2,300.0,195.0,405.0
749,1,6970,2,300.0,195.0,405.0
749,1,6971,2,300.0,195.0,405.0
749,1,6972,2,300.0,195.0,405.0
749,1,6973,2,300.0,195.0,405.0
749,1,6978,2,300.0,195.0,405.0
749,1,6979,2,300.0,195.0,405.0
749,1,6980,2,300.0,195.0,405.0
749,1,6981,2,300.0,195.0,405.0
749,1,7089,2,300.0,195.0,405.0
749,1,7203,2,300.0,195.0,405.0
749,1,7204,2,300.0,195.0,405.0
749,1,7205,2,300.0,195.0,405.0
749,1,7206,2,300.0,195.0,405.0
749,1,777,2,300.0,195.0,405.0
749,1,863,2,300.0,195.0,405.0
749,1,887,2,300.0,195.0,405.0
749,1,888,2,300.0,195.0,405.0
749,1,889,2,300.0,195.0,405.0
749,1,890,2,300.0,195.0,405.0
749,1,892,2,300.0,195.0,405.0
749,1,893,2,300.0,195.0,405.0
749,1,894,2,300.0,195.0,405.0
749,1,895,2,300.0,195.0,405.0
749,1,896,2,300.0,195.0,405.0
749,1,897,2,300.0,195.0,405.0
749,1,898,2,300.0,195.0,405.0
749,1,899,2,300.0,195.0,405.0
749,1,900,2,300.0,195.0,405.0
749,1,901,2,300.0,195.0,405.0
749,1,903,2,300.0,195.0,405.0
749,1,904,2,300.0,195.0,405.0
749,1,905,2,300.0,195.0,405.0
749,1,906,2,300.0,195.0,405.0
749,1,907,2,300.0,195.0,405.0
749,1,908,2,300.0,195.0,405.0
749,1,909,2,300.0,195.0,405.0
749,1,910,2,300.0,195.0,405.0
749,1,911,2,300.0,195.0,405.0
749,1,912,2,300.0,195.0,405.0
749,1,913,2,300.0,195.0,405.0
749,1,914,2,300.0,195.0,405.0
749,1,915,2,300.0,195.0,405.0
749,1,916,2,300.0,195.0,405.0
749,1,937,2,300.0,195.0,405.0
749,1,938,2,300.0,195.0,405.0
749,1,960,2,300.0,195.0,405.0
749,1,961,2,300.0,195.0,405.0
749,1,962,2,300.0,195.0,405.0
171,1,106,2,310.0,240.0,380.0
171,1,107,2,310.0,240.0,380.0
171,1,1204,2,310.0,240.0,380.0
171,1,1318,2,310.0,240.0,380.0
171,1,1323,2,310.0,240.0,380.0
171,1,1324,2,310.0,240.0,380.0
171,1,1325,2,310.0,240.0,380.0
171,1,1370,2,310.0,240.0,380.0
171,1,1378,2,310.0,240.0,380.0
171,1,1379,2,310.0,240.0,380.0
171,1,1380,2,310.0,240.0,380.0
171,1,1381,2,310.0,240.0,380.0
171,1,1382,2,310.0,240.0,380.0
171,1,1383,2,310.0,240.0,380.0
171,1,1400,2,310.0,240.0,380.0
171,1,1401,2,310.0,240.0,380.0
171,1,1422,2,310.0,240.0,380.0
171,1,1574,2,310.0,240.0,380.0
171,1,1575,2,310.0,240.0,380.0
171,1,1576,2,310.0,240.0,380.0
171,1,1577,2,310.0,240.0,380.0
171,1,1578,2,310.0,240.0,380.0
171,1,1581,2,310.0,240.0,380.0
171,1,1582,2,310.0,240.0,380.0
171,1,1583,2,310.0,240.0,380.0
171,1,2056,2,310.0,240.0,380.0
171,1,2065,2,310.0,240.0,380.0
171,1,2066,2,310.0,240.0,380.0
171,1,2067,2,310.0,240.0,380.0
171,1,2068,2,310.0,240.0,380.0
171,1,2069,2,310.0,240.0,380.0
171,1,2070,2,310.0,240.0,380.0
171,1,2071,2,310.0,240.0,380.0
171,1,2074,2,310.0,240.0,380.0
171,1,2075,2,310.0,240.0,380.0
171,1,2076,2,310.0,240.0,380.0
171,1,2077,2,310.0,240.0,380.0
171,1,2078,2,310.0,240.0,380.0
171,1,2079,2,310.0,240.0,380.0
171,1,2080,2,310.0,240.0,380.0
171,1,2081,2,310.0,240.0,380.0
171,1,2082,2,310.0,240.0,380.0
171,1,2083,2,310.0,240.0,380.0
171,1,2084,2,310.0,240.0,380.0
171,1,2085,2,310.0,240.0,380.0
171,1,2086,2,310.0,240.0,380.0
171,1,2087,2,310.0,240.0,380.0
171,1,2088,2,310.0,240.0,380.0
171,1,2089,2,310.0,240.0,380.0
171,1,2090,2,310.0,240.0,380.0
171,1,2091,2,310.0,240.0,380.0
171,1,2092,2,310.0,240.0,380.0
171,1,2093,2,310.0,240.0,380.0
171,1,2094,2,310.0,240.0,380.0
171,1,2095,2,310.0,240.0,380.0
171,1,2096,2,310.0,240.0,380.0
171,1,2097,2,310.0,240.0,380.0
171,1,2098,2,310.0,240.0,380.0
171,1,2099,2,310.0,240.0,380.0
171,1,2100,2,310.0,240.0,380.0
171,1,2101,2,310.0,240.0,380.0
171,1,2102,2,310.0,240.0,380.0
171,1,2103,2,310.0,240.0,380.0
171,1,2738,2,310.0,240.0,380.0
171,1,2752,2,310.0,240.0,380.0
171,1,3008,2,310.0,240.0,380.0
171,1,349,2,310.0,240.0,380.0
171,1,3857,2,310.0,240.0,380.0
171,1,4568,2,310.0,240.0,380.0
171,1,458,2,310.0,240.0,380.0
714,0,105,1,310.0,310.0,310.0
714,0,1204,1,310.0,310.0,310.0
714,0,1638,1,310.0,310.0,310.0
714,0,1643,1,310.0,310.0,310.0
714,0,1724,1,310.0,310.0,310.0
714,0,1728,1,310.0,310.0,310.0
714,0,1748,1,310.0,310.0,310.0
714,0,2230,1,310.0,310.0,310.0
714,0,304,1,310.0,310.0,310.0
714,0,6087,1,310.0,310.0,310.0
714,0,6478,1,310.0,310.0,310.0
714,0,6936,1,310.0,310.0,310.0
714,0,6952,1,310.0,310.0,310.0
714,0,6953,1,310.0,310.0,310.0
714,0,6954,1,310.0,310.0,310.0
714,0,6956,1,310.0,310.0,310.0
714,0,6957,1,310.0,310.0,310.0
714,0,6958,1,310.0,310.0,310.0
714,0,6959,1,310.0,310.0,310.0
714,0,6960,1,310.0,310.0,310.0
714,0,6961,1,310.0,310.0,310.0
714,0,6962,1,310.0,310.0,310.0
714,0,6963,1,310.0,310.0,310.0
714,0,6964,1,310.0,310.0,310.0
714,0,6965,1,310.0,310.0,310.0
714,0,6966,1,310.0,310.0,310.0
714,0,6967,1,310.0,310.0,310.0
714,0,6968,1,310.0,310.0,310.0
714,0,6969,1,310.0,310.0,310.0
714,0,6970,1,310.0,310.0,310.0
714,0,6971,1,310.0,310.0,310.0
714,0,6972,1,310.0,310.0,310.0
714,0,6973,1,310.0,310.0,310.0
714,0,6974,1,310.0,310.0,310.0
714,0,6975,1,310.0,310.0,310.0
714,0,7047,1,310.0,310.0,310.0
714,0,7089,1,310.0,310.0,310.0
714,0,7188,1,310.0,310.0,310.0
714,0,736,1,310.0,310.0,310.0
714,0,737,1,310.0,310.0,310.0
714,0,738,1,310.0,310.0,310.0
714,0,739,1,310.0,310.0,310.0
714,0,887,1,310.0,310.0,310.0
714,0,889,1,310.0,310.0,310.0
714,0,892,1,310.0,310.0,310.0
714,0,893,1,310.0,310.0,310.0
714,0,894,1,310.0,310.0,310.0
714,0,895,1,310.0,310.0,310.0
714,0,896,1,310.0,310.0,310.0
714,0,897,1,310.0,310.0,310.0
714,0,898,1,310.0,310.0,310.0
714,0,899,1,310.0,310.0,310.0
714,0,900,1,310.0,310.0,310.0
714,0,901,1,310.0,310.0,310.0
714,0,903,1,310.0,310.0,310.0
714,0,904,1,310.0,310.0,310.0
714,0,905,1,310.0,310.0,310.0
714,0,906,1,310.0,310.0,310.0
714,0,907,1,310.0,310.0,310.0
714,0,908,1,310.0,310.0,310.0
714,0,909,1,310.0,310.0,310.0
714,0,910,1,310.0,310.0,310.0
714,0,911,1,310.0,310.0,310.0
714,0,912,1,310.0,310.0,310.0
714,0,913,1,310.0,310.0,310.0
714,0,914,1,310.0,310.0,310.0
714,0,915,1,310.0,310.0,310.0
714,0,916,1,310.0,310.0,310.0
714,0,937,1,310.0,310.0,310.0
714,0,938,1,310.0,310.0,310.0
714,0,945,1,310.0,310.0,310.0
714,0,950,1,310.0,310.0,310.0
714,0,951,1,310.0,310.0,310.0
714,0,954,1,310.0,310.0,310.0
714,0,956,1,310.0,310.0,310.0
714,0,957,1,310.0,310.0,310.0
714,0,958,1,310.0,310.0,310.0
714,0,959,1,310.0,310.0,310.0
714,0,960,1,310.0,310.0,310.0
714,0,962,1,310.0,310.0,310.0
396,0,3552,2,315.0,280.0,350.0
396,0,3553,2,315.0,280.0,350.0
396,0,3554,2,315.0,280.0,350.0
396,0,3555,2,315.0,280.0,350.0
396,0,3588,2,315.0,280.0,350.0
396,0,3590,2,315.0,280.0,350.0
396,0,3874,2,315.0,280.0,350.0
396,0,3876,2,315.0,280.0,350.0
396,0,3877,2,315.0,280.0,350.0
396,0,3878,2,315.0,280.0,350.0
396,0,3879,2,315.0,280.0,350.0
396,0,3880,2,315.0,280.0,350.0
396,0,3881,2,315.0,280.0,350.0
396,0,3882,2,315.0,280.0,350.0
396,0,3883,2,315.0,280.0,350.0
396,0,3884,2,315.0,280.0,350.0
396,0,3885,2,315.0,280.0,350.0
396,0,3886,2,315.0,280.0,350.0
396,0,3887,2,315.0,280.0,350.0
396,0,3888,2,315.0,280.0,350.0
396,0,3889,2,315.0,280.0,350.0
396,0,3890,2,315.0,280.0,350.0
396,0,3891,2,315.0,280.0,350.0
396,0,3892,2,315.0,280.0,350.0
396,0,3893,2,315.0,280.0,350.0
396,0,3894,2,315.0,280.0,350.0
396,0,3895,2,315.0,280.0,350.0
396,0,3896,2,315.0,280.0,350.0
396,0,3897,2,315.0,280.0,350.0
396,0,3898,2,315.0,280.0,350.0
396,0,3899,2,315.0,280.0,350.0
396,0,4072,2,315.0,280.0,350.0
396,0,4073,2,315.0,280.0,350.0
396,0,4074,2,315.0,280.0,350.0
396,0,4075,2,315.0,280.0,350.0
396,0,4076,2,315.0,280.0,350.0
396,0,4077,2,315.0,280.0,350.0
396,0,4078,2,315.0,280.0,350.0
396,0,4079,2,315.0,280.0,350.0
396,0,4080,2,315.0,280.0,350.0
396,0,4081,2,315.0,280.0,350.0
396,0,4082,2,315.0,280.0,350.0
396,0,4083,2,315.0,280.0,350.0
396,0,4084,2,315.0,280.0,350.0
396,0,4085,2,315.0,280.0,350.0
396,0,4086,2,315.0,280.0,350.0
396,0,4087,2,315.0,280.0,350.0
396,0,4088,2,315.0,280.0,350.0
396,0,4089,2,315.0,280.0,350.0
396,0,4090,2,315.0,280.0,350.0
396,0,4091,2,315.0,280.0,350.0
396,0,4092,2,315.0,280.0,350.0
396,0,4093,2,315.0,280.0,350.0
396,0,4094,2,315.0,280.0,350.0
396,0,4095,2,315.0,280.0,350.0
396,0,4096,2,315.0,280.0,350.0
396,0,4097,2,315.0,280.0,350.0
396,0,4098,2,315.0,280.0,350.0
396,0,4100,2,315.0,280.0,350.0
396,0,4101,2,315.0,280.0,350.0
396,0,4102,2,315.0,280.0,350.0
396,0,419,2,315.0,280.0,350.0
396,0,420,2,315.0,280.0,350.0
396,0,421,2,315.0,280.0,350.0
396,0,4216,2,315.0,280.0,350.0
396,0,4217,2,315.0,280.0,350.0
396,0,4218,2,315.0,280.0,350.0
396,0,4219,2,315.0,280.0,350.0
396,0,422,2,315.0,280.0,350.0
396,0,4220,2,315.0,280.0,350.0
396,0,4221,2,315.0,280.0,350.0
396,0,4222,2,315.0,280.0,350.0
396,0,4223,2,315.0,280.0,350.0
396,0,4224,2,315.0,280.0,350.0
396,0,4225,2,315.0,280.0,350.0
396,0,4226,2,315.0,280.0,350.0
396,0,4227,2,315.0,280.0,350.0
396,0,4228,2,315.0,280.0,350.0
396,0,4229,2,315.0,280.0,350.0
396,0,423,2,315.0,280.0,350.0
396,0,4230,2,315.0,280.0,350.0
396,0,4231,2,315.0,280.0,350.0
396,0,4232,2,315.0,280.0,350.0
396,0,4233,2,315.0,280.0,350.0
396,0,4234,2,315.0,280.0,350.0
396,0,4235,2,315.0,280.0,350.0
396,0,4236,2,315.0,280.0,350.0
396,0,4237,2,315.0,280.0,350.0
396,0,4238,2,315.0,280.0,350.0
396,0,4239,2,315.0,280.0,350.0
396,0,424,2,315.0,280.0,350.0
396,0,4240,2,315.0,280.0,350.0
396,0,4241,2,315.0,280.0,350.0
396,0,4242,2,315.0,280.0,350.0
396,0,4243,2,315.0,280.0,350.0
396,0,4244,2,315.0,280.0,350.0
396,0,4245,2,315.0,280.0,350.0
396,0,4246,2,315.0,280.0,350.0
396,0,4247,2,315.0,280.0,350.0
396,0,426,2,315.0,280.0,350.0
396,0,427,2,315.0,280.0,350.0
396,0,4347,2,315.0,280.0,350.0
396,0,4351,2,315.0,280.0,350.0
396,0,4356,2,315.0,280.0,350.0
455,1,130,2,315.0,300.0,330.0
455,1,131,2,315.0,300.0,330.0
455,1,144,2,315.0,300.0,330.0
455,1,145,2,315.0,300.0,330.0
455,1,149,2,315.0,300.0,330.0
455,1,150,2,315.0,300.0,330.0
455,1,151,2,315.0,300.0,330.0
455,1,152,2,315.0,300.0,330.0
455,1,153,2,315.0,300.0,330.0
455,1,155,2,315.0,300.0,330.0
455,1,160,2,315.0,300.0,330.0
455,1,165,2,315.0,300.0,330.0
455,1,166,2,315.0,300.0,330.0
455,1,167,2,315.0,300.0,330.0
455,1,168,2,315.0,300.0,330.0
455,1,169,2,315.0,300.0,330.0
455,1,170,2,315.0,300.0,330.0
455,1,171,2,315.0,300.0,330.0
455,1,172,2,315.0,300.0,330.0
455,1,1912,2,315.0,300.0,330.0
455,1,1914,2,315.0,300.0,330.0
455,1,3315,2,315.0,300.0,330.0
455,1,373,2,315.0,300.0,330.0
455,1,394,2,315.0,300.0,330.0
455,1,445,2,315.0,300.0,330.0
455,1,446,2,315.0,300.0,330.0
455,1,447,2,315.0,300.0,330.0
455,1,448,2,315.0,300.0,330.0
455,1,449,2,315.0,300.0,330.0
455,1,4533,2,315.0,300.0,330.0
455,1,4541,2,315.0,300.0,330.0
455,1,4626,2,315.0,300.0,330.0
455,1,4627,2,315.0,300.0,330.0
455,1,4628,2,315.0,300.0,330.0
455,1,4629,2,315.0,300.0,330.0
455,1,4630,2,315.0,300.0,330.0
455,1,4631,2,315.0,300.0,330.0
455,1,4632,2,315.0,300.0,330.0
455,1,4633,2,315.0,300.0,330.0
455,1,4634,2,315.0,300.0,330.0
455,1,4635,2,315.0,300.0,330.0
455,1,4636,2,315.0,300.0,330.0
455,1,4637,2,315.0,300.0,330.0
455,1,4638,2,315.0,300.0,330.0
455,1,4639,2,315.0,300.0,330.0
455,1,4640,2,315.0,300.0,330.0
455,1,4641,2,315.0,300.0,330.0
455,1,4642,2,315.0,300.0,330.0
455,1,4643,2,315.0,300.0,330.0
455,1,4688,2,315.0,300.0,330.0
455,1,4693,2,315.0,300.0,330.0
455,1,4694,2,315.0,300.0,330.0
455,1,4695,2,315.0,300.0,330.0
455,1,4705,2,315.0,300.0,330.0
455,1,4907,2,315.0,300.0,330.0
455,1,4908,2,315.0,300.0,330.0
455,1,4909,2,315.0,300.0,330.0
455,1,4910,2,315.0,300.0,330.0
455,1,4945,2,315.0,300.0,330.0
455,1,4951,2,315.0,300.0,330.0
455,1,4953,2,315.0,300.0,330.0
455,1,4954,2,315.0,300.0,330.0
455,1,4955,2,315.0,300.0,330.0
455,1,4956,2,315.0,300.0,330.0
455,1,4957,2,315.0,300.0,330.0
455,1,4958,2,315.0,300.0,330.0
455,1,4959,2,315.0,300.0,330.0
455,1,4960,2,315.0,300.0,330.0
455,1,4961,2,315.0,300.0,330.0
455,1,4985,2,315.0,300.0,330.0
455,1,4991,2,315.0,300.0,330.0
455,1,4992,2,315.0,300.0,330.0
455,1,4999,2,315.0,300.0,330.0
455,1,5000,2,315.0,300.0,330.0
455,1,5001,2,315.0,300.0,330.0
455,1,5002,2,315.0,300.0,330.0
455,1,5003,2,315.0,300.0,330.0
455,1,5004,2,315.0,300.0,330.0
455,1,5005,2,315.0,300.0,330.0
455,1,5006,2,315.0,300.0,330.0
455,1,5007,2,315.0,300.0,330.0
455,1,5008,2,315.0,300.0,330.0
455,1,5009,2,315.0,300.0,330.0
455,1,795,2,315.0,300.0,330.0
455,1,796,2,315.0,300.0,330.0
455,1,797,2,315.0,300.0,330.0
455,1,798,2,315.0,300.0,330.0
455,1,799,2,315.0,300.0,330.0
657,1,4728,3,315.0,50.0,600.0
657,1,4794,3,315.0,50.0,600.0
657,1,4795,3,315.0,50.0,600.0
657,1,5151,3,315.0,50.0,600.0
657,1,5172,3,315.0,50.0,600.0
657,1,6052,3,315.0,50.0,600.0
657,1,6054,3,315.0,50.0,600.0
657,1,6055,3,315.0,50.0,600.0
657,1,6061,3,315.0,50.0,600.0
657,1,6069,3,315.0,50.0,600.0
657,1,6078,3,315.0,50.0,600.0
657,1,6081,3,315.0,50.0,600.0
657,1,6082,3,315.0,50.0,600.0
657,1,6083,3,315.0,50.0,600.0
657,1,6084,3,315.0,50.0,600.0
657,1,6085,3,315.0,50.0,600.0
657,1,6086,3,315.0,50.0,600.0
657,1,6087,3,315.0,50.0,600.0
657,1,6088,3,315.0,50.0,600.0
657,1,6089,3,315.0,50.0,600.0
657,1,6090,3,315.0,50.0,600.0
657,1,6091,3,315.0,50.0,600.0
657,1,6092,3,315.0,50.0,600.0
657,1,6093,3,315.0,50.0,600.0
657,1,6094,3,315.0,50.0,600.0
657,1,6098,3,315.0,50.0,600.0
657,1,6099,3,315.0,50.0,600.0
657,1,6100,3,315.0,50.0,600.0
657,1,6101,3,315.0,50.0,600.0
657,1,6102,3,315.0,50.0,600.0
657,1,6103,3,315.0,50.0,600.0
657,1,6104,3,315.0,50.0,600.0
657,1,6105,3,315.0,50.0,600.0
657,1,6106,3,315.0,50.0,600.0
657,1,6159,3,315.0,50.0,600.0
657,1,6160,3,315.0,50.0,600.0
657,1,6516,3,315.0,50.0,600.0
657,1,6590,3,315.0,50.0,600.0
657,1,6591,3,315.0,50.0,600.0
657,1,6592,3,315.0,50.0,600.0
657,1,6593,3,315.0,50.0,600.0
657,1,6594,3,315.0,50.0,600.0
657,1,6595,3,315.0,50.0,600.0
657,1,6625,3,315.0,50.0,600.0
657,1,6626,3,315.0,50.0,600.0
657,1,6627,3,315.0,50.0,600.0
657,1,6628,3,315.0,50.0,600.0
657,1,6629,3,315.0,50.0,600.0
657,1,6630,3,315.0,50.0,600.0
657,1,6632,3,315.0,50.0,600.0
657,1,6633,3,315.0,50.0,600.0
657,1,6634,3,315.0,50.0,600.0
657,1,6635,3,315.0,50.0,600.0
657,1,6636,3,315.0,50.0,600.0
657,1,6637,3,315.0,50.0,600.0
657,1,6638,3,315.0,50.0,600.0
657,1,6639,3,315.0,50.0,600.0
657,1,6640,3,315.0,50.0,600.0
657,1,6641,3,315.0,50.0,600.0
657,1,6642,3,315.0,50.0,600.0
657,1,6643,3,315.0,50.0,600.0
657,1,6644,3,315.0,50.0,600.0
657,1,6645,3,315.0,50.0,600.0
657,1,6646,3,315.0,50.0,600.0
657,1,6893,3,315.0,50.0,600.0
657,1,761,3,315.0,50.0,600.0
657,1,763,3,315.0,50.0,600.0
657,1,771,3,315.0,50.0,600.0
450,0,106465,2,320.0,310.0,330.0
450,0,106466,2,320.0,310.0,330.0
450,0,106467,2,320.0,310.0,330.0
450,0,106468,2,320.0,310.0,330.0
450,0,106469,2,320.0,310.0,330.0
450,0,106470,2,320.0,310.0,330.0
450,0,106471,2,320.0,310.0,330.0
450,0,106472,2,320.0,310.0,330.0
450,0,106473,2,320.0,310.0,330.0
450,0,106474,2,320.0,310.0,330.0
450,0,114,2,320.0,310.0,330.0
450,0,115,2,320.0,310.0,330.0
450,0,116,2,320.0,310.0,330.0
450,0,117,2,320.0,310.0,330.0
450,0,118,2,320.0,310.0,330.0
450,0,119,2,320.0,310.0,330.0
450,0,120,2,320.0,310.0,330.0
450,0,121,2,320.0,310.0,330.0
450,0,122,2,320.0,310.0,330.0
450,0,123,2,320.0,310.0,330.0
450,0,124,2,320.0,310.0,330.0
450,0,125,2,320.0,310.0,330.0
450,0,126,2,320.0,310.0,330.0
450,0,127,2,320.0,310.0,330.0
450,0,129,2,320.0,310.0,330.0
450,0,130,2,320.0,310.0,330.0
450,0,131,2,320.0,310.0,330.0
450,0,158,2,320.0,310.0,330.0
450,0,159,2,320.0,310.0,330.0
450,0,160,2,320.0,310.0,330.0
450,0,161,2,320.0,310.0,330.0
450,0,162,2,320.0,310.0,330.0
450,0,163,2,320.0,310.0,330.0
450,0,164,2,320.0,310.0,330.0
450,0,1836,2,320.0,310.0,330.0
450,0,1912,2,320.0,310.0,330.0
450,0,3315,2,320.0,310.0,330.0
450,0,4537,2,320.0,310.0,330.0
450,0,4607,2,320.0,310.0,330.0
450,0,4608,2,320.0,310.0,330.0
450,0,4609,2,320.0,310.0,330.0
450,0,4610,2,320.0,310.0,330.0
450,0,4611,2,320.0,310.0,330.0
450,0,4612,2,320.0,310.0,330.0
450,0,4613,2,320.0,310.0,330.0
450,0,4614,2,320.0,310.0,330.0
450,0,4615,2,320.0,310.0,330.0
450,0,4616,2,320.0,310.0,330.0
450,0,4617,2,320.0,310.0,330.0
450,0,4618,2,320.0,310.0,330.0
450,0,4619,2,320.0,310.0,330.0
450,0,4620,2,320.0,310.0,330.0
450,0,4621,2,320.0,310.0,330.0
450,0,4622,2,320.0,310.0,330.0
450,0,4623,2,320.0,310.0,330.0
450,0,4624,2,320.0,310.0,330.0
450,0,4625,2,320.0,310.0,330.0
450,0,4687,2,320.0,310.0,330.0
450,0,4688,2,320.0,310.0,330.0
450,0,4689,2,320.0,310.0,330.0
450,0,4690,2,320.0,310.0,330.0
450,0,4692,2,320.0,310.0,330.0
450,0,4906,2,320.0,310.0,330.0
450,0,4942,2,320.0,310.0,330.0
450,0,4943,2,320.0,310.0,330.0
450,0,4944,2,320.0,310.0,330.0
450,0,4945,2,320.0,310.0,330.0
450,0,4946,2,320.0,310.0,330.0
450,0,4947,2,320.0,310.0,330.0
450,0,4948,2,320.0,310.0,330.0
450,0,4949,2,320.0,310.0,330.0
450,0,4950,2,320.0,310.0,330.0
450,0,4951,2,320.0,310.0,330.0
450,0,4952,2,320.0,310.0,330.0
450,0,4962,2,320.0,310.0,330.0
450,0,4963,2,320.0,310.0,330.0
450,0,4964,2,320.0,310.0,330.0
450,0,4965,2,320.0,310.0,330.0
450,0,4966,2,320.0,310.0,330.0
450,0,4967,2,320.0,310.0,330.0
450,0,4969,2,320.0,310.0,330.0
450,0,4970,2,320.0,310.0,330.0
450,0,4971,2,320.0,310.0,330.0
450,0,4972,2,320.0,310.0,330.0
450,0,4973,2,320.0,310.0,330.0
450,0,4974,2,320.0,310.0,330.0
450,0,4981,2,320.0,310.0,330.0
450,0,5010,2,320.0,310.0,330.0
450,0,790,2,320.0,310.0,330.0
450,0,791,2,320.0,310.0,330.0
450,0,792,2,320.0,310.0,330.0
450,0,793,2,320.0,310.0,330.0
450,0,794,2,320.0,310.0,330.0
397,1,3556,2,327.5,245.0,410.0
397,1,3557,2,327.5,245.0,410.0
397,1,3558,2,327.5,245.0,410.0
397,1,3559,2,327.5,245.0,410.0
397,1,3593,2,327.5,245.0,410.0
397,1,3889,2,327.5,245.0,410.0
397,1,3890,2,327.5,245.0,410.0
397,1,3900,2,327.5,245.0,410.0
397,1,3901,2,327.5,245.0,410.0
397,1,3902,2,327.5,245.0,410.0
397,1,3903,2,327.5,245.0,410.0
397,1,3904,2,327.5,245.0,410.0
397,1,3907,2,327.5,245.0,410.0
397,1,3908,2,327.5,245.0,410.0
397,1,3909,2,327.5,245.0,410.0
397,1,3910,2,327.5,245.0,410.0
397,1,3911,2,327.5,245.0,410.0
397,1,3912,2,327.5,245.0,410.0
397,1,3915,2,327.5,245.0,410.0
397,1,3916,2,327.5,245.0,410.0
397,1,3917,2,327.5,245.0,410.0
397,1,3919,2,327.5,245.0,410.0
397,1,3920,2,327.5,245.0,410.0
397,1,3921,2,327.5,245.0,410.0
397,1,3922,2,327.5,245.0,410.0
397,1,3923,2,327.5,245.0,410.0
397,1,3944,2,327.5,245.0,410.0
397,1,4103,2,327.5,245.0,410.0
397,1,4104,2,327.5,245.0,410.0
397,1,4105,2,327.5,245.0,410.0
397,1,4106,2,327.5,245.0,410.0
397,1,4107,2,327.5,245.0,410.0
397,1,4108,2,327.5,245.0,410.0
397,1,4109,2,327.5,245.0,410.0
397,1,4110,2,327.5,245.0,410.0
397,1,4111,2,327.5,245.0,410.0
397,1,4112,2,327.5,245.0,410.0
397,1,4113,2,327.5,245.0,410.0
397,1,4115,2,327.5,245.0,410.0
397,1,4116,2,327.5,245.0,410.0
397,1,4117,2,327.5,245.0,410.0
397,1,4118,2,327.5,245.0,410.0
397,1,4119,2,327.5,245.0,410.0
397,1,4120,2,327.5,245.0,410.0
397,1,4121,2,327.5,245.0,410.0
397,1,4122,2,327.5,245.0,410.0
397,1,4123,2,327.5,245.0,410.0
397,1,4124,2,327.5,245.0,410.0
397,1,4125,2,327.5,245.0,410.0
397,1,4126,2,327.5,245.0,410.0
397,1,4127,2,327.5,245.0,410.0
397,1,4128,2,327.5,245.0,410.0
397,1,4130,2,327.5,245.0,410.0
397,1,4131,2,327.5,245.0,410.0
397,1,4132,2,327.5,245.0,410.0
397,1,419,2,327.5,245.0,410.0
397,1,4216,2,327.5,245.0,410.0
397,1,4245,2,327.5,245.0,410.0
397,1,4248,2,327.5,245.0,410.0
397,1,4249,2,327.5,245.0,410.0
397,1,4250,2,327.5,245.0,410.0
397,1,4251,2,327.5,245.0,410.0
397,1,4252,2,327.5,245.0,410.0
397,1,4253,2,327.5,245.0,410.0
397,1,4254,2,327.5,245.0,410.0
397,1,4255,2,327.5,245.0,410.0
397,1,4256,2,327.5,245.0,410.0
397,1,4257,2,327.5,245.0,410.0
397,1,4258,2,327.5,245.0,410.0
397,1,4259,2,327.5,245.0,410.0
397,1,426,2,327.5,245.0,410.0
397,1,4260,2,327.5,245.0,410.0
397,1,4261,2,327.5,245.0,410.0
397,1,4262,2,327.5,245.0,410.0
397,1,4263,2,327.5,245.0,410.0
397,1,4264,2,327.5,245.0,410.0
397,1,4265,2,327.5,245.0,410.0
397,1,4266,2,327.5,245.0,410.0
397,1,4267,2,327.5,245.0,410.0
397,1,4268,2,327.5,245.0,410.0
397,1,4269,2,327.5,245.0,410.0
397,1,427,2,327.5,245.0,410.0
397,1,4270,2,327.5,245.0,410.0
397,1,4271,2,327.5,245.0,410.0
397,1,4272,2,327.5,245.0,410.0
397,1,4273,2,327.5,245.0,410.0
397,1,4274,2,327.5,245.0,410.0
397,1,4275,2,327.5,245.0,410.0
397,1,4276,2,327.5,245.0,410.0
397,1,4277,2,327.5,245.0,410.0
397,1,428,2,327.5,245.0,410.0
397,1,429,2,327.5,245.0,410.0
397,1,430,2,327.5,245.0,410.0
397,1,431,2,327.5,245.0,410.0
397,1,432,2,327.5,245.0,410.0
397,1,4323,2,327.5,245.0,410.0
397,1,4338,2,327.5,245.0,410.0
397,1,4352,2,327.5,245.0,410.0
397,1,4392,2,327.5,245.0,410.0
397,1,4399,2,327.5,245.0,410.0
397,1,4400,2,327.5,245.0,410.0
397,1,4409,2,327.5,245.0,410.0
397,1,4410,2,327.5,245.0,410.0
397,1,4414,2,327.5,245.0,410.0
435,1,130,3,378.33,240.0,585.0
435,1,131,3,378.33,240.0,585.0
435,1,144,3,378.33,240.0,585.0
435,1,145,3,378.33,240.0,585.0
435,1,149,3,378.33,240.0,585.0
435,1,150,3,378.33,240.0,585.0
435,1,151,3,378.33,240.0,585.0
435,1,152,3,378.33,240.0,585.0
435,1,153,3,378.33,240.0,585.0
435,1,155,3,378.33,240.0,585.0
435,1,160,3,378.33,240.0,585.0
435,1,165,3,378.33,240.0,585.0
435,1,166,3,378.33,240.0,585.0
435,1,167,3,378.33,240.0,585.0
435,1,168,3,378.33,240.0,585.0
435,1,169,3,378.33,240.0,585.0
435,1,170,3,378.33,240.0,585.0
435,1,171,3,378.33,240.0,585.0
435,1,172,3,378.33,240.0,585.0
435,1,1914,3,378.33,240.0,585.0
435,1,3315,3,378.33,240.0,585.0
435,1,373,3,378.33,240.0,585.0
435,1,394,3,378.33,240.0,585.0
435,1,445,3,378.33,240.0,585.0
435,1,446,3,378.33,240.0,585.0
435,1,447,3,378.33,240.0,585.0
435,1,448,3,378.33,240.0,585.0
435,1,449,3,378.33,240.0,585.0
435,1,4533,3,378.33,240.0,585.0
435,1,4541,3,378.33,240.0,585.0
435,1,4626,3,378.33,240.0,585.0
435,1,4627,3,378.33,240.0,585.0
435,1,4628,3,378.33,240.0,585.0
435,1,4629,3,378.33,240.0,585.0
435,1,4630,3,378.33,240.0,585.0
435,1,4631,3,378.33,240.0,585.0
435,1,4632,3,378.33,240.0,585.0
435,1,4633,3,378.33,240.0,585.0
435,1,4634,3,378.33,240.0,585.0
435,1,4635,3,378.33,240.0,585.0
435,1,4636,3,378.33,240.0,585.0
435,1,4637,3,378.33,240.0,585.0
435,1,4638,3,378.33,240.0,585.0
435,1,4639,3,378.33,240.0,585.0
435,1,4640,3,378.33,240.0,585.0
435,1,4641,3,378.33,240.0,585.0
435,1,4642,3,378.33,240.0,585.0
435,1,4643,3,378.33,240.0,585.0
435,1,4651,3,378.33,240.0,585.0
435,1,4652,3,378.33,240.0,585.0
435,1,4653,3,378.33,240.0,585.0
435,1,4688,3,378.33,240.0,585.0
435,1,4693,3,378.33,240.0,585.0
435,1,4694,3,378.33,240.0,585.0
435,1,4695,3,378.33,240.0,585.0
435,1,4696,3,378.33,240.0,585.0
435,1,4697,3,378.33,240.0,585.0
435,1,4698,3,378.33,240.0,585.0
435,1,4699,3,378.33,240.0,585.0
435,1,4700,3,378.33,240.0,585.0
435,1,4705,3,378.33,240.0,585.0
435,1,4706,3,378.33,240.0,585.0
435,1,4707,3,378.33,240.0,585.0
435,1,4711,3,378.33,240.0,585.0
435,1,4712,3,378.33,240.0,585.0
435,1,795,3,378.33,240.0,585.0
435,1,796,3,378.33,240.0,585.0
435,1,797,3,378.33,240.0,585.0
435,1,798,3,378.33,240.0,585.0
435,1,799,3,378.33,240.0,585.0
1147,1,106822,2,420.0,195.0,645.0
1147,1,107,2,420.0,195.0,645.0
1147,1,117,2,420.0,195.0,645.0
1147,1,118,2,420.0,195.0,645.0
1147,1,119,2,420.0,195.0,645.0
1147,1,120,2,420.0,195.0,645.0
1147,1,121,2,420.0,195.0,645.0
1147,1,1639,2,420.0,195.0,645.0
1147,1,1957,2,420.0,195.0,645.0
1147,1,1959,2,420.0,195.0,645.0
1147,1,1960,2,420.0,195.0,645.0
1147,1,1961,2,420.0,195.0,645.0
1147,1,1976,2,420.0,195.0,645.0
1147,1,1979,2,420.0,195.0,645.0
1147,1,1980,2,420.0,195.0,645.0
1147,1,1981,2,420.0,195.0,645.0
1147,1,1982,2,420.0,195.0,645.0
1147,1,1983,2,420.0,195.0,645.0
1147,1,1984,2,420.0,195.0,645.0
1147,1,1985,2,420.0,195.0,645.0
1147,1,1986,2,420.0,195.0,645.0
1147,1,1987,2,420.0,195.0,645.0
1147,1,1988,2,420.0,195.0,645.0
1147,1,1989,2,420.0,195.0,645.0
1147,1,201,2,420.0,195.0,645.0
1147,1,202,2,420.0,195.0,645.0
1147,1,204,2,420.0,195.0,645.0
1147,1,205,2,420.0,195.0,645.0
1147,1,206,2,420.0,195.0,645.0
1147,1,207,2,420.0,195.0,645.0
1147,1,225,2,420.0,195.0,645.0
1147,1,283,2,420.0,195.0,645.0
1147,1,284,2,420.0,195.0,645.0
1147,1,287,2,420.0,195.0,645.0
1147,1,288,2,420.0,195.0,645.0
1147,1,3167,2,420.0,195.0,645.0
1147,1,3168,2,420.0,195.0,645.0
1147,1,3173,2,420.0,195.0,645.0
1147,1,3174,2,420.0,195.0,645.0
1147,1,3175,2,420.0,195.0,645.0
1147,1,3176,2,420.0,195.0,645.0
1147,1,3178,2,420.0,195.0,645.0
1147,1,3179,2,420.0,195.0,645.0
1147,1,319,2,420.0,195.0,645.0
1147,1,331,2,420.0,195.0,645.0
1147,1,3838,2,420.0,195.0,645.0
1147,1,461,2,420.0,195.0,645.0
1147,1,491,2,420.0,195.0,645.0
1147,1,8605,2,420.0,195.0,645.0
1143,1,1702,3,438.33,145.0,695.0
1143,1,3529,3,438.33,145.0,695.0
1143,1,409,3,438.33,145.0,695.0
1143,1,413,3,438.33,145.0,695.0
1143,1,415,3,438.33,145.0,695.0
1143,1,419,3,438.33,145.0,695.0
1143,1,433,3,438.33,145.0,695.0
1143,1,435,3,438.33,145.0,695.0
1143,1,436,3,438.33,145.0,695.0
1143,1,437,3,438.33,145.0,695.0
1143,1,438,3,438.33,145.0,695.0
1143,1,439,3,438.33,145.0,695.0
1143,1,440,3,438.33,145.0,695.0
1143,1,461,3,438.33,145.0,695.0
1143,1,462,3,438.33,145.0,695.0
1143,1,463,3,438.33,145.0,695.0
1143,1,464,3,438.33,145.0,695.0
1143,1,467,3,438.33,145.0,695.0
1141,1,3315,3,440.0,120.0,875.0
1141,1,403,3,440.0,120.0,875.0
1141,1,408,3,440.0,120.0,875.0
1141,1,409,3,440.0,120.0,875.0
1141,1,413,3,440.0,120.0,875.0
1141,1,415,3,440.0,120.0,875.0
1141,1,419,3,440.0,120.0,875.0
1141,1,435,3,440.0,120.0,875.0
1141,1,436,3,440.0,120.0,875.0
1141,1,437,3,440.0,120.0,875.0
1141,1,438,3,440.0,120.0,875.0
1141,1,439,3,440.0,120.0,875.0
1141,1,440,3,440.0,120.0,875.0
1141,1,441,3,440.0,120.0,875.0
1141,1,442,3,440.0,120.0,875.0
1141,1,443,3,440.0,120.0,875.0
1141,1,444,3,440.0,120.0,875.0
1141,1,466,3,440.0,120.0,875.0
715,1,105,1,485.0,485.0,485.0
715,1,1204,1,485.0,485.0,485.0
715,1,1638,1,485.0,485.0,485.0
715,1,1643,1,485.0,485.0,485.0
715,1,1724,1,485.0,485.0,485.0
715,1,1728,1,485.0,485.0,485.0
715,1,1748,1,485.0,485.0,485.0
715,1,304,1,485.0,485.0,485.0
715,1,319,1,485.0,485.0,485.0
715,1,320,1,485.0,485.0,485.0
715,1,321,1,485.0,485.0,485.0
715,1,6087,1,485.0,485.0,485.0
715,1,6936,1,485.0,485.0,485.0
715,1,6956,1,485.0,485.0,485.0
715,1,6957,1,485.0,485.0,485.0
715,1,6958,1,485.0,485.0,485.0
715,1,6960,1,485.0,485.0,485.0
715,1,6961,1,485.0,485.0,485.0
715,1,6962,1,485.0,485.0,485.0
715,1,6963,1,485.0,485.0,485.0
715,1,6964,1,485.0,485.0,485.0
715,1,6965,1,485.0,485.0,485.0
715,1,6966,1,485.0,485.0,485.0
715,1,6967,1,485.0,485.0,485.0
715,1,6968,1,485.0,485.0,485.0
715,1,6969,1,485.0,485.0,485.0
715,1,6970,1,485.0,485.0,485.0
715,1,6971,1,485.0,485.0,485.0
715,1,6972,1,485.0,485.0,485.0
715,1,6973,1,485.0,485.0,485.0
715,1,6975,1,485.0,485.0,485.0
715,1,6977,1,485.0,485.0,485.0
715,1,6978,1,485.0,485.0,485.0
715,1,6979,1,485.0,485.0,485.0
715,1,6980,1,485.0,485.0,485.0
715,1,6981,1,485.0,485.0,485.0
715,1,7047,1,485.0,485.0,485.0
715,1,7089,1,485.0,485.0,485.0
715,1,736,1,485.0,485.0,485.0
715,1,737,1,485.0,485.0,485.0
715,1,738,1,485.0,485.0,485.0
715,1,739,1,485.0,485.0,485.0
715,1,864,1,485.0,485.0,485.0
715,1,887,1,485.0,485.0,485.0
715,1,889,1,485.0,485.0,485.0
715,1,890,1,485.0,485.0,485.0
715,1,892,1,485.0,485.0,485.0
715,1,893,1,485.0,485.0,485.0
715,1,894,1,485.0,485.0,485.0
715,1,895,1,485.0,485.0,485.0
715,1,896,1,485.0,485.0,485.0
715,1,897,1,485.0,485.0,485.0
715,1,898,1,485.0,485.0,485.0
715,1,899,1,485.0,485.0,485.0
715,1,900,1,485.0,485.0,485.0
715,1,901,1,485.0,485.0,485.0
715,1,903,1,485.0,485.0,485.0
715,1,904,1,485.0,485.0,485.0
715,1,905,1,485.0,485.0,485.0
715,1,906,1,485.0,485.0,485.0
715,1,907,1,485.0,485.0,485.0
715,1,908,1,485.0,485.0,485.0
715,1,909,1,485.0,485.0,485.0
715,1,910,1,485.0,485.0,485.0
715,1,911,1,485.0,485.0,485.0
715,1,912,1,485.0,485.0,485.0
715,1,913,1,485.0,485.0,485.0
715,1,914,1,485.0,485.0,485.0
715,1,915,1,485.0,485.0,485.0
715,1,916,1,485.0,485.0,485.0
715,1,937,1,485.0,485.0,485.0
715,1,938,1,485.0,485.0,485.0
715,1,945,1,485.0,485.0,485.0
715,1,950,1,485.0,485.0,485.0
715,1,951,1,485.0,485.0,485.0
715,1,954,1,485.0,485.0,485.0
715,1,956,1,485.0,485.0,485.0
715,1,957,1,485.0,485.0,485.0
715,1,958,1,485.0,485.0,485.0
715,1,959,1,485.0,485.0,485.0
715,1,960,1,485.0,485.0,485.0
715,1,962,1,485.0,485.0,485.0
449,1,106463,1,510.0,510.0,510.0
449,1,106733,1,510.0,510.0,510.0
449,1,106734,1,510.0,510.0,510.0
449,1,106735,1,510.0,510.0,510.0
449,1,106736,1,510.0,510.0,510.0
449,1,106737,1,510.0,510.0,510.0
449,1,106738,1,510.0,510.0,510.0
449,1,106739,1,510.0,510.0,510.0
449,1,106740,1,510.0,510.0,510.0
449,1,106741,1,510.0,510.0,510.0
449,1,106742,1,510.0,510.0,510.0
449,1,106743,1,510.0,510.0,510.0
449,1,130,1,510.0,510.0,510.0
449,1,131,1,510.0,510.0,510.0
449,1,144,1,510.0,510.0,510.0
449,1,149,1,510.0,510.0,510.0
449,1,150,1,510.0,510.0,510.0
449,1,151,1,510.0,510.0,510.0
449,1,152,1,510.0,510.0,510.0
449,1,153,1,510.0,510.0,510.0
449,1,155,1,510.0,510.0,510.0
449,1,160,1,510.0,510.0,510.0
449,1,165,1,510.0,510.0,510.0
449,1,166,1,510.0,510.0,510.0
449,1,167,1,510.0,510.0,510.0
449,1,168,1,510.0,510.0,510.0
449,1,169,1,510.0,510.0,510.0
449,1,170,1,510.0,510.0,510.0
449,1,171,1,510.0,510.0,510.0
449,1,172,1,510.0,510.0,510.0
449,1,1912,1,510.0,510.0,510.0
449,1,1914,1,510.0,510.0,510.0
449,1,3315,1,510.0,510.0,510.0
449,1,373,1,510.0,510.0,510.0
449,1,445,1,510.0,510.0,510.0
449,1,446,1,510.0,510.0,510.0
449,1,447,1,510.0,510.0,510.0
449,1,448,1,510.0,510.0,510.0
449,1,449,1,510.0,510.0,510.0
449,1,4509,1,510.0,510.0,510.0
449,1,4533,1,510.0,510.0,510.0
449,1,4541,1,510.0,510.0,510.0
449,1,4626,1,510.0,510.0,510.0
449,1,4627,1,510.0,510.0,510.0
449,1,4628,1,510.0,510.0,510.0
449,1,4629,1,510.0,510.0,510.0
449,1,4630,1,510.0,510.0,510.0
449,1,4631,1,510.0,510.0,510.0
449,1,4632,1,510.0,510.0,510.0
449,1,4633,1,510.0,510.0,510.0
449,1,4634,1,510.0,510.0,510.0
449,1,4635,1,510.0,510.0,510.0
449,1,4636,1,510.0,510.0,510.0
449,1,4637,1,510.0,510.0,510.0
449,1,4638,1,510.0,510.0,510.0
449,1,4639,1,510.0,510.0,510.0
449,1,4640,1,510.0,510.0,510.0
449,1,4641,1,510.0,510.0,510.0
449,1,4642,1,510.0,510.0,510.0
449,1,4643,1,510.0,510.0,510.0
449,1,4688,1,510.0,510.0,510.0
449,1,4692,1,510.0,510.0,510.0
449,1,4693,1,510.0,510.0,510.0
449,1,4694,1,510.0,510.0,510.0
449,1,4695,1,510.0,510.0,510.0
449,1,4872,1,510.0,510.0,510.0
449,1,4899,1,510.0,510.0,510.0
449,1,4907,1,510.0,510.0,510.0
449,1,4908,1,510.0,510.0,510.0
449,1,4909,1,510.0,510.0,510.0
449,1,4910,1,510.0,510.0,510.0
449,1,4911,1,510.0,510.0,510.0
449,1,4912,1,510.0,510.0,510.0
449,1,4913,1,510.0,510.0,510.0
449,1,4914,1,510.0,510.0,510.0
449,1,4915,1,510.0,510.0,510.0
449,1,4916,1,510.0,510.0,510.0
449,1,4917,1,510.0,510.0,510.0
449,1,4918,1,510.0,510.0,510.0
449,1,4919,1,510.0,510.0,510.0
449,1,4920,1,510.0,510.0,510.0
449,1,4921,1,510.0,510.0,510.0
449,1,4922,1,510.0,510.0,510.0
449,1,4923,1,510.0,510.0,510.0
449,1,4924,1,510.0,510.0,510.0
449,1,4925,1,510.0,510.0,510.0
449,1,4926,1,510.0,510.0,510.0
449,1,4927,1,510.0,510.0,510.0
449,1,4928,1,510.0,510.0,510.0
449,1,4929,1,510.0,510.0,510.0
449,1,4930,1,510.0,510.0,510.0
449,1,4931,1,510.0,510.0,510.0
449,1,4932,1,510.0,510.0,510.0
449,1,4933,1,510.0,510.0,510.0
449,1,4934,1,510.0,510.0,510.0
449,1,4935,1,510.0,510.0,510.0
449,1,4936,1,510.0,510.0,510.0
449,1,4937,1,510.0,510.0,510.0
449,1,4938,1,510.0,510.0,510.0
449,1,4939,1,510.0,510.0,510.0
449,1,4940,1,510.0,510.0,510.0
449,1,4941,1,510.0,510.0,510.0
449,1,4945,1,510.0,510.0,510.0
449,1,4951,1,510.0,510.0,510.0
449,1,4953,1,510.0,510.0,510.0
449,1,4954,1,510.0,510.0,510.0
449,1,4955,1,510.0,510.0,510.0
449,1,4956,1,510.0,510.0,510.0
449,1,4957,1,510.0,510.0,510.0
449,1,4958,1,510.0,510.0,510.0
449,1,4959,1,510.0,510.0,510.0
449,1,4960,1,510.0,510.0,510.0
449,1,4961,1,510.0,510.0,510.0
449,1,795,1,510.0,510.0,510.0
449,1,796,1,510.0,510.0,510.0
449,1,797,1,510.0,510.0,510.0
449,1,798,1,510.0,510.0,510.0
449,1,799,1,510.0,510.0,510.0
125,1,106,1,545.0,545.0,545.0
125,1,107,1,545.0,545.0,545.0
125,1,1204,1,545.0,545.0,545.0
125,1,1318,1,545.0,545.0,545.0
125,1,1323,1,545.0,545.0,545.0
125,1,1324,1,545.0,545.0,545.0
125,1,1325,1,545.0,545.0,545.0
125,1,1370,1,545.0,545.0,545.0
125,1,1378,1,545.0,545.0,545.0
125,1,1379,1,545.0,545.0,545.0
125,1,1380,1,545.0,545.0,545.0
125,1,1381,1,545.0,545.0,545.0
125,1,1382,1,545.0,545.0,545.0
125,1,1383,1,545.0,545.0,545.0
125,1,1400,1,545.0,545.0,545.0
125,1,1401,1,545.0,545.0,545.0
125,1,1422,1,545.0,545.0,545.0
125,1,1451,1,545.0,545.0,545.0
125,1,1452,1,545.0,545.0,545.0
125,1,1453,1,545.0,545.0,545.0
125,1,1454,1,545.0,545.0,545.0
125,1,1455,1,545.0,545.0,545.0
125,1,1456,1,545.0,545.0,545.0
125,1,1457,1,545.0,545.0,545.0
125,1,1458,1,545.0,545.0,545.0
125,1,1460,1,545.0,545.0,545.0
125,1,1461,1,545.0,545.0,545.0
125,1,1462,1,545.0,545.0,545.0
125,1,1463,1,545.0,545.0,545.0
125,1,1464,1,545.0,545.0,545.0
125,1,1465,1,545.0,545.0,545.0
125,1,1466,1,545.0,545.0,545.0
125,1,1467,1,545.0,545.0,545.0
125,1,1468,1,545.0,545.0,545.0
125,1,1469,1,545.0,545.0,545.0
125,1,1470,1,545.0,545.0,545.0
125,1,1471,1,545.0,545.0,545.0
125,1,1472,1,545.0,545.0,545.0
125,1,1473,1,545.0,545.0,545.0
125,1,1476,1,545.0,545.0,545.0
125,1,1477,1,545.0,545.0,545.0
125,1,1479,1,545.0,545.0,545.0
125,1,1481,1,545.0,545.0,545.0
125,1,1485,1,545.0,545.0,545.0
125,1,1486,1,545.0,545.0,545.0
125,1,1487,1,545.0,545.0,545.0
125,1,1488,1,545.0,545.0,545.0
125,1,1489,1,545.0,545.0,545.0
125,1,1490,1,545.0,545.0,545.0
125,1,1491,1,545.0,545.0,545.0
125,1,1492,1,545.0,545.0,545.0
125,1,1504,1,545.0,545.0,545.0
125,1,1527,1,545.0,545.0,545.0
125,1,1528,1,545.0,545.0,545.0
125,1,1529,1,545.0,545.0,545.0
125,1,1530,1,545.0,545.0,545.0
125,1,1531,1,545.0,545.0,545.0
125,1,1532,1,545.0,545.0,545.0
125,1,1533,1,545.0,545.0,545.0
125,1,1534,1,545.0,545.0,545.0
125,1,1535,1,545.0,545.0,545.0
125,1,1536,1,545.0,545.0,545.0
125,1,1537,1,545.0,545.0,545.0
125,1,1538,1,545.0,545.0,545.0
125,1,1539,1,545.0,545.0,545.0
125,1,1540,1,545.0,545.0,545.0
125,1,1541,1,545.0,545.0,545.0
125,1,1542,1,545.0,545.0,545.0
125,1,1543,1,545.0,545.0,545.0
125,1,1544,1,545.0,545.0,545.0
125,1,1545,1,545.0,545.0,545.0
125,1,1546,1,545.0,545.0,545.0
125,1,1547,1,545.0,545.0,545.0
125,1,1549,1,545.0,545.0,545.0
125,1,1550,1,545.0,545.0,545.0
125,1,1551,1,545.0,545.0,545.0
125,1,1552,1,545.0,545.0,545.0
125,1,1553,1,545.0,545.0,545.0
125,1,1554,1,545.0,545.0,545.0
125,1,1555,1,545.0,545.0,545.0
125,1,1556,1,545.0,545.0,545.0
125,1,1557,1,545.0,545.0,545.0
125,1,1558,1,545.0,545.0,545.0
125,1,1559,1,545.0,545.0,545.0
125,1,1560,1,545.0,545.0,545.0
125,1,1561,1,545.0,545.0,545.0
125,1,1562,1,545.0,545.0,545.0
125,1,1563,1,545.0,545.0,545.0
125,1,1564,1,545.0,545.0,545.0
125,1,1565,1,545.0,545.0,545.0
125,1,1574,1,545.0,545.0,545.0
125,1,1575,1,545.0,545.0,545.0
125,1,1576,1,545.0,545.0,545.0
125,1,1577,1,545.0,545.0,545.0
125,1,1578,1,545.0,545.0,545.0
125,1,1581,1,545.0,545.0,545.0
125,1,1582,1,545.0,545.0,545.0
125,1,1583,1,545.0,545.0,545.0
125,1,1636,1,545.0,545.0,545.0
125,1,2738,1,545.0,545.0,545.0
125,1,3008,1,545.0,545.0,545.0
125,1,349,1,545.0,545.0,545.0
125,1,3857,1,545.0,545.0,545.0
125,1,4568,1,545.0,545.0,545.0
125,1,458,1,545.0,545.0,545.0
448,0,106462,1,570.0,570.0,570.0
448,0,106733,1,570.0,570.0,570.0
448,0,106734,1,570.0,570.0,570.0
448,0,106735,1,570.0,570.0,570.0
448,0,106736,1,570.0,570.0,570.0
448,0,106737,1,570.0,570.0,570.0
448,0,106738,1,570.0,570.0,570.0
448,0,106739,1,570.0,570.0,570.0
448,0,106740,1,570.0,570.0,570.0
448,0,106741,1,570.0,570.0,570.0
448,0,106742,1,570.0,570.0,570.0
448,0,106743,1,570.0,570.0,570.0
448,0,114,1,570.0,570.0,570.0
448,0,115,1,570.0,570.0,570.0
448,0,116,1,570.0,570.0,570.0
448,0,117,1,570.0,570.0,570.0
448,0,118,1,570.0,570.0,570.0
448,0,119,1,570.0,570.0,570.0
448,0,120,1,570.0,570.0,570.0
448,0,121,1,570.0,570.0,570.0
448,0,126,1,570.0,570.0,570.0
448,0,127,1,570.0,570.0,570.0
448,0,129,1,570.0,570.0,570.0
448,0,130,1,570.0,570.0,570.0
448,0,131,1,570.0,570.0,570.0
448,0,158,1,570.0,570.0,570.0
448,0,159,1,570.0,570.0,570.0
448,0,160,1,570.0,570.0,570.0
448,0,161,1,570.0,570.0,570.0
448,0,162,1,570.0,570.0,570.0
448,0,163,1,570.0,570.0,570.0
448,0,164,1,570.0,570.0,570.0
448,0,1836,1,570.0,570.0,570.0
448,0,1912,1,570.0,570.0,570.0
448,0,3315,1,570.0,570.0,570.0
448,0,399,1,570.0,570.0,570.0
448,0,400,1,570.0,570.0,570.0
448,0,401,1,570.0,570.0,570.0
448,0,402,1,570.0,570.0,570.0
448,0,4537,1,570.0,570.0,570.0
448,0,4607,1,570.0,570.0,570.0
448,0,4608,1,570.0,570.0,570.0
448,0,4609,1,570.0,570.0,570.0
448,0,4610,1,570.0,570.0,570.0
448,0,4611,1,570.0,570.0,570.0
448,0,4612,1,570.0,570.0,570.0
448,0,4613,1,570.0,570.0,570.0
448,0,4614,1,570.0,570.0,570.0
448,0,4615,1,570.0,570.0,570.0
448,0,4616,1,570.0,570.0,570.0
448,0,4617,1,570.0,570.0,570.0
448,0,4618,1,570.0,570.0,570.0
448,0,4619,1,570.0,570.0,570.0
448,0,4620,1,570.0,570.0,570.0
448,0,4621,1,570.0,570.0,570.0
448,0,4622,1,570.0,570.0,570.0
448,0,4623,1,570.0,570.0,570.0
448,0,4624,1,570.0,570.0,570.0
448,0,4625,1,570.0,570.0,570.0
448,0,4687,1,570.0,570.0,570.0
448,0,4688,1,570.0,570.0,570.0
448,0,4689,1,570.0,570.0,570.0
448,0,4690,1,570.0,570.0,570.0
448,0,4692,1,570.0,570.0,570.0
448,0,4871,1,570.0,570.0,570.0
448,0,4872,1,570.0,570.0,570.0
448,0,4873,1,570.0,570.0,570.0
448,0,4874,1,570.0,570.0,570.0
448,0,4875,1,570.0,570.0,570.0
448,0,4876,1,570.0,570.0,570.0
448,0,4877,1,570.0,570.0,570.0
448,0,4878,1,570.0,570.0,570.0
448,0,4879,1,570.0,570.0,570.0
448,0,4880,1,570.0,570.0,570.0
448,0,4881,1,570.0,570.0,570.0
448,0,4882,1,570.0,570.0,570.0
448,0,4883,1,570.0,570.0,570.0
448,0,4884,1,570.0,570.0,570.0
448,0,4885,1,570.0,570.0,570.0
448,0,4886,1,570.0,570.0,570.0
448,0,4887,1,570.0,570.0,570.0
448,0,4888,1,570.0,570.0,570.0
448,0,4889,1,570.0,570.0,570.0
448,0,4890,1,570.0,570.0,570.0
448,0,4891,1,570.0,570.0,570.0
448,0,4892,1,570.0,570.0,570.0
448,0,4893,1,570.0,570.0,570.0
448,0,4894,1,570.0,570.0,570.0
448,0,4895,1,570.0,570.0,570.0
448,0,4896,1,570.0,570.0,570.0
448,0,4897,1,570.0,570.0,570.0
448,0,4898,1,570.0,570.0,570.0
448,0,4899,1,570.0,570.0,570.0
448,0,4900,1,570.0,570.0,570.0
448,0,4901,1,570.0,570.0,570.0
448,0,4902,1,570.0,570.0,570.0
448,0,4903,1,570.0,570.0,570.0
448,0,4904,1,570.0,570.0,570.0
448,0,4905,1,570.0,570.0,570.0
448,0,4906,1,570.0,570.0,570.0
448,0,4930,1,570.0,570.0,570.0
448,0,4942,1,570.0,570.0,570.0
448,0,4943,1,570.0,570.0,570.0
448,0,4944,1,570.0,570.0,570.0
448,0,4945,1,570.0,570.0,570.0
448,0,4946,1,570.0,570.0,570.0
448,0,4947,1,570.0,570.0,570.0
448,0,4948,1,570.0,570.0,570.0
448,0,4949,1,570.0,570.0,570.0
448,0,4950,1,570.0,570.0,570.0
448,0,4951,1,570.0,570.0,570.0
448,0,4952,1,570.0,570.0,570.0
448,0,790,1,570.0,570.0,570.0
448,0,791,1,570.0,570.0,570.0
448,0,792,1,570.0,570.0,570.0
448,0,793,1,570.0,570.0,570.0
448,0,794,1,570.0,570.0,570.0
713,1,1052,1,620.0,620.0,620.0
713,1,1053,1,620.0,620.0,620.0
713,1,2139,1,620.0,620.0,620.0
713,1,2185,1,620.0,620.0,620.0
713,1,2186,1,620.0,620.0,620.0
713,1,2187,1,620.0,620.0,620.0
713,1,2188,1,620.0,620.0,620.0
713,1,2189,1,620.0,620.0,620.0
713,1,2190,1,620.0,620.0,620.0
713,1,2191,1,620.0,620.0,620.0
713,1,2192,1,620.0,620.0,620.0
713,1,2193,1,620.0,620.0,620.0
713,1,2194,1,620.0,620.0,620.0
713,1,2195,1,620.0,620.0,620.0
713,1,2196,1,620.0,620.0,620.0
713,1,2197,1,620.0,620.0,620.0
713,1,2198,1,620.0,620.0,620.0
713,1,2199,1,620.0,620.0,620.0
713,1,2200,1,620.0,620.0,620.0
713,1,2201,1,620.0,620.0,620.0
713,1,2202,1,620.0,620.0,620.0
713,1,2203,1,620.0,620.0,620.0
713,1,3846,1,620.0,620.0,620.0
713,1,3847,1,620.0,620.0,620.0
713,1,3848,1,620.0,620.0,620.0
713,1,5894,1,620.0,620.0,620.0
713,1,5898,1,620.0,620.0,620.0
713,1,5902,1,620.0,620.0,620.0
713,1,5903,1,620.0,620.0,620.0
713,1,5904,1,620.0,620.0,620.0
713,1,5905,1,620.0,620.0,620.0
713,1,5906,1,620.0,620.0,620.0
713,1,5907,1,620.0,620.0,620.0
713,1,5908,1,620.0,620.0,620.0
713,1,594,1,620.0,620.0,620.0
713,1,6526,1,620.0,620.0,620.0
713,1,6527,1,620.0,620.0,620.0
713,1,6674,1,620.0,620.0,620.0
713,1,6675,1,620.0,620.0,620.0
713,1,6677,1,620.0,620.0,620.0
713,1,6678,1,620.0,620.0,620.0
713,1,6680,1,620.0,620.0,620.0
713,1,6681,1,620.0,620.0,620.0
713,1,6683,1,620.0,620.0,620.0
713,1,6684,1,620.0,620.0,620.0
713,1,6686,1,620.0,620.0,620.0
713,1,6687,1,620.0,620.0,620.0
713,1,6728,1,620.0,620.0,620.0
713,1,6729,1,620.0,620.0,620.0
713,1,6734,1,620.0,620.0,620.0
713,1,6745,1,620.0,620.0,620.0
713,1,6754,1,620.0,620.0,620.0
713,1,6755,1,620.0,620.0,620.0
713,1,6768,1,620.0,620.0,620.0
713,1,6941,1,620.0,620.0,620.0
713,1,6943,1,620.0,620.0,620.0
713,1,6944,1,620.0,620.0,620.0
713,1,6945,1,620.0,620.0,620.0
713,1,6949,1,620.0,620.0,620.0
713,1,698,1,620.0,620.0,620.0
713,1,699,1,620.0,620.0,620.0
713,1,700,1,620.0,620.0,620.0
713,1,701,1,620.0,620.0,620.0
713,1,702,1,620.0,620.0,620.0
713,1,703,1,620.0,620.0,620.0
713,1,704,1,620.0,620.0,620.0
713,1,705,1,620.0,620.0,620.0
713,1,7207,1,620.0,620.0,620.0
713,1,761,1,620.0,620.0,620.0
713,1,763,1,620.0,620.0,620.0
713,1,769,1,620.0,620.0,620.0
713,1,770,1,620.0,620.0,620.0
713,1,771,1,620.0,620.0,620.0
713,1,7735,1,620.0,620.0,620.0
713,1,861,1,620.0,620.0,620.0
713,1,994,1,620.0,620.0,620.0
713,1,995,1,620.0,620.0,620.0
424,0,10,1,640.0,640.0,640.0
424,0,102,1,640.0,640.0,640.0
424,0,103,1,640.0,640.0,640.0
424,0,105,1,640.0,640.0,640.0
424,0,106,1,640.0,640.0,640.0
424,0,1068,1,640.0,640.0,640.0
424,0,107,1,640.0,640.0,640.0
424,0,1071,1,640.0,640.0,640.0
424,0,11,1,640.0,640.0,640.0
424,0,12,1,640.0,640.0,640.0
424,0,1204,1,640.0,640.0,640.0
424,0,13,1,640.0,640.0,640.0
424,0,1319,1,640.0,640.0,640.0
424,0,1323,1,640.0,640.0,640.0
424,0,1324,1,640.0,640.0,640.0
424,0,1369,1,640.0,640.0,640.0
424,0,1370,1,640.0,640.0,640.0
424,0,1371,1,640.0,640.0,640.0
424,0,1372,1,640.0,640.0,640.0
424,0,1373,1,640.0,640.0,640.0
424,0,1374,1,640.0,640.0,640.0
424,0,1375,1,640.0,640.0,640.0
424,0,1382,1,640.0,640.0,640.0
424,0,1398,1,640.0,640.0,640.0
424,0,1399,1,640.0,640.0,640.0
424,0,14,1,640.0,640.0,640.0
424,0,15,1,640.0,640.0,640.0
424,0,16,1,640.0,640.0,640.0
424,0,1634,1,640.0,640.0,640.0
424,0,1635,1,640.0,640.0,640.0
424,0,17,1,640.0,640.0,640.0
424,0,19,1,640.0,640.0,640.0
424,0,20,1,640.0,640.0,640.0
424,0,2159,1,640.0,640.0,640.0
424,0,22,1,640.0,640.0,640.0
424,0,23,1,640.0,640.0,640.0
424,0,2332,1,640.0,640.0,640.0
424,0,2333,1,640.0,640.0,640.0
424,0,2335,1,640.0,640.0,640.0
424,0,24,1,640.0,640.0,640.0
424,0,25,1,640.0,640.0,640.0
424,0,26,1,640.0,640.0,640.0
424,0,27,1,640.0,640.0,640.0
424,0,28,1,640.0,640.0,640.0
424,0,2878,1,640.0,640.0,640.0
424,0,2879,1,640.0,640.0,640.0
424,0,29,1,640.0,640.0,640.0
424,0,30,1,640.0,640.0,640.0
424,0,31,1,640.0,640.0,640.0
424,0,32,1,640.0,640.0,640.0
424,0,33,1,640.0,640.0,640.0
424,0,34,1,640.0,640.0,640.0
424,0,35,1,640.0,640.0,640.0
424,0,3855,1,640.0,640.0,640.0
424,0,53,1,640.0,640.0,640.0
424,0,6293,1,640.0,640.0,640.0
424,0,6467,1,640.0,640.0,640.0
424,0,68,1,640.0,640.0,640.0
424,0,69,1,640.0,640.0,640.0
424,0,70,1,640.0,640.0,640.0
424,0,72,1,640.0,640.0,640.0
424,0,73,1,640.0,640.0,640.0
424,0,75,1,640.0,640.0,640.0
424,0,76,1,640.0,640.0,640.0
424,0,77,1,640.0,640.0,640.0
424,0,78,1,640.0,640.0,640.0
424,0,79,1,640.0,640.0,640.0
424,0,8,1,640.0,640.0,640.0
424,0,9,1,640.0,640.0,640.0
1146,0,106,2,645.0,195.0,1095.0
1146,0,106822,2,645.0,195.0,1095.0
1146,0,107,2,645.0,195.0,1095.0
1146,0,149,2,645.0,195.0,1095.0
1146,0,150,2,645.0,195.0,1095.0
1146,0,152,2,645.0,195.0,1095.0
1146,0,1962,2,645.0,195.0,1095.0
1146,0,1963,2,645.0,195.0,1095.0
1146,0,1967,2,645.0,195.0,1095.0
1146,0,1968,2,645.0,195.0,1095.0
1146,0,1969,2,645.0,195.0,1095.0
1146,0,1970,2,645.0,195.0,1095.0
1146,0,1971,2,645.0,195.0,1095.0
1146,0,1972,2,645.0,195.0,1095.0
1146,0,1973,2,645.0,195.0,1095.0
1146,0,1974,2,645.0,195.0,1095.0
1146,0,1975,2,645.0,195.0,1095.0
1146,0,1976,2,645.0,195.0,1095.0
1146,0,1977,2,645.0,195.0,1095.0
1146,0,1978,2,645.0,195.0,1095.0
1146,0,200,2,645.0,195.0,1095.0
1146,0,218,2,645.0,195.0,1095.0
1146,0,219,2,645.0,195.0,1095.0
1146,0,220,2,645.0,195.0,1095.0
1146,0,221,2,645.0,195.0,1095.0
1146,0,222,2,645.0,195.0,1095.0
1146,0,223,2,645.0,195.0,1095.0
1146,0,224,2,645.0,195.0,1095.0
1146,0,277,2,645.0,195.0,1095.0
1146,0,278,2,645.0,195.0,1095.0
1146,0,281,2,645.0,195.0,1095.0
1146,0,282,2,645.0,195.0,1095.0
1146,0,285,2,645.0,195.0,1095.0
1146,0,3100,2,645.0,195.0,1095.0
1146,0,3165,2,645.0,195.0,1095.0
1146,0,3166,2,645.0,195.0,1095.0
1146,0,3167,2,645.0,195.0,1095.0
1146,0,3168,2,645.0,195.0,1095.0
1146,0,3169,2,645.0,195.0,1095.0
1146,0,3170,2,645.0,195.0,1095.0
1146,0,3171,2,645.0,195.0,1095.0
1146,0,3172,2,645.0,195.0,1095.0
1146,0,325,2,645.0,195.0,1095.0
1146,0,326,2,645.0,195.0,1095.0
1146,0,343,2,645.0,195.0,1095.0
1146,0,344,2,645.0,195.0,1095.0
1146,0,4533,2,645.0,195.0,1095.0
1146,0,4542,2,645.0,195.0,1095.0
1146,0,462,2,645.0,195.0,1095.0
1146,0,5033,2,645.0,195.0,1095.0
1146,0,8202,2,645.0,195.0,1095.0
1142,0,1639,2,647.5,120.0,1175.0
1142,0,1640,2,647.5,120.0,1175.0
1142,0,1641,2,647.5,120.0,1175.0
1142,0,320,2,647.5,120.0,1175.0
1142,0,3525,2,647.5,120.0,1175.0
1142,0,409,2,647.5,120.0,1175.0
1142,0,410,2,647.5,120.0,1175.0
1142,0,411,2,647.5,120.0,1175.0
1142,0,412,2,647.5,120.0,1175.0
1142,0,413,2,647.5,120.0,1175.0
1142,0,414,2,647.5,120.0,1175.0
1142,0,415,2,647.5,120.0,1175.0
1142,0,416,2,647.5,120.0,1175.0
1142,0,418,2,647.5,120.0,1175.0
1142,0,419,2,647.5,120.0,1175.0
1142,0,454,2,647.5,120.0,1175.0
