route_id,direction_id,stop_id,average_headway_minutes
902,0,107,7.63
902,0,1780,7.63
902,0,1781,7.63
902,0,1782,7.63
902,0,1783,7.63
902,0,1784,7.63
902,0,1954,7.63
902,0,319,7.63
902,0,320,7.63
902,0,321,7.63
902,0,322,7.63
902,0,3315,7.63
902,0,404,7.63
902,0,405,7.63
902,0,406,7.63
222,1,2942,8.76
903,1,106,9.61
903,1,107,9.61
903,1,1819,9.61
903,1,1820,9.61
903,1,1821,9.61
903,1,1822,9.61
903,1,1823,9.61
903,1,1966,9.61
903,1,3315,9.61
903,1,349,9.61
903,1,403,9.61
903,1,442,9.61
903,1,443,9.61
903,1,444,9.61
472,0,30,10.4
757,1,1006,11.48
757,1,1007,11.48
757,1,1008,11.48
757,1,1010,11.48
757,1,18,11.48
757,1,19,11.48
757,1,20,11.48
757,1,24,11.48
757,1,39,11.48
757,1,40,11.48
757,1,41,11.48
757,1,42,11.48
757,1,43,11.48
757,1,44,11.48
757,1,45,11.48
757,1,46,11.48
757,1,47,11.48
757,1,48,11.48
757,1,50,11.48
757,1,51,11.48
757,1,52,11.48
757,1,53,11.48
757,1,594,11.48
757,1,595,11.48
757,1,596,11.48
757,1,597,11.48
757,1,598,11.48
757,1,599,11.48
757,1,6296,11.48
757,1,6683,11.48
757,1,6734,11.48
757,1,6949,11.48
757,1,7207,11.48
587,0,5123,11.74
587,0,5124,11.74
587,0,5125,11.74
587,0,5126,11.74
587,0,5127,11.74
587,0,5128,11.74
587,0,5129,11.74
587,0,5130,11.74
587,0,5131,11.74
587,0,6045,11.74
587,0,6046,11.74
587,0,6047,11.74
587,0,6048,11.74
587,0,6049,11.74
587,0,6050,11.74
587,0,6052,11.74
587,0,6053,11.74
587,0,6054,11.74
587,0,6055,11.74
587,0,6056,11.74
587,0,6059,11.74
587,0,6060,11.74
587,0,6061,11.74
587,0,6062,11.74
587,0,6063,11.74
587,0,6064,11.74
587,0,6065,11.74
587,0,6066,11.74
587,0,6067,11.74
587,0,6068,11.74
587,0,6069,11.74
587,0,6070,11.74
587,0,6071,11.74
587,0,6072,11.74
587,0,6073,11.74
587,0,6074,11.74
587,0,6076,11.74
587,0,6077,11.74
587,0,6080,11.74
587,0,6129,11.74
587,0,6130,11.74
587,0,7459,11.74
587,0,761,11.74
587,0,762,11.74
587,0,763,11.74
587,0,849,11.74
752,0,1010,11.92
752,0,1011,11.92
752,0,1012,11.92
752,0,1013,11.92
752,0,108,11.92
752,0,18,11.92
752,0,19,11.92
752,0,20,11.92
752,0,22,11.92
752,0,23,11.92
752,0,24,11.92
752,0,25,11.92
752,0,26,11.92
752,0,27,11.92
752,0,28,11.92
752,0,29,11.92
752,0,30,11.92
752,0,31,11.92
752,0,32,11.92
752,0,33,11.92
752,0,34,11.92
752,0,35,11.92
752,0,3855,11.92
752,0,53,11.92
752,0,594,11.92
752,0,595,11.92
752,0,596,11.92
752,0,597,11.92
752,0,598,11.92
752,0,599,11.92
752,0,6467,11.92
752,0,6687,11.92
752,0,6734,11.92
752,0,6765,11.92
752,0,6949,11.92
262,1,1423,11.94
262,1,1426,11.94
262,1,1567,11.94
262,1,1570,11.94
262,1,1571,11.94
262,1,1577,11.94
262,1,1582,11.94
262,1,1583,11.94
262,1,1702,11.94
262,1,1704,11.94
262,1,2167,11.94
262,1,2168,11.94
262,1,2169,11.94
262,1,2170,11.94
262,1,2171,11.94
262,1,2173,11.94
262,1,2174,11.94
262,1,2175,11.94
262,1,2176,11.94
262,1,2177,11.94
262,1,3037,11.94
262,1,3038,11.94
262,1,3042,11.94
262,1,3045,11.94
262,1,419,11.94
262,1,426,11.94
262,1,427,11.94
262,1,428,11.94
262,1,429,11.94
262,1,430,11.94
262,1,431,11.94
262,1,432,11.94
262,1,433,11.94
262,1,435,11.94
262,1,4568,11.94
588,1,5123,12.07
588,1,5124,12.07
588,1,5125,12.07
588,1,5127,12.07
588,1,5128,12.07
588,1,5129,12.07
588,1,5151,12.07
588,1,5152,12.07
588,1,5172,12.07
588,1,6052,12.07
588,1,6054,12.07
588,1,6055,12.07
588,1,6061,12.07
588,1,6069,12.07
588,1,6076,12.07
588,1,6078,12.07
588,1,6080,12.07
588,1,6081,12.07
588,1,6082,12.07
588,1,6083,12.07
588,1,6084,12.07
588,1,6085,12.07
588,1,6086,12.07
588,1,6087,12.07
588,1,6088,12.07
588,1,6089,12.07
588,1,6090,12.07
588,1,6091,12.07
588,1,6092,12.07
588,1,6093,12.07
588,1,6094,12.07
588,1,6098,12.07
588,1,6099,12.07
588,1,6100,12.07
588,1,6101,12.07
588,1,6102,12.07
588,1,6103,12.07
588,1,6104,12.07
588,1,6105,12.07
588,1,6106,12.07
588,1,6159,12.07
588,1,6160,12.07
588,1,6516,12.07
588,1,761,12.07
588,1,763,12.07
588,1,771,12.07
708,0,5123,12.13
708,0,5124,12.13
708,0,5125,12.13
708,0,5126,12.13
708,0,5127,12.13
708,0,5128,12.13
708,0,5129,12.13
708,0,5130,12.13
708,0,5131,12.13
708,0,6038,12.13
708,0,6045,12.13
708,0,6046,12.13
708,0,6047,12.13
708,0,6048,12.13
708,0,6049,12.13
708,0,6050,12.13
708,0,6052,12.13
708,0,6209,12.13
708,0,6210,12.13
708,0,6212,12.13
708,0,6213,12.13
708,0,6214,12.13
708,0,6215,12.13
708,0,6216,12.13
708,0,6260,12.13
708,0,6950,12.13
708,0,7304,12.13
708,0,7445,12.13
708,0,7459,12.13
635,0,10,12.2
635,0,106813,12.2
635,0,106834,12.2
635,0,1071,12.2
635,0,11,12.2
635,0,12,12.2
635,0,13,12.2
635,0,14,12.2
635,0,15,12.2
635,0,2104,12.2
635,0,599,12.2
635,0,6424,12.2
635,0,6470,12.2
635,0,6471,12.2
635,0,6472,12.2
635,0,6473,12.2
635,0,6474,12.2
635,0,6475,12.2
635,0,6476,12.2
635,0,6477,12.2
635,0,68,12.2
635,0,69,12.2
635,0,70,12.2
635,0,71,12.2
635,0,72,12.2
635,0,73,12.2
635,0,75,12.2
635,0,7589,12.2
635,0,76,12.2
635,0,77,12.2
635,0,78,12.2
635,0,79,12.2
635,0,8,12.2
635,0,862,12.2
635,0,865,12.2
635,0,888,12.2
635,0,9,12.2
635,0,931,12.2
635,0,932,12.2
635,0,934,12.2
635,0,935,12.2
635,0,936,12.2
635,0,937,12.2
635,0,938,12.2
512,0,1702,12.24
512,0,1796,12.24
512,0,1797,12.24
512,0,1798,12.24
512,0,1799,12.24
512,0,1800,12.24
512,0,1801,12.24
512,0,1802,12.24
512,0,3087,12.24
512,0,3088,12.24
512,0,3089,12.24
512,0,3090,12.24
512,0,3092,12.24
512,0,3113,12.24
512,0,3114,12.24
512,0,3115,12.24
512,0,3249,12.24
512,0,3250,12.24
512,0,3251,12.24
512,0,3252,12.24
512,0,3273,12.24
512,0,3274,12.24
512,0,3276,12.24
512,0,3530,12.24
512,0,3531,12.24
512,0,3532,12.24
512,0,412,12.24
512,0,413,12.24
512,0,414,12.24
512,0,415,12.24
512,0,416,12.24
512,0,419,12.24
512,0,433,12.24
512,0,454,12.24
512,0,5378,12.24
512,0,5379,12.24
512,0,5380,12.24
1064,0,3621,12.28
1064,0,419,12.28
1064,0,420,12.28
1064,0,421,12.28
1064,0,422,12.28
1064,0,423,12.28
1064,0,424,12.28
1064,0,427,12.28
1064,0,8691,12.28
1064,0,8692,12.28
1064,0,8693,12.28
1064,0,8694,12.28
1064,0,8695,12.28
1064,0,8696,12.28
1064,0,8697,12.28
1064,0,8698,12.28
513,1,1800,12.3
513,1,1803,12.3
513,1,1804,12.3
513,1,1805,12.3
513,1,1806,12.3
513,1,1807,12.3
513,1,1808,12.3
513,1,3089,12.3
513,1,3103,12.3
513,1,3105,12.3
513,1,3107,12.3
513,1,3108,12.3
513,1,3115,12.3
513,1,3117,12.3
513,1,3118,12.3
513,1,3236,12.3
513,1,3240,12.3
513,1,3241,12.3
513,1,3242,12.3
513,1,3278,12.3
513,1,3279,12.3
513,1,3578,12.3
513,1,3579,12.3
513,1,3580,12.3
513,1,413,12.3
513,1,415,12.3
513,1,419,12.3
513,1,435,12.3
513,1,436,12.3
513,1,437,12.3
513,1,438,12.3
513,1,466,12.3
513,1,5379,12.3
513,1,5381,12.3
513,1,5382,12.3
513,1,5383,12.3
709,1,5123,12.39
709,1,5124,12.39
709,1,5125,12.39
709,1,5127,12.39
709,1,5128,12.39
709,1,5129,12.39
709,1,5151,12.39
709,1,5152,12.39
709,1,5172,12.39
709,1,6038,12.39
709,1,6052,12.39
709,1,6100,12.39
709,1,6101,12.39
709,1,6102,12.39
709,1,6103,12.39
709,1,6104,12.39
709,1,6105,12.39
709,1,6106,12.39
709,1,6217,12.39
709,1,6218,12.39
709,1,6220,12.39
709,1,6222,12.39
709,1,6223,12.39
709,1,6224,12.39
709,1,6263,12.39
709,1,6951,12.39
709,1,7308,12.39
709,1,7452,12.39
709,1,7454,12.39
1065,1,3631,12.44
1065,1,419,12.44
1065,1,427,12.44
1065,1,428,12.44
1065,1,429,12.44
1065,1,430,12.44
1065,1,431,12.44
1065,1,432,12.44
1065,1,8691,12.44
1065,1,8693,12.44
1065,1,8699,12.44
1065,1,8700,12.44
1065,1,8701,12.44
1065,1,8702,12.44
1065,1,8703,12.44
1065,1,8704,12.44
763,1,2185,12.59
763,1,2186,12.59
763,1,2187,12.59
763,1,2188,12.59
763,1,2189,12.59
763,1,2190,12.59
763,1,2191,12.59
763,1,6543,12.59
763,1,698,12.59
763,1,699,12.59
763,1,700,12.59
763,1,701,12.59
763,1,702,12.59
763,1,703,12.59
763,1,704,12.59
763,1,761,12.59
763,1,763,12.59
763,1,769,12.59
763,1,770,12.59
763,1,771,12.59
763,1,861,12.59
636,1,100,12.62
636,1,101,12.62
636,1,106484,12.62
636,1,15,12.62
636,1,2115,12.62
636,1,57,12.62
636,1,58,12.62
636,1,59,12.62
636,1,598,12.62
636,1,599,12.62
636,1,6,12.62
636,1,60,12.62
636,1,61,12.62
636,1,62,12.62
636,1,6424,12.62
636,1,6470,12.62
636,1,6471,12.62
636,1,6474,12.62
636,1,6476,12.62
636,1,6477,12.62
636,1,6478,12.62
636,1,6479,12.62
636,1,6480,12.62
636,1,6481,12.62
636,1,6482,12.62
636,1,7,12.62
636,1,7088,12.62
636,1,7587,12.62
636,1,863,12.62
636,1,887,12.62
636,1,889,12.62
636,1,91,12.62
636,1,92,12.62
636,1,93,12.62
636,1,937,12.62
636,1,938,12.62
636,1,94,12.62
636,1,95,12.62
636,1,96,12.62
636,1,960,12.62
636,1,961,12.62
636,1,962,12.62
636,1,97,12.62
636,1,98,12.62
636,1,99,12.62
1066,0,1749,12.89
1066,0,1750,12.89
1066,0,1751,12.89
1066,0,1752,12.89
1066,0,2521,12.89
1066,0,2522,12.89
1066,0,3476,12.89
1066,0,3477,12.89
1066,0,3478,12.89
1066,0,3479,12.89
1066,0,3480,12.89
1066,0,3481,12.89
1066,0,3482,12.89
1066,0,3483,12.89
1066,0,3816,12.89
571,0,1026,13.13
571,0,1027,13.13
571,0,1030,13.13
571,0,1047,13.13
571,0,1742,13.13
571,0,2132,13.13
571,0,2133,13.13
571,0,2134,13.13
571,0,2135,13.13
571,0,2137,13.13
571,0,2138,13.13
571,0,2139,13.13
571,0,2140,13.13
571,0,2141,13.13
571,0,2192,13.13
571,0,5797,13.13
571,0,5798,13.13
571,0,5886,13.13
571,0,5887,13.13
571,0,5888,13.13
571,0,5889,13.13
571,0,5890,13.13
571,0,5891,13.13
571,0,5892,13.13
571,0,5894,13.13
571,0,5898,13.13
571,0,6530,13.13
571,0,7320,13.13
571,0,7909,13.13
571,0,7910,13.13
571,0,7912,13.13
571,0,992,13.13
571,0,993,13.13
572,1,2139,13.13
572,1,2192,13.13
572,1,2193,13.13
572,1,2195,13.13
572,1,2196,13.13
572,1,2197,13.13
572,1,2198,13.13
572,1,2199,13.13
572,1,2200,13.13
572,1,2201,13.13
572,1,2202,13.13
572,1,2203,13.13
572,1,5899,13.13
572,1,5900,13.13
572,1,5901,13.13
572,1,5902,13.13
572,1,5903,13.13
572,1,5904,13.13
572,1,5905,13.13
572,1,5906,13.13
572,1,5907,13.13
572,1,5908,13.13
572,1,991,13.13
572,1,992,13.13
572,1,993,13.13
804,0,1015,13.25
804,0,1025,13.25
804,0,1043,13.25
804,0,1044,13.25
804,0,1045,13.25
804,0,1071,13.25
804,0,3842,13.25
804,0,3844,13.25
804,0,5844,13.25
804,0,586,13.25
804,0,587,13.25
804,0,588,13.25
804,0,5894,13.25
804,0,5898,13.25
804,0,590,13.25
804,0,591,13.25
804,0,592,13.25
804,0,593,13.25
804,0,5991,13.25
804,0,5992,13.25
804,0,5993,13.25
804,0,5994,13.25
804,0,6014,13.25
804,0,6015,13.25
804,0,607,13.25
804,0,608,13.25
804,0,6307,13.25
804,0,6530,13.25
804,0,69,13.25
804,0,6941,13.25
804,0,70,13.25
804,0,71,13.25
804,0,72,13.25
804,0,73,13.25
804,0,75,13.25
804,0,76,13.25
804,0,7627,13.25
804,0,77,13.25
804,0,7734,13.25
804,0,7736,13.25
804,0,78,13.25
804,0,79,13.25
804,0,7909,13.25
804,0,7910,13.25
804,0,7912,13.25
804,0,7915,13.25
804,0,8,13.25
142,0,1233,13.53
142,0,1235,13.53
142,0,1236,13.53
142,0,1237,13.53
142,0,1238,13.53
142,0,1239,13.53
142,0,1240,13.53
142,0,1241,13.53
142,0,1242,13.53
142,0,1249,13.53
142,0,1251,13.53
142,0,1266,13.53
142,0,129,13.53
142,0,213,13.53
142,0,274,13.53
142,0,327,13.53
142,0,3315,13.53
142,0,3354,13.53
142,0,3830,13.53
142,0,385,13.53
142,0,387,13.53
142,0,388,13.53
142,0,391,13.53
142,0,788,13.53
142,0,789,13.53
1067,1,1749,13.64
1067,1,1751,13.64
1067,1,1767,13.64
1067,1,2573,13.64
1067,1,2574,13.64
1067,1,3484,13.64
1067,1,3485,13.64
1067,1,3486,13.64
1067,1,3487,13.64
1067,1,3488,13.64
1067,1,3489,13.64
1067,1,3490,13.64
1067,1,3491,13.64
1067,1,3755,13.64
1067,1,3819,13.64
13,1,114,13.69
13,1,115,13.69
13,1,116,13.69
13,1,117,13.69
13,1,118,13.69
13,1,119,13.69
13,1,120,13.69
13,1,121,13.69
13,1,124,13.69
13,1,125,13.69
13,1,1275,13.69
13,1,1276,13.69
13,1,1277,13.69
13,1,130,13.69
13,1,131,13.69
13,1,133,13.69
13,1,134,13.69
13,1,135,13.69
13,1,138,13.69
13,1,139,13.69
13,1,141,13.69
13,1,142,13.69
13,1,144,13.69
13,1,146,13.69
13,1,147,13.69
13,1,158,13.69
13,1,159,13.69
13,1,161,13.69
13,1,162,13.69
13,1,163,13.69
13,1,164,13.69
13,1,172,13.69
13,1,4509,13.69
13,1,4536,13.69
13,1,4537,13.69
666,0,1033,13.73
666,0,2192,13.73
666,0,5797,13.73
666,0,5803,13.73
666,0,5805,13.73
666,0,5822,13.73
666,0,6163,13.73
666,0,6164,13.73
666,0,6290,13.73
666,0,6444,13.73
666,0,6445,13.73
666,0,6446,13.73
666,0,6447,13.73
666,0,6448,13.73
666,0,6449,13.73
666,0,6450,13.73
666,0,6483,13.73
666,0,6657,13.73
666,0,6658,13.73
666,0,6659,13.73
666,0,6660,13.73
666,0,695,13.73
666,0,7273,13.73
666,0,865,13.73
666,0,868,13.73
666,0,869,13.73
666,0,870,13.73
666,0,873,13.73
666,0,874,13.73
666,0,875,13.73
666,0,876,13.73
666,0,877,13.73
666,0,883,13.73
666,0,884,13.73
666,0,934,13.73
666,0,986,13.73
10,0,122,13.86
10,0,123,13.86
10,0,124,13.86
10,0,125,13.86
10,0,126,13.86
10,0,1266,13.86
10,0,1267,13.86
10,0,1268,13.86
10,0,1269,13.86
10,0,1270,13.86
10,0,1271,13.86
10,0,129,13.86
10,0,132,13.86
10,0,136,13.86
10,0,137,13.86
10,0,141,13.86
10,0,149,13.86
10,0,150,13.86
10,0,152,13.86
10,0,153,13.86
10,0,160,13.86
10,0,165,13.86
10,0,166,13.86
10,0,167,13.86
10,0,168,13.86
10,0,169,13.86
10,0,170,13.86
10,0,171,13.86
10,0,3315,13.86
10,0,3830,13.86
10,0,4533,13.86
10,0,4541,13.86
10,0,4542,13.86
10,0,8061,13.86
10,0,8501,13.86
667,1,2192,13.86
667,1,2193,13.86
667,1,2194,13.86
667,1,5812,13.86
667,1,5823,13.86
667,1,5824,13.86
667,1,6289,13.86
667,1,6299,13.86
667,1,6300,13.86
667,1,6320,13.86
667,1,6452,13.86
667,1,6453,13.86
667,1,6454,13.86
667,1,6455,13.86
667,1,6456,13.86
667,1,6669,13.86
667,1,6671,13.86
667,1,6672,13.86
667,1,6673,13.86
667,1,695,13.86
667,1,7732,13.86
667,1,867,13.86
667,1,879,13.86
667,1,880,13.86
667,1,881,13.86
667,1,882,13.86
667,1,884,13.86
667,1,885,13.86
667,1,887,13.86
667,1,962,13.86
667,1,981,13.86
667,1,982,13.86
667,1,983,13.86
667,1,984,13.86
667,1,985,13.86
557,0,129,13.87
557,0,130,13.87
557,0,131,13.87
557,0,132,13.87
557,0,133,13.87
557,0,134,13.87
557,0,135,13.87
557,0,136,13.87
557,0,137,13.87
557,0,138,13.87
557,0,139,13.87
557,0,140,13.87
557,0,1702,13.87
557,0,1749,13.87
557,0,1750,13.87
557,0,1751,13.87
557,0,1752,13.87
557,0,1753,13.87
557,0,1754,13.87
557,0,1756,13.87
557,0,1757,13.87
557,0,1758,13.87
557,0,3315,13.87
557,0,3758,13.87
557,0,404,13.87
557,0,405,13.87
557,0,406,13.87
557,0,407,13.87
557,0,408,13.87
557,0,409,13.87
557,0,410,13.87
557,0,411,13.87
557,0,412,13.87
557,0,413,13.87
557,0,414,13.87
557,0,415,13.87
557,0,416,13.87
557,0,433,13.87
557,0,454,13.87
464,0,106815,13.9
464,0,106816,13.9
464,0,129,13.9
464,0,130,13.9
464,0,1303,13.9
464,0,1304,13.9
464,0,1305,13.9
464,0,1306,13.9
464,0,1307,13.9
464,0,1308,13.9
464,0,1309,13.9
464,0,131,13.9
464,0,1310,13.9
464,0,1311,13.9
464,0,1312,13.9
464,0,1313,13.9
464,0,1314,13.9
464,0,1315,13.9
464,0,1316,13.9
464,0,1317,13.9
464,0,1318,13.9
464,0,132,13.9
464,0,1322,13.9
464,0,133,13.9
464,0,134,13.9
464,0,135,13.9
464,0,136,13.9
464,0,137,13.9
464,0,1376,13.9
464,0,138,13.9
464,0,139,13.9
464,0,140,13.9
464,0,1780,13.9
464,0,1781,13.9
464,0,1782,13.9
464,0,1783,13.9
464,0,1784,13.9
464,0,1954,13.9
464,0,319,13.9
464,0,320,13.9
464,0,321,13.9
464,0,322,13.9
464,0,3315,13.9
464,0,404,13.9
464,0,405,13.9
464,0,406,13.9
179,1,1327,14.17
179,1,1328,14.17
179,1,1329,14.17
179,1,1330,14.17
179,1,1331,14.17
179,1,1332,14.17
179,1,1371,14.17
179,1,1372,14.17
179,1,1382,14.17
179,1,1383,14.17
179,1,1398,14.17
179,1,1399,14.17
179,1,1575,14.17
179,1,1635,14.17
179,1,1702,14.17
179,1,1704,14.17
179,1,1746,14.17
179,1,2139,14.17
179,1,2167,14.17
179,1,2168,14.17
179,1,2169,14.17
179,1,2170,14.17
179,1,2171,14.17
179,1,2173,14.17
179,1,2174,14.17
179,1,2175,14.17
179,1,2176,14.17
179,1,2177,14.17
179,1,2178,14.17
179,1,2179,14.17
179,1,2180,14.17
179,1,2181,14.17
179,1,2182,14.17
179,1,2183,14.17
179,1,2184,14.17
179,1,2185,14.17
179,1,2186,14.17
179,1,2187,14.17
179,1,2188,14.17
179,1,2189,14.17
179,1,2190,14.17
179,1,2191,14.17
179,1,2192,14.17
179,1,2193,14.17
179,1,2194,14.17
179,1,2195,14.17
179,1,2196,14.17
179,1,2197,14.17
179,1,2198,14.17
179,1,2199,14.17
179,1,2200,14.17
179,1,2201,14.17
179,1,2202,14.17
179,1,2203,14.17
179,1,2204,14.17
179,1,2205,14.17
179,1,2206,14.17
179,1,2207,14.17
179,1,2208,14.17
179,1,2209,14.17
179,1,2210,14.17
179,1,2892,14.17
179,1,3037,14.17
179,1,3038,14.17
179,1,419,14.17
179,1,433,14.17
179,1,435,14.17
179,1,6260,14.17
179,1,6347,14.17
179,1,705,14.17
179,1,7302,14.17
179,1,7305,14.17
179,1,7308,14.17
179,1,7309,14.17
179,1,748,14.17
179,1,749,14.17
179,1,750,14.17
179,1,751,14.17
179,1,752,14.17
179,1,753,14.17
179,1,754,14.17
179,1,755,14.17
179,1,756,14.17
179,1,757,14.17
179,1,758,14.17
179,1,759,14.17
179,1,861,14.17
807,1,100,14.17
807,1,1041,14.17
807,1,1056,14.17
807,1,1743,14.17
807,1,1744,14.17
807,1,1746,14.17
807,1,3846,14.17
807,1,3847,14.17
807,1,3848,14.17
807,1,589,14.17
807,1,5892,14.17
807,1,5894,14.17
807,1,6,14.17
807,1,600,14.17
807,1,601,14.17
807,1,6014,14.17
807,1,603,14.17
807,1,604,14.17
807,1,605,14.17
807,1,606,14.17
807,1,607,14.17
807,1,608,14.17
807,1,62,14.17
807,1,6307,14.17
807,1,6414,14.17
807,1,6527,14.17
807,1,6531,14.17
807,1,6941,14.17
807,1,6943,14.17
807,1,6944,14.17
807,1,6945,14.17
807,1,7,14.17
807,1,7627,14.17
807,1,7735,14.17
807,1,7763,14.17
807,1,7920,14.17
807,1,91,14.17
807,1,92,14.17
807,1,93,14.17
807,1,94,14.17
807,1,95,14.17
807,1,96,14.17
807,1,97,14.17
807,1,98,14.17
807,1,99,14.17
807,1,994,14.17
807,1,995,14.17
73,1,304,14.23
73,1,40,14.23
73,1,7088,14.23
73,1,734,14.23
73,1,735,14.23
73,1,736,14.23
73,1,737,14.23
73,1,738,14.23
73,1,739,14.23
73,1,863,14.23
73,1,887,14.23
73,1,888,14.23
73,1,889,14.23
73,1,937,14.23
73,1,938,14.23
73,1,949,14.23
73,1,950,14.23
73,1,951,14.23
73,1,952,14.23
73,1,953,14.23
73,1,954,14.23
73,1,955,14.23
73,1,956,14.23
73,1,957,14.23
73,1,958,14.23
73,1,959,14.23
73,1,960,14.23
73,1,961,14.23
73,1,962,14.23
560,1,1277,14.24
560,1,130,14.24
560,1,131,14.24
560,1,133,14.24
560,1,134,14.24
560,1,135,14.24
560,1,136,14.24
560,1,137,14.24
560,1,138,14.24
560,1,139,14.24
560,1,141,14.24
560,1,142,14.24
560,1,172,14.24
560,1,1749,14.24
560,1,1751,14.24
560,1,1758,14.24
560,1,1760,14.24
560,1,1761,14.24
560,1,1762,14.24
560,1,1763,14.24
560,1,1764,14.24
560,1,1767,14.24
560,1,3755,14.24
560,1,403,14.24
560,1,408,14.24
560,1,409,14.24
560,1,413,14.24
560,1,415,14.24
560,1,435,14.24
560,1,436,14.24
560,1,437,14.24
560,1,438,14.24
560,1,439,14.24
560,1,440,14.24
560,1,441,14.24
560,1,442,14.24
560,1,443,14.24
560,1,444,14.24
560,1,466,14.24
221,0,102,14.37
221,0,103,14.37
221,0,105,14.37
221,0,106815,14.37
221,0,106816,14.37
221,0,1204,14.37
221,0,1322,14.37
221,0,1369,14.37
221,0,1370,14.37
221,0,1371,14.37
221,0,1372,14.37
221,0,1373,14.37
221,0,1374,14.37
221,0,1375,14.37
221,0,1376,14.37
221,0,1398,14.37
221,0,1399,14.37
221,0,1417,14.37
221,0,1423,14.37
221,0,1426,14.37
221,0,1567,14.37
221,0,1568,14.37
221,0,1570,14.37
221,0,1571,14.37
221,0,1582,14.37
221,0,1632,14.37
221,0,1634,14.37
221,0,1635,14.37
221,0,2052,14.37
221,0,2053,14.37
221,0,2054,14.37
221,0,2055,14.37
221,0,2056,14.37
221,0,2057,14.37
221,0,2058,14.37
221,0,2059,14.37
221,0,2060,14.37
221,0,2061,14.37
221,0,2063,14.37
221,0,2386,14.37
221,0,2433,14.37
221,0,2434,14.37
221,0,2435,14.37
221,0,2436,14.37
221,0,2437,14.37
221,0,2438,14.37
221,0,2439,14.37
221,0,2440,14.37
221,0,2441,14.37
221,0,2442,14.37
221,0,2443,14.37
221,0,2444,14.37
221,0,2498,14.37
221,0,2500,14.37
221,0,2501,14.37
221,0,2502,14.37
221,0,2503,14.37
221,0,2504,14.37
221,0,2505,14.37
221,0,2506,14.37
221,0,2941,14.37
221,0,2942,14.37
221,0,3045,14.37
221,0,319,14.37
221,0,320,14.37
221,0,321,14.37
221,0,3372,14.37
418,0,30,14.4
72,0,106482,14.43
72,0,106483,14.43
72,0,1660,14.43
72,0,264,14.43
72,0,35,14.43
72,0,3855,14.43
72,0,6467,14.43
72,0,6478,14.43
72,0,6974,14.43
72,0,6975,14.43
72,0,728,14.43
72,0,729,14.43
72,0,730,14.43
72,0,731,14.43
72,0,732,14.43
72,0,862,14.43
72,0,865,14.43
72,0,934,14.43
72,0,935,14.43
72,0,936,14.43
72,0,939,14.43
72,0,941,14.43
72,0,942,14.43
72,0,943,14.43
72,0,944,14.43
72,0,945,14.43
72,0,946,14.43
72,0,947,14.43
72,0,948,14.43
72,0,949,14.43
259,0,1387,14.64
259,0,1422,14.64
259,0,1423,14.64
259,0,1447,14.64
259,0,1566,14.64
259,0,1568,14.64
259,0,1576,14.64
259,0,1578,14.64
259,0,1581,14.64
259,0,1632,14.64
259,0,2157,14.64
259,0,2158,14.64
259,0,2159,14.64
259,0,2160,14.64
259,0,2162,14.64
259,0,2163,14.64
259,0,2164,14.64
259,0,2165,14.64
259,0,2166,14.64
259,0,2738,14.64
259,0,3012,14.64
259,0,3017,14.64
259,0,3018,14.64
259,0,3024,14.64
259,0,418,14.64
259,0,420,14.64
259,0,421,14.64
259,0,422,14.64
259,0,423,14.64
259,0,424,14.64
259,0,426,14.64
259,0,427,14.64
259,0,4387,14.64
259,0,454,14.64
762,0,2142,14.66
762,0,2143,14.66
762,0,2144,14.66
762,0,2145,14.66
762,0,2146,14.66
762,0,2147,14.66
762,0,2148,14.66
762,0,2149,14.66
762,0,6542,14.66
762,0,698,14.66
762,0,699,14.66
762,0,700,14.66
762,0,701,14.66
762,0,702,14.66
762,0,703,14.66
762,0,704,14.66
762,0,761,14.66
762,0,762,14.66
762,0,763,14.66
762,0,764,14.66
762,0,765,14.66
540,0,126,14.77
540,0,127,14.77
540,0,129,14.77
540,0,130,14.77
540,0,131,14.77
540,0,132,14.77
540,0,133,14.77
540,0,134,14.77
540,0,135,14.77
540,0,136,14.77
540,0,137,14.77
540,0,138,14.77
540,0,139,14.77
540,0,140,14.77
540,0,145,14.77
540,0,215,14.77
540,0,216,14.77
540,0,217,14.77
540,0,264,14.77
540,0,3315,14.77
540,0,35,14.77
540,0,379,14.77
540,0,380,14.77
540,0,3855,14.77
540,0,399,14.77
540,0,400,14.77
540,0,401,14.77
540,0,5424,14.77
540,0,728,14.77
540,0,729,14.77
540,0,730,14.77
540,0,731,14.77
540,0,732,14.77
540,0,862,14.77
540,0,865,14.77
540,0,931,14.77
540,0,932,14.77
540,0,933,14.77
540,0,934,14.77
540,0,935,14.77
540,0,936,14.77
540,0,937,14.77
540,0,938,14.77
540,0,939,14.77
540,0,940,14.77
540,0,941,14.77
540,0,942,14.77
540,0,943,14.77
540,0,944,14.77
540,0,945,14.77
540,0,946,14.77
540,0,947,14.77
540,0,948,14.77
1041,1,106,14.8
1041,1,107,14.8
1041,1,1204,14.8
1041,1,1318,14.8
1041,1,1323,14.8
1041,1,1324,14.8
1041,1,1325,14.8
1041,1,1370,14.8
1041,1,1378,14.8
1041,1,1379,14.8
1041,1,1380,14.8
1041,1,1381,14.8
1041,1,1382,14.8
1041,1,1383,14.8
1041,1,1400,14.8
1041,1,1401,14.8
1041,1,1422,14.8
1041,1,149,14.8
1041,1,150,14.8
1041,1,151,14.8
1041,1,152,14.8
1041,1,1574,14.8
1041,1,1575,14.8
1041,1,1576,14.8
1041,1,1577,14.8
1041,1,1578,14.8
1041,1,1581,14.8
1041,1,1582,14.8
1041,1,1583,14.8
1041,1,218,14.8
1041,1,219,14.8
1041,1,220,14.8
1041,1,221,14.8
1041,1,222,14.8
1041,1,223,14.8
1041,1,224,14.8
1041,1,225,14.8
1041,1,2738,14.8
1041,1,283,14.8
1041,1,284,14.8
1041,1,287,14.8
1041,1,288,14.8
1041,1,289,14.8
1041,1,290,14.8
1041,1,291,14.8
1041,1,292,14.8
1041,1,293,14.8
1041,1,294,14.8
1041,1,3008,14.8
1041,1,3179,14.8
1041,1,349,14.8
1041,1,3855,14.8
1041,1,3857,14.8
1041,1,4533,14.8
1041,1,4568,14.8
1041,1,458,14.8
1041,1,8605,14.8
746,0,6883,15.29
746,0,6952,15.29
746,0,6956,15.29
746,0,6957,15.29
746,0,6958,15.29
746,0,6977,15.29
746,0,6979,15.29
746,0,6980,15.29
746,0,7047,15.29
746,0,7188,15.29
746,0,7189,15.29
746,0,7190,15.29
746,0,7191,15.29
746,0,7192,15.29
746,0,7193,15.29
746,0,7194,15.29
746,0,7195,15.29
746,0,7196,15.29
746,0,7197,15.29
746,0,7198,15.29
746,0,7199,15.29
746,0,7200,15.29
746,0,7201,15.29
746,0,7202,15.29
746,0,835,15.29
746,0,836,15.29
746,0,837,15.29
746,0,838,15.29
746,0,839,15.29
746,0,840,15.29
746,0,841,15.29
746,0,842,15.29
746,0,843,15.29
746,0,844,15.29
746,0,845,15.29
746,0,846,15.29
746,0,847,15.29
746,0,848,15.29
746,0,849,15.29
746,0,850,15.29
746,0,851,15.29
746,0,852,15.29
746,0,853,15.29
746,0,854,15.29
746,0,855,15.29
746,0,856,15.29
746,0,857,15.29
746,0,858,15.29
746,0,859,15.29
746,0,860,15.29
850,0,1025,15.42
850,0,1027,15.42
850,0,1028,15.42
850,0,1029,15.42
850,0,1041,15.42
850,0,1043,15.42
850,0,1044,15.42
850,0,1045,15.42
850,0,1047,15.42
850,0,1048,15.42
850,0,1079,15.42
850,0,1255,15.42
850,0,141,15.42
850,0,1742,15.42
850,0,1863,15.42
850,0,1944,15.42
850,0,3842,15.42
850,0,3844,15.42
850,0,4425,15.42
850,0,4426,15.42
850,0,4427,15.42
850,0,4428,15.42
850,0,4761,15.42
850,0,4811,15.42
850,0,4812,15.42
850,0,4813,15.42
850,0,4815,15.42
850,0,4816,15.42
850,0,4817,15.42
850,0,4818,15.42
850,0,4819,15.42
850,0,4820,15.42
850,0,4821,15.42
850,0,4822,15.42
850,0,4825,15.42
850,0,4827,15.42
850,0,4828,15.42
850,0,4829,15.42
850,0,4830,15.42
850,0,4831,15.42
850,0,5844,15.42
850,0,590,15.42
850,0,591,15.42
850,0,592,15.42
850,0,593,15.42
850,0,6307,15.42
850,0,7736,15.42
850,0,7763,15.42
850,0,7783,15.42
850,0,7784,15.42
850,0,7787,15.42
850,0,7788,15.42
850,0,7915,15.42
850,0,7933,15.42
850,0,7936,15.42
850,0,7937,15.42
850,0,80,15.42
850,0,81,15.42
850,0,82,15.42
850,0,9279,15.42
850,0,995,15.42
544,0,1319,15.52
544,0,1320,15.52
544,0,1322,15.52
544,0,1376,15.52
544,0,1639,15.52
544,0,1640,15.52
544,0,1641,15.52
544,0,2107,15.52
544,0,2109,15.52
544,0,2110,15.52
544,0,2229,15.52
544,0,319,15.52
544,0,320,15.52
544,0,3315,15.52
544,0,404,15.52
544,0,405,15.52
544,0,406,15.52
544,0,407,15.52
544,0,408,15.52
544,0,409,15.52
544,0,698,15.52
544,0,699,15.52
544,0,700,15.52
544,0,701,15.52
544,0,702,15.52
544,0,703,15.52
544,0,704,15.52
544,0,705,15.52
544,0,706,15.52
544,0,707,15.52
544,0,708,15.52
544,0,709,15.52
544,0,710,15.52
544,0,711,15.52
544,0,712,15.52
544,0,713,15.52
544,0,714,15.52
544,0,715,15.52
544,0,716,15.52
544,0,717,15.52
544,0,718,15.52
544,0,719,15.52
544,0,720,15.52
544,0,721,15.52
544,0,722,15.52
544,0,761,15.52
544,0,762,15.52
544,0,763,15.52
544,0,764,15.52
544,0,765,15.52
656,0,6076,15.61
60,0,2226,15.78
60,0,35,15.78
60,0,3855,15.78
60,0,4527,15.78
60,0,4532,15.78
60,0,6467,15.78
60,0,699,15.78
60,0,700,15.78
60,0,701,15.78
60,0,702,15.78
60,0,703,15.78
60,0,704,15.78
60,0,706,15.78
60,0,707,15.78
60,0,708,15.78
60,0,709,15.78
60,0,710,15.78
60,0,711,15.78
60,0,712,15.78
60,0,713,15.78
60,0,714,15.78
60,0,715,15.78
60,0,716,15.78
60,0,717,15.78
60,0,718,15.78
60,0,719,15.78
60,0,720,15.78
60,0,721,15.78
60,0,722,15.78
60,0,723,15.78
60,0,726,15.78
60,0,727,15.78
60,0,729,15.78
60,0,730,15.78
60,0,731,15.78
60,0,732,15.78
60,0,733,15.78
60,0,741,15.78
60,0,761,15.78
60,0,762,15.78
60,0,763,15.78
60,0,764,15.78
60,0,765,15.78
60,0,766,15.78
738,0,105,15.81
738,0,106,15.81
738,0,1204,15.81
738,0,1637,15.81
738,0,1638,15.81
738,0,1747,15.81
738,0,264,15.81
738,0,728,15.81
738,0,729,15.81
738,0,730,15.81
738,0,731,15.81
738,0,862,15.81
738,0,865,15.81
738,0,931,15.81
738,0,932,15.81
738,0,933,15.81
738,0,934,15.81
738,0,935,15.81
738,0,936,15.81
738,0,937,15.81
738,0,938,15.81
738,0,939,15.81
738,0,940,15.81
738,0,941,15.81
738,0,942,15.81
738,0,943,15.81
738,0,944,15.81
738,0,945,15.81
738,0,946,15.81
738,0,947,15.81
738,0,948,15.81
739,1,1204,16.06
739,1,1642,16.06
739,1,1643,16.06
739,1,1748,16.06
739,1,304,16.06
739,1,319,16.06
739,1,349,16.06
739,1,460,16.06
739,1,461,16.06
739,1,7088,16.06
739,1,736,16.06
739,1,737,16.06
739,1,738,16.06
739,1,739,16.06
739,1,863,16.06
739,1,887,16.06
739,1,888,16.06
739,1,889,16.06
739,1,937,16.06
739,1,938,16.06
739,1,950,16.06
739,1,951,16.06
739,1,952,16.06
739,1,953,16.06
739,1,954,16.06
739,1,955,16.06
739,1,956,16.06
739,1,957,16.06
739,1,958,16.06
739,1,959,16.06
739,1,960,16.06
739,1,961,16.06
739,1,962,16.06
148,0,1235,16.21
148,0,1236,16.21
148,0,1237,16.21
148,0,1238,16.21
148,0,1239,16.21
148,0,1240,16.21
148,0,1241,16.21
148,0,1242,16.21
148,0,1249,16.21
148,0,1777,16.21
148,0,1778,16.21
148,0,1779,16.21
148,0,1780,16.21
148,0,1781,16.21
148,0,1782,16.21
148,0,1783,16.21
148,0,1784,16.21
148,0,1785,16.21
148,0,1788,16.21
148,0,1789,16.21
148,0,1816,16.21
148,0,1817,16.21
148,0,1832,16.21
148,0,1833,16.21
148,0,319,16.21
148,0,320,16.21
148,0,321,16.21
148,0,794,16.21
148,0,796,16.21
321,0,1796,16.25
321,0,1797,16.25
321,0,1798,16.25
321,0,1799,16.25
321,0,1800,16.25
321,0,1801,16.25
321,0,1802,16.25
321,0,3113,16.25
321,0,3530,16.25
321,0,3531,16.25
321,0,3532,16.25
321,0,3533,16.25
321,0,3534,16.25
321,0,3535,16.25
321,0,3536,16.25
321,0,3538,16.25
321,0,3539,16.25
321,0,3540,16.25
321,0,3541,16.25
321,0,3542,16.25
321,0,3543,16.25
321,0,3544,16.25
321,0,3545,16.25
321,0,3546,16.25
321,0,3547,16.25
321,0,3548,16.25
321,0,3549,16.25
321,0,3550,16.25
321,0,3551,16.25
321,0,3552,16.25
321,0,3553,16.25
321,0,3554,16.25
321,0,3555,16.25
321,0,3760,16.25
321,0,419,16.25
321,0,420,16.25
321,0,421,16.25
321,0,422,16.25
321,0,423,16.25
321,0,424,16.25
321,0,426,16.25
321,0,427,16.25
747,1,6087,16.59
747,1,6897,16.59
747,1,6960,16.59
747,1,6961,16.59
747,1,6962,16.59
747,1,6963,16.59
747,1,6964,16.59
747,1,6965,16.59
747,1,6966,16.59
747,1,6967,16.59
747,1,6968,16.59
747,1,6969,16.59
747,1,6970,16.59
747,1,6971,16.59
747,1,6972,16.59
747,1,6973,16.59
747,1,6978,16.59
747,1,6979,16.59
747,1,6980,16.59
747,1,6981,16.59
747,1,7089,16.59
747,1,7203,16.59
747,1,7204,16.59
747,1,7205,16.59
747,1,7206,16.59
747,1,890,16.59
747,1,892,16.59
747,1,893,16.59
747,1,894,16.59
747,1,895,16.59
747,1,896,16.59
747,1,897,16.59
747,1,898,16.59
747,1,899,16.59
747,1,900,16.59
747,1,901,16.59
747,1,903,16.59
747,1,904,16.59
747,1,905,16.59
747,1,906,16.59
747,1,907,16.59
747,1,908,16.59
747,1,909,16.59
747,1,910,16.59
747,1,911,16.59
747,1,912,16.59
747,1,913,16.59
747,1,914,16.59
747,1,915,16.59
747,1,916,16.59
61,1,1145,16.72
61,1,2221,16.72
61,1,2301,16.72
61,1,2302,16.72
61,1,2303,16.72
61,1,40,16.72
61,1,4549,16.72
61,1,4550,16.72
61,1,4551,16.72
61,1,557,16.72
61,1,698,16.72
61,1,701,16.72
61,1,702,16.72
61,1,705,16.72
61,1,7217,16.72
61,1,734,16.72
61,1,735,16.72
61,1,736,16.72
61,1,737,16.72
61,1,738,16.72
61,1,739,16.72
61,1,740,16.72
61,1,744,16.72
61,1,745,16.72
61,1,746,16.72
61,1,747,16.72
61,1,748,16.72
61,1,749,16.72
61,1,751,16.72
61,1,752,16.72
61,1,753,16.72
61,1,754,16.72
61,1,755,16.72
61,1,756,16.72
61,1,757,16.72
61,1,758,16.72
61,1,759,16.72
61,1,761,16.72
61,1,767,16.72
61,1,768,16.72
61,1,769,16.72
61,1,770,16.72
61,1,771,16.72
366,1,1204,16.83
366,1,1702,16.83
366,1,18,16.83
366,1,19,16.83
366,1,20,16.83
366,1,24,16.83
366,1,349,16.83
366,1,3846,16.83
366,1,3847,16.83
366,1,3848,16.83
366,1,3849,16.83
366,1,3857,16.83
366,1,39,16.83
366,1,40,16.83
366,1,409,16.83
366,1,41,16.83
366,1,413,16.83
366,1,415,16.83
366,1,419,16.83
366,1,42,16.83
366,1,426,16.83
366,1,427,16.83
366,1,428,16.83
366,1,429,16.83
366,1,43,16.83
366,1,430,16.83
366,1,431,16.83
366,1,432,16.83
366,1,433,16.83
366,1,435,16.83
366,1,436,16.83
366,1,437,16.83
366,1,438,16.83
366,1,439,16.83
366,1,44,16.83
366,1,440,16.83
366,1,45,16.83
366,1,46,16.83
366,1,460,16.83
366,1,461,16.83
366,1,462,16.83
366,1,463,16.83
366,1,464,16.83
366,1,467,16.83
366,1,47,16.83
366,1,48,16.83
366,1,50,16.83
366,1,51,16.83
366,1,52,16.83
366,1,53,16.83
366,1,594,16.83
366,1,595,16.83
366,1,596,16.83
366,1,597,16.83
366,1,598,16.83
366,1,599,16.83
366,1,6296,16.83
366,1,7735,16.83
366,1,994,16.83
366,1,995,16.83
539,1,134,16.97
539,1,135,16.97
539,1,136,16.97
539,1,137,16.97
539,1,138,16.97
539,1,139,16.97
539,1,141,16.97
539,1,18,16.97
539,1,19,16.97
539,1,20,16.97
539,1,24,16.97
539,1,2518,16.97
539,1,3315,16.97
539,1,343,16.97
539,1,344,16.97
539,1,381,16.97
539,1,382,16.97
539,1,3846,16.97
539,1,3847,16.97
539,1,3848,16.97
539,1,3849,16.97
539,1,385,16.97
539,1,40,16.97
539,1,4056,16.97
539,1,4057,16.97
539,1,4065,16.97
539,1,4066,16.97
539,1,41,16.97
539,1,42,16.97
539,1,43,16.97
539,1,44,16.97
539,1,4438,16.97
539,1,4442,16.97
539,1,4470,16.97
539,1,4471,16.97
539,1,4472,16.97
539,1,4473,16.97
539,1,45,16.97
539,1,4509,16.97
539,1,46,16.97
539,1,47,16.97
539,1,48,16.97
539,1,50,16.97
539,1,5033,16.97
539,1,51,16.97
539,1,52,16.97
539,1,53,16.97
539,1,5424,16.97
539,1,594,16.97
539,1,595,16.97
539,1,596,16.97
539,1,597,16.97
539,1,598,16.97
539,1,599,16.97
539,1,6296,16.97
539,1,7735,16.97
539,1,994,16.97
539,1,995,16.97
465,1,106,17.05
465,1,107,17.05
465,1,130,17.05
465,1,131,17.05
465,1,1318,17.05
465,1,1323,17.05
465,1,1324,17.05
465,1,1325,17.05
465,1,1326,17.05
465,1,1327,17.05
465,1,1328,17.05
465,1,1329,17.05
465,1,133,17.05
465,1,1330,17.05
465,1,1331,17.05
465,1,1332,17.05
465,1,1334,17.05
465,1,1335,17.05
465,1,1336,17.05
465,1,1337,17.05
465,1,1338,17.05
465,1,1339,17.05
465,1,134,17.05
465,1,1340,17.05
465,1,135,17.05
465,1,136,17.05
465,1,137,17.05
465,1,138,17.05
465,1,139,17.05
465,1,141,17.05
465,1,142,17.05
465,1,172,17.05
465,1,1819,17.05
465,1,1820,17.05
465,1,1821,17.05
465,1,1822,17.05
465,1,1823,17.05
465,1,1966,17.05
465,1,2178,17.05
465,1,3315,17.05
465,1,349,17.05
465,1,403,17.05
465,1,442,17.05
465,1,443,17.05
465,1,444,17.05
145,1,1242,17.47
145,1,1243,17.47
145,1,1244,17.47
145,1,1245,17.47
145,1,1246,17.47
145,1,1247,17.47
145,1,1248,17.47
145,1,1249,17.47
145,1,1250,17.47
145,1,1251,17.47
145,1,1277,17.47
145,1,130,17.47
145,1,131,17.47
145,1,172,17.47
145,1,213,17.47
145,1,343,17.47
145,1,344,17.47
145,1,381,17.47
145,1,382,17.47
145,1,385,17.47
145,1,40,17.47
145,1,4509,17.47
145,1,5033,17.47
145,1,5732,17.47
145,1,9296,17.47
38,0,106464,17.5
38,0,274,17.5
38,0,30,17.5
38,0,31,17.5
38,0,32,17.5
38,0,33,17.5
38,0,3354,17.5
38,0,34,17.5
38,0,351,17.5
38,0,3854,17.5
38,0,485,17.5
38,0,486,17.5
38,0,487,17.5
38,0,488,17.5
38,0,489,17.5
38,0,529,17.5
38,0,530,17.5
38,0,531,17.5
38,0,532,17.5
38,0,533,17.5
38,0,534,17.5
38,0,535,17.5
38,0,536,17.5
38,0,537,17.5
38,0,538,17.5
38,0,539,17.5
38,0,540,17.5
38,0,541,17.5
38,0,542,17.5
38,0,543,17.5
38,0,544,17.5
38,0,545,17.5
38,0,546,17.5
38,0,547,17.5
38,0,548,17.5
38,0,549,17.5
38,0,550,17.5
38,0,551,17.5
38,0,552,17.5
38,0,553,17.5
38,0,554,17.5
38,0,555,17.5
38,0,84,17.5
843,1,1031,17.54
843,1,1036,17.54
843,1,1037,17.54
843,1,1038,17.54
843,1,1050,17.54
843,1,1051,17.54
843,1,1052,17.54
843,1,1053,17.54
843,1,1056,17.54
843,1,1058,17.54
843,1,1252,17.54
843,1,1277,17.54
843,1,130,17.54
843,1,131,17.54
843,1,133,17.54
843,1,134,17.54
843,1,135,17.54
843,1,136,17.54
843,1,137,17.54
843,1,138,17.54
843,1,139,17.54
843,1,140,17.54
843,1,142,17.54
843,1,144,17.54
843,1,172,17.54
843,1,1737,17.54
843,1,1743,17.54
843,1,1744,17.54
843,1,1746,17.54
843,1,289,17.54
843,1,290,17.54
843,1,291,17.54
843,1,304,17.54
843,1,393,17.54
843,1,394,17.54
843,1,41,17.54
843,1,446,17.54
843,1,447,17.54
843,1,448,17.54
843,1,449,17.54
843,1,5424,17.54
843,1,734,17.54
843,1,735,17.54
843,1,736,17.54
843,1,737,17.54
843,1,738,17.54
843,1,739,17.54
843,1,950,17.54
843,1,951,17.54
843,1,952,17.54
843,1,953,17.54
843,1,954,17.54
843,1,955,17.54
843,1,956,17.54
843,1,957,17.54
843,1,958,17.54
843,1,959,17.54
843,1,974,17.54
222,1,107,17.63
222,1,1204,17.63
222,1,1323,17.63
222,1,1324,17.63
222,1,1325,17.63
222,1,1370,17.63
222,1,1375,17.63
222,1,1378,17.63
222,1,1379,17.63
222,1,1380,17.63
222,1,1381,17.63
222,1,1382,17.63
222,1,1383,17.63
222,1,1398,17.63
222,1,1400,17.63
222,1,1422,17.63
222,1,1574,17.63
222,1,1575,17.63
222,1,1576,17.63
222,1,1577,17.63
222,1,1578,17.63
222,1,1581,17.63
222,1,1582,17.63
222,1,1583,17.63
222,1,2056,17.63
222,1,2065,17.63
222,1,2066,17.63
222,1,2067,17.63
222,1,2068,17.63
222,1,2069,17.63
222,1,2070,17.63
222,1,2071,17.63
222,1,2074,17.63
222,1,2075,17.63
222,1,2076,17.63
222,1,2230,17.63
222,1,2389,17.63
222,1,2441,17.63
222,1,2445,17.63
222,1,2446,17.63
222,1,2447,17.63
222,1,2448,17.63
222,1,2449,17.63
222,1,2450,17.63
222,1,2451,17.63
222,1,2452,17.63
222,1,2454,17.63
222,1,2455,17.63
222,1,2499,17.63
222,1,2509,17.63
222,1,2510,17.63
222,1,2511,17.63
222,1,2512,17.63
222,1,2513,17.63
222,1,2514,17.63
222,1,2515,17.63
222,1,2738,17.63
222,1,2752,17.63
222,1,2976,17.63
222,1,3008,17.63
222,1,349,17.63
222,1,3857,17.63
222,1,4568,17.63
222,1,458,17.63
322,1,1800,17.63
322,1,1803,17.63
322,1,1804,17.63
322,1,1805,17.63
322,1,1806,17.63
322,1,1807,17.63
322,1,1808,17.63
322,1,3118,17.63
322,1,3222,17.63
322,1,3556,17.63
322,1,3557,17.63
322,1,3558,17.63
322,1,3559,17.63
322,1,3560,17.63
322,1,3561,17.63
322,1,3562,17.63
322,1,3563,17.63
322,1,3564,17.63
322,1,3565,17.63
322,1,3566,17.63
322,1,3567,17.63
322,1,3568,17.63
322,1,3569,17.63
322,1,3570,17.63
322,1,3571,17.63
322,1,3572,17.63
322,1,3573,17.63
322,1,3574,17.63
322,1,3575,17.63
322,1,3576,17.63
322,1,3577,17.63
322,1,3578,17.63
322,1,3579,17.63
322,1,3580,17.63
322,1,419,17.63
322,1,426,17.63
322,1,427,17.63
322,1,428,17.63
322,1,429,17.63
322,1,430,17.63
322,1,431,17.63
322,1,432,17.63
842,0,1031,17.66
842,0,1032,17.66
842,0,1033,17.66
842,0,1034,17.66
842,0,1035,17.66
842,0,1040,17.66
842,0,1041,17.66
842,0,1043,17.66
842,0,1044,17.66
842,0,1045,17.66
842,0,1047,17.66
842,0,1048,17.66
842,0,126,17.66
842,0,127,17.66
842,0,129,17.66
842,0,130,17.66
842,0,131,17.66
842,0,132,17.66
842,0,133,17.66
842,0,134,17.66
842,0,135,17.66
842,0,136,17.66
842,0,137,17.66
842,0,138,17.66
842,0,139,17.66
842,0,140,17.66
842,0,145,17.66
842,0,1742,17.66
842,0,215,17.66
842,0,216,17.66
842,0,217,17.66
842,0,264,17.66
842,0,3315,17.66
842,0,35,17.66
842,0,379,17.66
842,0,380,17.66
842,0,3855,17.66
842,0,399,17.66
842,0,400,17.66
842,0,401,17.66
842,0,5424,17.66
842,0,5844,17.66
842,0,728,17.66
842,0,729,17.66
842,0,730,17.66
842,0,731,17.66
842,0,732,17.66
842,0,939,17.66
842,0,940,17.66
842,0,941,17.66
842,0,942,17.66
842,0,943,17.66
842,0,944,17.66
842,0,945,17.66
842,0,946,17.66
842,0,947,17.66
842,0,948,17.66
842,0,972,17.66
842,0,973,17.66
608,1,1318,17.79
608,1,1323,17.79
608,1,1324,17.79
608,1,1325,17.79
608,1,1326,17.79
608,1,1327,17.79
608,1,1328,17.79
608,1,1329,17.79
608,1,1330,17.79
608,1,1331,17.79
608,1,1332,17.79
608,1,1748,17.79
608,1,2178,17.79
608,1,2179,17.79
608,1,2180,17.79
608,1,2181,17.79
608,1,2182,17.79
608,1,2183,17.79
608,1,2184,17.79
608,1,2185,17.79
608,1,2186,17.79
608,1,2187,17.79
608,1,2188,17.79
608,1,2189,17.79
608,1,2190,17.79
608,1,2191,17.79
608,1,705,17.79
608,1,748,17.79
608,1,749,17.79
608,1,750,17.79
608,1,751,17.79
608,1,752,17.79
608,1,753,17.79
608,1,754,17.79
608,1,755,17.79
608,1,756,17.79
608,1,757,17.79
608,1,758,17.79
608,1,759,17.79
608,1,861,17.79
178,0,1041,17.85
178,0,1148,17.85
178,0,1310,17.85
178,0,1311,17.85
178,0,1312,17.85
178,0,1313,17.85
178,0,1314,17.85
178,0,1315,17.85
178,0,1316,17.85
178,0,1369,17.85
178,0,1370,17.85
178,0,1371,17.85
178,0,1380,17.85
178,0,1387,17.85
178,0,1398,17.85
178,0,1399,17.85
178,0,1634,17.85
178,0,1635,17.85
178,0,2121,17.85
178,0,2123,17.85
178,0,2124,17.85
178,0,2125,17.85
178,0,2126,17.85
178,0,2127,17.85
178,0,2128,17.85
178,0,2129,17.85
178,0,2130,17.85
178,0,2131,17.85
178,0,2132,17.85
178,0,2133,17.85
178,0,2134,17.85
178,0,2135,17.85
178,0,2137,17.85
178,0,2138,17.85
178,0,2139,17.85
178,0,2140,17.85
178,0,2141,17.85
178,0,2142,17.85
178,0,2143,17.85
178,0,2144,17.85
178,0,2145,17.85
178,0,2146,17.85
178,0,2147,17.85
178,0,2148,17.85
178,0,2149,17.85
178,0,2150,17.85
178,0,2151,17.85
178,0,2152,17.85
178,0,2153,17.85
178,0,2154,17.85
178,0,2155,17.85
178,0,2157,17.85
178,0,2158,17.85
178,0,2159,17.85
178,0,2160,17.85
178,0,2162,17.85
178,0,2163,17.85
178,0,2164,17.85
178,0,2165,17.85
178,0,2166,17.85
178,0,3018,17.85
178,0,3024,17.85
178,0,3038,17.85
178,0,418,17.85
178,0,4387,17.85
178,0,454,17.85
178,0,5844,17.85
178,0,6263,17.85
178,0,6307,17.85
178,0,705,17.85
178,0,706,17.85
178,0,707,17.85
178,0,708,17.85
178,0,709,17.85
178,0,710,17.85
178,0,711,17.85
178,0,712,17.85
178,0,713,17.85
178,0,714,17.85
178,0,715,17.85
178,0,716,17.85
178,0,7304,17.85
178,0,7320,17.85
178,0,862,17.85
178,0,888,17.85
178,0,932,17.85
47,1,106667,17.88
47,1,179,17.88
47,1,229,17.88
47,1,230,17.88
47,1,231,17.88
47,1,232,17.88
47,1,234,17.88
47,1,235,17.88
47,1,236,17.88
47,1,238,17.88
47,1,240,17.88
47,1,243,17.88
47,1,377,17.88
47,1,392,17.88
47,1,393,17.88
47,1,394,17.88
47,1,395,17.88
47,1,396,17.88
47,1,5556,17.88
47,1,624,17.88
47,1,625,17.88
47,1,626,17.88
47,1,627,17.88
47,1,628,17.88
47,1,629,17.88
47,1,630,17.88
47,1,631,17.88
47,1,632,17.88
47,1,633,17.88
47,1,7939,17.88
47,1,8062,17.88
910,0,117,17.88
910,0,118,17.88
910,0,119,17.88
910,0,120,17.88
910,0,121,17.88
910,0,122,17.88
910,0,123,17.88
910,0,124,17.88
910,0,125,17.88
910,0,126,17.88
910,0,127,17.88
910,0,1968,17.88
910,0,1969,17.88
910,0,1970,17.88
910,0,1971,17.88
910,0,1972,17.88
910,0,1973,17.88
910,0,1974,17.88
910,0,1975,17.88
910,0,1976,17.88
910,0,1977,17.88
910,0,1978,17.88
910,0,200,17.88
910,0,201,17.88
910,0,202,17.88
910,0,203,17.88
910,0,204,17.88
910,0,205,17.88
910,0,206,17.88
910,0,207,17.88
910,0,277,17.88
910,0,278,17.88
910,0,281,17.88
910,0,282,17.88
910,0,285,17.88
910,0,403,17.88
910,0,404,17.88
910,0,405,17.88
910,0,406,17.88
910,0,407,17.88
910,0,408,17.88
910,0,409,17.88
910,0,410,17.88
910,0,411,17.88
910,0,412,17.88
910,0,413,17.88
910,0,414,17.88
910,0,415,17.88
910,0,416,17.88
910,0,418,17.88
910,0,419,17.88
910,0,420,17.88
910,0,421,17.88
910,0,422,17.88
910,0,423,17.88
910,0,424,17.88
910,0,426,17.88
910,0,427,17.88
910,0,454,17.88
910,0,8096,17.88
910,0,8202,17.88
39,1,1084,18.21
39,1,351,18.21
39,1,40,18.21
39,1,41,18.21
39,1,42,18.21
39,1,43,18.21
39,1,44,18.21
39,1,45,18.21
39,1,492,18.21
39,1,493,18.21
39,1,494,18.21
39,1,495,18.21
39,1,496,18.21
39,1,497,18.21
39,1,534,18.21
39,1,535,18.21
39,1,537,18.21
39,1,557,18.21
39,1,558,18.21
39,1,559,18.21
39,1,560,18.21
39,1,561,18.21
39,1,562,18.21
39,1,563,18.21
39,1,564,18.21
39,1,565,18.21
39,1,566,18.21
39,1,567,18.21
39,1,568,18.21
39,1,569,18.21
39,1,570,18.21
39,1,571,18.21
39,1,572,18.21
39,1,573,18.21
39,1,574,18.21
39,1,575,18.21
39,1,577,18.21
39,1,579,18.21
39,1,580,18.21
39,1,581,18.21
39,1,582,18.21
39,1,583,18.21
39,1,86,18.21
851,1,1024,18.21
851,1,1051,18.21
851,1,1052,18.21
851,1,1053,18.21
851,1,1056,18.21
851,1,1058,18.21
851,1,1085,18.21
851,1,1263,18.21
851,1,141,18.21
851,1,1743,18.21
851,1,1744,18.21
851,1,1746,18.21
851,1,1891,18.21
851,1,1950,18.21
851,1,1953,18.21
851,1,3846,18.21
851,1,3847,18.21
851,1,3848,18.21
851,1,4429,18.21
851,1,4430,18.21
851,1,4431,18.21
851,1,4432,18.21
851,1,4763,18.21
851,1,4832,18.21
851,1,4833,18.21
851,1,4834,18.21
851,1,4836,18.21
851,1,4839,18.21
851,1,4840,18.21
851,1,4841,18.21
851,1,4842,18.21
851,1,4843,18.21
851,1,4845,18.21
851,1,4846,18.21
851,1,4847,18.21
851,1,4848,18.21
851,1,4849,18.21
851,1,4851,18.21
851,1,4852,18.21
851,1,5899,18.21
851,1,5900,18.21
851,1,5901,18.21
851,1,5992,18.21
851,1,5993,18.21
851,1,5994,18.21
851,1,600,18.21
851,1,601,18.21
851,1,603,18.21
851,1,7734,18.21
851,1,7735,18.21
851,1,7781,18.21
851,1,7787,18.21
851,1,7789,18.21
851,1,7790,18.21
851,1,7791,18.21
851,1,7886,18.21
851,1,7920,18.21
851,1,7938,18.21
851,1,8349,18.21
851,1,88,18.21
851,1,89,18.21
851,1,90,18.21
851,1,9280,18.21
851,1,9299,18.21
851,1,994,18.21
45,0,106603,18.27
45,0,126,18.27
45,0,179,18.27
45,0,180,18.27
45,0,183,18.27
45,0,186,18.27
45,0,187,18.27
45,0,188,18.27
45,0,189,18.27
45,0,190,18.27
45,0,191,18.27
45,0,192,18.27
45,0,194,18.27
45,0,238,18.27
45,0,3295,18.27
45,0,3304,18.27
45,0,3312,18.27
45,0,3320,18.27
45,0,378,18.27
45,0,380,18.27
45,0,392,18.27
45,0,4509,18.27
45,0,5564,18.27
45,0,614,18.27
45,0,615,18.27
45,0,616,18.27
45,0,617,18.27
45,0,618,18.27
45,0,619,18.27
45,0,621,18.27
45,0,622,18.27
45,0,623,18.27
45,0,8061,18.27
913,1,124,18.45
913,1,125,18.45
913,1,144,18.45
913,1,146,18.45
913,1,147,18.45
913,1,149,18.45
913,1,150,18.45
913,1,151,18.45
913,1,152,18.45
913,1,1702,18.45
913,1,1976,18.45
913,1,1979,18.45
913,1,1980,18.45
913,1,1981,18.45
913,1,1982,18.45
913,1,1983,18.45
913,1,1984,18.45
913,1,1985,18.45
913,1,1986,18.45
913,1,1987,18.45
913,1,1988,18.45
913,1,218,18.45
913,1,219,18.45
913,1,220,18.45
913,1,221,18.45
913,1,222,18.45
913,1,223,18.45
913,1,224,18.45
913,1,225,18.45
913,1,283,18.45
913,1,284,18.45
913,1,285,18.45
913,1,287,18.45
913,1,288,18.45
913,1,3179,18.45
913,1,408,18.45
913,1,409,18.45
913,1,413,18.45
913,1,415,18.45
913,1,419,18.45
913,1,426,18.45
913,1,427,18.45
913,1,428,18.45
913,1,429,18.45
913,1,430,18.45
913,1,431,18.45
913,1,432,18.45
913,1,433,18.45
913,1,435,18.45
913,1,436,18.45
913,1,437,18.45
913,1,438,18.45
913,1,439,18.45
913,1,440,18.45
913,1,441,18.45
913,1,442,18.45
913,1,443,18.45
913,1,444,18.45
913,1,4509,18.45
913,1,4533,18.45
913,1,8098,18.45
835,0,129,18.49
835,0,130,18.49
835,0,131,18.49
835,0,132,18.49
835,0,133,18.49
835,0,134,18.49
835,0,135,18.49
835,0,136,18.49
835,0,213,18.49
835,0,274,18.49
835,0,327,18.49
835,0,3315,18.49
835,0,3354,18.49
835,0,3361,18.49
835,0,385,18.49
835,0,387,18.49
835,0,388,18.49
835,0,391,18.49
835,0,4444,18.49
835,0,5269,18.49
835,0,5270,18.49
835,0,788,18.49
835,0,789,18.49
546,0,129,18.53
546,0,130,18.53
546,0,131,18.53
546,0,132,18.53
546,0,133,18.53
546,0,134,18.53
546,0,135,18.53
546,0,136,18.53
546,0,137,18.53
546,0,138,18.53
546,0,139,18.53
546,0,140,18.53
546,0,213,18.53
546,0,274,18.53
546,0,327,18.53
546,0,3315,18.53
546,0,385,18.53
546,0,387,18.53
546,0,388,18.53
546,0,391,18.53
546,0,40,18.53
546,0,788,18.53
546,0,789,18.53
836,1,106876,18.65
836,1,1276,18.65
836,1,1277,18.65
836,1,130,18.65
836,1,131,18.65
836,1,133,18.65
836,1,134,18.65
836,1,135,18.65
836,1,142,18.65
836,1,172,18.65
836,1,3361,18.65
836,1,34,18.65
836,1,343,18.65
836,1,344,18.65
836,1,381,18.65
836,1,382,18.65
836,1,385,18.65
836,1,40,18.65
836,1,4469,18.65
836,1,4509,18.65
836,1,5033,18.65
836,1,5270,18.65
836,1,5271,18.65
386,0,1796,18.68
386,0,1797,18.68
386,0,1798,18.68
386,0,1799,18.68
386,0,1800,18.68
386,0,1801,18.68
386,0,1802,18.68
386,0,3109,18.68
386,0,3111,18.68
386,0,3112,18.68
386,0,3113,18.68
386,0,3530,18.68
386,0,3531,18.68
386,0,3532,18.68
386,0,3947,18.68
386,0,3948,18.68
386,0,3949,18.68
386,0,3950,18.68
386,0,3951,18.68
386,0,3952,18.68
386,0,3953,18.68
386,0,3954,18.68
386,0,3955,18.68
386,0,3956,18.68
386,0,3957,18.68
386,0,3958,18.68
386,0,3959,18.68
386,0,3960,18.68
386,0,3961,18.68
386,0,3962,18.68
386,0,3963,18.68
386,0,3964,18.68
386,0,3965,18.68
386,0,3966,18.68
386,0,3967,18.68
386,0,3968,18.68
386,0,3969,18.68
386,0,3970,18.68
386,0,3971,18.68
386,0,3972,18.68
386,0,3973,18.68
386,0,3974,18.68
386,0,3975,18.68
386,0,3976,18.68
386,0,3977,18.68
386,0,3978,18.68
386,0,3979,18.68
386,0,4351,18.68
6,0,10,18.75
6,0,106517,18.75
6,0,1071,18.75
6,0,108,18.75
6,0,11,18.75
6,0,1150,18.75
6,0,1190,18.75
6,0,1197,18.75
6,0,12,18.75
6,0,13,18.75
6,0,14,18.75
6,0,15,18.75
6,0,16,18.75
6,0,17,18.75
6,0,19,18.75
6,0,20,18.75
6,0,22,18.75
6,0,23,18.75
6,0,24,18.75
6,0,25,18.75
6,0,26,18.75
6,0,27,18.75
6,0,28,18.75
6,0,29,18.75
6,0,31,18.75
6,0,32,18.75
6,0,33,18.75
6,0,34,18.75
6,0,35,18.75
6,0,3855,18.75
6,0,46,18.75
6,0,53,18.75
6,0,6467,18.75
6,0,6689,18.75
6,0,6690,18.75
6,0,6691,18.75
6,0,6692,18.75
6,0,6693,18.75
6,0,6694,18.75
6,0,68,18.75
6,0,69,18.75
6,0,70,18.75
6,0,71,18.75
6,0,72,18.75
6,0,73,18.75
6,0,75,18.75
6,0,76,18.75
6,0,77,18.75
6,0,78,18.75
6,0,79,18.75
6,0,8,18.75
6,0,9,18.75
538,0,1024,18.77
538,0,1025,18.77
538,0,129,18.77
538,0,130,18.77
538,0,134,18.77
538,0,135,18.77
538,0,136,18.77
538,0,137,18.77
538,0,138,18.77
538,0,139,18.77
538,0,140,18.77
538,0,18,18.77
538,0,19,18.77
538,0,20,18.77
538,0,22,18.77
538,0,23,18.77
538,0,24,18.77
538,0,25,18.77
538,0,26,18.77
538,0,27,18.77
538,0,274,18.77
538,0,28,18.77
538,0,29,18.77
538,0,30,18.77
538,0,31,18.77
538,0,32,18.77
538,0,327,18.77
538,0,33,18.77
538,0,3315,18.77
538,0,34,18.77
538,0,3842,18.77
538,0,3844,18.77
538,0,385,18.77
538,0,387,18.77
538,0,388,18.77
538,0,391,18.77
538,0,40,18.77
538,0,4055,18.77
538,0,4056,18.77
538,0,4057,18.77
538,0,4065,18.77
538,0,4438,18.77
538,0,4440,18.77
538,0,4442,18.77
538,0,4443,18.77
538,0,53,18.77
538,0,5424,18.77
538,0,594,18.77
538,0,595,18.77
538,0,596,18.77
538,0,597,18.77
538,0,598,18.77
538,0,599,18.77
538,0,6359,18.77
538,0,6361,18.77
538,0,7736,18.77
538,0,788,18.77
538,0,789,18.77
538,0,7915,18.77
538,0,993,18.77
860,0,122,18.82
860,0,123,18.82
860,0,124,18.82
860,0,125,18.82
860,0,126,18.82
860,0,127,18.82
860,0,213,18.82
860,0,215,18.82
860,0,216,18.82
860,0,217,18.82
860,0,3315,18.82
860,0,35,18.82
860,0,3855,18.82
861,1,124,18.82
861,1,125,18.82
861,1,1252,18.82
861,1,145,18.82
861,1,146,18.82
861,1,147,18.82
861,1,213,18.82
861,1,289,18.82
861,1,290,18.82
861,1,291,18.82
861,1,3315,18.82
861,1,34,18.82
387,1,1800,18.87
387,1,1803,18.87
387,1,1804,18.87
387,1,1805,18.87
387,1,1806,18.87
387,1,1807,18.87
387,1,1808,18.87
387,1,3118,18.87
387,1,3119,18.87
387,1,3120,18.87
387,1,3121,18.87
387,1,3578,18.87
387,1,3579,18.87
387,1,3580,18.87
387,1,3982,18.87
387,1,3983,18.87
387,1,3984,18.87
387,1,3985,18.87
387,1,3986,18.87
387,1,3987,18.87
387,1,3988,18.87
387,1,3989,18.87
387,1,3990,18.87
387,1,3991,18.87
387,1,3992,18.87
387,1,3993,18.87
387,1,3994,18.87
387,1,3995,18.87
387,1,3996,18.87
387,1,3997,18.87
387,1,3998,18.87
387,1,3999,18.87
387,1,4000,18.87
387,1,4001,18.87
387,1,4002,18.87
387,1,4003,18.87
387,1,4004,18.87
387,1,4005,18.87
387,1,4006,18.87
387,1,4007,18.87
387,1,4008,18.87
387,1,4009,18.87
387,1,4010,18.87
387,1,4011,18.87
387,1,4012,18.87
387,1,4048,18.87
387,1,4049,18.87
387,1,4352,18.87
541,1,1252,18.92
541,1,130,18.92
541,1,131,18.92
541,1,133,18.92
541,1,134,18.92
541,1,135,18.92
541,1,136,18.92
541,1,137,18.92
541,1,138,18.92
541,1,139,18.92
541,1,141,18.92
541,1,142,18.92
541,1,144,18.92
541,1,172,18.92
541,1,289,18.92
541,1,290,18.92
541,1,291,18.92
541,1,304,18.92
541,1,3315,18.92
541,1,393,18.92
541,1,394,18.92
541,1,41,18.92
541,1,446,18.92
541,1,447,18.92
541,1,448,18.92
541,1,449,18.92
541,1,5424,18.92
541,1,7088,18.92
541,1,734,18.92
541,1,735,18.92
541,1,736,18.92
541,1,737,18.92
541,1,738,18.92
541,1,739,18.92
541,1,863,18.92
541,1,887,18.92
541,1,888,18.92
541,1,889,18.92
541,1,937,18.92
541,1,938,18.92
541,1,950,18.92
541,1,951,18.92
541,1,952,18.92
541,1,953,18.92
541,1,954,18.92
541,1,955,18.92
541,1,956,18.92
541,1,957,18.92
541,1,958,18.92
541,1,959,18.92
541,1,960,18.92
541,1,961,18.92
541,1,962,18.92
566,1,1737,18.96
566,1,2192,18.96
566,1,2193,18.96
566,1,5773,18.96
566,1,5809,18.96
566,1,5810,18.96
566,1,5811,18.96
566,1,5812,18.96
566,1,5823,18.96
566,1,5824,18.96
566,1,6163,18.96
566,1,6164,18.96
566,1,866,18.96
566,1,867,18.96
566,1,879,18.96
566,1,880,18.96
566,1,881,18.96
566,1,882,18.96
566,1,884,18.96
566,1,885,18.96
566,1,887,18.96
566,1,981,18.96
566,1,982,18.96
566,1,983,18.96
566,1,986,18.96
551,0,213,19.05
551,0,274,19.05
551,0,327,19.05
551,0,3315,19.05
551,0,385,19.05
551,0,387,19.05
551,0,388,19.05
551,0,391,19.05
551,0,40,19.05
551,0,788,19.05
551,0,789,19.05
552,1,145,19.09
552,1,213,19.09
552,1,3315,19.09
552,1,34,19.09
552,1,343,19.09
552,1,344,19.09
552,1,381,19.09
552,1,382,19.09
552,1,385,19.09
552,1,40,19.09
552,1,5033,19.09
545,1,106,19.15
545,1,107,19.15
545,1,1323,19.15
545,1,1324,19.15
545,1,1325,19.15
545,1,2111,19.15
545,1,2112,19.15
545,1,2114,19.15
545,1,2119,19.15
545,1,3315,19.15
545,1,403,19.15
545,1,408,19.15
545,1,441,19.15
545,1,442,19.15
545,1,443,19.15
545,1,444,19.15
545,1,461,19.15
545,1,462,19.15
545,1,463,19.15
545,1,464,19.15
545,1,467,19.15
545,1,698,19.15
545,1,699,19.15
545,1,700,19.15
545,1,701,19.15
545,1,702,19.15
545,1,703,19.15
545,1,704,19.15
545,1,705,19.15
545,1,744,19.15
545,1,745,19.15
545,1,746,19.15
545,1,747,19.15
545,1,748,19.15
545,1,749,19.15
545,1,750,19.15
545,1,751,19.15
545,1,752,19.15
545,1,753,19.15
545,1,754,19.15
545,1,755,19.15
545,1,756,19.15
545,1,757,19.15
545,1,758,19.15
545,1,759,19.15
545,1,761,19.15
545,1,763,19.15
545,1,768,19.15
545,1,769,19.15
545,1,770,19.15
545,1,771,19.15
547,1,129,19.15
547,1,130,19.15
547,1,131,19.15
547,1,133,19.15
547,1,134,19.15
547,1,135,19.15
547,1,136,19.15
547,1,137,19.15
547,1,138,19.15
547,1,139,19.15
547,1,141,19.15
547,1,142,19.15
547,1,213,19.15
547,1,3315,19.15
547,1,34,19.15
547,1,343,19.15
547,1,344,19.15
547,1,381,19.15
547,1,382,19.15
547,1,385,19.15
547,1,40,19.15
547,1,4509,19.15
547,1,5033,19.15
1040,0,103,19.19
1040,0,106815,19.19
1040,0,106816,19.19
1040,0,117,19.19
1040,0,118,19.19
1040,0,119,19.19
1040,0,120,19.19
1040,0,1204,19.19
1040,0,121,19.19
1040,0,1318,19.19
1040,0,1322,19.19
1040,0,1371,19.19
1040,0,1372,19.19
1040,0,1373,19.19
1040,0,1376,19.19
1040,0,1378,19.19
1040,0,1383,19.19
1040,0,1398,19.19
1040,0,1399,19.19
1040,0,1422,19.19
1040,0,1423,19.19
1040,0,1447,19.19
1040,0,1566,19.19
1040,0,1568,19.19
1040,0,1575,19.19
1040,0,1576,19.19
1040,0,1578,19.19
1040,0,1581,19.19
1040,0,1632,19.19
1040,0,1635,19.19
1040,0,201,19.19
1040,0,202,19.19
1040,0,203,19.19
1040,0,204,19.19
1040,0,205,19.19
1040,0,206,19.19
1040,0,207,19.19
1040,0,215,19.19
1040,0,216,19.19
1040,0,217,19.19
1040,0,225,19.19
1040,0,2738,19.19
1040,0,283,19.19
1040,0,284,19.19
1040,0,287,19.19
1040,0,288,19.19
1040,0,2892,19.19
1040,0,294,19.19
1040,0,3179,19.19
1040,0,319,19.19
1040,0,320,19.19
1040,0,321,19.19
1040,0,349,19.19
1040,0,39,19.19
1040,0,8605,19.19
565,0,2192,19.23
565,0,5797,19.23
565,0,5798,19.23
565,0,5805,19.23
565,0,5806,19.23
565,0,5807,19.23
565,0,5808,19.23
565,0,5809,19.23
565,0,5822,19.23
565,0,6320,19.23
565,0,7273,19.23
565,0,865,19.23
565,0,868,19.23
565,0,869,19.23
565,0,870,19.23
565,0,871,19.23
565,0,873,19.23
565,0,874,19.23
565,0,875,19.23
565,0,876,19.23
565,0,877,19.23
565,0,883,19.23
565,0,886,19.23
565,0,984,19.23
565,0,985,19.23
176,0,106815,19.59
176,0,106816,19.59
176,0,1322,19.59
176,0,1376,19.59
176,0,1639,19.59
176,0,1640,19.59
176,0,1641,19.59
176,0,1749,19.59
176,0,1750,19.59
176,0,1751,19.59
176,0,1752,19.59
176,0,1753,19.59
176,0,1754,19.59
176,0,1756,19.59
176,0,1757,19.59
176,0,1758,19.59
176,0,2105,19.59
176,0,2106,19.59
176,0,2107,19.59
176,0,2109,19.59
176,0,2110,19.59
176,0,2118,19.59
176,0,2303,19.59
176,0,248,19.59
176,0,249,19.59
176,0,250,19.59
176,0,251,19.59
176,0,252,19.59
176,0,253,19.59
176,0,254,19.59
176,0,255,19.59
176,0,256,19.59
176,0,258,19.59
176,0,319,19.59
176,0,3758,19.59
176,0,409,19.59
176,0,410,19.59
176,0,411,19.59
176,0,412,19.59
176,0,413,19.59
176,0,414,19.59
176,0,415,19.59
176,0,416,19.59
176,0,418,19.59
176,0,454,19.59
176,0,461,19.59
176,0,725,19.59
176,0,778,19.59
176,0,780,19.59
176,0,781,19.59
176,0,782,19.59
176,0,783,19.59
176,0,784,19.59
176,0,806,19.59
324,1,3556,19.61
324,1,3557,19.61
324,1,3558,19.61
324,1,3559,19.61
324,1,3582,19.61
324,1,3583,19.61
324,1,3592,19.61
324,1,3593,19.61
324,1,3594,19.61
324,1,3595,19.61
324,1,3596,19.61
324,1,3597,19.61
324,1,3598,19.61
324,1,419,19.61
324,1,426,19.61
324,1,427,19.61
324,1,428,19.61
324,1,429,19.61
324,1,430,19.61
324,1,431,19.61
324,1,432,19.61
324,1,4392,19.61
630,1,24,19.71
630,1,248,19.71
630,1,351,19.71
630,1,3849,19.71
630,1,40,19.71
630,1,41,19.71
630,1,42,19.71
630,1,43,19.71
630,1,44,19.71
630,1,45,19.71
630,1,46,19.71
630,1,47,19.71
630,1,48,19.71
630,1,50,19.71
630,1,504,19.71
630,1,505,19.71
630,1,506,19.71
630,1,507,19.71
630,1,508,19.71
630,1,51,19.71
630,1,52,19.71
630,1,521,19.71
630,1,5856,19.71
630,1,6289,19.71
630,1,6296,19.71
630,1,6299,19.71
630,1,6300,19.71
630,1,6332,19.71
630,1,6341,19.71
630,1,6342,19.71
630,1,6424,19.71
630,1,6430,19.71
630,1,6432,19.71
630,1,6451,19.71
630,1,6452,19.71
630,1,6453,19.71
630,1,6454,19.71
630,1,6455,19.71
630,1,6456,19.71
630,1,6458,19.71
630,1,6459,19.71
630,1,6460,19.71
630,1,6461,19.71
630,1,6462,19.71
630,1,695,19.71
630,1,7051,19.71
630,1,777,19.71
630,1,994,19.71
630,1,995,19.71
630,1,996,19.71
630,1,997,19.71
630,1,998,19.71
629,0,1021,20.0
629,0,1022,20.0
629,0,1023,20.0
629,0,1024,20.0
629,0,1025,20.0
629,0,22,20.0
629,0,23,20.0
629,0,24,20.0
629,0,248,20.0
629,0,25,20.0
629,0,26,20.0
629,0,27,20.0
629,0,28,20.0
629,0,29,20.0
629,0,30,20.0
629,0,31,20.0
629,0,32,20.0
629,0,33,20.0
629,0,34,20.0
629,0,35,20.0
629,0,351,20.0
629,0,3855,20.0
629,0,472,20.0
629,0,473,20.0
629,0,474,20.0
629,0,477,20.0
629,0,478,20.0
629,0,520,20.0
629,0,53,20.0
629,0,5833,20.0
629,0,5865,20.0
629,0,5866,20.0
629,0,6290,20.0
629,0,6313,20.0
629,0,6314,20.0
629,0,6324,20.0
629,0,6326,20.0
629,0,6327,20.0
629,0,6424,20.0
629,0,6427,20.0
629,0,6441,20.0
629,0,6442,20.0
629,0,6443,20.0
629,0,6444,20.0
629,0,6445,20.0
629,0,6446,20.0
629,0,6447,20.0
629,0,6448,20.0
629,0,6449,20.0
629,0,6450,20.0
629,0,6451,20.0
629,0,6467,20.0
629,0,695,20.0
629,0,777,20.0
629,0,993,20.0
371,0,3552,20.2
371,0,3553,20.2
371,0,3554,20.2
371,0,3555,20.2
371,0,3588,20.2
371,0,3590,20.2
371,0,3874,20.2
371,0,3876,20.2
371,0,3877,20.2
371,0,3878,20.2
371,0,3879,20.2
371,0,3880,20.2
371,0,3881,20.2
371,0,3882,20.2
371,0,3883,20.2
371,0,3884,20.2
371,0,3885,20.2
371,0,3886,20.2
371,0,3887,20.2
371,0,3888,20.2
371,0,3889,20.2
371,0,3890,20.2
371,0,3891,20.2
371,0,3892,20.2
371,0,3893,20.2
371,0,3894,20.2
371,0,3895,20.2
371,0,3896,20.2
371,0,3897,20.2
371,0,3898,20.2
371,0,3899,20.2
371,0,419,20.2
371,0,420,20.2
371,0,421,20.2
371,0,422,20.2
371,0,423,20.2
371,0,424,20.2
371,0,426,20.2
371,0,427,20.2
371,0,4351,20.2
371,0,4356,20.2
7,1,100,20.52
7,1,101,20.52
7,1,1188,20.52
7,1,1190,20.52
7,1,1197,20.52
7,1,15,20.52
7,1,19,20.52
7,1,20,20.52
7,1,24,20.52
7,1,39,20.52
7,1,40,20.52
7,1,41,20.52
7,1,42,20.52
7,1,43,20.52
7,1,44,20.52
7,1,45,20.52
7,1,46,20.52
7,1,47,20.52
7,1,48,20.52
7,1,50,20.52
7,1,51,20.52
7,1,52,20.52
7,1,53,20.52
7,1,54,20.52
7,1,55,20.52
7,1,57,20.52
7,1,58,20.52
7,1,59,20.52
7,1,6,20.52
7,1,60,20.52
7,1,61,20.52
7,1,62,20.52
7,1,6296,20.52
7,1,6696,20.52
7,1,6697,20.52
7,1,6698,20.52
7,1,6699,20.52
7,1,6700,20.52
7,1,6701,20.52
7,1,6702,20.52
7,1,7,20.52
7,1,7587,20.52
7,1,91,20.52
7,1,92,20.52
7,1,93,20.52
7,1,94,20.52
7,1,95,20.52
7,1,96,20.52
7,1,97,20.52
7,1,98,20.52
7,1,99,20.52
704,0,1024,20.52
704,0,1025,20.52
704,0,1040,20.52
704,0,1041,20.52
704,0,1043,20.52
704,0,1044,20.52
704,0,1045,20.52
704,0,105,20.52
704,0,106,20.52
704,0,107,20.52
704,0,1204,20.52
704,0,1637,20.52
704,0,1638,20.52
704,0,18,20.52
704,0,19,20.52
704,0,20,20.52
704,0,22,20.52
704,0,23,20.52
704,0,24,20.52
704,0,25,20.52
704,0,26,20.52
704,0,27,20.52
704,0,28,20.52
704,0,29,20.52
704,0,30,20.52
704,0,31,20.52
704,0,32,20.52
704,0,33,20.52
704,0,34,20.52
704,0,3842,20.52
704,0,3844,20.52
704,0,53,20.52
704,0,5844,20.52
704,0,5892,20.52
704,0,5894,20.52
704,0,5898,20.52
704,0,594,20.52
704,0,595,20.52
704,0,596,20.52
704,0,597,20.52
704,0,598,20.52
704,0,599,20.52
704,0,6530,20.52
704,0,6941,20.52
704,0,734,20.52
704,0,7736,20.52
704,0,7909,20.52
704,0,7910,20.52
704,0,7912,20.52
704,0,7915,20.52
510,0,1253,20.54
510,0,1254,20.54
510,0,1255,20.54
510,0,129,20.54
510,0,130,20.54
510,0,131,20.54
510,0,132,20.54
510,0,133,20.54
510,0,134,20.54
510,0,135,20.54
510,0,136,20.54
510,0,137,20.54
510,0,138,20.54
510,0,139,20.54
510,0,140,20.54
510,0,3315,20.54
510,0,5361,20.54
510,0,5362,20.54
510,0,5363,20.54
510,0,5364,20.54
510,0,5365,20.54
510,0,5366,20.54
510,0,5367,20.54
510,0,5368,20.54
510,0,5369,20.54
473,1,103,20.82
473,1,105,20.82
473,1,107,20.82
473,1,1204,20.82
473,1,319,20.82
473,1,321,20.82
473,1,39,20.82
473,1,40,20.82
473,1,41,20.82
473,1,42,20.82
473,1,43,20.82
473,1,44,20.82
473,1,45,20.82
473,1,461,20.82
473,1,4762,20.82
473,1,492,20.82
473,1,493,20.82
473,1,494,20.82
473,1,495,20.82
473,1,496,20.82
473,1,497,20.82
473,1,498,20.82
473,1,5034,20.82
473,1,5035,20.82
473,1,5036,20.82
473,1,5037,20.82
473,1,5038,20.82
473,1,5039,20.82
473,1,5040,20.82
473,1,5041,20.82
473,1,5042,20.82
473,1,558,20.82
473,1,559,20.82
473,1,560,20.82
473,1,561,20.82
473,1,562,20.82
473,1,563,20.82
473,1,564,20.82
473,1,565,20.82
473,1,566,20.82
473,1,567,20.82
149,1,106,20.92
149,1,1242,20.92
149,1,1243,20.92
149,1,1244,20.92
149,1,1245,20.92
149,1,1246,20.92
149,1,1247,20.92
149,1,1248,20.92
149,1,1249,20.92
149,1,1786,20.92
149,1,1787,20.92
149,1,1814,20.92
149,1,1815,20.92
149,1,1818,20.92
149,1,1819,20.92
149,1,1820,20.92
149,1,1821,20.92
149,1,1822,20.92
149,1,1823,20.92
149,1,1824,20.92
149,1,1825,20.92
149,1,1826,20.92
149,1,1827,20.92
149,1,1828,20.92
149,1,1830,20.92
149,1,1831,20.92
149,1,795,20.92
149,1,9296,20.92
472,0,102,20.98
472,0,105,20.98
472,0,107,20.98
472,0,2230,20.98
472,0,274,20.98
472,0,31,20.98
472,0,32,20.98
472,0,3212,20.98
472,0,33,20.98
472,0,34,20.98
472,0,3857,20.98
472,0,40,20.98
472,0,4762,20.98
472,0,484,20.98
472,0,485,20.98
472,0,486,20.98
472,0,487,20.98
472,0,488,20.98
472,0,489,20.98
472,0,5024,20.98
472,0,5025,20.98
472,0,5026,20.98
472,0,5027,20.98
472,0,5028,20.98
472,0,5029,20.98
472,0,5030,20.98
472,0,5031,20.98
472,0,5032,20.98
472,0,546,20.98
472,0,547,20.98
472,0,548,20.98
472,0,549,20.98
472,0,550,20.98
472,0,551,20.98
472,0,552,20.98
472,0,553,20.98
472,0,554,20.98
472,0,555,20.98
511,1,1254,21.04
511,1,1263,21.04
511,1,1265,21.04
511,1,130,21.04
511,1,131,21.04
511,1,133,21.04
511,1,134,21.04
511,1,135,21.04
511,1,136,21.04
511,1,137,21.04
511,1,138,21.04
511,1,139,21.04
511,1,141,21.04
511,1,142,21.04
511,1,172,21.04
511,1,3315,21.04
511,1,5361,21.04
511,1,5370,21.04
511,1,5371,21.04
511,1,5372,21.04
511,1,5373,21.04
511,1,5374,21.04
511,1,5375,21.04
511,1,5376,21.04
511,1,5377,21.04
372,1,3556,21.25
372,1,3557,21.25
372,1,3558,21.25
372,1,3559,21.25
372,1,3593,21.25
372,1,3889,21.25
372,1,3890,21.25
372,1,3900,21.25
372,1,3901,21.25
372,1,3902,21.25
372,1,3903,21.25
372,1,3904,21.25
372,1,3907,21.25
372,1,3908,21.25
372,1,3909,21.25
372,1,3910,21.25
372,1,3911,21.25
372,1,3912,21.25
372,1,3915,21.25
372,1,3916,21.25
372,1,3917,21.25
372,1,3919,21.25
372,1,3920,21.25
372,1,3921,21.25
372,1,3922,21.25
372,1,3923,21.25
372,1,419,21.25
372,1,426,21.25
372,1,427,21.25
372,1,428,21.25
372,1,429,21.25
372,1,430,21.25
372,1,431,21.25
372,1,432,21.25
372,1,4352,21.25
372,1,4392,21.25
372,1,4399,21.25
372,1,4400,21.25
372,1,4409,21.25
372,1,4410,21.25
372,1,4414,21.25
897,1,106880,21.25
897,1,1959,21.25
897,1,1960,21.25
897,1,1961,21.25
897,1,1962,21.25
897,1,2008,21.25
897,1,2009,21.25
897,1,2023,21.25
897,1,2024,21.25
897,1,289,21.25
897,1,4504,21.25
897,1,4505,21.25
897,1,7775,21.25
897,1,7778,21.25
897,1,7779,21.25
897,1,8042,21.25
897,1,8046,21.25
897,1,8047,21.25
604,1,3846,21.28
604,1,3847,21.28
604,1,3848,21.28
604,1,589,21.28
604,1,594,21.28
604,1,5996,21.28
604,1,5997,21.28
604,1,5999,21.28
604,1,6,21.28
604,1,600,21.28
604,1,6000,21.28
604,1,6001,21.28
604,1,6002,21.28
604,1,6003,21.28
604,1,6004,21.28
604,1,6005,21.28
604,1,6006,21.28
604,1,601,21.28
604,1,603,21.28
604,1,604,21.28
604,1,605,21.28
604,1,606,21.28
604,1,607,21.28
604,1,608,21.28
604,1,6177,21.28
604,1,6178,21.28
604,1,6179,21.28
604,1,6180,21.28
604,1,6181,21.28
604,1,6188,21.28
604,1,6189,21.28
604,1,6190,21.28
604,1,6191,21.28
604,1,6192,21.28
604,1,62,21.28
604,1,7,21.28
604,1,7701,21.28
604,1,7704,21.28
604,1,7735,21.28
604,1,7920,21.28
604,1,8,21.28
604,1,993,21.28
604,1,994,21.28
604,1,995,21.28
223,0,1277,21.44
223,0,174,21.44
223,0,175,21.44
223,0,176,21.44
223,0,177,21.44
223,0,178,21.44
223,0,179,21.44
223,0,180,21.44
223,0,183,21.44
223,0,186,21.44
223,0,187,21.44
223,0,188,21.44
223,0,189,21.44
223,0,190,21.44
223,0,191,21.44
223,0,192,21.44
223,0,194,21.44
223,0,238,21.44
223,0,2517,21.44
223,0,2518,21.44
223,0,2519,21.44
223,0,3295,21.44
223,0,3304,21.44
223,0,3312,21.44
223,0,376,21.44
223,0,377,21.44
223,0,378,21.44
223,0,380,21.44
223,0,403,21.44
223,0,406,21.44
223,0,409,21.44
223,0,410,21.44
223,0,411,21.44
223,0,412,21.44
223,0,413,21.44
223,0,414,21.44
223,0,415,21.44
223,0,416,21.44
223,0,418,21.44
223,0,419,21.44
223,0,420,21.44
223,0,421,21.44
223,0,422,21.44
223,0,423,21.44
223,0,424,21.44
223,0,426,21.44
223,0,427,21.44
223,0,441,21.44
223,0,443,21.44
223,0,444,21.44
223,0,454,21.44
223,0,5564,21.44
223,0,619,21.44
223,0,621,21.44
223,0,622,21.44
223,0,623,21.44
317,0,3498,21.45
440,0,106826,21.46
440,0,1079,21.46
440,0,1255,21.46
440,0,140,21.46
440,0,1863,21.46
440,0,1944,21.46
440,0,4425,21.46
440,0,4426,21.46
440,0,4427,21.46
440,0,4428,21.46
440,0,4713,21.46
440,0,4714,21.46
440,0,4715,21.46
440,0,4716,21.46
440,0,4717,21.46
440,0,4718,21.46
440,0,4719,21.46
440,0,4720,21.46
440,0,4721,21.46
440,0,4722,21.46
440,0,4723,21.46
440,0,4724,21.46
440,0,4725,21.46
440,0,4727,21.46
440,0,4728,21.46
440,0,4729,21.46
440,0,4730,21.46
440,0,4732,21.46
440,0,4733,21.46
440,0,4734,21.46
440,0,4735,21.46
440,0,4736,21.46
440,0,4737,21.46
440,0,4738,21.46
440,0,4739,21.46
440,0,4740,21.46
440,0,4741,21.46
440,0,4742,21.46
440,0,4743,21.46
440,0,4744,21.46
440,0,4745,21.46
440,0,4746,21.46
440,0,4748,21.46
440,0,4749,21.46
440,0,4750,21.46
440,0,4753,21.46
440,0,4754,21.46
440,0,4756,21.46
440,0,4758,21.46
440,0,4759,21.46
440,0,4760,21.46
440,0,4761,21.46
440,0,4811,21.46
440,0,4812,21.46
440,0,4813,21.46
440,0,4815,21.46
440,0,4816,21.46
440,0,4817,21.46
440,0,4818,21.46
440,0,4819,21.46
440,0,4820,21.46
440,0,4821,21.46
440,0,4822,21.46
440,0,4823,21.46
440,0,4824,21.46
440,0,4825,21.46
440,0,4827,21.46
440,0,4828,21.46
440,0,4829,21.46
440,0,4830,21.46
440,0,4831,21.46
440,0,590,21.46
440,0,6603,21.46
440,0,6605,21.46
440,0,6682,21.46
440,0,7262,21.46
440,0,7647,21.46
440,0,7652,21.46
440,0,7782,21.46
440,0,7784,21.46
440,0,7933,21.46
440,0,7936,21.46
440,0,7937,21.46
440,0,80,21.46
440,0,81,21.46
440,0,82,21.46
440,0,9279,21.46
445,1,1085,21.46
445,1,1263,21.46
445,1,141,21.46
445,1,1891,21.46
445,1,1950,21.46
445,1,1952,21.46
445,1,1953,21.46
445,1,4429,21.46
445,1,4430,21.46
445,1,4431,21.46
445,1,4432,21.46
445,1,4728,21.46
445,1,4763,21.46
445,1,4764,21.46
445,1,4765,21.46
445,1,4771,21.46
445,1,4774,21.46
445,1,4775,21.46
445,1,4776,21.46
445,1,4777,21.46
445,1,4778,21.46
445,1,4779,21.46
445,1,4780,21.46
445,1,4781,21.46
445,1,4782,21.46
445,1,4783,21.46
445,1,4784,21.46
445,1,4785,21.46
445,1,4786,21.46
445,1,4787,21.46
445,1,4788,21.46
445,1,4789,21.46
445,1,4790,21.46
445,1,4791,21.46
445,1,4792,21.46
445,1,4794,21.46
445,1,4795,21.46
445,1,4796,21.46
445,1,4798,21.46
445,1,4799,21.46
445,1,4800,21.46
445,1,4801,21.46
445,1,4802,21.46
445,1,4803,21.46
445,1,4804,21.46
445,1,4805,21.46
445,1,4806,21.46
445,1,4807,21.46
445,1,4808,21.46
445,1,4809,21.46
445,1,4810,21.46
445,1,4832,21.46
445,1,4833,21.46
445,1,4834,21.46
445,1,4836,21.46
445,1,4839,21.46
445,1,4840,21.46
445,1,4842,21.46
445,1,4843,21.46
445,1,4845,21.46
445,1,4846,21.46
445,1,4847,21.46
445,1,4848,21.46
445,1,4849,21.46
445,1,4851,21.46
445,1,4852,21.46
445,1,603,21.46
445,1,6605,21.46
445,1,6646,21.46
445,1,6687,21.46
445,1,6728,21.46
445,1,6729,21.46
445,1,7667,21.46
445,1,7668,21.46
445,1,7669,21.46
445,1,7671,21.46
445,1,7786,21.46
445,1,7787,21.46
445,1,7789,21.46
445,1,7792,21.46
445,1,7886,21.46
445,1,7892,21.46
445,1,7938,21.46
445,1,8349,21.46
445,1,88,21.46
445,1,89,21.46
445,1,90,21.46
445,1,9280,21.46
896,0,1963,21.7
896,0,2008,21.7
896,0,2009,21.7
896,0,2010,21.7
896,0,2011,21.7
896,0,208,21.7
896,0,217,21.7
896,0,3165,21.7
896,0,331,21.7
896,0,4479,21.7
896,0,4480,21.7
896,0,7775,21.7
896,0,7776,21.7
896,0,7777,21.7
896,0,8042,21.7
896,0,8044,21.7
896,0,8045,21.7
898,0,1963,21.7
898,0,2011,21.7
898,0,208,21.7
898,0,217,21.7
898,0,3165,21.7
898,0,331,21.7
898,0,4479,21.7
898,0,4480,21.7
898,0,7775,21.7
898,0,7776,21.7
898,0,7777,21.7
898,0,8042,21.7
898,0,8044,21.7
898,0,8045,21.7
898,0,8048,21.7
898,0,8049,21.7
898,0,8050,21.7
898,0,8051,21.7
899,1,106880,21.7
899,1,1959,21.7
899,1,1960,21.7
899,1,1961,21.7
899,1,1962,21.7
899,1,2023,21.7
899,1,289,21.7
899,1,4504,21.7
899,1,4505,21.7
899,1,7775,21.7
899,1,7778,21.7
899,1,7779,21.7
899,1,8042,21.7
899,1,8046,21.7
899,1,8047,21.7
899,1,8049,21.7
899,1,8052,21.7
899,1,8053,21.7
899,1,8054,21.7
297,0,1260,21.9
297,0,1277,21.9
297,0,145,21.9
297,0,186,21.9
297,0,187,21.9
297,0,188,21.9
297,0,189,21.9
297,0,190,21.9
297,0,191,21.9
297,0,192,21.9
297,0,194,21.9
297,0,213,21.9
297,0,238,21.9
297,0,2517,21.9
297,0,2518,21.9
297,0,3287,21.9
297,0,3288,21.9
297,0,3289,21.9
297,0,3295,21.9
297,0,3304,21.9
297,0,3347,21.9
297,0,3348,21.9
297,0,3349,21.9
297,0,3350,21.9
297,0,3351,21.9
297,0,3354,21.9
297,0,34,21.9
297,0,343,21.9
297,0,344,21.9
297,0,376,21.9
297,0,377,21.9
297,0,378,21.9
297,0,379,21.9
297,0,380,21.9
297,0,381,21.9
297,0,382,21.9
297,0,385,21.9
297,0,5033,21.9
297,0,621,21.9
297,0,622,21.9
297,0,623,21.9
365,0,102,21.92
365,0,1024,21.92
365,0,1025,21.92
365,0,103,21.92
365,0,105,21.92
365,0,1204,21.92
365,0,1639,21.92
365,0,1640,21.92
365,0,1641,21.92
365,0,18,21.92
365,0,19,21.92
365,0,20,21.92
365,0,22,21.92
365,0,23,21.92
365,0,24,21.92
365,0,25,21.92
365,0,26,21.92
365,0,27,21.92
365,0,28,21.92
365,0,29,21.92
365,0,30,21.92
365,0,31,21.92
365,0,32,21.92
365,0,320,21.92
365,0,321,21.92
365,0,33,21.92
365,0,34,21.92
365,0,35,21.92
365,0,3842,21.92
365,0,3844,21.92
365,0,3855,21.92
365,0,409,21.92
365,0,410,21.92
365,0,411,21.92
365,0,412,21.92
365,0,413,21.92
365,0,414,21.92
365,0,415,21.92
365,0,416,21.92
365,0,418,21.92
365,0,419,21.92
365,0,420,21.92
365,0,421,21.92
365,0,422,21.92
365,0,423,21.92
365,0,424,21.92
365,0,426,21.92
365,0,427,21.92
365,0,454,21.92
365,0,53,21.92
365,0,594,21.92
365,0,595,21.92
365,0,596,21.92
365,0,597,21.92
365,0,598,21.92
365,0,599,21.92
365,0,6467,21.92
365,0,7736,21.92
365,0,7915,21.92
365,0,993,21.92
603,0,1024,21.93
603,0,1025,21.93
603,0,3842,21.93
603,0,3844,21.93
603,0,586,21.93
603,0,587,21.93
603,0,588,21.93
603,0,590,21.93
603,0,591,21.93
603,0,592,21.93
603,0,593,21.93
603,0,5978,21.93
603,0,5979,21.93
603,0,5980,21.93
603,0,5981,21.93
603,0,5982,21.93
603,0,5983,21.93
603,0,5984,21.93
603,0,5985,21.93
603,0,5986,21.93
603,0,5987,21.93
603,0,5988,21.93
603,0,5989,21.93
603,0,5990,21.93
603,0,5991,21.93
603,0,5992,21.93
603,0,5993,21.93
603,0,5994,21.93
603,0,607,21.93
603,0,608,21.93
603,0,6172,21.93
603,0,6173,21.93
603,0,6174,21.93
603,0,6175,21.93
603,0,6176,21.93
603,0,6183,21.93
603,0,6184,21.93
603,0,6185,21.93
603,0,6186,21.93
603,0,6187,21.93
603,0,7736,21.93
603,0,7763,21.93
603,0,7915,21.93
603,0,993,21.93
214,1,106,22.02
214,1,107,22.02
214,1,1204,22.02
214,1,1318,22.02
214,1,1323,22.02
214,1,1324,22.02
214,1,1325,22.02
214,1,1326,22.02
214,1,1327,22.02
214,1,1328,22.02
214,1,1329,22.02
214,1,1330,22.02
214,1,1331,22.02
214,1,1332,22.02
214,1,1334,22.02
214,1,1335,22.02
214,1,1336,22.02
214,1,1337,22.02
214,1,1338,22.02
214,1,1339,22.02
214,1,1340,22.02
214,1,2178,22.02
214,1,2232,22.02
214,1,2235,22.02
214,1,2238,22.02
214,1,2239,22.02
214,1,2240,22.02
214,1,2241,22.02
214,1,2279,22.02
214,1,2280,22.02
214,1,2281,22.02
214,1,349,22.02
214,1,3857,22.02
214,1,39,22.02
607,0,106815,22.06
607,0,106816,22.06
607,0,1310,22.06
607,0,1311,22.06
607,0,1312,22.06
607,0,1313,22.06
607,0,1314,22.06
607,0,1315,22.06
607,0,1316,22.06
607,0,1317,22.06
607,0,1318,22.06
607,0,1322,22.06
607,0,1376,22.06
607,0,1747,22.06
607,0,2142,22.06
607,0,2143,22.06
607,0,2144,22.06
607,0,2145,22.06
607,0,2146,22.06
607,0,2147,22.06
607,0,2148,22.06
607,0,2149,22.06
607,0,2150,22.06
607,0,2151,22.06
607,0,2152,22.06
607,0,2153,22.06
607,0,2154,22.06
607,0,2155,22.06
607,0,319,22.06
607,0,320,22.06
607,0,705,22.06
607,0,706,22.06
607,0,707,22.06
607,0,708,22.06
607,0,709,22.06
607,0,710,22.06
607,0,711,22.06
607,0,712,22.06
607,0,713,22.06
607,0,714,22.06
607,0,715,22.06
607,0,716,22.06
607,0,717,22.06
358,1,106,22.16
358,1,107,22.16
358,1,1318,22.16
358,1,1323,22.16
358,1,1324,22.16
358,1,1325,22.16
358,1,1326,22.16
358,1,1327,22.16
358,1,1328,22.16
358,1,1329,22.16
358,1,1330,22.16
358,1,1331,22.16
358,1,1332,22.16
358,1,1702,22.16
358,1,2178,22.16
358,1,2179,22.16
358,1,2180,22.16
358,1,2181,22.16
358,1,2182,22.16
358,1,2183,22.16
358,1,2184,22.16
358,1,409,22.16
358,1,413,22.16
358,1,415,22.16
358,1,419,22.16
358,1,426,22.16
358,1,427,22.16
358,1,428,22.16
358,1,429,22.16
358,1,430,22.16
358,1,431,22.16
358,1,432,22.16
358,1,433,22.16
358,1,435,22.16
358,1,436,22.16
358,1,437,22.16
358,1,438,22.16
358,1,439,22.16
358,1,440,22.16
358,1,461,22.16
358,1,462,22.16
358,1,463,22.16
358,1,464,22.16
358,1,467,22.16
358,1,698,22.16
358,1,699,22.16
358,1,700,22.16
358,1,701,22.16
358,1,702,22.16
358,1,703,22.16
358,1,704,22.16
358,1,705,22.16
358,1,748,22.16
358,1,749,22.16
358,1,750,22.16
358,1,751,22.16
358,1,752,22.16
358,1,753,22.16
358,1,754,22.16
358,1,755,22.16
358,1,756,22.16
358,1,757,22.16
358,1,758,22.16
358,1,759,22.16
358,1,761,22.16
358,1,763,22.16
358,1,769,22.16
358,1,770,22.16
358,1,771,22.16
14,0,194,22.23
224,1,106812,22.33
224,1,1702,22.33
224,1,174,22.33
224,1,179,22.33
224,1,229,22.33
224,1,230,22.33
224,1,231,22.33
224,1,232,22.33
224,1,234,22.33
224,1,235,22.33
224,1,236,22.33
224,1,238,22.33
224,1,240,22.33
224,1,243,22.33
224,1,244,22.33
224,1,245,22.33
224,1,246,22.33
224,1,247,22.33
224,1,3317,22.33
224,1,377,22.33
224,1,392,22.33
224,1,393,22.33
224,1,395,22.33
224,1,396,22.33
224,1,408,22.33
224,1,413,22.33
224,1,415,22.33
224,1,419,22.33
224,1,426,22.33
224,1,427,22.33
224,1,428,22.33
224,1,429,22.33
224,1,430,22.33
224,1,431,22.33
224,1,432,22.33
224,1,433,22.33
224,1,435,22.33
224,1,436,22.33
224,1,437,22.33
224,1,438,22.33
224,1,439,22.33
224,1,440,22.33
224,1,441,22.33
224,1,442,22.33
224,1,443,22.33
224,1,444,22.33
224,1,5556,22.33
224,1,619,22.33
224,1,624,22.33
224,1,625,22.33
224,1,626,22.33
224,1,627,22.33
224,1,7939,22.33
224,1,8062,22.33
213,0,103,22.39
213,0,105,22.39
213,0,106815,22.39
213,0,106816,22.39
213,0,108,22.39
213,0,1204,22.39
213,0,1303,22.39
213,0,1305,22.39
213,0,1306,22.39
213,0,1307,22.39
213,0,1308,22.39
213,0,1309,22.39
213,0,1310,22.39
213,0,1311,22.39
213,0,1312,22.39
213,0,1313,22.39
213,0,1314,22.39
213,0,1315,22.39
213,0,1316,22.39
213,0,1317,22.39
213,0,1318,22.39
213,0,1321,22.39
213,0,1322,22.39
213,0,1339,22.39
213,0,2232,22.39
213,0,2235,22.39
213,0,2238,22.39
213,0,2239,22.39
213,0,2240,22.39
213,0,2241,22.39
213,0,2284,22.39
213,0,2285,22.39
213,0,2286,22.39
213,0,319,22.39
213,0,320,22.39
213,0,321,22.39
1130,0,5844,22.6
267,0,103,22.61
267,0,106816,22.61
267,0,1204,22.61
267,0,1208,22.61
267,0,1322,22.61
267,0,2361,22.61
267,0,2362,22.61
267,0,2533,22.61
267,0,2534,22.61
267,0,2535,22.61
267,0,2536,22.61
267,0,2537,22.61
267,0,2538,22.61
267,0,2539,22.61
267,0,2540,22.61
267,0,2549,22.61
267,0,2550,22.61
267,0,3055,22.61
267,0,3056,22.61
267,0,3057,22.61
267,0,3058,22.61
267,0,3079,22.61
267,0,3080,22.61
267,0,319,22.61
267,0,320,22.61
267,0,321,22.61
267,0,349,22.61
248,1,105,22.71
248,1,107,22.71
248,1,108,22.71
248,1,1323,22.71
248,1,1324,22.71
248,1,1325,22.71
248,1,1370,22.71
248,1,1375,22.71
248,1,1379,22.71
248,1,1380,22.71
248,1,1381,22.71
248,1,1382,22.71
248,1,1436,22.71
248,1,2230,22.71
248,1,2982,22.71
248,1,2983,22.71
248,1,2984,22.71
248,1,2985,22.71
248,1,2986,22.71
248,1,3212,22.71
248,1,3857,22.71
298,1,1261,22.79
298,1,1277,22.79
298,1,213,22.79
298,1,229,22.79
298,1,230,22.79
298,1,231,22.79
298,1,232,22.79
298,1,234,22.79
298,1,235,22.79
298,1,236,22.79
298,1,238,22.79
298,1,274,22.79
298,1,327,22.79
298,1,3289,22.79
298,1,3338,22.79
298,1,3347,22.79
298,1,3350,22.79
298,1,3354,22.79
298,1,3356,22.79
298,1,3357,22.79
298,1,3359,22.79
298,1,3360,22.79
298,1,377,22.79
298,1,385,22.79
298,1,387,22.79
298,1,388,22.79
298,1,391,22.79
298,1,393,22.79
298,1,394,22.79
298,1,395,22.79
298,1,396,22.79
298,1,624,22.79
298,1,625,22.79
298,1,626,22.79
298,1,627,22.79
298,1,788,22.79
298,1,789,22.79
298,1,7939,22.79
298,1,8062,22.79
318,1,3524,22.82
247,0,103,23.0
247,0,106815,23.0
247,0,106816,23.0
247,0,1204,23.0
247,0,1318,23.0
247,0,1321,23.0
247,0,1322,23.0
247,0,1371,23.0
247,0,1372,23.0
247,0,1373,23.0
247,0,1378,23.0
247,0,2892,23.0
247,0,2977,23.0
247,0,2978,23.0
247,0,2979,23.0
247,0,2980,23.0
247,0,2981,23.0
247,0,319,23.0
247,0,320,23.0
247,0,321,23.0
247,0,349,23.0
247,0,39,23.0
81,1,1031,23.04
81,1,1036,23.04
81,1,1037,23.04
81,1,1038,23.04
81,1,1050,23.04
81,1,1051,23.04
81,1,1052,23.04
81,1,1053,23.04
81,1,1056,23.04
81,1,1058,23.04
81,1,1737,23.04
81,1,1743,23.04
81,1,1744,23.04
81,1,1746,23.04
81,1,304,23.04
81,1,40,23.04
81,1,734,23.04
81,1,735,23.04
81,1,736,23.04
81,1,737,23.04
81,1,738,23.04
81,1,739,23.04
81,1,949,23.04
81,1,950,23.04
81,1,951,23.04
81,1,952,23.04
81,1,953,23.04
81,1,954,23.04
81,1,955,23.04
81,1,956,23.04
81,1,957,23.04
81,1,958,23.04
81,1,959,23.04
81,1,974,23.04
411,1,106564,23.1
411,1,1277,23.1
411,1,130,23.1
411,1,131,23.1
411,1,133,23.1
411,1,134,23.1
411,1,135,23.1
411,1,137,23.1
411,1,142,23.1
411,1,172,23.1
411,1,213,23.1
411,1,3354,23.1
411,1,343,23.1
411,1,344,23.1
411,1,381,23.1
411,1,382,23.1
411,1,385,23.1
411,1,4493,23.1
411,1,4494,23.1
411,1,4495,23.1
411,1,4496,23.1
411,1,4509,23.1
411,1,5033,23.1
411,1,5732,23.1
733,1,106828,23.11
733,1,1085,23.11
733,1,1743,23.11
733,1,1744,23.11
733,1,2210,23.11
733,1,3846,23.11
733,1,3847,23.11
733,1,3848,23.11
733,1,4763,23.11
733,1,5894,23.11
733,1,5898,23.11
733,1,594,23.11
733,1,5991,23.11
733,1,5993,23.11
733,1,5994,23.11
733,1,600,23.11
733,1,601,23.11
733,1,6038,23.11
733,1,6040,23.11
733,1,6127,23.11
733,1,6128,23.11
733,1,6159,23.11
733,1,6160,23.11
733,1,6217,23.11
733,1,6263,23.11
733,1,6264,23.11
733,1,6275,23.11
733,1,6516,23.11
733,1,6527,23.11
733,1,6941,23.11
733,1,6943,23.11
733,1,6944,23.11
733,1,6945,23.11
733,1,7065,23.11
733,1,7066,23.11
733,1,7067,23.11
733,1,7068,23.11
733,1,7069,23.11
733,1,7070,23.11
733,1,7071,23.11
733,1,7302,23.11
733,1,7308,23.11
733,1,7662,23.11
733,1,7735,23.11
733,1,7791,23.11
733,1,7920,23.11
733,1,89,23.11
733,1,90,23.11
733,1,9280,23.11
733,1,994,23.11
733,1,995,23.11
242,1,107,23.19
242,1,1323,23.19
242,1,1324,23.19
242,1,1325,23.19
242,1,1369,23.19
242,1,1370,23.19
242,1,1374,23.19
242,1,1375,23.19
242,1,1379,23.19
242,1,1380,23.19
242,1,1381,23.19
242,1,1398,23.19
242,1,1400,23.19
242,1,1432,23.19
242,1,1574,23.19
242,1,1634,23.19
242,1,2159,23.19
242,1,2332,23.19
242,1,2333,23.19
242,1,2335,23.19
242,1,2877,23.19
242,1,2878,23.19
242,1,2879,23.19
242,1,2893,23.19
242,1,2894,23.19
242,1,2895,23.19
242,1,2896,23.19
242,1,2897,23.19
242,1,2898,23.19
242,1,2899,23.19
242,1,2900,23.19
242,1,2901,23.19
242,1,2902,23.19
242,1,2903,23.19
242,1,2904,23.19
327,0,3218,23.29
327,0,3219,23.29
327,0,3221,23.29
327,0,3223,23.29
327,0,3224,23.29
327,0,3225,23.29
327,0,3226,23.29
327,0,3264,23.29
327,0,3505,23.29
327,0,3506,23.29
327,0,3507,23.29
327,0,3508,23.29
327,0,3509,23.29
327,0,3510,23.29
327,0,3511,23.29
327,0,3512,23.29
327,0,3539,23.29
327,0,3649,23.29
327,0,3650,23.29
327,0,3651,23.29
327,0,3652,23.29
327,0,3653,23.29
327,0,3654,23.29
327,0,3655,23.29
327,0,418,23.29
327,0,419,23.29
730,0,1024,23.38
730,0,1025,23.38
730,0,1044,23.38
730,0,1045,23.38
730,0,1078,23.38
730,0,2124,23.38
730,0,2125,23.38
730,0,3842,23.38
730,0,3844,23.38
730,0,4761,23.38
730,0,5892,23.38
730,0,5894,23.38
730,0,5898,23.38
730,0,591,23.38
730,0,592,23.38
730,0,593,23.38
730,0,594,23.38
730,0,6034,23.38
730,0,6038,23.38
730,0,6059,23.38
730,0,6129,23.38
730,0,6130,23.38
730,0,6161,23.38
730,0,6162,23.38
730,0,6216,23.38
730,0,6259,23.38
730,0,6260,23.38
730,0,6306,23.38
730,0,6530,23.38
730,0,6941,23.38
730,0,7054,23.38
730,0,7055,23.38
730,0,7056,23.38
730,0,7057,23.38
730,0,7059,23.38
730,0,7060,23.38
730,0,7304,23.38
730,0,7661,23.38
730,0,7684,23.38
730,0,7736,23.38
730,0,7904,23.38
730,0,7909,23.38
730,0,7910,23.38
730,0,7912,23.38
730,0,7915,23.38
730,0,82,23.38
730,0,8892,23.38
730,0,9279,23.38
359,0,117,23.41
359,0,118,23.41
359,0,119,23.41
359,0,120,23.41
359,0,121,23.41
359,0,1641,23.41
359,0,1749,23.41
359,0,1750,23.41
359,0,1751,23.41
359,0,1752,23.41
359,0,1753,23.41
359,0,1754,23.41
359,0,1756,23.41
359,0,1757,23.41
359,0,1758,23.41
359,0,1783,23.41
359,0,1963,23.41
359,0,1990,23.41
359,0,200,23.41
359,0,201,23.41
359,0,202,23.41
359,0,203,23.41
359,0,204,23.41
359,0,205,23.41
359,0,206,23.41
359,0,207,23.41
359,0,277,23.41
359,0,278,23.41
359,0,281,23.41
359,0,282,23.41
359,0,3165,23.41
359,0,3166,23.41
359,0,331,23.41
359,0,3362,23.41
359,0,3363,23.41
359,0,3758,23.41
359,0,3811,23.41
359,0,3812,23.41
359,0,3813,23.41
359,0,409,23.41
359,0,410,23.41
359,0,411,23.41
359,0,412,23.41
359,0,413,23.41
359,0,414,23.41
359,0,415,23.41
359,0,416,23.41
359,0,418,23.41
359,0,454,23.41
359,0,788,23.41
359,0,8202,23.41
359,0,8605,23.41
40,0,105,23.52
40,0,1068,23.52
40,0,106813,23.52
40,0,107,23.52
40,0,1071,23.52
40,0,1153,23.52
40,0,19,23.52
40,0,20,23.52
40,0,22,23.52
40,0,2230,23.52
40,0,23,23.52
40,0,25,23.52
40,0,26,23.52
40,0,27,23.52
40,0,274,23.52
40,0,28,23.52
40,0,29,23.52
40,0,30,23.52
40,0,31,23.52
40,0,32,23.52
40,0,3212,23.52
40,0,33,23.52
40,0,3354,23.52
40,0,34,23.52
40,0,3857,23.52
40,0,458,23.52
40,0,53,23.52
40,0,584,23.52
40,0,585,23.52
40,0,586,23.52
40,0,587,23.52
40,0,588,23.52
40,0,594,23.52
40,0,595,23.52
40,0,596,23.52
40,0,597,23.52
40,0,599,23.52
40,0,5994,23.52
40,0,600,23.52
40,0,601,23.52
40,0,603,23.52
40,0,6293,23.52
40,0,68,23.52
40,0,69,23.52
40,0,70,23.52
40,0,72,23.52
40,0,73,23.52
40,0,75,23.52
40,0,76,23.52
40,0,77,23.52
40,0,78,23.52
40,0,79,23.52
40,0,7920,23.52
40,0,8,23.52
71,1,6087,23.78
71,1,7089,23.78
71,1,830,23.78
71,1,831,23.78
71,1,890,23.78
71,1,892,23.78
71,1,893,23.78
71,1,894,23.78
71,1,895,23.78
71,1,896,23.78
71,1,897,23.78
71,1,898,23.78
71,1,899,23.78
71,1,900,23.78
71,1,901,23.78
71,1,903,23.78
71,1,904,23.78
71,1,905,23.78
71,1,906,23.78
71,1,907,23.78
71,1,908,23.78
71,1,909,23.78
71,1,910,23.78
71,1,911,23.78
71,1,912,23.78
71,1,913,23.78
71,1,914,23.78
71,1,915,23.78
71,1,916,23.78
71,1,917,23.78
71,1,918,23.78
71,1,919,23.78
71,1,920,23.78
71,1,921,23.78
71,1,922,23.78
71,1,923,23.78
71,1,924,23.78
71,1,925,23.78
71,1,926,23.78
71,1,927,23.78
71,1,928,23.78
71,1,929,23.78
71,1,930,23.78
847,0,10,23.85
847,0,1071,23.85
847,0,1079,23.85
847,0,11,23.85
847,0,12,23.85
847,0,1255,23.85
847,0,140,23.85
847,0,1863,23.85
847,0,1944,23.85
847,0,4425,23.85
847,0,4426,23.85
847,0,4427,23.85
847,0,4428,23.85
847,0,4811,23.85
847,0,4812,23.85
847,0,4813,23.85
847,0,4815,23.85
847,0,4816,23.85
847,0,4817,23.85
847,0,4818,23.85
847,0,4819,23.85
847,0,4820,23.85
847,0,4821,23.85
847,0,4822,23.85
847,0,4825,23.85
847,0,4827,23.85
847,0,4828,23.85
847,0,4829,23.85
847,0,4830,23.85
847,0,4831,23.85
847,0,68,23.85
847,0,69,23.85
847,0,70,23.85
847,0,71,23.85
847,0,72,23.85
847,0,73,23.85
847,0,75,23.85
847,0,76,23.85
847,0,77,23.85
847,0,7781,23.85
847,0,7782,23.85
847,0,7783,23.85
847,0,7784,23.85
847,0,78,23.85
847,0,79,23.85
847,0,7933,23.85
847,0,7936,23.85
847,0,7937,23.85
847,0,8,23.85
847,0,80,23.85
847,0,81,23.85
847,0,82,23.85
847,0,9,23.85
357,0,106815,23.89
357,0,106816,23.89
357,0,1310,23.89
357,0,1311,23.89
357,0,1312,23.89
357,0,1313,23.89
357,0,1314,23.89
357,0,1315,23.89
357,0,1316,23.89
357,0,1317,23.89
357,0,1318,23.89
357,0,1322,23.89
357,0,1376,23.89
357,0,1639,23.89
357,0,1640,23.89
357,0,1641,23.89
357,0,2150,23.89
357,0,2151,23.89
357,0,2152,23.89
357,0,2153,23.89
357,0,2154,23.89
357,0,2155,23.89
357,0,319,23.89
357,0,320,23.89
357,0,409,23.89
357,0,410,23.89
357,0,411,23.89
357,0,412,23.89
357,0,413,23.89
357,0,414,23.89
357,0,415,23.89
357,0,416,23.89
357,0,418,23.89
357,0,419,23.89
357,0,420,23.89
357,0,421,23.89
357,0,422,23.89
357,0,423,23.89
357,0,424,23.89
357,0,426,23.89
357,0,427,23.89
357,0,454,23.89
357,0,698,23.89
357,0,699,23.89
357,0,700,23.89
357,0,701,23.89
357,0,702,23.89
357,0,703,23.89
357,0,704,23.89
357,0,705,23.89
357,0,706,23.89
357,0,707,23.89
357,0,708,23.89
357,0,709,23.89
357,0,710,23.89
357,0,711,23.89
357,0,712,23.89
357,0,713,23.89
357,0,714,23.89
357,0,715,23.89
357,0,716,23.89
357,0,717,23.89
357,0,761,23.89
357,0,762,23.89
357,0,763,23.89
357,0,764,23.89
357,0,765,23.89
70,0,6201,24.02
70,0,812,24.02
70,0,822,24.02
70,0,823,24.02
70,0,824,24.02
70,0,825,24.02
70,0,826,24.02
70,0,827,24.02
70,0,828,24.02
70,0,829,24.02
70,0,830,24.02
70,0,831,24.02
70,0,832,24.02
70,0,833,24.02
70,0,834,24.02
70,0,836,24.02
70,0,837,24.02
70,0,838,24.02
70,0,839,24.02
70,0,840,24.02
70,0,841,24.02
70,0,842,24.02
70,0,843,24.02
70,0,844,24.02
70,0,845,24.02
70,0,846,24.02
70,0,847,24.02
70,0,848,24.02
70,0,849,24.02
70,0,850,24.02
70,0,851,24.02
70,0,852,24.02
70,0,853,24.02
70,0,854,24.02
70,0,855,24.02
70,0,856,24.02
70,0,857,24.02
70,0,858,24.02
70,0,859,24.02
70,0,860,24.02
70,0,890,24.02
70,0,916,24.02
70,0,928,24.02
80,0,1031,24.07
80,0,1032,24.07
80,0,1033,24.07
80,0,1034,24.07
80,0,1035,24.07
80,0,1040,24.07
80,0,1041,24.07
80,0,1043,24.07
80,0,1044,24.07
80,0,1045,24.07
80,0,1047,24.07
80,0,1048,24.07
80,0,1660,24.07
80,0,1742,24.07
80,0,264,24.07
80,0,35,24.07
80,0,3855,24.07
80,0,5844,24.07
80,0,6467,24.07
80,0,728,24.07
80,0,729,24.07
80,0,730,24.07
80,0,731,24.07
80,0,732,24.07
80,0,939,24.07
80,0,941,24.07
80,0,942,24.07
80,0,943,24.07
80,0,944,24.07
80,0,945,24.07
80,0,946,24.07
80,0,947,24.07
80,0,948,24.07
80,0,949,24.07
80,0,972,24.07
80,0,973,24.07
410,0,106563,24.25
410,0,129,24.25
410,0,130,24.25
410,0,131,24.25
410,0,132,24.25
410,0,133,24.25
410,0,134,24.25
410,0,135,24.25
410,0,137,24.25
410,0,213,24.25
410,0,274,24.25
410,0,327,24.25
410,0,3315,24.25
410,0,3354,24.25
410,0,385,24.25
410,0,387,24.25
410,0,388,24.25
410,0,391,24.25
410,0,4488,24.25
410,0,4489,24.25
410,0,4490,24.25
410,0,4491,24.25
410,0,4492,24.25
410,0,788,24.25
410,0,789,24.25
727,1,6480,24.38
727,1,7050,24.39
111,1,106564,24.5
111,1,1254,24.5
111,1,1257,24.5
111,1,1258,24.5
111,1,1259,24.5
111,1,1261,24.5
111,1,1262,24.5
111,1,1263,24.5
111,1,1265,24.5
111,1,1275,24.5
111,1,1277,24.5
111,1,130,24.5
111,1,131,24.5
111,1,133,24.5
111,1,134,24.5
111,1,135,24.5
111,1,138,24.5
111,1,139,24.5
111,1,141,24.5
111,1,142,24.5
111,1,172,24.5
570,1,106830,24.87
570,1,1746,24.87
570,1,5845,24.87
570,1,5846,24.87
570,1,5847,24.87
570,1,5848,24.87
570,1,5849,24.87
570,1,5856,24.87
570,1,5877,24.87
570,1,5878,24.87
570,1,5879,24.87
570,1,5880,24.87
570,1,5881,24.87
570,1,5882,24.87
570,1,5883,24.87
570,1,5884,24.87
569,0,1041,25.0
569,0,5833,25.0
569,0,5841,25.0
569,0,5842,25.0
569,0,5843,25.0
569,0,5844,25.0
569,0,5867,25.0
569,0,5868,25.0
569,0,5869,25.0
569,0,5870,25.0
569,0,5871,25.0
569,0,5872,25.0
569,0,5873,25.0
569,0,5874,25.0
569,0,5875,25.0
569,0,6307,25.0
569,0,6312,25.0
569,0,6462,25.0
69,1,1277,25.0
69,1,130,25.0
69,1,131,25.0
69,1,172,25.0
69,1,248,25.0
69,1,253,25.0
69,1,258,25.0
69,1,311,25.0
69,1,312,25.0
69,1,313,25.0
69,1,314,25.0
69,1,315,25.0
69,1,316,25.0
69,1,317,25.0
69,1,343,25.0
69,1,344,25.0
69,1,381,25.0
69,1,382,25.0
69,1,385,25.0
69,1,40,25.0
69,1,4509,25.0
69,1,5033,25.0
69,1,734,25.0
69,1,735,25.0
69,1,736,25.0
69,1,737,25.0
69,1,738,25.0
69,1,739,25.0
69,1,740,25.0
69,1,785,25.0
69,1,790,25.0
69,1,791,25.0
69,1,792,25.0
69,1,793,25.0
69,1,795,25.0
69,1,800,25.0
69,1,801,25.0
69,1,802,25.0
69,1,803,25.0
69,1,804,25.0
69,1,805,25.0
69,1,806,25.0
110,0,106563,25.13
110,0,1253,25.13
110,0,1254,25.13
110,0,1256,25.13
110,0,1257,25.13
110,0,1258,25.13
110,0,1259,25.13
110,0,1260,25.13
110,0,1263,25.13
110,0,1266,25.13
110,0,1267,25.13
110,0,1268,25.13
110,0,1269,25.13
110,0,1270,25.13
110,0,1271,25.13
110,0,129,25.13
110,0,132,25.13
110,0,137,25.13
110,0,140,25.13
110,0,3315,25.13
110,0,3830,25.13
328,1,3217,25.13
328,1,3222,25.13
328,1,3258,25.13
328,1,3259,25.13
328,1,3260,25.13
328,1,3261,25.13
328,1,3262,25.13
328,1,3263,25.13
328,1,3513,25.13
328,1,3514,25.13
328,1,3515,25.13
328,1,3516,25.13
328,1,3517,25.13
328,1,3518,25.13
328,1,3519,25.13
328,1,3656,25.13
328,1,3657,25.13
328,1,3658,25.13
328,1,3659,25.13
328,1,3660,25.13
328,1,3661,25.13
328,1,3662,25.13
328,1,3663,25.13
328,1,3664,25.13
328,1,3665,25.13
328,1,3666,25.13
328,1,419,25.13
740,0,6883,25.13
740,0,7047,25.13
740,0,7110,25.13
740,0,7111,25.13
740,0,7113,25.13
740,0,7115,25.13
740,0,7116,25.13
740,0,7117,25.13
740,0,7118,25.13
740,0,7119,25.13
740,0,7120,25.13
740,0,7121,25.13
740,0,7122,25.13
740,0,7123,25.13
740,0,7124,25.13
740,0,7125,25.13
740,0,7126,25.13
740,0,7127,25.13
740,0,7128,25.13
740,0,7129,25.13
740,0,7130,25.13
740,0,7131,25.13
740,0,7133,25.13
740,0,7134,25.13
740,0,7135,25.13
740,0,7136,25.13
740,0,7141,25.13
740,0,7166,25.13
740,0,7428,25.13
740,0,835,25.13
740,0,836,25.13
740,0,837,25.13
740,0,838,25.13
740,0,839,25.13
740,0,840,25.13
740,0,841,25.13
740,0,842,25.13
740,0,843,25.13
740,0,844,25.13
740,0,845,25.13
740,0,846,25.13
740,0,847,25.13
740,0,848,25.13
740,0,849,25.13
740,0,850,25.13
740,0,851,25.13
740,0,852,25.13
740,0,853,25.13
740,0,854,25.13
740,0,855,25.13
740,0,856,25.13
740,0,857,25.13
740,0,858,25.13
740,0,859,25.13
740,0,860,25.13
360,1,117,25.26
360,1,118,25.26
360,1,119,25.26
360,1,120,25.26
360,1,121,25.26
360,1,1702,25.26
360,1,1751,25.26
360,1,1758,25.26
360,1,1760,25.26
360,1,1761,25.26
360,1,1762,25.26
360,1,1763,25.26
360,1,1764,25.26
360,1,1767,25.26
360,1,1821,25.26
360,1,1822,25.26
360,1,1957,25.26
360,1,1959,25.26
360,1,1960,25.26
360,1,1961,25.26
360,1,1962,25.26
360,1,1990,25.26
360,1,201,25.26
360,1,202,25.26
360,1,204,25.26
360,1,205,25.26
360,1,206,25.26
360,1,207,25.26
360,1,225,25.26
360,1,283,25.26
360,1,284,25.26
360,1,287,25.26
360,1,288,25.26
360,1,3167,25.26
360,1,3168,25.26
360,1,3176,25.26
360,1,3178,25.26
360,1,3179,25.26
360,1,3211,25.26
360,1,3363,25.26
360,1,3366,25.26
360,1,3755,25.26
360,1,3814,25.26
360,1,3837,25.26
360,1,3838,25.26
360,1,409,25.26
360,1,414,25.26
360,1,415,25.26
360,1,416,25.26
360,1,419,25.26
360,1,433,25.26
360,1,435,25.26
360,1,438,25.26
360,1,439,25.26
360,1,440,25.26
360,1,464,25.26
360,1,8605,25.26
323,0,3552,25.47
323,0,3553,25.47
323,0,3554,25.47
323,0,3555,25.47
323,0,3581,25.47
323,0,3582,25.47
323,0,3583,25.47
323,0,3584,25.47
323,0,3585,25.47
323,0,3586,25.47
323,0,3587,25.47
323,0,3588,25.47
323,0,3590,25.47
323,0,3899,25.47
323,0,419,25.47
323,0,420,25.47
323,0,421,25.47
323,0,422,25.47
323,0,423,25.47
323,0,424,25.47
323,0,426,25.47
323,0,427,25.47
68,0,106808,25.63
68,0,1266,25.63
68,0,129,25.63
68,0,2105,25.63
68,0,248,25.63
68,0,249,25.63
68,0,250,25.63
68,0,251,25.63
68,0,252,25.63
68,0,254,25.63
68,0,255,25.63
68,0,256,25.63
68,0,257,25.63
68,0,274,25.63
68,0,310,25.63
68,0,327,25.63
68,0,3315,25.63
68,0,3354,25.63
68,0,3830,25.63
68,0,385,25.63
68,0,387,25.63
68,0,388,25.63
68,0,391,25.63
68,0,727,25.63
68,0,729,25.63
68,0,730,25.63
68,0,731,25.63
68,0,732,25.63
68,0,779,25.63
68,0,780,25.63
68,0,781,25.63
68,0,782,25.63
68,0,783,25.63
68,0,784,25.63
68,0,786,25.63
68,0,788,25.63
68,0,789,25.63
68,0,794,25.63
68,0,796,25.63
68,0,797,25.63
68,0,798,25.63
68,0,799,25.63
577,0,1040,25.64
577,0,1041,25.64
577,0,4713,25.64
577,0,4714,25.64
577,0,4715,25.64
577,0,4716,25.64
577,0,4717,25.64
577,0,4718,25.64
577,0,4719,25.64
577,0,4720,25.64
577,0,4721,25.64
577,0,4722,25.64
577,0,4724,25.64
577,0,4725,25.64
577,0,4727,25.64
577,0,4728,25.64
577,0,4729,25.64
577,0,4730,25.64
577,0,4732,25.64
577,0,4733,25.64
577,0,4734,25.64
577,0,4735,25.64
577,0,4736,25.64
577,0,4737,25.64
577,0,4738,25.64
577,0,4739,25.64
577,0,4740,25.64
577,0,4741,25.64
577,0,4742,25.64
577,0,4743,25.64
577,0,5144,25.64
577,0,5145,25.64
577,0,5149,25.64
577,0,5844,25.64
577,0,5929,25.64
577,0,5930,25.64
577,0,5931,25.64
577,0,5932,25.64
577,0,5933,25.64
577,0,6566,25.64
577,0,6567,25.64
577,0,6568,25.64
577,0,6603,25.64
577,0,6605,25.64
577,0,6895,25.64
577,0,7259,25.64
578,1,1058,25.9
578,1,1746,25.9
578,1,4728,25.9
578,1,4738,25.9
578,1,4781,25.9
578,1,4782,25.9
578,1,4783,25.9
578,1,4784,25.9
578,1,4785,25.9
578,1,4787,25.9
578,1,4788,25.9
578,1,4789,25.9
578,1,4790,25.9
578,1,4791,25.9
578,1,4792,25.9
578,1,4794,25.9
578,1,4795,25.9
578,1,4796,25.9
578,1,4798,25.9
578,1,4799,25.9
578,1,4801,25.9
578,1,4802,25.9
578,1,4803,25.9
578,1,4804,25.9
578,1,4805,25.9
578,1,4806,25.9
578,1,4807,25.9
578,1,4808,25.9
578,1,4809,25.9
578,1,4810,25.9
578,1,5154,25.9
578,1,5155,25.9
578,1,5156,25.9
578,1,5158,25.9
578,1,5159,25.9
578,1,5845,25.9
578,1,5932,25.9
578,1,5936,25.9
578,1,5937,25.9
578,1,5938,25.9
578,1,5939,25.9
578,1,6575,25.9
578,1,6605,25.9
578,1,6646,25.9
578,1,6895,25.9
578,1,7260,25.9
41,1,100,26.16
41,1,101,26.16
41,1,103,26.16
41,1,106707,26.16
41,1,107,26.16
41,1,1186,26.16
41,1,1187,26.16
41,1,1196,26.16
41,1,1204,26.16
41,1,18,26.16
41,1,319,26.16
41,1,320,26.16
41,1,321,26.16
41,1,349,26.16
41,1,39,26.16
41,1,40,26.16
41,1,41,26.16
41,1,42,26.16
41,1,43,26.16
41,1,44,26.16
41,1,45,26.16
41,1,46,26.16
41,1,47,26.16
41,1,48,26.16
41,1,51,26.16
41,1,52,26.16
41,1,53,26.16
41,1,5761,26.16
41,1,589,26.16
41,1,591,26.16
41,1,592,26.16
41,1,593,26.16
41,1,595,26.16
41,1,596,26.16
41,1,598,26.16
41,1,6,26.16
41,1,604,26.16
41,1,605,26.16
41,1,606,26.16
41,1,607,26.16
41,1,608,26.16
41,1,62,26.16
41,1,6296,26.16
41,1,6695,26.16
41,1,6739,26.16
41,1,7,26.16
41,1,7904,26.16
41,1,91,26.16
41,1,92,26.16
41,1,93,26.16
41,1,94,26.16
41,1,95,26.16
41,1,96,26.16
41,1,97,26.16
41,1,98,26.16
41,1,99,26.16
705,1,1015,26.18
705,1,1056,26.18
705,1,1058,26.18
705,1,107,26.18
705,1,1204,26.18
705,1,1638,26.18
705,1,1643,26.18
705,1,1743,26.18
705,1,1744,26.18
705,1,1746,26.18
705,1,18,26.18
705,1,1827,26.18
705,1,19,26.18
705,1,20,26.18
705,1,24,26.18
705,1,319,26.18
705,1,349,26.18
705,1,3846,26.18
705,1,3847,26.18
705,1,3848,26.18
705,1,41,26.18
705,1,42,26.18
705,1,43,26.18
705,1,44,26.18
705,1,45,26.18
705,1,46,26.18
705,1,460,26.18
705,1,461,26.18
705,1,47,26.18
705,1,48,26.18
705,1,50,26.18
705,1,51,26.18
705,1,52,26.18
705,1,53,26.18
705,1,5894,26.18
705,1,5898,26.18
705,1,594,26.18
705,1,595,26.18
705,1,596,26.18
705,1,597,26.18
705,1,598,26.18
705,1,599,26.18
705,1,6296,26.18
705,1,6527,26.18
705,1,6941,26.18
705,1,6943,26.18
705,1,6944,26.18
705,1,6945,26.18
705,1,7735,26.18
705,1,994,26.18
419,1,145,26.28
419,1,3315,26.28
419,1,343,26.28
419,1,344,26.28
419,1,381,26.28
419,1,382,26.28
419,1,385,26.28
419,1,3850,26.28
419,1,40,26.28
419,1,41,26.28
419,1,42,26.28
419,1,43,26.28
419,1,44,26.28
419,1,45,26.28
419,1,492,26.28
419,1,493,26.28
419,1,494,26.28
419,1,495,26.28
419,1,496,26.28
419,1,497,26.28
419,1,498,26.28
419,1,499,26.28
419,1,500,26.28
419,1,501,26.28
419,1,502,26.28
419,1,503,26.28
419,1,5033,26.28
419,1,504,26.28
419,1,505,26.28
419,1,51,26.28
419,1,52,26.28
419,1,521,26.28
419,1,522,26.28
419,1,527,26.28
419,1,528,26.28
177,1,106812,26.37
177,1,107,26.37
177,1,1323,26.37
177,1,1324,26.37
177,1,1325,26.37
177,1,1702,26.37
177,1,1711,26.37
177,1,1749,26.37
177,1,1751,26.37
177,1,1758,26.37
177,1,1760,26.37
177,1,1761,26.37
177,1,1762,26.37
177,1,1763,26.37
177,1,1764,26.37
177,1,1767,26.37
177,1,2111,26.37
177,1,2112,26.37
177,1,2114,26.37
177,1,2119,26.37
177,1,2230,26.37
177,1,248,26.37
177,1,253,26.37
177,1,310,26.37
177,1,311,26.37
177,1,312,26.37
177,1,313,26.37
177,1,314,26.37
177,1,315,26.37
177,1,316,26.37
177,1,317,26.37
177,1,320,26.37
177,1,3755,26.37
177,1,413,26.37
177,1,415,26.37
177,1,433,26.37
177,1,435,26.37
177,1,436,26.37
177,1,437,26.37
177,1,438,26.37
177,1,439,26.37
177,1,440,26.37
177,1,462,26.37
177,1,463,26.37
177,1,464,26.37
177,1,741,26.37
177,1,766,26.37
177,1,785,26.37
177,1,801,26.37
177,1,802,26.37
177,1,803,26.37
177,1,804,26.37
177,1,805,26.37
177,1,806,26.37
1031,1,105,26.43
1031,1,106,26.43
1031,1,107,26.43
1031,1,149,26.43
1031,1,150,26.43
1031,1,151,26.43
1031,1,152,26.43
1031,1,153,26.43
1031,1,155,26.43
1031,1,160,26.43
1031,1,165,26.43
1031,1,166,26.43
1031,1,167,26.43
1031,1,168,26.43
1031,1,169,26.43
1031,1,170,26.43
1031,1,171,26.43
1031,1,329,26.43
1031,1,340,26.43
1031,1,341,26.43
1031,1,343,26.43
1031,1,344,26.43
1031,1,345,26.43
1031,1,346,26.43
1031,1,347,26.43
1031,1,348,26.43
1031,1,4533,26.43
1031,1,4541,26.43
1031,1,4615,26.43
1031,1,4616,26.43
1031,1,4617,26.43
1031,1,4618,26.43
1031,1,4619,26.43
1031,1,4620,26.43
1031,1,4621,26.43
1031,1,4622,26.43
1031,1,4623,26.43
1031,1,4624,26.43
1031,1,4625,26.43
1031,1,5033,26.43
927,0,1749,26.54
927,0,1750,26.54
927,0,1751,26.54
927,0,1752,26.54
927,0,1753,26.54
927,0,1754,26.54
927,0,1756,26.54
927,0,1757,26.54
927,0,3390,26.54
927,0,3414,26.54
927,0,3415,26.54
927,0,3416,26.54
927,0,3417,26.54
927,0,3418,26.54
927,0,3419,26.54
927,0,3420,26.54
927,0,3421,26.54
927,0,3422,26.54
927,0,3423,26.54
927,0,3424,26.54
927,0,3425,26.54
927,0,3426,26.54
927,0,3427,26.54
927,0,3428,26.54
927,0,3698,26.54
927,0,3699,26.54
927,0,3700,26.54
927,0,3701,26.54
927,0,3702,26.54
927,0,3703,26.54
927,0,3704,26.54
927,0,3705,26.54
927,0,3706,26.54
927,0,3707,26.54
927,0,3709,26.54
927,0,3710,26.54
927,0,3711,26.54
927,0,3712,26.54
927,0,3713,26.54
927,0,3758,26.54
927,0,8164,26.54
849,1,100,26.58
849,1,101,26.58
849,1,1085,26.58
849,1,1263,26.58
849,1,141,26.58
849,1,1891,26.58
849,1,1950,26.58
849,1,1953,26.58
849,1,4429,26.58
849,1,4430,26.58
849,1,4431,26.58
849,1,4432,26.58
849,1,4832,26.58
849,1,4833,26.58
849,1,4834,26.58
849,1,4836,26.58
849,1,4839,26.58
849,1,4840,26.58
849,1,4842,26.58
849,1,4843,26.58
849,1,4845,26.58
849,1,4846,26.58
849,1,4847,26.58
849,1,4848,26.58
849,1,4849,26.58
849,1,4851,26.58
849,1,4852,26.58
849,1,58,26.58
849,1,59,26.58
849,1,6,26.58
849,1,60,26.58
849,1,61,26.58
849,1,62,26.58
849,1,7,26.58
849,1,7781,26.58
849,1,7786,26.58
849,1,7787,26.58
849,1,7789,26.58
849,1,7886,26.58
849,1,7892,26.58
849,1,7938,26.58
849,1,8349,26.58
849,1,88,26.58
849,1,89,26.58
849,1,90,26.58
849,1,91,26.58
849,1,92,26.58
849,1,9299,26.58
849,1,93,26.58
849,1,94,26.58
849,1,95,26.58
849,1,96,26.58
849,1,97,26.58
849,1,98,26.58
849,1,99,26.58
606,1,106478,26.67
606,1,106479,26.67
606,1,106833,26.67
606,1,1746,26.67
606,1,6052,26.67
606,1,6100,26.67
606,1,6193,26.67
606,1,6197,26.67
606,1,6198,26.67
606,1,6217,26.67
606,1,6218,26.67
606,1,6220,26.67
606,1,6222,26.67
606,1,6223,26.67
606,1,6224,26.67
606,1,6225,26.67
606,1,6226,26.67
606,1,6227,26.67
606,1,6228,26.67
606,1,6229,26.67
606,1,6230,26.67
606,1,6233,26.67
606,1,6234,26.67
606,1,6235,26.67
606,1,6880,26.67
606,1,6881,26.67
606,1,6882,26.67
606,1,6885,26.67
606,1,6886,26.67
606,1,6887,26.67
606,1,6897,26.67
606,1,7122,26.67
606,1,7123,26.67
606,1,7124,26.67
606,1,7125,26.67
606,1,7126,26.67
606,1,7127,26.67
606,1,7128,26.67
606,1,7129,26.67
606,1,7130,26.67
606,1,7131,26.67
606,1,7134,26.67
606,1,7135,26.67
606,1,7136,26.67
606,1,7140,26.67
606,1,7141,26.67
606,1,7308,26.67
606,1,7449,26.67
606,1,7452,26.67
606,1,7454,26.67
606,1,7465,26.67
606,1,813,26.67
606,1,817,26.67
606,1,820,26.67
606,1,822,26.67
606,1,926,26.67
606,1,930,26.67
1028,0,107,26.71
1028,0,114,26.71
1028,0,115,26.71
1028,0,116,26.71
1028,0,117,26.71
1028,0,118,26.71
1028,0,119,26.71
1028,0,120,26.71
1028,0,121,26.71
1028,0,158,26.71
1028,0,159,26.71
1028,0,160,26.71
1028,0,161,26.71
1028,0,162,26.71
1028,0,163,26.71
1028,0,164,26.71
1028,0,319,26.71
1028,0,320,26.71
1028,0,321,26.71
1028,0,322,26.71
1028,0,323,26.71
1028,0,324,26.71
1028,0,325,26.71
1028,0,326,26.71
1028,0,327,26.71
1028,0,328,26.71
1028,0,329,26.71
1028,0,330,26.71
1028,0,331,26.71
1028,0,373,26.71
1028,0,4537,26.71
1028,0,4626,26.71
1028,0,4627,26.71
1028,0,4628,26.71
1028,0,4629,26.71
1028,0,4630,26.71
1028,0,4631,26.71
1028,0,4632,26.71
1028,0,4633,26.71
1028,0,4634,26.71
1028,0,4635,26.71
281,0,106822,26.76
281,0,107,26.76
281,0,149,26.76
281,0,150,26.76
281,0,152,26.76
281,0,1962,26.76
281,0,1963,26.76
281,0,1967,26.76
281,0,1968,26.76
281,0,1969,26.76
281,0,1970,26.76
281,0,1971,26.76
281,0,1972,26.76
281,0,1973,26.76
281,0,1974,26.76
281,0,1975,26.76
281,0,1976,26.76
281,0,1977,26.76
281,0,1978,26.76
281,0,200,26.76
281,0,218,26.76
281,0,219,26.76
281,0,220,26.76
281,0,221,26.76
281,0,222,26.76
281,0,223,26.76
281,0,2230,26.76
281,0,224,26.76
281,0,277,26.76
281,0,278,26.76
281,0,281,26.76
281,0,282,26.76
281,0,285,26.76
281,0,3100,26.76
281,0,3165,26.76
281,0,3166,26.76
281,0,3167,26.76
281,0,3168,26.76
281,0,3169,26.76
281,0,3170,26.76
281,0,3171,26.76
281,0,3172,26.76
281,0,325,26.76
281,0,326,26.76
281,0,343,26.76
281,0,344,26.76
281,0,4533,26.76
281,0,4542,26.76
281,0,462,26.76
281,0,5033,26.76
281,0,8202,26.76
605,0,106478,26.79
605,0,106479,26.79
605,0,2123,26.79
605,0,5844,26.79
605,0,6038,26.79
605,0,6052,26.79
605,0,6193,26.79
605,0,6194,26.79
605,0,6195,26.79
605,0,6196,26.79
605,0,6197,26.79
605,0,6198,26.79
605,0,6199,26.79
605,0,6201,26.79
605,0,6202,26.79
605,0,6203,26.79
605,0,6204,26.79
605,0,6205,26.79
605,0,6206,26.79
605,0,6207,26.79
605,0,6208,26.79
605,0,6209,26.79
605,0,6210,26.79
605,0,6212,26.79
605,0,6213,26.79
605,0,6214,26.79
605,0,6215,26.79
605,0,6216,26.79
605,0,7047,26.79
605,0,7129,26.79
605,0,7137,26.79
605,0,7138,26.79
605,0,7139,26.79
605,0,7140,26.79
605,0,7141,26.79
605,0,7142,26.79
605,0,7143,26.79
605,0,7145,26.79
605,0,7146,26.79
605,0,7147,26.79
605,0,7148,26.79
605,0,7149,26.79
605,0,7150,26.79
605,0,7151,26.79
605,0,7304,26.79
605,0,7445,26.79
605,0,7459,26.79
605,0,812,26.79
605,0,823,26.79
605,0,928,26.79
678,0,1031,26.83
678,0,1032,26.83
678,0,1033,26.83
678,0,1034,26.83
678,0,1035,26.83
678,0,1040,26.83
678,0,1041,26.83
678,0,1043,26.83
678,0,1044,26.83
678,0,1045,26.83
678,0,1047,26.83
678,0,1048,26.83
678,0,1369,26.83
678,0,1370,26.83
678,0,1371,26.83
678,0,1372,26.83
678,0,1373,26.83
678,0,1374,26.83
678,0,1375,26.83
678,0,1382,26.83
678,0,1398,26.83
678,0,1399,26.83
678,0,1423,26.83
678,0,1426,26.83
678,0,1566,26.83
678,0,1567,26.83
678,0,1568,26.83
678,0,1570,26.83
678,0,1571,26.83
678,0,1582,26.83
678,0,1632,26.83
678,0,1634,26.83
678,0,1635,26.83
678,0,1742,26.83
678,0,2105,26.83
678,0,2106,26.83
678,0,2107,26.83
678,0,2109,26.83
678,0,2110,26.83
678,0,2229,26.83
678,0,2303,26.83
678,0,3045,26.83
678,0,5844,26.83
678,0,725,26.83
678,0,779,26.83
678,0,780,26.83
678,0,781,26.83
678,0,782,26.83
678,0,783,26.83
678,0,784,26.83
678,0,939,26.83
678,0,940,26.83
678,0,941,26.83
678,0,942,26.83
678,0,943,26.83
678,0,972,26.83
678,0,973,26.83
461,1,105,27.04
461,1,106564,27.04
461,1,107,27.04
461,1,1275,27.04
461,1,1277,27.04
461,1,130,27.04
461,1,131,27.04
461,1,1323,27.04
461,1,1324,27.04
461,1,1325,27.04
461,1,133,27.04
461,1,134,27.04
461,1,135,27.04
461,1,1369,27.04
461,1,1370,27.04
461,1,1374,27.04
461,1,1375,27.04
461,1,1379,27.04
461,1,138,27.04
461,1,1380,27.04
461,1,1381,27.04
461,1,1382,27.04
461,1,139,27.04
461,1,1400,27.04
461,1,1401,27.04
461,1,1402,27.04
461,1,141,27.04
461,1,142,27.04
461,1,172,27.04
461,1,1819,27.04
461,1,1820,27.04
461,1,1821,27.04
461,1,1822,27.04
461,1,1823,27.04
461,1,1966,27.04
461,1,2159,27.04
461,1,2230,27.04
461,1,2332,27.04
461,1,2333,27.04
461,1,2335,27.04
461,1,2336,27.04
461,1,2337,27.04
461,1,2338,27.04
461,1,2339,27.04
461,1,403,27.04
461,1,442,27.04
461,1,443,27.04
461,1,444,27.04
494,0,1024,27.04
494,0,1025,27.04
494,0,117,27.04
494,0,118,27.04
494,0,18,27.04
494,0,19,27.04
494,0,20,27.04
494,0,200,27.04
494,0,201,27.04
494,0,202,27.04
494,0,203,27.04
494,0,204,27.04
494,0,205,27.04
494,0,206,27.04
494,0,207,27.04
494,0,22,27.04
494,0,23,27.04
494,0,24,27.04
494,0,25,27.04
494,0,26,27.04
494,0,27,27.04
494,0,277,27.04
494,0,278,27.04
494,0,28,27.04
494,0,281,27.04
494,0,282,27.04
494,0,29,27.04
494,0,30,27.04
494,0,3842,27.04
494,0,3844,27.04
494,0,4475,27.04
494,0,4476,27.04
494,0,4477,27.04
494,0,4478,27.04
494,0,4479,27.04
494,0,4480,27.04
494,0,4482,27.04
494,0,4483,27.04
494,0,4484,27.04
494,0,5272,27.04
494,0,53,27.04
494,0,594,27.04
494,0,595,27.04
494,0,596,27.04
494,0,597,27.04
494,0,598,27.04
494,0,599,27.04
494,0,7736,27.04
494,0,7915,27.04
494,0,8202,27.04
494,0,8605,27.04
494,0,993,27.04
191,0,1157,27.08
191,0,1158,27.08
191,0,1159,27.08
191,0,1161,27.08
191,0,1162,27.08
191,0,1163,27.08
191,0,1164,27.08
191,0,1165,27.08
191,0,1166,27.08
191,0,1167,27.08
191,0,1168,27.08
191,0,1169,27.08
191,0,1340,27.08
191,0,2279,27.08
191,0,2280,27.08
191,0,2281,27.08
191,0,2282,27.08
191,0,2340,27.08
191,0,2342,27.08
191,0,35,27.08
191,0,3855,27.08
191,0,4532,27.08
191,0,6467,27.08
191,0,718,27.08
191,0,719,27.08
191,0,720,27.08
191,0,721,27.08
191,0,722,27.08
191,0,723,27.08
191,0,726,27.08
191,0,727,27.08
191,0,729,27.08
191,0,730,27.08
191,0,731,27.08
191,0,732,27.08
191,0,733,27.08
191,0,741,27.08
191,0,766,27.08
707,1,1006,27.22
707,1,1007,27.22
707,1,1008,27.22
707,1,1010,27.22
707,1,1041,27.22
707,1,1058,27.22
707,1,106707,27.22
707,1,106708,27.22
707,1,106709,27.22
707,1,106710,27.22
707,1,106711,27.22
707,1,19,27.22
707,1,52,27.22
707,1,53,27.22
707,1,5842,27.22
707,1,5843,27.22
707,1,5844,27.22
707,1,595,27.22
707,1,596,27.22
707,1,598,27.22
707,1,599,27.22
707,1,6298,27.22
707,1,6683,27.22
707,1,6737,27.22
707,1,6739,27.22
707,1,6743,27.22
707,1,6948,27.22
707,1,6949,27.22
707,1,7226,27.22
707,1,7243,27.22
792,0,2123,27.5
792,0,6038,27.5
792,0,6052,27.5
792,0,6202,27.5
792,0,6203,27.5
792,0,6204,27.5
792,0,6205,27.5
792,0,6206,27.5
792,0,6207,27.5
792,0,6208,27.5
792,0,6209,27.5
792,0,6210,27.5
792,0,6212,27.5
792,0,6213,27.5
792,0,6214,27.5
792,0,6215,27.5
792,0,6260,27.5
792,0,6879,27.5
792,0,6880,27.5
792,0,6881,27.5
792,0,6882,27.5
792,0,7110,27.5
792,0,7111,27.5
792,0,7166,27.5
792,0,7304,27.5
792,0,7305,27.5
792,0,7428,27.5
792,0,7429,27.5
792,0,7430,27.5
792,0,7431,27.5
792,0,7432,27.5
792,0,7433,27.5
792,0,7434,27.5
792,0,7435,27.5
792,0,7436,27.5
792,0,7437,27.5
792,0,7438,27.5
792,0,7445,27.5
792,0,7459,27.5
792,0,812,27.5
792,0,820,27.5
792,0,822,27.5
792,0,928,27.5
792,0,929,27.5
706,0,1007,27.78
706,0,1011,27.78
706,0,1013,27.78
706,0,106703,27.78
706,0,106704,27.78
706,0,106705,27.78
706,0,106706,27.78
706,0,1645,27.78
706,0,1746,27.78
706,0,18,27.78
706,0,19,27.78
706,0,22,27.78
706,0,53,27.78
706,0,5845,27.78
706,0,5847,27.78
706,0,5848,27.78
706,0,594,27.78
706,0,595,27.78
706,0,596,27.78
706,0,597,27.78
706,0,598,27.78
706,0,599,27.78
706,0,6295,27.78
706,0,6683,27.78
706,0,6734,27.78
706,0,6737,27.78
706,0,6949,27.78
706,0,7228,27.78
706,0,7245,27.78
706,0,7258,27.78
1049,1,1242,27.97
1049,1,1800,27.97
1049,1,1803,27.97
1049,1,1804,27.97
1049,1,1805,27.97
1049,1,1806,27.97
1049,1,1807,27.97
1049,1,8282,27.97
1049,1,8283,27.97
1049,1,8608,27.97
1049,1,8609,27.97
1049,1,8610,27.97
194,1,1170,28.14
194,1,1171,28.14
194,1,1172,28.14
194,1,1173,28.14
194,1,1174,28.14
194,1,1175,28.14
194,1,1176,28.14
194,1,1177,28.14
194,1,1179,28.14
194,1,1180,28.14
194,1,1181,28.14
194,1,1182,28.14
194,1,1340,28.14
194,1,2243,28.14
194,1,2244,28.14
194,1,2284,28.14
194,1,2285,28.14
194,1,2286,28.14
194,1,2287,28.14
194,1,2288,28.14
194,1,2289,28.14
194,1,2290,28.14
194,1,2291,28.14
194,1,2292,28.14
194,1,2293,28.14
194,1,2294,28.14
194,1,2295,28.14
194,1,2296,28.14
194,1,2302,28.14
194,1,2303,28.14
194,1,40,28.14
194,1,6935,28.14
194,1,726,28.14
194,1,733,28.14
194,1,734,28.14
194,1,735,28.14
194,1,736,28.14
194,1,737,28.14
194,1,738,28.14
194,1,739,28.14
194,1,740,28.14
194,1,744,28.14
194,1,745,28.14
194,1,746,28.14
194,1,747,28.14
194,1,767,28.14
194,1,768,28.14
183,1,107,28.24
183,1,1323,28.24
183,1,1324,28.24
183,1,1325,28.24
183,1,2111,28.24
183,1,2112,28.24
183,1,2114,28.24
183,1,2221,28.24
183,1,2229,28.24
183,1,4549,28.24
183,1,4551,28.24
183,1,698,28.24
183,1,700,28.24
183,1,701,28.24
183,1,702,28.24
183,1,703,28.24
183,1,705,28.24
183,1,718,28.24
183,1,744,28.24
183,1,745,28.24
183,1,746,28.24
183,1,748,28.24
183,1,749,28.24
183,1,750,28.24
183,1,751,28.24
183,1,752,28.24
183,1,753,28.24
183,1,754,28.24
183,1,755,28.24
183,1,756,28.24
183,1,757,28.24
183,1,758,28.24
183,1,759,28.24
183,1,761,28.24
183,1,768,28.24
183,1,769,28.24
183,1,770,28.24
183,1,771,28.24
134,0,1032,28.33
134,0,1033,28.33
134,0,1034,28.33
134,0,1035,28.33
134,0,1043,28.33
134,0,1044,28.33
134,0,1045,28.33
134,0,1047,28.33
134,0,1048,28.33
134,0,105,28.33
134,0,1204,28.33
134,0,1637,28.33
134,0,1642,28.33
134,0,1645,28.33
134,0,1652,28.33
134,0,1658,28.33
134,0,1660,28.33
134,0,1661,28.33
134,0,1662,28.33
134,0,1667,28.33
134,0,1671,28.33
134,0,1677,28.33
134,0,1680,28.33
134,0,1683,28.33
134,0,1685,28.33
134,0,1689,28.33
134,0,1690,28.33
134,0,1694,28.33
134,0,1742,28.33
134,0,264,28.33
134,0,3211,28.33
134,0,409,28.33
134,0,410,28.33
134,0,411,28.33
134,0,418,28.33
134,0,422,28.33
134,0,424,28.33
134,0,429,28.33
134,0,436,28.33
134,0,437,28.33
134,0,4387,28.33
134,0,450,28.33
134,0,454,28.33
134,0,460,28.33
134,0,462,28.33
134,0,463,28.33
134,0,5844,28.33
134,0,6307,28.33
134,0,730,28.33
134,0,731,28.33
134,0,739,28.33
134,0,939,28.33
134,0,943,28.33
134,0,945,28.33
134,0,947,28.33
134,0,948,28.33
134,0,954,28.33
134,0,972,28.33
182,0,106815,28.33
182,0,106816,28.33
182,0,107,28.33
182,0,1148,28.33
182,0,1321,28.33
182,0,1322,28.33
182,0,2107,28.33
182,0,2109,28.33
182,0,2110,28.33
182,0,2226,28.33
182,0,2229,28.33
182,0,2230,28.33
182,0,319,28.33
182,0,320,28.33
182,0,699,28.33
182,0,700,28.33
182,0,701,28.33
182,0,702,28.33
182,0,703,28.33
182,0,704,28.33
182,0,705,28.33
182,0,706,28.33
182,0,707,28.33
182,0,708,28.33
182,0,709,28.33
182,0,710,28.33
182,0,711,28.33
182,0,712,28.33
182,0,713,28.33
182,0,714,28.33
182,0,715,28.33
182,0,716,28.33
182,0,720,28.33
182,0,722,28.33
182,0,744,28.33
182,0,746,28.33
182,0,747,28.33
182,0,761,28.33
182,0,762,28.33
182,0,763,28.33
182,0,764,28.33
182,0,765,28.33
352,1,106562,28.57
352,1,1277,28.57
352,1,172,28.57
352,1,1815,28.57
352,1,3089,28.57
352,1,3102,28.57
352,1,3103,28.57
352,1,3104,28.57
352,1,3105,28.57
352,1,3107,28.57
352,1,3108,28.57
352,1,3110,28.57
352,1,3115,28.57
352,1,3117,28.57
352,1,3118,28.57
352,1,3119,28.57
352,1,3120,28.57
352,1,3121,28.57
352,1,3126,28.57
352,1,3127,28.57
352,1,3802,28.57
352,1,3803,28.57
352,1,3804,28.57
352,1,3805,28.57
352,1,3806,28.57
352,1,3831,28.57
352,1,3832,28.57
352,1,795,28.57
460,0,106563,28.57
460,0,106815,28.57
460,0,106816,28.57
460,0,129,28.57
460,0,130,28.57
460,0,131,28.57
460,0,1318,28.57
460,0,132,28.57
460,0,1321,28.57
460,0,1322,28.57
460,0,133,28.57
460,0,134,28.57
460,0,135,28.57
460,0,137,28.57
460,0,1371,28.57
460,0,1372,28.57
460,0,1373,28.57
460,0,1378,28.57
460,0,138,28.57
460,0,1383,28.57
460,0,139,28.57
460,0,1397,28.57
460,0,1399,28.57
460,0,141,28.57
460,0,1429,28.57
460,0,1780,28.57
460,0,1781,28.57
460,0,1782,28.57
460,0,1783,28.57
460,0,1784,28.57
460,0,1954,28.57
460,0,2159,28.57
460,0,2327,28.57
460,0,2328,28.57
460,0,2329,28.57
460,0,2330,28.57
460,0,2331,28.57
460,0,2332,28.57
460,0,2333,28.57
460,0,2892,28.57
460,0,319,28.57
460,0,320,28.57
460,0,321,28.57
460,0,322,28.57
460,0,3315,28.57
460,0,404,28.57
460,0,405,28.57
460,0,406,28.57
695,1,106841,28.65
695,1,4728,28.65
695,1,4794,28.65
695,1,4795,28.65
695,1,6589,28.65
695,1,6590,28.65
695,1,6625,28.65
695,1,6626,28.65
695,1,6628,28.65
695,1,6629,28.65
695,1,6630,28.65
695,1,6632,28.65
695,1,6633,28.65
695,1,6634,28.65
695,1,6635,28.65
695,1,6636,28.65
695,1,6637,28.65
695,1,6638,28.65
695,1,6639,28.65
695,1,6640,28.65
695,1,6641,28.65
695,1,6642,28.65
695,1,6643,28.65
695,1,6644,28.65
695,1,6645,28.65
695,1,6646,28.65
695,1,6884,28.65
695,1,6885,28.65
695,1,6886,28.65
695,1,6887,28.65
695,1,6888,28.65
695,1,6889,28.65
695,1,6890,28.65
695,1,6891,28.65
695,1,6893,28.65
695,1,6897,28.65
695,1,813,28.65
695,1,817,28.65
695,1,830,28.65
695,1,831,28.65
695,1,916,28.65
695,1,917,28.65
695,1,918,28.65
695,1,919,28.65
695,1,920,28.65
695,1,921,28.65
695,1,922,28.65
695,1,923,28.65
695,1,924,28.65
695,1,925,28.65
695,1,926,28.65
695,1,928,28.65
392,0,3552,28.81
392,0,3553,28.81
392,0,3554,28.81
392,0,3555,28.81
392,0,3588,28.81
392,0,3590,28.81
392,0,3874,28.81
392,0,3876,28.81
392,0,3877,28.81
392,0,3878,28.81
392,0,3879,28.81
392,0,3880,28.81
392,0,3881,28.81
392,0,3882,28.81
392,0,3883,28.81
392,0,3884,28.81
392,0,3885,28.81
392,0,3886,28.81
392,0,3887,28.81
392,0,3888,28.81
392,0,3889,28.81
392,0,3890,28.81
392,0,3891,28.81
392,0,3892,28.81
392,0,3893,28.81
392,0,3894,28.81
392,0,3895,28.81
392,0,3896,28.81
392,0,3897,28.81
392,0,3898,28.81
392,0,3899,28.81
392,0,4067,28.81
392,0,4068,28.81
392,0,4069,28.81
392,0,4070,28.81
392,0,4071,28.81
392,0,4072,28.81
392,0,4073,28.81
392,0,4074,28.81
392,0,4075,28.81
392,0,4076,28.81
392,0,4077,28.81
392,0,4078,28.81
392,0,4079,28.81
392,0,4080,28.81
392,0,4081,28.81
392,0,4082,28.81
392,0,4083,28.81
392,0,4084,28.81
392,0,4085,28.81
392,0,4086,28.81
392,0,4087,28.81
392,0,4088,28.81
392,0,4089,28.81
392,0,4090,28.81
392,0,4091,28.81
392,0,4092,28.81
392,0,4093,28.81
392,0,4094,28.81
392,0,4095,28.81
392,0,4096,28.81
392,0,4097,28.81
392,0,4098,28.81
392,0,4100,28.81
392,0,4101,28.81
392,0,4102,28.81
392,0,419,28.81
392,0,420,28.81
392,0,421,28.81
392,0,422,28.81
392,0,423,28.81
392,0,424,28.81
392,0,426,28.81
392,0,427,28.81
392,0,4347,28.81
392,0,4351,28.81
392,0,4356,28.81
855,1,995,29.02
877,1,174,29.03
877,1,179,29.03
877,1,1939,29.03
877,1,1940,29.03
877,1,213,29.03
877,1,215,29.03
877,1,216,29.03
877,1,217,29.03
877,1,229,29.03
877,1,230,29.03
877,1,231,29.03
877,1,232,29.03
877,1,234,29.03
877,1,235,29.03
877,1,236,29.03
877,1,238,29.03
877,1,240,29.03
877,1,243,29.03
877,1,244,29.03
877,1,245,29.03
877,1,246,29.03
877,1,247,29.03
877,1,274,29.03
877,1,3855,29.03
877,1,396,29.03
877,1,447,29.03
877,1,448,29.03
877,1,449,29.03
877,1,4499,29.03
877,1,4500,29.03
877,1,5556,29.03
877,1,5562,29.03
877,1,624,29.03
877,1,625,29.03
877,1,626,29.03
877,1,627,29.03
877,1,7939,29.03
877,1,8062,29.03
351,0,129,29.08
351,0,1788,29.08
351,0,1789,29.08
351,0,3087,29.08
351,0,3088,29.08
351,0,3089,29.08
351,0,3090,29.08
351,0,3091,29.08
351,0,3092,29.08
351,0,3093,29.08
351,0,3109,29.08
351,0,3110,29.08
351,0,3111,29.08
351,0,3112,29.08
351,0,3113,29.08
351,0,3114,29.08
351,0,3115,29.08
351,0,3122,29.08
351,0,3123,29.08
351,0,3315,29.08
351,0,3798,29.08
351,0,3799,29.08
351,0,3800,29.08
351,0,3801,29.08
351,0,3820,29.08
351,0,793,29.08
351,0,794,29.08
854,0,1025,29.11
418,0,22,29.14
418,0,23,29.14
418,0,274,29.14
418,0,31,29.14
418,0,32,29.14
418,0,327,29.14
418,0,33,29.14
418,0,3315,29.14
418,0,3354,29.14
418,0,34,29.14
418,0,385,29.14
418,0,3850,29.14
418,0,3851,29.14
418,0,387,29.14
418,0,388,29.14
418,0,391,29.14
418,0,477,29.14
418,0,478,29.14
418,0,479,29.14
418,0,480,29.14
418,0,481,29.14
418,0,482,29.14
418,0,483,29.14
418,0,484,29.14
418,0,485,29.14
418,0,486,29.14
418,0,487,29.14
418,0,488,29.14
418,0,489,29.14
418,0,519,29.14
418,0,520,29.14
418,0,525,29.14
418,0,53,29.14
418,0,788,29.14
418,0,789,29.14
929,1,1749,29.17
929,1,1751,29.17
929,1,1761,29.17
929,1,1762,29.17
929,1,1763,29.17
929,1,1764,29.17
929,1,1767,29.17
929,1,3391,29.17
929,1,3429,29.17
929,1,3431,29.17
929,1,3432,29.17
929,1,3433,29.17
929,1,3434,29.17
929,1,3435,29.17
929,1,3436,29.17
929,1,3437,29.17
929,1,3438,29.17
929,1,3439,29.17
929,1,3440,29.17
929,1,3441,29.17
929,1,3442,29.17
929,1,3443,29.17
929,1,3714,29.17
929,1,3715,29.17
929,1,3716,29.17
929,1,3717,29.17
929,1,3718,29.17
929,1,3720,29.17
929,1,3721,29.17
929,1,3722,29.17
929,1,3723,29.17
929,1,3724,29.17
929,1,3725,29.17
929,1,3726,29.17
929,1,3727,29.17
929,1,3728,29.17
929,1,3729,29.17
929,1,3752,29.17
929,1,3755,29.17
929,1,3759,29.17
854,0,1024,29.18
834,1,100,29.29
834,1,1739,29.29
834,1,57,29.29
834,1,58,29.29
834,1,59,29.29
834,1,5906,29.29
834,1,5907,29.29
834,1,6,29.29
834,1,60,29.29
834,1,6014,29.29
834,1,61,29.29
834,1,6127,29.29
834,1,6128,29.29
834,1,6159,29.29
834,1,6160,29.29
834,1,62,29.29
834,1,6282,29.29
834,1,6283,29.29
834,1,6284,29.29
834,1,6285,29.29
834,1,6286,29.29
834,1,6287,29.29
834,1,6288,29.29
834,1,6289,29.29
834,1,6292,29.29
834,1,6299,29.29
834,1,6300,29.29
834,1,6414,29.29
834,1,6468,29.29
834,1,6470,29.29
834,1,6482,29.29
834,1,6497,29.29
834,1,6498,29.29
834,1,6505,29.29
834,1,6508,29.29
834,1,6513,29.29
834,1,6514,29.29
834,1,6515,29.29
834,1,6516,29.29
834,1,6912,29.29
834,1,7,29.29
834,1,7587,29.29
834,1,7611,29.29
834,1,7627,29.29
834,1,91,29.29
834,1,92,29.29
834,1,93,29.29
834,1,94,29.29
834,1,95,29.29
834,1,96,29.29
834,1,97,29.29
834,1,98,29.29
834,1,99,29.29
241,0,106815,29.38
241,0,106816,29.38
241,0,1322,29.38
241,0,1369,29.38
241,0,1371,29.38
241,0,1372,29.38
241,0,1373,29.38
241,0,1374,29.38
241,0,1375,29.38
241,0,1376,29.38
241,0,1382,29.38
241,0,1398,29.38
241,0,1399,29.38
241,0,1634,29.38
241,0,1635,29.38
241,0,2175,29.38
241,0,2331,29.38
241,0,2332,29.38
241,0,2333,29.38
241,0,2874,29.38
241,0,2875,29.38
241,0,2876,29.38
241,0,2880,29.38
241,0,2881,29.38
241,0,2882,29.38
241,0,2883,29.38
241,0,2884,29.38
241,0,2885,29.38
241,0,2886,29.38
241,0,2887,29.38
241,0,2888,29.38
241,0,2889,29.38
241,0,2890,29.38
241,0,2891,29.38
241,0,319,29.38
241,0,320,29.38
270,1,105,29.48
270,1,1320,29.48
270,1,1323,29.48
270,1,1439,29.48
270,1,1826,29.48
270,1,2363,29.48
270,1,2364,29.48
270,1,2550,29.48
270,1,2554,29.48
270,1,2555,29.48
270,1,2556,29.48
270,1,2557,29.48
270,1,2558,29.48
270,1,2559,29.48
270,1,2560,29.48
270,1,2561,29.48
270,1,2562,29.48
270,1,3075,29.48
270,1,3076,29.48
270,1,3077,29.48
270,1,3078,29.48
270,1,3079,29.48
270,1,3082,29.48
270,1,3212,29.48
270,1,3857,29.48
270,1,460,29.48
1044,0,114,29.53
1044,0,115,29.53
1044,0,116,29.53
1044,0,117,29.53
1044,0,118,29.53
1044,0,119,29.53
1044,0,120,29.53
1044,0,121,29.53
1044,0,158,29.53
1044,0,159,29.53
1044,0,160,29.53
1044,0,161,29.53
1044,0,162,29.53
1044,0,163,29.53
1044,0,164,29.53
1044,0,215,29.53
1044,0,2151,29.53
1044,0,2152,29.53
1044,0,2153,29.53
1044,0,2154,29.53
1044,0,2155,29.53
1044,0,216,29.53
1044,0,217,29.53
1044,0,2229,29.53
1044,0,274,29.53
1044,0,275,29.53
1044,0,276,29.53
1044,0,40,29.53
1044,0,4050,29.53
1044,0,4051,29.53
1044,0,4052,29.53
1044,0,4537,29.53
1044,0,718,29.53
1044,0,719,29.53
1044,0,720,29.53
1044,0,721,29.53
1044,0,722,29.53
1044,0,723,29.53
1044,0,732,29.53
135,1,1037,29.72
135,1,1038,29.72
135,1,1050,29.72
135,1,1051,29.72
135,1,1052,29.72
135,1,1056,29.72
135,1,1204,29.72
135,1,1638,29.72
135,1,1643,29.72
135,1,1694,29.72
135,1,1699,29.72
135,1,1700,29.72
135,1,1702,29.72
135,1,1704,29.72
135,1,1705,29.72
135,1,1711,29.72
135,1,1713,29.72
135,1,1721,29.72
135,1,1724,29.72
135,1,1728,29.72
135,1,1729,29.72
135,1,1731,29.72
135,1,1733,29.72
135,1,1734,29.72
135,1,1737,29.72
135,1,1739,29.72
135,1,1742,29.72
135,1,1743,29.72
135,1,1744,29.72
135,1,1746,29.72
135,1,3030,29.72
135,1,304,29.72
135,1,321,29.72
135,1,349,29.72
135,1,409,29.72
135,1,419,29.72
135,1,428,29.72
135,1,429,29.72
135,1,430,29.72
135,1,433,29.72
135,1,437,29.72
135,1,438,29.72
135,1,439,29.72
135,1,440,29.72
135,1,450,29.72
135,1,456,29.72
135,1,462,29.72
135,1,463,29.72
135,1,464,29.72
135,1,6307,29.72
135,1,730,29.72
135,1,736,29.72
135,1,738,29.72
135,1,950,29.72
135,1,951,29.72
135,1,953,29.72
135,1,954,29.72
135,1,957,29.72
135,1,959,29.72
1048,0,1242,29.85
1048,0,1797,29.85
1048,0,1798,29.85
1048,0,1799,29.85
1048,0,1800,29.85
1048,0,1801,29.85
1048,0,1802,29.85
1048,0,8284,29.85
1048,0,8285,29.85
1048,0,8606,29.85
1048,0,8607,29.85
1048,0,8608,29.85
462,0,106815,30.0
462,0,106816,30.0
462,0,129,30.0
462,0,130,30.0
462,0,131,30.0
462,0,132,30.0
462,0,1321,30.0
462,0,1322,30.0
462,0,133,30.0
462,0,134,30.0
462,0,135,30.0
462,0,136,30.0
462,0,1369,30.0
462,0,137,30.0
462,0,1370,30.0
462,0,1371,30.0
462,0,1372,30.0
462,0,1373,30.0
462,0,1374,30.0
462,0,1375,30.0
462,0,138,30.0
462,0,139,30.0
462,0,1398,30.0
462,0,1399,30.0
462,0,140,30.0
462,0,1423,30.0
462,0,1426,30.0
462,0,1566,30.0
462,0,1567,30.0
462,0,1568,30.0
462,0,1570,30.0
462,0,1571,30.0
462,0,1582,30.0
462,0,1632,30.0
462,0,1634,30.0
462,0,1635,30.0
462,0,1780,30.0
462,0,1781,30.0
462,0,1782,30.0
462,0,1783,30.0
462,0,1784,30.0
462,0,1954,30.0
462,0,3045,30.0
462,0,319,30.0
462,0,320,30.0
462,0,321,30.0
462,0,322,30.0
462,0,3315,30.0
462,0,404,30.0
462,0,405,30.0
462,0,406,30.0
647,0,10,30.37
647,0,1024,30.37
647,0,1025,30.37
647,0,1028,30.37
647,0,1030,30.37
647,0,1071,30.37
647,0,11,30.37
647,0,12,30.37
647,0,13,30.37
647,0,2132,30.37
647,0,2133,30.37
647,0,2134,30.37
647,0,2135,30.37
647,0,2137,30.37
647,0,2138,30.37
647,0,2139,30.37
647,0,2140,30.37
647,0,2141,30.37
647,0,2142,30.37
647,0,2143,30.37
647,0,2144,30.37
647,0,2145,30.37
647,0,2146,30.37
647,0,2147,30.37
647,0,2148,30.37
647,0,2149,30.37
647,0,3842,30.37
647,0,3844,30.37
647,0,5886,30.37
647,0,5887,30.37
647,0,5888,30.37
647,0,5889,30.37
647,0,5890,30.37
647,0,5891,30.37
647,0,5899,30.37
647,0,5901,30.37
647,0,6316,30.37
647,0,6517,30.37
647,0,6518,30.37
647,0,6519,30.37
647,0,6520,30.37
647,0,6521,30.37
647,0,6522,30.37
647,0,6523,30.37
647,0,6524,30.37
647,0,6525,30.37
647,0,6542,30.37
647,0,68,30.37
647,0,69,30.37
647,0,698,30.37
647,0,699,30.37
647,0,70,30.37
647,0,700,30.37
647,0,701,30.37
647,0,702,30.37
647,0,703,30.37
647,0,704,30.37
647,0,71,30.37
647,0,72,30.37
647,0,73,30.37
647,0,7320,30.37
647,0,75,30.37
647,0,76,30.37
647,0,761,30.37
647,0,762,30.37
647,0,763,30.37
647,0,764,30.37
647,0,765,30.37
647,0,77,30.37
647,0,7736,30.37
647,0,78,30.37
647,0,79,30.37
647,0,7915,30.37
647,0,8,30.37
647,0,862,30.37
647,0,888,30.37
647,0,9,30.37
647,0,932,30.37
647,0,991,30.37
647,0,993,30.37
648,1,100,30.37
648,1,101,30.37
648,1,1047,30.37
648,1,1742,30.37
648,1,2139,30.37
648,1,2185,30.37
648,1,2186,30.37
648,1,2187,30.37
648,1,2188,30.37
648,1,2189,30.37
648,1,2190,30.37
648,1,2191,30.37
648,1,2192,30.37
648,1,2193,30.37
648,1,2194,30.37
648,1,2195,30.37
648,1,2196,30.37
648,1,2197,30.37
648,1,2198,30.37
648,1,2199,30.37
648,1,2200,30.37
648,1,2201,30.37
648,1,2202,30.37
648,1,2203,30.37
648,1,3846,30.37
648,1,3847,30.37
648,1,3848,30.37
648,1,57,30.37
648,1,58,30.37
648,1,5892,30.37
648,1,5894,30.37
648,1,5898,30.37
648,1,59,30.37
648,1,5902,30.37
648,1,5903,30.37
648,1,5904,30.37
648,1,5905,30.37
648,1,5906,30.37
648,1,5907,30.37
648,1,5908,30.37
648,1,6,30.37
648,1,60,30.37
648,1,61,30.37
648,1,62,30.37
648,1,6518,30.37
648,1,6530,30.37
648,1,6533,30.37
648,1,6534,30.37
648,1,6535,30.37
648,1,6536,30.37
648,1,6537,30.37
648,1,6538,30.37
648,1,6539,30.37
648,1,6540,30.37
648,1,6541,30.37
648,1,6543,30.37
648,1,6941,30.37
648,1,698,30.37
648,1,699,30.37
648,1,7,30.37
648,1,700,30.37
648,1,701,30.37
648,1,702,30.37
648,1,703,30.37
648,1,704,30.37
648,1,761,30.37
648,1,763,30.37
648,1,769,30.37
648,1,770,30.37
648,1,771,30.37
648,1,7735,30.37
648,1,7909,30.37
648,1,7910,30.37
648,1,7912,30.37
648,1,861,30.37
648,1,91,30.37
648,1,92,30.37
648,1,93,30.37
648,1,94,30.37
648,1,95,30.37
648,1,96,30.37
648,1,97,30.37
648,1,98,30.37
648,1,99,30.37
648,1,994,30.37
648,1,995,30.37
793,1,106833,30.43
793,1,2121,30.43
793,1,6052,30.43
793,1,6100,30.43
793,1,6218,30.43
793,1,6220,30.43
793,1,6222,30.43
793,1,6223,30.43
793,1,6224,30.43
793,1,6225,30.43
793,1,6226,30.43
793,1,6227,30.43
793,1,6228,30.43
793,1,6229,30.43
793,1,6230,30.43
793,1,6263,30.43
793,1,6885,30.43
793,1,6886,30.43
793,1,6887,30.43
793,1,7162,30.43
793,1,7163,30.43
793,1,7308,30.43
793,1,7449,30.43
793,1,7452,30.43
793,1,7454,30.43
793,1,7465,30.43
793,1,7473,30.43
793,1,7476,30.43
793,1,7478,30.43
793,1,7479,30.43
793,1,7481,30.43
793,1,7482,30.43
793,1,7483,30.43
793,1,7484,30.43
793,1,7485,30.43
793,1,7486,30.43
793,1,7488,30.43
793,1,7489,30.43
793,1,7491,30.43
793,1,7492,30.43
793,1,930,30.43
200,1,107,30.88
200,1,1110,30.88
200,1,1142,30.88
200,1,1170,30.88
200,1,1171,30.88
200,1,1172,30.88
200,1,1173,30.88
200,1,1174,30.88
200,1,1175,30.88
200,1,1176,30.88
200,1,1177,30.88
200,1,1179,30.88
200,1,1180,30.88
200,1,1181,30.88
200,1,1182,30.88
200,1,1303,30.88
200,1,1318,30.88
200,1,1323,30.88
200,1,1324,30.88
200,1,1325,30.88
200,1,1326,30.88
200,1,1327,30.88
200,1,1328,30.88
200,1,1329,30.88
200,1,2243,30.88
200,1,2244,30.88
200,1,2284,30.88
200,1,2285,30.88
200,1,2286,30.88
200,1,2287,30.88
200,1,2288,30.88
200,1,2289,30.88
200,1,2290,30.88
200,1,2291,30.88
200,1,2292,30.88
200,1,2293,30.88
200,1,2294,30.88
200,1,2295,30.88
200,1,2296,30.88
200,1,2354,30.88
200,1,2355,30.88
200,1,2356,30.88
200,1,6935,30.88
200,1,746,30.88
200,1,747,30.88
876,0,1252,30.94
876,0,174,30.94
876,0,175,30.94
876,0,176,30.94
876,0,177,30.94
876,0,178,30.94
876,0,179,30.94
876,0,180,30.94
876,0,182,30.94
876,0,183,30.94
876,0,186,30.94
876,0,187,30.94
876,0,188,30.94
876,0,189,30.94
876,0,190,30.94
876,0,191,30.94
876,0,1915,30.94
876,0,1916,30.94
876,0,192,30.94
876,0,194,30.94
876,0,208,30.94
876,0,213,30.94
876,0,238,30.94
876,0,290,30.94
876,0,291,30.94
876,0,3295,30.94
876,0,3304,30.94
876,0,34,30.94
876,0,376,30.94
876,0,399,30.94
876,0,400,30.94
876,0,401,30.94
876,0,4485,30.94
876,0,4486,30.94
876,0,5564,30.94
876,0,621,30.94
876,0,622,30.94
876,0,623,30.94
554,1,1277,31.14
554,1,130,31.14
554,1,131,31.14
554,1,133,31.14
554,1,134,31.14
554,1,135,31.14
554,1,136,31.14
554,1,137,31.14
554,1,138,31.14
554,1,139,31.14
554,1,141,31.14
554,1,142,31.14
554,1,172,31.14
554,1,403,31.14
554,1,408,31.14
554,1,409,31.14
554,1,413,31.14
554,1,415,31.14
554,1,419,31.14
554,1,426,31.14
554,1,427,31.14
554,1,428,31.14
554,1,429,31.14
554,1,430,31.14
554,1,431,31.14
554,1,432,31.14
554,1,435,31.14
554,1,436,31.14
554,1,437,31.14
554,1,438,31.14
554,1,439,31.14
554,1,440,31.14
554,1,441,31.14
554,1,442,31.14
554,1,443,31.14
554,1,444,31.14
554,1,466,31.14
199,0,106815,31.36
199,0,106816,31.36
199,0,107,31.36
199,0,1110,31.36
199,0,1127,31.36
199,0,1157,31.36
199,0,1158,31.36
199,0,1159,31.36
199,0,1161,31.36
199,0,1162,31.36
199,0,1163,31.36
199,0,1164,31.36
199,0,1165,31.36
199,0,1166,31.36
199,0,1167,31.36
199,0,1168,31.36
199,0,1169,31.36
199,0,1303,31.36
199,0,1304,31.36
199,0,1314,31.36
199,0,1315,31.36
199,0,1316,31.36
199,0,1317,31.36
199,0,1318,31.36
199,0,1321,31.36
199,0,1322,31.36
199,0,2230,31.36
199,0,2269,31.36
199,0,2270,31.36
199,0,2271,31.36
199,0,2272,31.36
199,0,2273,31.36
199,0,2274,31.36
199,0,2275,31.36
199,0,2276,31.36
199,0,2277,31.36
199,0,2278,31.36
199,0,2279,31.36
199,0,2280,31.36
199,0,2281,31.36
199,0,2282,31.36
199,0,2340,31.36
199,0,2342,31.36
199,0,2352,31.36
199,0,2353,31.36
199,0,2354,31.36
199,0,319,31.36
199,0,320,31.36
199,0,718,31.36
199,0,719,31.36
581,0,1071,31.67
581,0,584,31.67
581,0,585,31.67
581,0,586,31.67
581,0,587,31.67
581,0,588,31.67
581,0,590,31.67
581,0,591,31.67
581,0,592,31.67
581,0,593,31.67
581,0,594,31.67
581,0,5994,31.67
581,0,6014,31.67
581,0,6015,31.67
581,0,69,31.67
581,0,70,31.67
581,0,71,31.67
581,0,72,31.67
581,0,73,31.67
581,0,75,31.67
581,0,76,31.67
581,0,7627,31.67
581,0,77,31.67
581,0,78,31.67
581,0,79,31.67
581,0,8,31.67
116,0,102,31.82
116,0,103,31.82
116,0,106815,31.82
116,0,106816,31.82
116,0,1204,31.82
116,0,1318,31.82
116,0,1321,31.82
116,0,1322,31.82
116,0,1371,31.82
116,0,1372,31.82
116,0,1373,31.82
116,0,1378,31.82
116,0,1383,31.82
116,0,1387,31.82
116,0,1388,31.82
116,0,1390,31.82
116,0,1391,31.82
116,0,1392,31.82
116,0,1393,31.82
116,0,1394,31.82
116,0,1395,31.82
116,0,1396,31.82
116,0,1397,31.82
116,0,1399,31.82
116,0,1409,31.82
116,0,1429,31.82
116,0,2892,31.82
116,0,319,31.82
116,0,320,31.82
116,0,321,31.82
116,0,349,31.82
701,1,1170,32.07
701,1,1171,32.07
701,1,1172,32.07
701,1,1173,32.07
701,1,1174,32.07
701,1,1175,32.07
701,1,1176,32.07
701,1,1177,32.07
701,1,1179,32.07
701,1,1180,32.07
701,1,1181,32.07
701,1,1182,32.07
701,1,1339,32.07
701,1,1340,32.07
701,1,1583,32.07
701,1,2185,32.07
701,1,2186,32.07
701,1,2187,32.07
701,1,2188,32.07
701,1,2189,32.07
701,1,2190,32.07
701,1,2191,32.07
701,1,2243,32.07
701,1,2284,32.07
701,1,2285,32.07
701,1,2286,32.07
701,1,2287,32.07
701,1,2288,32.07
701,1,2289,32.07
701,1,2290,32.07
701,1,2291,32.07
701,1,2292,32.07
701,1,2293,32.07
701,1,2294,32.07
701,1,2295,32.07
701,1,2296,32.07
701,1,2738,32.07
701,1,2745,32.07
701,1,4568,32.07
701,1,6925,32.07
701,1,6931,32.07
701,1,6933,32.07
701,1,6934,32.07
701,1,6935,32.07
701,1,705,32.07
701,1,748,32.07
701,1,749,32.07
701,1,750,32.07
701,1,751,32.07
701,1,752,32.07
701,1,753,32.07
701,1,754,32.07
701,1,755,32.07
701,1,756,32.07
701,1,757,32.07
701,1,758,32.07
701,1,759,32.07
701,1,861,32.07
700,0,1157,32.41
700,0,1158,32.41
700,0,1159,32.41
700,0,1161,32.41
700,0,1162,32.41
700,0,1163,32.41
700,0,1164,32.41
700,0,1165,32.41
700,0,1166,32.41
700,0,1167,32.41
700,0,1168,32.41
700,0,1169,32.41
700,0,1303,32.41
700,0,1566,32.41
700,0,1567,32.41
700,0,1568,32.41
700,0,2142,32.41
700,0,2143,32.41
700,0,2144,32.41
700,0,2145,32.41
700,0,2146,32.41
700,0,2147,32.41
700,0,2148,32.41
700,0,2149,32.41
700,0,2269,32.41
700,0,2270,32.41
700,0,2271,32.41
700,0,2272,32.41
700,0,2273,32.41
700,0,2274,32.41
700,0,2275,32.41
700,0,2276,32.41
700,0,2277,32.41
700,0,2278,32.41
700,0,2279,32.41
700,0,2280,32.41
700,0,2281,32.41
700,0,2282,32.41
700,0,2340,32.41
700,0,2342,32.41
700,0,2740,32.41
700,0,2741,32.41
700,0,6924,32.41
700,0,6925,32.41
700,0,705,32.41
700,0,706,32.41
700,0,707,32.41
700,0,708,32.41
700,0,709,32.41
700,0,710,32.41
700,0,711,32.41
700,0,712,32.41
700,0,713,32.41
700,0,714,32.41
700,0,715,32.41
700,0,716,32.41
700,0,717,32.41
741,1,6087,32.56
741,1,6897,32.56
741,1,7089,32.56
741,1,7137,32.56
741,1,7138,32.56
741,1,7139,32.56
741,1,7140,32.56
741,1,7141,32.56
741,1,7142,32.56
741,1,7143,32.56
741,1,7144,32.56
741,1,7145,32.56
741,1,7146,32.56
741,1,7147,32.56
741,1,7148,32.56
741,1,7149,32.56
741,1,7150,32.56
741,1,7151,32.56
741,1,7152,32.56
741,1,7153,32.56
741,1,7154,32.56
741,1,7155,32.56
741,1,7156,32.56
741,1,7157,32.56
741,1,7158,32.56
741,1,7160,32.56
741,1,7162,32.56
741,1,7163,32.56
741,1,7478,32.56
741,1,7479,32.56
741,1,890,32.56
741,1,892,32.56
741,1,893,32.56
741,1,894,32.56
741,1,895,32.56
741,1,896,32.56
741,1,897,32.56
741,1,898,32.56
741,1,899,32.56
741,1,900,32.56
741,1,901,32.56
741,1,903,32.56
741,1,904,32.56
741,1,905,32.56
741,1,906,32.56
741,1,907,32.56
741,1,908,32.56
741,1,909,32.56
741,1,910,32.56
741,1,911,32.56
741,1,912,32.56
741,1,913,32.56
741,1,914,32.56
741,1,915,32.56
741,1,916,32.56
679,1,1031,32.62
679,1,1036,32.62
679,1,1037,32.62
679,1,1038,32.62
679,1,1050,32.62
679,1,1051,32.62
679,1,1052,32.62
679,1,1053,32.62
679,1,1056,32.62
679,1,1318,32.62
679,1,1378,32.62
679,1,1379,32.62
679,1,1380,32.62
679,1,1381,32.62
679,1,1382,32.62
679,1,1383,32.62
679,1,1400,32.62
679,1,1401,32.62
679,1,1422,32.62
679,1,1574,32.62
679,1,1575,32.62
679,1,1576,32.62
679,1,1577,32.62
679,1,1578,32.62
679,1,1581,32.62
679,1,1582,32.62
679,1,1583,32.62
679,1,1737,32.62
679,1,1743,32.62
679,1,1744,32.62
679,1,1746,32.62
679,1,2111,32.62
679,1,2112,32.62
679,1,2114,32.62
679,1,2119,32.62
679,1,2738,32.62
679,1,3008,32.62
679,1,4568,32.62
679,1,6771,32.62
679,1,741,32.62
679,1,766,32.62
679,1,785,32.62
679,1,801,32.62
679,1,802,32.62
679,1,803,32.62
679,1,804,32.62
679,1,805,32.62
679,1,806,32.62
679,1,955,32.62
679,1,956,32.62
679,1,957,32.62
679,1,958,32.62
679,1,959,32.62
679,1,974,32.62
139,1,1036,32.9
139,1,1037,32.9
139,1,1038,32.9
139,1,1050,32.9
139,1,1051,32.9
139,1,1052,32.9
139,1,1053,32.9
139,1,1056,32.9
139,1,1058,32.9
139,1,106812,32.9
139,1,1204,32.9
139,1,1638,32.9
139,1,1643,32.9
139,1,1702,32.9
139,1,1711,32.9
139,1,1737,32.9
139,1,1739,32.9
139,1,1743,32.9
139,1,1744,32.9
139,1,1746,32.9
139,1,1751,32.9
139,1,1758,32.9
139,1,1760,32.9
139,1,1761,32.9
139,1,1762,32.9
139,1,1763,32.9
139,1,1764,32.9
139,1,1767,32.9
139,1,304,32.9
139,1,320,32.9
139,1,321,32.9
139,1,3211,32.9
139,1,349,32.9
139,1,3755,32.9
139,1,414,32.9
139,1,415,32.9
139,1,416,32.9
139,1,419,32.9
139,1,433,32.9
139,1,435,32.9
139,1,438,32.9
139,1,439,32.9
139,1,440,32.9
139,1,462,32.9
139,1,463,32.9
139,1,464,32.9
139,1,736,32.9
139,1,737,32.9
139,1,738,32.9
139,1,739,32.9
139,1,950,32.9
139,1,951,32.9
139,1,952,32.9
139,1,953,32.9
139,1,954,32.9
139,1,955,32.9
139,1,956,32.9
139,1,957,32.9
139,1,958,32.9
139,1,959,32.9
139,1,974,32.9
887,1,229,32.9
887,1,230,32.9
887,1,231,32.9
887,1,232,32.9
887,1,234,32.9
887,1,235,32.9
887,1,236,32.9
887,1,238,32.9
887,1,3315,32.9
887,1,3317,32.9
887,1,377,32.9
887,1,392,32.9
887,1,393,32.9
887,1,395,32.9
887,1,396,32.9
887,1,5545,32.9
887,1,5565,32.9
887,1,5568,32.9
887,1,5569,32.9
887,1,5570,32.9
887,1,5574,32.9
887,1,5576,32.9
887,1,5577,32.9
887,1,624,32.9
887,1,625,32.9
887,1,626,32.9
887,1,627,32.9
887,1,671,32.9
887,1,673,32.9
887,1,674,32.9
887,1,7803,32.9
887,1,7837,32.9
887,1,7838,32.9
887,1,7839,32.9
887,1,7864,32.9
887,1,7865,32.9
887,1,7866,32.9
887,1,7867,32.9
887,1,7868,32.9
887,1,7939,32.9
887,1,7941,32.9
887,1,7957,32.9
887,1,7964,32.9
887,1,7997,32.9
887,1,7998,32.9
887,1,7999,32.9
887,1,8000,32.9
887,1,8001,32.9
887,1,8002,32.9
887,1,8003,32.9
887,1,8004,32.9
887,1,8005,32.9
887,1,8006,32.9
887,1,8062,32.9
582,1,100,33.0
582,1,589,33.0
582,1,594,33.0
582,1,6,33.0
582,1,600,33.0
582,1,601,33.0
582,1,6014,33.0
582,1,603,33.0
582,1,604,33.0
582,1,605,33.0
582,1,606,33.0
582,1,607,33.0
582,1,608,33.0
582,1,62,33.0
582,1,6414,33.0
582,1,7,33.0
582,1,7627,33.0
582,1,7920,33.0
582,1,91,33.0
582,1,92,33.0
582,1,93,33.0
582,1,94,33.0
582,1,95,33.0
582,1,96,33.0
582,1,97,33.0
582,1,98,33.0
582,1,99,33.0
197,0,106815,33.5
197,0,106816,33.5
197,0,107,33.5
197,0,1157,33.5
197,0,1158,33.5
197,0,1159,33.5
197,0,1161,33.5
197,0,1162,33.5
197,0,1163,33.5
197,0,1164,33.5
197,0,1165,33.5
197,0,1166,33.5
197,0,1167,33.5
197,0,1168,33.5
197,0,1169,33.5
197,0,1303,33.5
197,0,1304,33.5
197,0,1316,33.5
197,0,1317,33.5
197,0,1318,33.5
197,0,1322,33.5
197,0,1376,33.5
197,0,2230,33.5
197,0,2269,33.5
197,0,2270,33.5
197,0,2271,33.5
197,0,2272,33.5
197,0,2273,33.5
197,0,2274,33.5
197,0,2275,33.5
197,0,2276,33.5
197,0,2277,33.5
197,0,2278,33.5
197,0,2279,33.5
197,0,2280,33.5
197,0,2281,33.5
197,0,2282,33.5
197,0,2340,33.5
197,0,2342,33.5
197,0,2343,33.5
197,0,2344,33.5
197,0,2345,33.5
197,0,2346,33.5
197,0,319,33.5
197,0,320,33.5
197,0,718,33.5
197,0,719,33.5
197,0,720,33.5
197,0,721,33.5
197,0,722,33.5
1083,1,1800,33.52
1083,1,1803,33.52
1083,1,1804,33.52
1083,1,1805,33.52
1083,1,1806,33.52
1083,1,1807,33.52
1083,1,1808,33.52
1083,1,3121,33.52
1083,1,3141,33.52
1083,1,3143,33.52
1083,1,3150,33.52
1083,1,3151,33.52
1083,1,3152,33.52
1083,1,3153,33.52
1083,1,3154,33.52
1083,1,3155,33.52
1083,1,3156,33.52
1083,1,3157,33.52
1083,1,3158,33.52
1083,1,3160,33.52
138,0,1031,34.0
138,0,1032,34.0
138,0,1033,34.0
138,0,1034,34.0
138,0,1035,34.0
138,0,1040,34.0
138,0,1041,34.0
138,0,1043,34.0
138,0,1044,34.0
138,0,1045,34.0
138,0,1047,34.0
138,0,1048,34.0
138,0,105,34.0
138,0,1637,34.0
138,0,1639,34.0
138,0,1640,34.0
138,0,1641,34.0
138,0,1642,34.0
138,0,1685,34.0
138,0,1742,34.0
138,0,1749,34.0
138,0,1750,34.0
138,0,1752,34.0
138,0,1753,34.0
138,0,1754,34.0
138,0,1756,34.0
138,0,1757,34.0
138,0,1758,34.0
138,0,264,34.0
138,0,3212,34.0
138,0,3757,34.0
138,0,3758,34.0
138,0,409,34.0
138,0,410,34.0
138,0,411,34.0
138,0,412,34.0
138,0,413,34.0
138,0,418,34.0
138,0,436,34.0
138,0,437,34.0
138,0,454,34.0
138,0,460,34.0
138,0,461,34.0
138,0,5844,34.0
138,0,728,34.0
138,0,729,34.0
138,0,730,34.0
138,0,731,34.0
138,0,939,34.0
138,0,940,34.0
138,0,941,34.0
138,0,942,34.0
138,0,943,34.0
138,0,944,34.0
138,0,945,34.0
138,0,946,34.0
138,0,947,34.0
138,0,948,34.0
138,0,972,34.0
138,0,973,34.0
198,1,107,34.0
198,1,1170,34.0
198,1,1171,34.0
198,1,1172,34.0
198,1,1173,34.0
198,1,1174,34.0
198,1,1175,34.0
198,1,1176,34.0
198,1,1177,34.0
198,1,1179,34.0
198,1,1180,34.0
198,1,1181,34.0
198,1,1182,34.0
198,1,1318,34.0
198,1,1323,34.0
198,1,1324,34.0
198,1,1325,34.0
198,1,1326,34.0
198,1,1327,34.0
198,1,1340,34.0
198,1,2243,34.0
198,1,2244,34.0
198,1,2284,34.0
198,1,2285,34.0
198,1,2286,34.0
198,1,2287,34.0
198,1,2288,34.0
198,1,2289,34.0
198,1,2290,34.0
198,1,2291,34.0
198,1,2292,34.0
198,1,2293,34.0
198,1,2294,34.0
198,1,2295,34.0
198,1,2296,34.0
198,1,2347,34.0
198,1,2348,34.0
198,1,2349,34.0
198,1,2350,34.0
198,1,6935,34.0
198,1,744,34.0
198,1,745,34.0
198,1,746,34.0
198,1,747,34.0
198,1,768,34.0
355,0,1310,34.0
355,0,1311,34.0
355,0,1312,34.0
355,0,1313,34.0
355,0,1314,34.0
355,0,1315,34.0
355,0,1316,34.0
355,0,1369,34.0
355,0,1370,34.0
355,0,1371,34.0
355,0,1372,34.0
355,0,1382,34.0
355,0,1387,34.0
355,0,1398,34.0
355,0,1399,34.0
355,0,1634,34.0
355,0,1635,34.0
355,0,1749,34.0
355,0,1750,34.0
355,0,1751,34.0
355,0,1752,34.0
355,0,1753,34.0
355,0,1754,34.0
355,0,1756,34.0
355,0,1757,34.0
355,0,1758,34.0
355,0,2150,34.0
355,0,2151,34.0
355,0,2152,34.0
355,0,2153,34.0
355,0,2154,34.0
355,0,2155,34.0
355,0,2157,34.0
355,0,2158,34.0
355,0,2159,34.0
355,0,2160,34.0
355,0,2162,34.0
355,0,2163,34.0
355,0,2164,34.0
355,0,2165,34.0
355,0,2166,34.0
355,0,3018,34.0
355,0,3038,34.0
355,0,3758,34.0
355,0,3834,34.0
355,0,416,34.0
355,0,418,34.0
355,0,454,34.0
355,0,698,34.0
355,0,699,34.0
355,0,700,34.0
355,0,701,34.0
355,0,702,34.0
355,0,703,34.0
355,0,704,34.0
355,0,705,34.0
355,0,706,34.0
355,0,707,34.0
355,0,708,34.0
355,0,709,34.0
355,0,710,34.0
355,0,711,34.0
355,0,712,34.0
355,0,713,34.0
355,0,714,34.0
355,0,715,34.0
355,0,716,34.0
355,0,761,34.0
355,0,762,34.0
355,0,763,34.0
355,0,764,34.0
355,0,765,34.0
1060,0,3510,34.07
1060,0,3512,34.07
1060,0,8651,34.07
1060,0,8652,34.07
1060,0,8653,34.07
1060,0,8654,34.07
1060,0,8655,34.07
1060,0,8656,34.07
1060,0,8679,34.07
1060,0,8680,34.07
1060,0,8681,34.07
1060,0,8682,34.07
1060,0,8683,34.07
1060,0,8684,34.07
1060,0,8685,34.07
833,0,10,34.11
833,0,1031,34.11
833,0,106659,34.11
833,0,1071,34.11
833,0,11,34.11
833,0,12,34.11
833,0,13,34.11
833,0,14,34.11
833,0,15,34.11
833,0,5887,34.11
833,0,5888,34.11
833,0,6014,34.11
833,0,6015,34.11
833,0,6059,34.11
833,0,6094,34.11
833,0,6129,34.11
833,0,6130,34.11
833,0,6161,34.11
833,0,6162,34.11
833,0,6282,34.11
833,0,6285,34.11
833,0,6286,34.11
833,0,6288,34.11
833,0,6290,34.11
833,0,6302,34.11
833,0,6303,34.11
833,0,6304,34.11
833,0,6444,34.11
833,0,6446,34.11
833,0,6470,34.11
833,0,6496,34.11
833,0,6497,34.11
833,0,6498,34.11
833,0,6499,34.11
833,0,6511,34.11
833,0,6512,34.11
833,0,69,34.11
833,0,6912,34.11
833,0,70,34.11
833,0,71,34.11
833,0,72,34.11
833,0,73,34.11
833,0,75,34.11
833,0,7589,34.11
833,0,76,34.11
833,0,7627,34.11
833,0,77,34.11
833,0,7764,34.11
833,0,78,34.11
833,0,79,34.11
833,0,8,34.11
833,0,9,34.11
282,1,106822,34.17
282,1,107,34.17
282,1,149,34.17
282,1,150,34.17
282,1,151,34.17
282,1,152,34.17
282,1,1957,34.17
282,1,1959,34.17
282,1,1960,34.17
282,1,1961,34.17
282,1,1976,34.17
282,1,1979,34.17
282,1,1980,34.17
282,1,1981,34.17
282,1,1982,34.17
282,1,1983,34.17
282,1,1984,34.17
282,1,1985,34.17
282,1,1986,34.17
282,1,1987,34.17
282,1,1988,34.17
282,1,1989,34.17
282,1,218,34.17
282,1,219,34.17
282,1,220,34.17
282,1,221,34.17
282,1,222,34.17
282,1,223,34.17
282,1,224,34.17
282,1,225,34.17
282,1,283,34.17
282,1,284,34.17
282,1,285,34.17
282,1,287,34.17
282,1,288,34.17
282,1,3167,34.17
282,1,3173,34.17
282,1,3174,34.17
282,1,3175,34.17
282,1,3176,34.17
282,1,3177,34.17
282,1,3178,34.17
282,1,3179,34.17
282,1,319,34.17
282,1,331,34.17
282,1,4533,34.17
282,1,461,34.17
282,1,462,34.17
282,1,491,34.17
356,1,1327,34.22
356,1,1328,34.22
356,1,1329,34.22
356,1,1330,34.22
356,1,1331,34.22
356,1,1332,34.22
356,1,1370,34.22
356,1,1380,34.22
356,1,1381,34.22
356,1,1383,34.22
356,1,1400,34.22
356,1,1401,34.22
356,1,1574,34.22
356,1,1575,34.22
356,1,1702,34.22
356,1,1749,34.22
356,1,1751,34.22
356,1,1758,34.22
356,1,1760,34.22
356,1,1761,34.22
356,1,1762,34.22
356,1,1763,34.22
356,1,1764,34.22
356,1,1767,34.22
356,1,2167,34.22
356,1,2168,34.22
356,1,2169,34.22
356,1,2170,34.22
356,1,2171,34.22
356,1,2173,34.22
356,1,2174,34.22
356,1,2175,34.22
356,1,2176,34.22
356,1,2177,34.22
356,1,2178,34.22
356,1,2179,34.22
356,1,2180,34.22
356,1,2181,34.22
356,1,2182,34.22
356,1,2183,34.22
356,1,2184,34.22
356,1,3037,34.22
356,1,3038,34.22
356,1,3755,34.22
356,1,433,34.22
356,1,435,34.22
356,1,436,34.22
356,1,698,34.22
356,1,699,34.22
356,1,700,34.22
356,1,701,34.22
356,1,702,34.22
356,1,703,34.22
356,1,704,34.22
356,1,705,34.22
356,1,748,34.22
356,1,749,34.22
356,1,750,34.22
356,1,751,34.22
356,1,752,34.22
356,1,753,34.22
356,1,754,34.22
356,1,755,34.22
356,1,756,34.22
356,1,757,34.22
356,1,758,34.22
356,1,759,34.22
356,1,761,34.22
356,1,763,34.22
356,1,769,34.22
356,1,770,34.22
356,1,771,34.22
393,1,3556,34.35
393,1,3557,34.35
393,1,3558,34.35
393,1,3559,34.35
393,1,3593,34.35
393,1,3889,34.35
393,1,3890,34.35
393,1,3900,34.35
393,1,3901,34.35
393,1,3902,34.35
393,1,3903,34.35
393,1,3904,34.35
393,1,3907,34.35
393,1,3908,34.35
393,1,3909,34.35
393,1,3910,34.35
393,1,3911,34.35
393,1,3912,34.35
393,1,3915,34.35
393,1,3916,34.35
393,1,3917,34.35
393,1,3919,34.35
393,1,3920,34.35
393,1,3921,34.35
393,1,3922,34.35
393,1,3923,34.35
393,1,3944,34.35
393,1,4103,34.35
393,1,4104,34.35
393,1,4105,34.35
393,1,4106,34.35
393,1,4107,34.35
393,1,4108,34.35
393,1,4109,34.35
393,1,4110,34.35
393,1,4111,34.35
393,1,4112,34.35
393,1,4113,34.35
393,1,4115,34.35
393,1,4116,34.35
393,1,4117,34.35
393,1,4118,34.35
393,1,4119,34.35
393,1,4120,34.35
393,1,4121,34.35
393,1,4122,34.35
393,1,4123,34.35
393,1,4124,34.35
393,1,4125,34.35
393,1,4126,34.35
393,1,4127,34.35
393,1,4128,34.35
393,1,4130,34.35
393,1,4131,34.35
393,1,4132,34.35
393,1,4133,34.35
393,1,4134,34.35
393,1,4135,34.35
393,1,4136,34.35
393,1,4137,34.35
393,1,419,34.35
393,1,426,34.35
393,1,427,34.35
393,1,428,34.35
393,1,429,34.35
393,1,430,34.35
393,1,431,34.35
393,1,432,34.35
393,1,4323,34.35
393,1,4338,34.35
393,1,4352,34.35
393,1,4392,34.35
393,1,4399,34.35
393,1,4400,34.35
393,1,4409,34.35
393,1,4410,34.35
393,1,4414,34.35
885,0,126,34.5
885,0,186,34.5
885,0,187,34.5
885,0,188,34.5
885,0,189,34.5
885,0,190,34.5
885,0,191,34.5
885,0,192,34.5
885,0,194,34.5
885,0,238,34.5
885,0,3295,34.5
885,0,3304,34.5
885,0,3315,34.5
885,0,376,34.5
885,0,377,34.5
885,0,378,34.5
885,0,379,34.5
885,0,380,34.5
885,0,4509,34.5
885,0,5541,34.5
885,0,5542,34.5
885,0,5543,34.5
885,0,5546,34.5
885,0,5547,34.5
885,0,5548,34.5
885,0,5549,34.5
885,0,5550,34.5
885,0,5552,34.5
885,0,5553,34.5
885,0,5565,34.5
885,0,5574,34.5
885,0,621,34.5
885,0,622,34.5
885,0,623,34.5
885,0,636,34.5
885,0,665,34.5
885,0,668,34.5
885,0,7824,34.5
885,0,7851,34.5
885,0,7856,34.5
885,0,7866,34.5
885,0,7868,34.5
885,0,7872,34.5
885,0,7874,34.5
885,0,7876,34.5
885,0,7985,34.5
885,0,7986,34.5
885,0,7987,34.5
885,0,7988,34.5
885,0,7989,34.5
885,0,7991,34.5
885,0,7992,34.5
885,0,7993,34.5
885,0,7994,34.5
885,0,8024,34.5
885,0,8061,34.5
502,0,117,34.63
502,0,118,34.63
502,0,119,34.63
502,0,120,34.63
502,0,121,34.63
502,0,200,34.63
502,0,201,34.63
502,0,202,34.63
502,0,203,34.63
502,0,204,34.63
502,0,205,34.63
502,0,206,34.63
502,0,207,34.63
502,0,215,34.63
502,0,216,34.63
502,0,217,34.63
502,0,264,34.63
502,0,277,34.63
502,0,278,34.63
502,0,281,34.63
502,0,282,34.63
502,0,35,34.63
502,0,3855,34.63
502,0,728,34.63
502,0,729,34.63
502,0,730,34.63
502,0,731,34.63
502,0,732,34.63
502,0,8202,34.63
502,0,8605,34.63
502,0,862,34.63
502,0,865,34.63
502,0,931,34.63
502,0,932,34.63
502,0,933,34.63
502,0,934,34.63
502,0,935,34.63
502,0,936,34.63
502,0,937,34.63
502,0,938,34.63
502,0,939,34.63
502,0,940,34.63
502,0,941,34.63
502,0,942,34.63
502,0,943,34.63
502,0,944,34.63
502,0,945,34.63
502,0,946,34.63
502,0,947,34.63
502,0,948,34.63
1082,0,106819,34.81
1082,0,140,34.81
1082,0,1796,34.81
1082,0,1798,34.81
1082,0,1799,34.81
1082,0,1801,34.81
1082,0,1807,34.81
1082,0,3109,34.81
1082,0,3140,34.81
1082,0,3141,34.81
1082,0,3142,34.81
1082,0,3143,34.81
1082,0,3144,34.81
1082,0,3145,34.81
1082,0,3146,34.81
1082,0,3147,34.81
1082,0,3148,34.81
1082,0,3149,34.81
1082,0,3150,34.81
1082,0,3151,34.81
256,1,106821,35.33
256,1,107,35.33
256,1,1323,35.33
256,1,1324,35.33
256,1,1325,35.33
256,1,1369,35.33
256,1,1370,35.33
256,1,1375,35.33
256,1,1379,35.33
256,1,1380,35.33
256,1,1381,35.33
256,1,1432,35.33
256,1,1436,35.33
256,1,2877,35.33
256,1,2991,35.33
256,1,2992,35.33
256,1,2998,35.33
256,1,2999,35.33
256,1,3000,35.33
256,1,3001,35.33
256,1,3002,35.33
256,1,3003,35.33
256,1,3281,35.33
256,1,3284,35.33
256,1,3285,35.33
815,0,1040,35.54
815,0,1041,35.54
815,0,4747,35.54
815,0,5144,35.54
815,0,5145,35.54
815,0,5149,35.54
815,0,5844,35.54
815,0,5932,35.54
815,0,5933,35.54
815,0,6566,35.54
815,0,6567,35.54
815,0,6568,35.54
815,0,7259,35.54
815,0,7630,35.54
815,0,7631,35.54
815,0,7632,35.54
815,0,7633,35.54
815,0,7641,35.54
815,0,7642,35.54
815,0,7643,35.54
816,1,1746,35.71
816,1,5153,35.71
816,1,5154,35.71
816,1,5155,35.71
816,1,5156,35.71
816,1,5158,35.71
816,1,5159,35.71
816,1,5845,35.71
816,1,5932,35.71
816,1,5936,35.71
816,1,6575,35.71
816,1,7260,35.71
816,1,7634,35.71
816,1,7635,35.71
816,1,7636,35.71
816,1,7637,35.71
816,1,7638,35.71
816,1,7644,35.71
816,1,7645,35.71
816,1,7646,35.71
891,1,1939,35.96
891,1,1940,35.96
891,1,1962,35.96
891,1,1963,35.96
891,1,229,35.96
891,1,230,35.96
891,1,231,35.96
891,1,232,35.96
891,1,3165,35.96
891,1,396,35.96
891,1,447,35.96
891,1,448,35.96
891,1,449,35.96
891,1,4499,35.96
891,1,4500,35.96
891,1,624,35.96
891,1,625,35.96
891,1,626,35.96
891,1,645,35.96
891,1,646,35.96
891,1,647,35.96
891,1,648,35.96
891,1,8042,35.96
1061,1,3513,36.11
1061,1,3514,36.11
1061,1,3515,36.11
1061,1,8657,36.11
1061,1,8658,36.11
1061,1,8659,36.11
1061,1,8660,36.11
1061,1,8661,36.11
1061,1,8662,36.11
1061,1,8680,36.11
1061,1,8681,36.11
1061,1,8684,36.11
1061,1,8686,36.11
1061,1,8687,36.11
1061,1,8688,36.11
1061,1,8689,36.11
236,1,2056,36.11
236,1,2065,36.11
236,1,2066,36.11
236,1,2067,36.11
236,1,2068,36.11
236,1,2069,36.11
236,1,2070,36.11
236,1,2071,36.11
236,1,2074,36.11
236,1,2075,36.11
236,1,2076,36.11
236,1,2389,36.11
236,1,2441,36.11
236,1,2445,36.11
236,1,2446,36.11
236,1,2447,36.11
236,1,2448,36.11
236,1,2449,36.11
236,1,2450,36.11
236,1,2451,36.11
236,1,2452,36.11
236,1,2454,36.11
236,1,2455,36.11
236,1,2456,36.11
236,1,2629,36.11
236,1,2630,36.11
236,1,2632,36.11
236,1,2633,36.11
236,1,2634,36.11
236,1,2635,36.11
236,1,2636,36.11
236,1,2638,36.11
236,1,2639,36.11
236,1,2640,36.11
236,1,2642,36.11
236,1,2643,36.11
236,1,2644,36.11
236,1,2645,36.11
236,1,2647,36.11
236,1,2648,36.11
236,1,2649,36.11
236,1,2650,36.11
236,1,2652,36.11
236,1,2654,36.11
236,1,2655,36.11
236,1,2656,36.11
236,1,2657,36.11
236,1,2658,36.11
236,1,2752,36.11
236,1,2759,36.11
236,1,2762,36.11
236,1,2766,36.11
236,1,2769,36.11
236,1,2773,36.11
236,1,2778,36.11
236,1,2783,36.11
236,1,2785,36.11
236,1,2976,36.11
236,1,4568,36.11
890,0,191,36.15
890,0,1915,36.15
890,0,1916,36.15
890,0,192,36.15
890,0,194,36.15
890,0,1959,36.15
890,0,1960,36.15
890,0,1961,36.15
890,0,3304,36.15
890,0,331,36.15
890,0,376,36.15
890,0,399,36.15
890,0,400,36.15
890,0,401,36.15
890,0,4485,36.15
890,0,4486,36.15
890,0,621,36.15
890,0,622,36.15
890,0,623,36.15
890,0,641,36.15
890,0,642,36.15
890,0,643,36.15
890,0,644,36.15
890,0,8042,36.15
633,0,2134,36.25
633,0,264,36.25
633,0,35,36.25
633,0,3855,36.25
633,0,5282,36.25
633,0,5286,36.25
633,0,5799,36.25
633,0,6059,36.25
633,0,6094,36.25
633,0,6129,36.25
633,0,6130,36.25
633,0,6131,36.25
633,0,6132,36.25
633,0,6134,36.25
633,0,6135,36.25
633,0,6136,36.25
633,0,6137,36.25
633,0,6138,36.25
633,0,6139,36.25
633,0,6140,36.25
633,0,6141,36.25
633,0,6144,36.25
633,0,6161,36.25
633,0,6162,36.25
633,0,6466,36.25
633,0,6467,36.25
633,0,728,36.25
633,0,729,36.25
633,0,730,36.25
633,0,731,36.25
633,0,732,36.25
633,0,939,36.25
633,0,940,36.25
633,0,941,36.25
633,0,942,36.25
633,0,943,36.25
633,0,944,36.25
633,0,945,36.25
633,0,946,36.25
633,0,947,36.25
633,0,948,36.25
633,0,949,36.25
633,0,966,36.25
633,0,967,36.25
633,0,968,36.25
633,0,969,36.25
633,0,970,36.25
633,0,973,36.25
634,1,2201,36.25
634,1,304,36.25
634,1,40,36.25
634,1,5274,36.25
634,1,5819,36.25
634,1,6127,36.25
634,1,6128,36.25
634,1,6133,36.25
634,1,6149,36.25
634,1,6150,36.25
634,1,6151,36.25
634,1,6152,36.25
634,1,6153,36.25
634,1,6154,36.25
634,1,6155,36.25
634,1,6156,36.25
634,1,6157,36.25
634,1,6158,36.25
634,1,6159,36.25
634,1,6160,36.25
634,1,6468,36.25
634,1,6516,36.25
634,1,734,36.25
634,1,735,36.25
634,1,736,36.25
634,1,737,36.25
634,1,738,36.25
634,1,739,36.25
634,1,949,36.25
634,1,950,36.25
634,1,951,36.25
634,1,952,36.25
634,1,953,36.25
634,1,954,36.25
634,1,955,36.25
634,1,956,36.25
634,1,957,36.25
634,1,958,36.25
634,1,959,36.25
634,1,974,36.25
634,1,975,36.25
634,1,976,36.25
634,1,977,36.25
634,1,978,36.25
634,1,979,36.25
634,1,980,36.25
722,0,106731,36.25
722,0,2433,36.25
722,0,2830,36.25
722,0,5189,36.25
722,0,5190,36.25
722,0,5191,36.25
722,0,5192,36.25
722,0,5193,36.25
722,0,5194,36.25
722,0,5195,36.25
722,0,5196,36.25
722,0,5197,36.25
722,0,5198,36.25
722,0,5199,36.25
722,0,5200,36.25
722,0,5202,36.25
722,0,5203,36.25
722,0,5204,36.25
722,0,6982,36.25
722,0,6983,36.25
722,0,6984,36.25
722,0,6985,36.25
722,0,6986,36.25
722,0,6987,36.25
722,0,6988,36.25
722,0,6989,36.25
722,0,6990,36.25
722,0,6991,36.25
722,0,6992,36.25
722,0,6993,36.25
722,0,6995,36.25
722,0,6996,36.25
722,0,6997,36.25
722,0,6998,36.25
722,0,6999,36.25
722,0,7000,36.25
722,0,7001,36.25
722,0,7002,36.25
722,0,7003,36.25
722,0,7004,36.25
722,0,7005,36.25
722,0,7006,36.25
722,0,7007,36.25
722,0,7008,36.25
722,0,7009,36.25
722,0,7010,36.25
722,0,7011,36.25
722,0,7012,36.25
722,0,7013,36.25
722,0,7014,36.25
722,0,7047,36.25
722,0,916,36.25
784,0,1011,36.54
784,0,1012,36.54
784,0,1013,36.54
784,0,1014,36.54
784,0,1040,36.54
784,0,2121,36.54
784,0,2124,36.54
784,0,2126,36.54
784,0,2127,36.54
784,0,2128,36.54
784,0,2129,36.54
784,0,2130,36.54
784,0,2131,36.54
784,0,2132,36.54
784,0,2133,36.54
784,0,2135,36.54
784,0,2137,36.54
784,0,2138,36.54
784,0,2141,36.54
784,0,2192,36.54
784,0,2201,36.54
784,0,2210,36.54
784,0,5797,36.54
784,0,5826,36.54
784,0,5827,36.54
784,0,5828,36.54
784,0,5829,36.54
784,0,5830,36.54
784,0,5831,36.54
784,0,5832,36.54
784,0,5833,36.54
784,0,5835,36.54
784,0,5836,36.54
784,0,5837,36.54
784,0,5838,36.54
784,0,5839,36.54
784,0,5840,36.54
784,0,5841,36.54
784,0,5842,36.54
784,0,5843,36.54
784,0,5865,36.54
784,0,6263,36.54
784,0,6308,36.54
784,0,7258,36.54
784,0,7288,36.54
784,0,7308,36.54
784,0,7309,36.54
784,0,7320,36.54
784,0,7322,36.54
784,0,9298,36.54
500,0,1031,36.8
500,0,1032,36.8
500,0,1033,36.8
500,0,1034,36.8
500,0,1035,36.8
500,0,1040,36.8
500,0,1041,36.8
500,0,1043,36.8
500,0,1044,36.8
500,0,1045,36.8
500,0,1047,36.8
500,0,1048,36.8
500,0,117,36.8
500,0,118,36.8
500,0,119,36.8
500,0,120,36.8
500,0,121,36.8
500,0,1742,36.8
500,0,200,36.8
500,0,201,36.8
500,0,202,36.8
500,0,203,36.8
500,0,204,36.8
500,0,205,36.8
500,0,206,36.8
500,0,207,36.8
500,0,215,36.8
500,0,216,36.8
500,0,217,36.8
500,0,264,36.8
500,0,277,36.8
500,0,278,36.8
500,0,281,36.8
500,0,282,36.8
500,0,35,36.8
500,0,3855,36.8
500,0,5844,36.8
500,0,728,36.8
500,0,729,36.8
500,0,730,36.8
500,0,731,36.8
500,0,732,36.8
500,0,8202,36.8
500,0,8605,36.8
500,0,939,36.8
500,0,940,36.8
500,0,941,36.8
500,0,942,36.8
500,0,943,36.8
500,0,944,36.8
500,0,945,36.8
500,0,946,36.8
500,0,947,36.8
500,0,948,36.8
500,0,972,36.8
500,0,973,36.8
1045,1,149,37.27
1045,1,150,37.27
1045,1,151,37.27
1045,1,152,37.27
1045,1,153,37.27
1045,1,155,37.27
1045,1,160,37.27
1045,1,165,37.27
1045,1,166,37.27
1045,1,167,37.27
1045,1,168,37.27
1045,1,169,37.27
1045,1,170,37.27
1045,1,171,37.27
1045,1,2119,37.27
1045,1,2151,37.27
1045,1,2152,37.27
1045,1,2153,37.27
1045,1,2154,37.27
1045,1,2155,37.27
1045,1,289,37.27
1045,1,290,37.27
1045,1,291,37.27
1045,1,292,37.27
1045,1,293,37.27
1045,1,3855,37.27
1045,1,40,37.27
1045,1,4050,37.27
1045,1,4053,37.27
1045,1,4054,37.27
1045,1,4533,37.27
1045,1,4541,37.27
1045,1,557,37.27
1045,1,734,37.27
1045,1,735,37.27
1045,1,744,37.27
1045,1,745,37.27
1045,1,746,37.27
1045,1,747,37.27
1045,1,767,37.27
1045,1,768,37.27
459,1,106,37.5
459,1,107,37.5
459,1,1204,37.5
459,1,1318,37.5
459,1,1323,37.5
459,1,1324,37.5
459,1,1325,37.5
459,1,1370,37.5
459,1,1378,37.5
459,1,1379,37.5
459,1,1380,37.5
459,1,1381,37.5
459,1,1382,37.5
459,1,1383,37.5
459,1,1400,37.5
459,1,1401,37.5
459,1,1402,37.5
459,1,2175,37.5
459,1,2332,37.5
459,1,2333,37.5
459,1,2335,37.5
459,1,2336,37.5
459,1,2337,37.5
459,1,2338,37.5
459,1,2339,37.5
459,1,2880,37.5
459,1,2881,37.5
459,1,2882,37.5
459,1,2883,37.5
459,1,2884,37.5
459,1,2885,37.5
459,1,2886,37.5
459,1,2887,37.5
459,1,2888,37.5
459,1,2889,37.5
459,1,2890,37.5
459,1,2891,37.5
459,1,349,37.5
459,1,3857,37.5
459,1,458,37.5
553,0,129,37.5
553,0,130,37.5
553,0,131,37.5
553,0,132,37.5
553,0,133,37.5
553,0,134,37.5
553,0,135,37.5
553,0,136,37.5
553,0,137,37.5
553,0,138,37.5
553,0,139,37.5
553,0,140,37.5
553,0,1702,37.5
553,0,1749,37.5
553,0,3315,37.5
553,0,404,37.5
553,0,405,37.5
553,0,406,37.5
553,0,407,37.5
553,0,408,37.5
553,0,409,37.5
553,0,410,37.5
553,0,411,37.5
553,0,412,37.5
553,0,413,37.5
553,0,414,37.5
553,0,415,37.5
553,0,416,37.5
553,0,420,37.5
553,0,421,37.5
553,0,422,37.5
553,0,423,37.5
553,0,424,37.5
553,0,426,37.5
553,0,427,37.5
553,0,433,37.5
553,0,454,37.5
694,0,4728,38.4
694,0,4729,38.4
694,0,4730,38.4
694,0,6588,38.4
694,0,6598,38.4
694,0,6599,38.4
694,0,6603,38.4
694,0,6604,38.4
694,0,6605,38.4
694,0,6606,38.4
694,0,6607,38.4
694,0,6608,38.4
694,0,6609,38.4
694,0,6610,38.4
694,0,6611,38.4
694,0,6612,38.4
694,0,6613,38.4
694,0,6614,38.4
694,0,6615,38.4
694,0,6616,38.4
694,0,6617,38.4
694,0,6618,38.4
694,0,6619,38.4
694,0,6620,38.4
694,0,6621,38.4
694,0,6622,38.4
694,0,6623,38.4
694,0,6624,38.4
694,0,6876,38.4
694,0,6877,38.4
694,0,6878,38.4
694,0,6879,38.4
694,0,6880,38.4
694,0,6881,38.4
694,0,6882,38.4
694,0,7047,38.4
694,0,820,38.4
694,0,822,38.4
694,0,823,38.4
694,0,824,38.4
694,0,825,38.4
694,0,826,38.4
694,0,827,38.4
694,0,828,38.4
694,0,829,38.4
694,0,830,38.4
694,0,831,38.4
694,0,832,38.4
694,0,833,38.4
694,0,834,38.4
694,0,835,38.4
728,0,1024,38.41
728,0,1025,38.41
728,0,1044,38.41
728,0,1045,38.41
728,0,2124,38.41
728,0,2125,38.41
728,0,3842,38.41
728,0,3844,38.41
728,0,4761,38.41
728,0,5892,38.41
728,0,5894,38.41
728,0,5898,38.41
728,0,590,38.41
728,0,591,38.41
728,0,592,38.41
728,0,593,38.41
728,0,594,38.41
728,0,6034,38.41
728,0,6038,38.41
728,0,6059,38.41
728,0,6129,38.41
728,0,6130,38.41
728,0,6161,38.41
728,0,6162,38.41
728,0,6259,38.41
728,0,6260,38.41
728,0,6306,38.41
728,0,6530,38.41
728,0,6941,38.41
728,0,7054,38.41
728,0,7055,38.41
728,0,7056,38.41
728,0,7057,38.41
728,0,7059,38.41
728,0,7060,38.41
728,0,7304,38.41
728,0,7305,38.41
728,0,7661,38.41
728,0,7736,38.41
728,0,7909,38.41
728,0,7910,38.41
728,0,7912,38.41
728,0,7915,38.41
728,0,80,38.41
728,0,81,38.41
728,0,82,38.41
728,0,8892,38.41
728,0,9279,38.41
773,0,1010,38.7
773,0,1031,38.7
773,0,1032,38.7
773,0,1033,38.7
773,0,1041,38.7
773,0,1043,38.7
773,0,1044,38.7
773,0,1045,38.7
773,0,1047,38.7
773,0,1048,38.7
773,0,1742,38.7
773,0,5144,38.7
773,0,5145,38.7
773,0,5149,38.7
773,0,5844,38.7
773,0,5933,38.7
773,0,6307,38.7
773,0,6566,38.7
773,0,6567,38.7
773,0,6568,38.7
773,0,7229,38.7
773,0,7230,38.7
773,0,7231,38.7
773,0,7232,38.7
773,0,7233,38.7
773,0,7234,38.7
773,0,7235,38.7
773,0,7249,38.7
773,0,7250,38.7
773,0,7252,38.7
773,0,7253,38.7
773,0,7254,38.7
773,0,7255,38.7
773,0,7256,38.7
773,0,7257,38.7
773,0,7259,38.7
773,0,7271,38.7
773,0,7273,38.7
501,1,1031,38.75
501,1,1036,38.75
501,1,1037,38.75
501,1,1038,38.75
501,1,1050,38.75
501,1,1051,38.75
501,1,1052,38.75
501,1,1053,38.75
501,1,1056,38.75
501,1,1058,38.75
501,1,1252,38.75
501,1,149,38.75
501,1,150,38.75
501,1,151,38.75
501,1,152,38.75
501,1,1737,38.75
501,1,1743,38.75
501,1,1744,38.75
501,1,1746,38.75
501,1,218,38.75
501,1,219,38.75
501,1,220,38.75
501,1,221,38.75
501,1,222,38.75
501,1,223,38.75
501,1,224,38.75
501,1,225,38.75
501,1,283,38.75
501,1,284,38.75
501,1,285,38.75
501,1,287,38.75
501,1,288,38.75
501,1,289,38.75
501,1,290,38.75
501,1,291,38.75
501,1,304,38.75
501,1,3179,38.75
501,1,41,38.75
501,1,4533,38.75
501,1,734,38.75
501,1,735,38.75
501,1,736,38.75
501,1,737,38.75
501,1,738,38.75
501,1,739,38.75
501,1,950,38.75
501,1,951,38.75
501,1,952,38.75
501,1,953,38.75
501,1,954,38.75
501,1,955,38.75
501,1,956,38.75
501,1,957,38.75
501,1,958,38.75
501,1,959,38.75
501,1,974,38.75
117,1,105,38.82
117,1,107,38.82
117,1,1323,38.82
117,1,1324,38.82
117,1,1325,38.82
117,1,1369,38.82
117,1,1370,38.82
117,1,1375,38.82
117,1,1379,38.82
117,1,1380,38.82
117,1,1381,38.82
117,1,1388,38.82
117,1,1394,38.82
117,1,1400,38.82
117,1,1401,38.82
117,1,1402,38.82
117,1,1403,38.82
117,1,1404,38.82
117,1,1405,38.82
117,1,1406,38.82
117,1,1407,38.82
117,1,1408,38.82
117,1,1409,38.82
117,1,1410,38.82
117,1,1432,38.82
117,1,1436,38.82
117,1,2173,38.82
117,1,2230,38.82
117,1,3212,38.82
117,1,3857,38.82
117,1,458,38.82
729,1,1085,38.95
729,1,1743,38.95
729,1,1744,38.95
729,1,2121,38.95
729,1,2210,38.95
729,1,3846,38.95
729,1,3847,38.95
729,1,3848,38.95
729,1,4763,38.95
729,1,5894,38.95
729,1,5898,38.95
729,1,594,38.95
729,1,5991,38.95
729,1,5992,38.95
729,1,5993,38.95
729,1,5994,38.95
729,1,600,38.95
729,1,601,38.95
729,1,603,38.95
729,1,6038,38.95
729,1,6040,38.95
729,1,6127,38.95
729,1,6128,38.95
729,1,6159,38.95
729,1,6160,38.95
729,1,6263,38.95
729,1,6264,38.95
729,1,6275,38.95
729,1,6516,38.95
729,1,6527,38.95
729,1,6941,38.95
729,1,6943,38.95
729,1,6944,38.95
729,1,6945,38.95
729,1,7065,38.95
729,1,7066,38.95
729,1,7067,38.95
729,1,7068,38.95
729,1,7069,38.95
729,1,7070,38.95
729,1,7071,38.95
729,1,7302,38.95
729,1,7308,38.95
729,1,7735,38.95
729,1,7920,38.95
729,1,88,38.95
729,1,89,38.95
729,1,90,38.95
729,1,9280,38.95
729,1,994,38.95
729,1,995,38.95
458,0,102,39.04
458,0,103,39.04
458,0,105,39.04
458,0,106815,39.04
458,0,106816,39.04
458,0,1204,39.04
458,0,1318,39.04
458,0,1322,39.04
458,0,1369,39.04
458,0,1370,39.04
458,0,1371,39.04
458,0,1372,39.04
458,0,1373,39.04
458,0,1374,39.04
458,0,1376,39.04
458,0,1397,39.04
458,0,1398,39.04
458,0,1399,39.04
458,0,2159,39.04
458,0,2327,39.04
458,0,2328,39.04
458,0,2329,39.04
458,0,2330,39.04
458,0,2331,39.04
458,0,2332,39.04
458,0,2333,39.04
458,0,2880,39.04
458,0,2881,39.04
458,0,2882,39.04
458,0,2883,39.04
458,0,2884,39.04
458,0,2885,39.04
458,0,2886,39.04
458,0,2887,39.04
458,0,2888,39.04
458,0,2889,39.04
458,0,2890,39.04
458,0,2891,39.04
458,0,319,39.04
458,0,320,39.04
458,0,321,39.04
96,0,1101,39.13
96,0,1102,39.13
96,0,1103,39.13
96,0,1104,39.13
96,0,1105,39.13
96,0,1106,39.13
96,0,1107,39.13
96,0,1108,39.13
96,0,1109,39.13
96,0,1113,39.13
96,0,1114,39.13
96,0,1118,39.13
96,0,1120,39.13
96,0,1122,39.13
96,0,1123,39.13
96,0,1124,39.13
96,0,1128,39.13
96,0,1142,39.13
96,0,1150,39.13
96,0,1152,39.13
96,0,1153,39.13
96,0,1154,39.13
96,0,1155,39.13
96,0,1156,39.13
96,0,1191,39.13
96,0,1192,39.13
96,0,1197,39.13
96,0,19,39.13
96,0,20,39.13
96,0,22,39.13
96,0,23,39.13
96,0,261,39.13
96,0,308,39.13
96,0,309,39.13
96,0,310,39.13
96,0,3834,39.13
96,0,747,39.13
96,0,749,39.13
96,0,750,39.13
96,0,751,39.13
96,0,752,39.13
96,0,753,39.13
96,0,754,39.13
96,0,779,39.13
96,0,780,39.13
96,0,781,39.13
96,0,782,39.13
96,0,783,39.13
119,1,105,39.23
119,1,107,39.23
119,1,1323,39.23
119,1,1324,39.23
119,1,1325,39.23
119,1,1369,39.23
119,1,1370,39.23
119,1,1375,39.23
119,1,1379,39.23
119,1,1380,39.23
119,1,1381,39.23
119,1,1400,39.23
119,1,1401,39.23
119,1,1402,39.23
119,1,1403,39.23
119,1,1412,39.23
119,1,1415,39.23
119,1,1416,39.23
119,1,1432,39.23
119,1,1436,39.23
119,1,2230,39.23
119,1,3212,39.23
119,1,3857,39.23
119,1,458,39.23
1080,0,140,39.35
1080,0,5423,39.35
1080,0,5424,39.35
1080,0,8724,39.35
1080,0,8725,39.35
1080,0,8726,39.35
1080,0,8727,39.35
1080,0,8728,39.35
1080,0,8729,39.35
1080,0,8730,39.35
1080,0,8731,39.35
1080,0,8732,39.35
1080,0,8733,39.35
1080,0,8734,39.35
1081,1,141,39.35
1081,1,5425,39.35
1081,1,8724,39.35
1081,1,8728,39.35
1081,1,8733,39.35
1081,1,8735,39.35
1081,1,8736,39.35
1081,1,8737,39.35
1081,1,8738,39.35
1081,1,8739,39.35
1081,1,8740,39.35
1081,1,8741,39.35
1081,1,8742,39.35
1081,1,8743,39.35
118,0,102,39.81
118,0,103,39.81
118,0,106815,39.81
118,0,106816,39.81
118,0,1204,39.81
118,0,1318,39.81
118,0,1321,39.81
118,0,1322,39.81
118,0,1371,39.81
118,0,1372,39.81
118,0,1373,39.81
118,0,1378,39.81
118,0,1383,39.81
118,0,1396,39.81
118,0,1397,39.81
118,0,1399,39.81
118,0,1412,39.81
118,0,1413,39.81
118,0,1414,39.81
118,0,1429,39.81
118,0,2892,39.81
118,0,319,39.81
118,0,320,39.81
118,0,321,39.81
118,0,349,39.81
777,1,1010,40.0
777,1,1031,40.0
777,1,1032,40.0
777,1,1033,40.0
777,1,1043,40.0
777,1,1044,40.0
777,1,1045,40.0
777,1,1047,40.0
777,1,1048,40.0
777,1,1742,40.0
777,1,1746,40.0
777,1,4750,40.0
777,1,5153,40.0
777,1,5154,40.0
777,1,5155,40.0
777,1,5156,40.0
777,1,5158,40.0
777,1,5159,40.0
777,1,5936,40.0
777,1,6575,40.0
777,1,6729,40.0
777,1,7236,40.0
777,1,7237,40.0
777,1,7238,40.0
777,1,7239,40.0
777,1,7240,40.0
777,1,7241,40.0
777,1,7242,40.0
777,1,7249,40.0
777,1,7260,40.0
777,1,7263,40.0
777,1,7266,40.0
777,1,7267,40.0
777,1,7268,40.0
777,1,7269,40.0
777,1,7271,40.0
777,1,7273,40.0
777,1,7275,40.0
777,1,7276,40.0
788,0,1040,40.0
788,0,1041,40.0
788,0,106831,40.0
788,0,106838,40.0
788,0,4713,40.0
788,0,4714,40.0
788,0,4715,40.0
788,0,4716,40.0
788,0,4717,40.0
788,0,4718,40.0
788,0,4719,40.0
788,0,4720,40.0
788,0,4721,40.0
788,0,4722,40.0
788,0,4723,40.0
788,0,4724,40.0
788,0,4725,40.0
788,0,4727,40.0
788,0,4728,40.0
788,0,4729,40.0
788,0,4730,40.0
788,0,4732,40.0
788,0,4733,40.0
788,0,4734,40.0
788,0,4735,40.0
788,0,4736,40.0
788,0,4737,40.0
788,0,4738,40.0
788,0,4739,40.0
788,0,4740,40.0
788,0,4741,40.0
788,0,4742,40.0
788,0,4743,40.0
788,0,5144,40.0
788,0,5145,40.0
788,0,5149,40.0
788,0,5844,40.0
788,0,5929,40.0
788,0,5930,40.0
788,0,5931,40.0
788,0,6566,40.0
788,0,6567,40.0
788,0,6568,40.0
788,0,6603,40.0
788,0,6605,40.0
788,0,7259,40.0
788,0,7325,40.0
788,0,7326,40.0
788,0,7327,40.0
788,0,7328,40.0
788,0,7329,40.0
788,0,7330,40.0
788,0,7331,40.0
788,0,7333,40.0
788,0,7334,40.0
788,0,7335,40.0
788,0,7336,40.0
788,0,7337,40.0
788,0,7338,40.0
788,0,7339,40.0
788,0,7340,40.0
788,0,7341,40.0
788,0,7342,40.0
788,0,7343,40.0
788,0,7344,40.0
788,0,7345,40.0
788,0,7346,40.0
788,0,7347,40.0
788,0,7348,40.0
788,0,7349,40.0
788,0,7350,40.0
788,0,7351,40.0
788,0,7352,40.0
788,0,7353,40.0
788,0,7354,40.0
788,0,7355,40.0
788,0,7356,40.0
788,0,7357,40.0
788,0,7358,40.0
788,0,7359,40.0
788,0,7360,40.0
788,0,7361,40.0
788,0,7362,40.0
788,0,7363,40.0
788,0,7364,40.0
788,0,7365,40.0
788,0,7366,40.0
788,0,7367,40.0
788,0,7368,40.0
788,0,7369,40.0
788,0,7407,40.0
787,1,1004,40.19
787,1,1005,40.19
787,1,1006,40.19
787,1,1007,40.19
787,1,1008,40.19
787,1,1010,40.19
787,1,1645,40.19
787,1,1746,40.19
787,1,2134,40.19
787,1,2139,40.19
787,1,2192,40.19
787,1,2193,40.19
787,1,2194,40.19
787,1,2195,40.19
787,1,2196,40.19
787,1,2197,40.19
787,1,2198,40.19
787,1,2199,40.19
787,1,2200,40.19
787,1,2202,40.19
787,1,2203,40.19
787,1,2204,40.19
787,1,2205,40.19
787,1,2206,40.19
787,1,2207,40.19
787,1,2208,40.19
787,1,2209,40.19
787,1,2210,40.19
787,1,5837,40.19
787,1,5847,40.19
787,1,5848,40.19
787,1,5849,40.19
787,1,5850,40.19
787,1,5851,40.19
787,1,5852,40.19
787,1,5853,40.19
787,1,5854,40.19
787,1,5855,40.19
787,1,5856,40.19
787,1,5857,40.19
787,1,5858,40.19
787,1,5859,40.19
787,1,5860,40.19
787,1,5861,40.19
787,1,5862,40.19
787,1,5863,40.19
787,1,6260,40.19
787,1,7302,40.19
787,1,7303,40.19
787,1,7304,40.19
787,1,7305,40.19
100,1,1108,40.63
100,1,1113,40.63
100,1,1114,40.63
100,1,1115,40.63
100,1,1117,40.63
100,1,1119,40.63
100,1,1121,40.63
100,1,1123,40.63
100,1,1127,40.63
100,1,1128,40.63
100,1,1129,40.63
100,1,1130,40.63
100,1,1131,40.63
100,1,1132,40.63
100,1,1133,40.63
100,1,1134,40.63
100,1,1135,40.63
100,1,1136,40.63
100,1,1148,40.63
100,1,1183,40.63
100,1,1184,40.63
100,1,1185,40.63
100,1,1186,40.63
100,1,1187,40.63
100,1,1188,40.63
100,1,1192,40.63
100,1,1194,40.63
100,1,1195,40.63
100,1,1196,40.63
100,1,1197,40.63
100,1,258,40.63
100,1,259,40.63
100,1,260,40.63
100,1,307,40.63
100,1,51,40.63
100,1,52,40.63
100,1,711,40.63
100,1,712,40.63
100,1,713,40.63
100,1,714,40.63
100,1,715,40.63
100,1,716,40.63
100,1,718,40.63
100,1,802,40.63
100,1,803,40.63
100,1,804,40.63
100,1,805,40.63
100,1,806,40.63
478,0,30,40.88
1077,1,1257,41.52
1077,1,1258,41.52
1077,1,1259,41.52
1077,1,1261,41.52
1077,1,1262,41.52
1077,1,1263,41.52
1077,1,1265,41.52
1077,1,1274,41.52
1077,1,141,41.52
1077,1,5560,41.52
1077,1,8713,41.52
1077,1,8714,41.52
1077,1,8715,41.52
1077,1,8716,41.52
1077,1,8717,41.52
1077,1,8718,41.52
463,1,106,41.62
463,1,107,41.62
463,1,1277,41.62
463,1,130,41.62
463,1,131,41.62
463,1,1318,41.62
463,1,1323,41.62
463,1,1324,41.62
463,1,1325,41.62
463,1,133,41.62
463,1,134,41.62
463,1,135,41.62
463,1,136,41.62
463,1,137,41.62
463,1,1370,41.62
463,1,1378,41.62
463,1,1379,41.62
463,1,138,41.62
463,1,1380,41.62
463,1,1381,41.62
463,1,1382,41.62
463,1,1383,41.62
463,1,139,41.62
463,1,1400,41.62
463,1,1401,41.62
463,1,141,41.62
463,1,142,41.62
463,1,1422,41.62
463,1,1574,41.62
463,1,1575,41.62
463,1,1576,41.62
463,1,1577,41.62
463,1,1578,41.62
463,1,1581,41.62
463,1,1582,41.62
463,1,1583,41.62
463,1,172,41.62
463,1,1819,41.62
463,1,1820,41.62
463,1,1821,41.62
463,1,1822,41.62
463,1,1823,41.62
463,1,1966,41.62
463,1,2738,41.62
463,1,3008,41.62
463,1,349,41.62
463,1,403,41.62
463,1,442,41.62
463,1,443,41.62
463,1,444,41.62
463,1,4568,41.62
175,1,106812,41.67
175,1,107,41.67
175,1,1323,41.67
175,1,1324,41.67
175,1,1325,41.67
175,1,1702,41.67
175,1,1711,41.67
175,1,2111,41.67
175,1,2112,41.67
175,1,2114,41.67
175,1,2115,41.67
175,1,2116,41.67
175,1,2119,41.67
175,1,2230,41.67
175,1,248,41.67
175,1,253,41.67
175,1,310,41.67
175,1,311,41.67
175,1,312,41.67
175,1,313,41.67
175,1,314,41.67
175,1,315,41.67
175,1,316,41.67
175,1,317,41.67
175,1,320,41.67
175,1,413,41.67
175,1,415,41.67
175,1,419,41.67
175,1,426,41.67
175,1,427,41.67
175,1,428,41.67
175,1,429,41.67
175,1,430,41.67
175,1,431,41.67
175,1,432,41.67
175,1,433,41.67
175,1,435,41.67
175,1,436,41.67
175,1,437,41.67
175,1,438,41.67
175,1,439,41.67
175,1,440,41.67
175,1,462,41.67
175,1,463,41.67
175,1,464,41.67
175,1,7088,41.67
175,1,741,41.67
175,1,766,41.67
175,1,777,41.67
175,1,785,41.67
175,1,801,41.67
175,1,802,41.67
175,1,803,41.67
175,1,804,41.67
175,1,805,41.67
175,1,806,41.67
175,1,863,41.67
175,1,887,41.67
175,1,888,41.67
175,1,889,41.67
175,1,937,41.67
175,1,938,41.67
175,1,960,41.67
175,1,961,41.67
175,1,962,41.67
469,1,106,43.08
469,1,107,43.08
469,1,1318,43.08
469,1,1323,43.08
469,1,1324,43.08
469,1,1325,43.08
469,1,1326,43.08
469,1,1327,43.08
469,1,1328,43.08
469,1,134,43.08
469,1,135,43.08
469,1,136,43.08
469,1,137,43.08
469,1,138,43.08
469,1,139,43.08
469,1,140,43.08
469,1,172,43.08
469,1,1819,43.08
469,1,1820,43.08
469,1,1821,43.08
469,1,1822,43.08
469,1,1823,43.08
469,1,1966,43.08
469,1,3315,43.08
469,1,349,43.08
469,1,403,43.08
469,1,4056,43.08
469,1,4057,43.08
469,1,4065,43.08
469,1,4066,43.08
469,1,442,43.08
469,1,443,43.08
469,1,4438,43.08
469,1,444,43.08
469,1,4442,43.08
469,1,4470,43.08
469,1,4471,43.08
469,1,4472,43.08
469,1,4473,43.08
469,1,5015,43.08
469,1,5020,43.08
469,1,5021,43.08
469,1,5022,43.08
469,1,5023,43.08
1076,0,1253,43.18
1076,0,1254,43.18
1076,0,1255,43.18
1076,0,1256,43.18
1076,0,1257,43.18
1076,0,1258,43.18
1076,0,1259,43.18
1076,0,1260,43.18
1076,0,140,43.18
1076,0,5563,43.18
1076,0,8713,43.18
1076,0,8714,43.18
1076,0,8715,43.18
1076,0,8716,43.18
1076,0,8717,43.18
1076,0,8718,43.18
789,1,106832,43.33
789,1,1746,43.33
789,1,4728,43.33
789,1,4781,43.33
789,1,4782,43.33
789,1,4783,43.33
789,1,4784,43.33
789,1,4785,43.33
789,1,4786,43.33
789,1,4787,43.33
789,1,4788,43.33
789,1,4789,43.33
789,1,4790,43.33
789,1,4791,43.33
789,1,4792,43.33
789,1,4794,43.33
789,1,4795,43.33
789,1,4796,43.33
789,1,4798,43.33
789,1,4799,43.33
789,1,4801,43.33
789,1,4802,43.33
789,1,4803,43.33
789,1,4804,43.33
789,1,4805,43.33
789,1,4806,43.33
789,1,4807,43.33
789,1,4808,43.33
789,1,4809,43.33
789,1,4810,43.33
789,1,5153,43.33
789,1,5154,43.33
789,1,5155,43.33
789,1,5156,43.33
789,1,5158,43.33
789,1,5159,43.33
789,1,5845,43.33
789,1,5932,43.33
789,1,5937,43.33
789,1,5938,43.33
789,1,5939,43.33
789,1,6575,43.33
789,1,6605,43.33
789,1,6646,43.33
789,1,6895,43.33
789,1,7260,43.33
789,1,7325,43.33
789,1,7335,43.33
789,1,7370,43.33
789,1,7371,43.33
789,1,7372,43.33
789,1,7373,43.33
789,1,7374,43.33
789,1,7375,43.33
789,1,7376,43.33
789,1,7377,43.33
789,1,7378,43.33
789,1,7379,43.33
789,1,7380,43.33
789,1,7381,43.33
789,1,7382,43.33
789,1,7383,43.33
789,1,7384,43.33
789,1,7385,43.33
789,1,7386,43.33
789,1,7387,43.33
789,1,7388,43.33
789,1,7389,43.33
789,1,7390,43.33
789,1,7391,43.33
789,1,7392,43.33
789,1,7393,43.33
789,1,7394,43.33
789,1,7395,43.33
789,1,7396,43.33
789,1,7397,43.33
789,1,7398,43.33
789,1,7399,43.33
789,1,7400,43.33
789,1,7401,43.33
789,1,7402,43.33
789,1,7403,43.33
789,1,7405,43.33
789,1,7406,43.33
789,1,7407,43.33
789,1,7408,43.33
789,1,7409,43.33
789,1,7410,43.33
789,1,7411,43.33
789,1,7412,43.33
789,1,7413,43.33
761,1,2115,43.86
761,1,2116,43.86
761,1,2185,43.86
761,1,2186,43.86
761,1,2187,43.86
761,1,2188,43.86
761,1,2189,43.86
761,1,2190,43.86
761,1,2191,43.86
761,1,248,43.86
761,1,469,43.86
761,1,470,43.86
761,1,471,43.86
761,1,498,43.86
761,1,499,43.86
761,1,500,43.86
761,1,501,43.86
761,1,502,43.86
761,1,503,43.86
761,1,5034,43.86
761,1,5035,43.86
761,1,5036,43.86
761,1,5037,43.86
761,1,5038,43.86
761,1,5039,43.86
761,1,504,43.86
761,1,5040,43.86
761,1,5041,43.86
761,1,5042,43.86
761,1,505,43.86
761,1,506,43.86
761,1,507,43.86
761,1,508,43.86
761,1,51,43.86
761,1,52,43.86
761,1,521,43.86
761,1,53,43.86
761,1,534,43.86
761,1,535,43.86
761,1,558,43.86
761,1,559,43.86
761,1,560,43.86
761,1,561,43.86
761,1,562,43.86
761,1,563,43.86
761,1,564,43.86
761,1,565,43.86
761,1,566,43.86
761,1,567,43.86
761,1,572,43.86
761,1,573,43.86
761,1,574,43.86
761,1,575,43.86
761,1,576,43.86
761,1,577,43.86
761,1,579,43.86
761,1,580,43.86
761,1,581,43.86
761,1,582,43.86
761,1,583,43.86
761,1,6478,43.86
761,1,6543,43.86
761,1,698,43.86
761,1,699,43.86
761,1,700,43.86
761,1,701,43.86
761,1,702,43.86
761,1,703,43.86
761,1,704,43.86
761,1,7220,43.86
761,1,761,43.86
761,1,763,43.86
761,1,769,43.86
761,1,770,43.86
761,1,771,43.86
761,1,777,43.86
761,1,861,43.86
761,1,863,43.86
761,1,887,43.86
761,1,889,43.86
761,1,937,43.86
761,1,938,43.86
761,1,960,43.86
761,1,961,43.86
761,1,962,43.86
291,0,106,45.0
291,0,107,45.0
291,0,1639,45.0
291,0,1640,45.0
291,0,1641,45.0
291,0,1827,45.0
291,0,3100,45.0
291,0,3235,45.0
291,0,3236,45.0
291,0,3249,45.0
291,0,3250,45.0
291,0,3251,45.0
291,0,3265,45.0
291,0,3266,45.0
291,0,3267,45.0
291,0,3268,45.0
291,0,3269,45.0
291,0,3270,45.0
291,0,3271,45.0
291,0,3272,45.0
291,0,3275,45.0
291,0,3276,45.0
291,0,3279,45.0
291,0,409,45.0
291,0,410,45.0
291,0,411,45.0
291,0,412,45.0
291,0,467,45.0
292,1,1827,45.0
292,1,319,45.0
292,1,3234,45.0
292,1,3236,45.0
292,1,3238,45.0
292,1,3240,45.0
292,1,3241,45.0
292,1,3242,45.0
292,1,3253,45.0
292,1,3265,45.0
292,1,3266,45.0
292,1,3267,45.0
292,1,3268,45.0
292,1,3269,45.0
292,1,3270,45.0
292,1,3271,45.0
292,1,3278,45.0
292,1,3279,45.0
292,1,409,45.0
292,1,438,45.0
292,1,439,45.0
292,1,440,45.0
292,1,460,45.0
292,1,461,45.0
292,1,462,45.0
292,1,463,45.0
292,1,464,45.0
625,0,1059,45.0
625,0,1064,45.0
625,0,1092,45.0
625,0,1094,45.0
625,0,1095,45.0
625,0,1096,45.0
625,0,1097,45.0
625,0,1098,45.0
625,0,6014,45.0
625,0,6015,45.0
625,0,6412,45.0
625,0,69,45.0
625,0,70,45.0
625,0,71,45.0
625,0,7627,45.0
656,0,4728,45.0
656,0,4729,45.0
656,0,4730,45.0
656,0,5130,45.0
656,0,5131,45.0
656,0,6045,45.0
656,0,6046,45.0
656,0,6047,45.0
656,0,6048,45.0
656,0,6049,45.0
656,0,6050,45.0
656,0,6052,45.0
656,0,6053,45.0
656,0,6054,45.0
656,0,6055,45.0
656,0,6056,45.0
656,0,6059,45.0
656,0,6060,45.0
656,0,6061,45.0
656,0,6062,45.0
656,0,6063,45.0
656,0,6064,45.0
656,0,6065,45.0
656,0,6066,45.0
656,0,6067,45.0
656,0,6068,45.0
656,0,6069,45.0
656,0,6070,45.0
656,0,6071,45.0
656,0,6072,45.0
656,0,6073,45.0
656,0,6074,45.0
656,0,6077,45.0
656,0,6129,45.0
656,0,6130,45.0
656,0,6591,45.0
656,0,6592,45.0
656,0,6593,45.0
656,0,6594,45.0
656,0,6595,45.0
656,0,6598,45.0
656,0,6603,45.0
656,0,6604,45.0
656,0,6605,45.0
656,0,6606,45.0
656,0,6607,45.0
656,0,6608,45.0
656,0,6609,45.0
656,0,6610,45.0
656,0,6611,45.0
656,0,6612,45.0
656,0,6613,45.0
656,0,6614,45.0
656,0,6615,45.0
656,0,6616,45.0
656,0,6617,45.0
656,0,6618,45.0
656,0,6619,45.0
656,0,6620,45.0
656,0,6621,45.0
656,0,6622,45.0
656,0,6623,45.0
656,0,6624,45.0
656,0,7459,45.0
656,0,761,45.0
656,0,762,45.0
656,0,763,45.0
656,0,849,45.0
495,1,1186,45.39
495,1,152,45.39
495,1,18,45.39
495,1,19,45.39
495,1,20,45.39
495,1,218,45.39
495,1,219,45.39
495,1,220,45.39
495,1,221,45.39
495,1,222,45.39
495,1,223,45.39
495,1,224,45.39
495,1,225,45.39
495,1,283,45.39
495,1,284,45.39
495,1,285,45.39
495,1,287,45.39
495,1,288,45.39
495,1,3179,45.39
495,1,3846,45.39
495,1,3847,45.39
495,1,3848,45.39
495,1,3849,45.39
495,1,4477,45.39
495,1,4501,45.39
495,1,4502,45.39
495,1,4503,45.39
495,1,4504,45.39
495,1,4505,45.39
495,1,4506,45.39
495,1,4507,45.39
495,1,4508,45.39
495,1,46,45.39
495,1,47,45.39
495,1,48,45.39
495,1,50,45.39
495,1,51,45.39
495,1,52,45.39
495,1,5273,45.39
495,1,53,45.39
495,1,594,45.39
495,1,595,45.39
495,1,596,45.39
495,1,597,45.39
495,1,598,45.39
495,1,599,45.39
495,1,6296,45.39
495,1,7735,45.39
495,1,994,45.39
495,1,995,45.39
14,0,106602,45.48
14,0,149,45.48
14,0,150,45.48
14,0,152,45.48
14,0,174,45.48
14,0,175,45.48
14,0,176,45.48
14,0,177,45.48
14,0,178,45.48
14,0,180,45.48
14,0,182,45.48
14,0,183,45.48
14,0,186,45.48
14,0,187,45.48
14,0,188,45.48
14,0,189,45.48
14,0,190,45.48
14,0,191,45.48
14,0,192,45.48
14,0,196,45.48
14,0,197,45.48
14,0,198,45.48
14,0,199,45.48
14,0,200,45.48
14,0,211,45.48
14,0,213,45.48
14,0,218,45.48
14,0,219,45.48
14,0,220,45.48
14,0,221,45.48
14,0,222,45.48
14,0,223,45.48
14,0,224,45.48
14,0,289,45.48
14,0,290,45.48
14,0,291,45.48
14,0,3295,45.48
14,0,3304,45.48
14,0,3333,45.48
14,0,34,45.48
14,0,4533,45.48
14,0,4542,45.48
14,0,5564,45.48
15,1,106796,45.48
15,1,117,45.48
15,1,118,45.48
15,1,119,45.48
15,1,120,45.48
15,1,121,45.48
15,1,174,45.48
15,1,179,45.48
15,1,196,45.48
15,1,199,45.48
15,1,201,45.48
15,1,202,45.48
15,1,204,45.48
15,1,205,45.48
15,1,206,45.48
15,1,207,45.48
15,1,213,45.48
15,1,215,45.48
15,1,216,45.48
15,1,217,45.48
15,1,225,45.48
15,1,226,45.48
15,1,227,45.48
15,1,229,45.48
15,1,230,45.48
15,1,231,45.48
15,1,232,45.48
15,1,234,45.48
15,1,235,45.48
15,1,236,45.48
15,1,238,45.48
15,1,240,45.48
15,1,243,45.48
15,1,244,45.48
15,1,245,45.48
15,1,246,45.48
15,1,247,45.48
15,1,274,45.48
15,1,3838,45.48
15,1,3855,45.48
15,1,5556,45.48
15,1,5562,45.48
15,1,627,45.48
15,1,7939,45.48
15,1,8062,45.48
685,1,106839,45.91
685,1,106886,45.91
685,1,2209,45.91
685,1,5845,45.91
685,1,6038,45.91
685,1,6039,45.91
685,1,6040,45.91
685,1,6041,45.91
685,1,6042,45.91
685,1,6043,45.91
685,1,6044,45.91
685,1,6514,45.91
685,1,6797,45.91
685,1,6798,45.91
685,1,6799,45.91
685,1,6806,45.91
685,1,6821,45.91
685,1,6822,45.91
685,1,6823,45.91
685,1,6824,45.91
685,1,6825,45.91
685,1,6826,45.91
685,1,6827,45.91
685,1,6828,45.91
685,1,6829,45.91
685,1,6830,45.91
685,1,6831,45.91
685,1,6832,45.91
685,1,6833,45.91
685,1,6834,45.91
685,1,6836,45.91
685,1,6837,45.91
685,1,6838,45.91
685,1,6839,45.91
685,1,6840,45.91
685,1,6841,45.91
685,1,698,45.91
685,1,699,45.91
685,1,700,45.91
685,1,7302,45.91
685,1,7305,45.91
685,1,7308,45.91
685,1,761,45.91
685,1,763,45.91
685,1,769,45.91
685,1,770,45.91
685,1,771,45.91
684,0,106839,45.95
684,0,106886,45.95
684,0,2121,45.95
684,0,2124,45.95
684,0,2126,45.95
684,0,5844,45.95
684,0,6030,45.95
684,0,6031,45.95
684,0,6032,45.95
684,0,6033,45.95
684,0,6034,45.95
684,0,6035,45.95
684,0,6038,45.95
684,0,6511,45.95
684,0,6774,45.95
684,0,6775,45.95
684,0,6776,45.95
684,0,6778,45.95
684,0,6800,45.95
684,0,6801,45.95
684,0,6802,45.95
684,0,6803,45.95
684,0,6804,45.95
684,0,6805,45.95
684,0,6806,45.95
684,0,6808,45.95
684,0,6809,45.95
684,0,6810,45.95
684,0,6811,45.95
684,0,6812,45.95
684,0,6813,45.95
684,0,6814,45.95
684,0,6815,45.95
684,0,6816,45.95
684,0,6817,45.95
684,0,6818,45.95
684,0,6819,45.95
684,0,6820,45.95
684,0,698,45.95
684,0,699,45.95
684,0,700,45.95
684,0,7304,45.95
684,0,761,45.95
684,0,762,45.95
684,0,763,45.95
684,0,764,45.95
684,0,765,45.95
403,1,1263,46.0
403,1,141,46.0
403,1,4429,46.0
403,1,4430,46.0
403,1,4431,46.0
403,1,4432,46.0
403,1,4433,46.0
403,1,4434,46.0
403,1,4435,46.0
403,1,4436,46.0
403,1,4437,46.0
626,1,100,46.0
626,1,1059,46.0
626,1,1060,46.0
626,1,1061,46.0
626,1,1062,46.0
626,1,1063,46.0
626,1,1064,46.0
626,1,1065,46.0
626,1,1066,46.0
626,1,1067,46.0
626,1,6014,46.0
626,1,6414,46.0
626,1,7627,46.0
626,1,98,46.0
626,1,99,46.0
1130,0,1041,46.25
1130,0,8873,46.25
1130,0,8874,46.25
1130,0,8875,46.25
1130,0,8876,46.25
1130,0,8877,46.25
1130,0,8878,46.25
1130,0,8880,46.25
1130,0,8881,46.25
1130,0,8882,46.25
1130,0,8886,46.25
1131,1,1058,46.25
1131,1,1746,46.25
1131,1,5845,46.25
1131,1,8877,46.25
1131,1,8883,46.25
1131,1,8884,46.25
1131,1,8885,46.25
1131,1,8886,46.25
1131,1,8887,46.25
1131,1,8888,46.25
1131,1,8889,46.25
1131,1,8890,46.25
1131,1,8891,46.25
402,0,1255,46.25
402,0,140,46.25
402,0,4420,46.25
402,0,4421,46.25
402,0,4422,46.25
402,0,4423,46.25
402,0,4424,46.25
402,0,4425,46.25
402,0,4426,46.25
402,0,4427,46.25
402,0,4428,46.25
317,0,3500,47.0
317,0,3501,47.0
317,0,3502,47.0
317,0,3503,47.0
317,0,3504,47.0
317,0,3505,47.0
317,0,3506,47.0
317,0,3507,47.0
317,0,3508,47.0
317,0,3509,47.0
317,0,3510,47.0
317,0,3511,47.0
317,0,3512,47.0
317,0,418,47.0
317,0,419,47.0
476,0,106829,47.06
476,0,5075,47.06
476,0,5076,47.06
476,0,5077,47.06
476,0,5078,47.06
476,0,5079,47.06
476,0,5080,47.06
476,0,5081,47.06
476,0,5082,47.06
476,0,5083,47.06
476,0,5084,47.06
476,0,5085,47.06
476,0,5086,47.06
476,0,5087,47.06
476,0,5089,47.06
476,0,5090,47.06
476,0,5091,47.06
476,0,5092,47.06
476,0,5093,47.06
476,0,5094,47.06
476,0,5095,47.06
476,0,5096,47.06
476,0,5097,47.06
476,0,5098,47.06
476,0,761,47.06
477,1,106829,47.06
477,1,5075,47.06
477,1,5076,47.06
477,1,5077,47.06
477,1,5078,47.06
477,1,5079,47.06
477,1,5080,47.06
477,1,5081,47.06
477,1,5082,47.06
477,1,5083,47.06
477,1,5084,47.06
477,1,5085,47.06
477,1,5086,47.06
477,1,5087,47.06
477,1,5089,47.06
477,1,5090,47.06
477,1,5091,47.06
477,1,5092,47.06
477,1,5093,47.06
477,1,5094,47.06
477,1,5095,47.06
477,1,5097,47.06
477,1,5098,47.06
477,1,5099,47.06
477,1,761,47.06
585,0,2121,47.89
585,0,2124,47.89
585,0,2126,47.89
585,0,5844,47.89
585,0,6030,47.89
585,0,6031,47.89
585,0,6032,47.89
585,0,6033,47.89
585,0,6034,47.89
585,0,6035,47.89
585,0,6038,47.89
585,0,7304,47.89
586,1,2209,47.89
586,1,5845,47.89
586,1,6038,47.89
586,1,6039,47.89
586,1,6040,47.89
586,1,6041,47.89
586,1,6042,47.89
586,1,6043,47.89
586,1,6044,47.89
586,1,7302,47.89
586,1,7305,47.89
586,1,7308,47.89
255,0,106815,48.97
255,0,106816,48.97
255,0,1318,48.97
255,0,1321,48.97
255,0,1322,48.97
255,0,1371,48.97
255,0,1372,48.97
255,0,1373,48.97
255,0,1378,48.97
255,0,1383,48.97
255,0,2876,48.97
255,0,2892,48.97
255,0,2988,48.97
255,0,2989,48.97
255,0,2990,48.97
255,0,2995,48.97
255,0,2996,48.97
255,0,2997,48.97
255,0,319,48.97
255,0,320,48.97
255,0,3283,48.97
255,0,8800,48.97
255,0,8807,48.97
503,1,1252,49.23
503,1,149,49.23
503,1,150,49.23
503,1,151,49.23
503,1,152,49.23
503,1,218,49.23
503,1,219,49.23
503,1,220,49.23
503,1,221,49.23
503,1,222,49.23
503,1,223,49.23
503,1,224,49.23
503,1,225,49.23
503,1,283,49.23
503,1,284,49.23
503,1,285,49.23
503,1,287,49.23
503,1,288,49.23
503,1,289,49.23
503,1,290,49.23
503,1,291,49.23
503,1,304,49.23
503,1,3179,49.23
503,1,41,49.23
503,1,4533,49.23
503,1,7088,49.23
503,1,734,49.23
503,1,735,49.23
503,1,736,49.23
503,1,737,49.23
503,1,738,49.23
503,1,739,49.23
503,1,863,49.23
503,1,887,49.23
503,1,888,49.23
503,1,889,49.23
503,1,937,49.23
503,1,938,49.23
503,1,950,49.23
503,1,951,49.23
503,1,952,49.23
503,1,953,49.23
503,1,954,49.23
503,1,955,49.23
503,1,956,49.23
503,1,957,49.23
503,1,958,49.23
503,1,959,49.23
503,1,960,49.23
503,1,961,49.23
503,1,962,49.23
671,1,100,49.25
671,1,101,49.25
671,1,106675,49.25
671,1,106676,49.25
671,1,106677,49.25
671,1,106678,49.25
671,1,106679,49.25
671,1,107,49.25
671,1,1186,49.25
671,1,1188,49.25
671,1,1192,49.25
671,1,1197,49.25
671,1,1204,49.25
671,1,15,49.25
671,1,19,49.25
671,1,20,49.25
671,1,319,49.25
671,1,321,49.25
671,1,349,49.25
671,1,3857,49.25
671,1,39,49.25
671,1,40,49.25
671,1,41,49.25
671,1,42,49.25
671,1,43,49.25
671,1,44,49.25
671,1,45,49.25
671,1,46,49.25
671,1,461,49.25
671,1,47,49.25
671,1,48,49.25
671,1,50,49.25
671,1,51,49.25
671,1,52,49.25
671,1,53,49.25
671,1,54,49.25
671,1,55,49.25
671,1,57,49.25
671,1,58,49.25
671,1,59,49.25
671,1,6,49.25
671,1,60,49.25
671,1,61,49.25
671,1,62,49.25
671,1,6296,49.25
671,1,6697,49.25
671,1,6698,49.25
671,1,6699,49.25
671,1,6700,49.25
671,1,6701,49.25
671,1,6702,49.25
671,1,6900,49.25
671,1,7,49.25
671,1,7587,49.25
671,1,91,49.25
671,1,92,49.25
671,1,93,49.25
671,1,94,49.25
671,1,95,49.25
671,1,96,49.25
671,1,97,49.25
671,1,98,49.25
671,1,99,49.25
726,0,129,49.74
726,0,130,49.74
726,0,131,49.74
726,0,22,49.74
726,0,23,49.74
726,0,24,49.74
726,0,248,49.74
726,0,25,49.74
726,0,26,49.74
726,0,27,49.74
726,0,274,49.74
726,0,28,49.74
726,0,29,49.74
726,0,30,49.74
726,0,31,49.74
726,0,32,49.74
726,0,327,49.74
726,0,33,49.74
726,0,3315,49.74
726,0,34,49.74
726,0,385,49.74
726,0,387,49.74
726,0,388,49.74
726,0,391,49.74
726,0,40,49.74
726,0,472,49.74
726,0,473,49.74
726,0,474,49.74
726,0,477,49.74
726,0,478,49.74
726,0,520,49.74
726,0,53,49.74
726,0,5805,49.74
726,0,5806,49.74
726,0,5807,49.74
726,0,5809,49.74
726,0,6290,49.74
726,0,6326,49.74
726,0,6327,49.74
726,0,6424,49.74
726,0,6427,49.74
726,0,6444,49.74
726,0,6445,49.74
726,0,6446,49.74
726,0,6447,49.74
726,0,6448,49.74
726,0,6449,49.74
726,0,6450,49.74
726,0,6473,49.74
726,0,6474,49.74
726,0,6475,49.74
726,0,6484,49.74
726,0,6657,49.74
726,0,6658,49.74
726,0,6659,49.74
726,0,6660,49.74
726,0,695,49.74
726,0,7050,49.74
726,0,777,49.74
726,0,788,49.74
726,0,789,49.74
726,0,790,49.74
726,0,791,49.74
726,0,792,49.74
726,0,793,49.74
726,0,794,49.74
523,1,5440,49.97
169,1,1204,50.0
169,1,1828,50.0
169,1,2008,50.0
169,1,2009,50.0
169,1,2017,50.0
169,1,2018,50.0
169,1,2019,50.0
169,1,2020,50.0
169,1,2021,50.0
169,1,2022,50.0
169,1,2023,50.0
169,1,2024,50.0
169,1,291,50.0
169,1,294,50.0
169,1,319,50.0
169,1,349,50.0
169,1,3857,50.0
169,1,460,50.0
169,1,461,50.0
318,1,3513,50.0
318,1,3514,50.0
318,1,3515,50.0
318,1,3516,50.0
318,1,3517,50.0
318,1,3518,50.0
318,1,3519,50.0
318,1,3520,50.0
318,1,3521,50.0
318,1,3522,50.0
318,1,419,50.0
727,1,1277,50.0
727,1,130,50.0
727,1,131,50.0
727,1,145,50.0
727,1,172,50.0
727,1,24,50.0
727,1,248,50.0
727,1,343,50.0
727,1,344,50.0
727,1,381,50.0
727,1,382,50.0
727,1,385,50.0
727,1,40,50.0
727,1,41,50.0
727,1,42,50.0
727,1,43,50.0
727,1,44,50.0
727,1,45,50.0
727,1,46,50.0
727,1,47,50.0
727,1,48,50.0
727,1,50,50.0
727,1,5033,50.0
727,1,504,50.0
727,1,505,50.0
727,1,506,50.0
727,1,507,50.0
727,1,508,50.0
727,1,51,50.0
727,1,52,50.0
727,1,521,50.0
727,1,5809,50.0
727,1,5810,50.0
727,1,5811,50.0
727,1,5812,50.0
727,1,6165,50.0
727,1,6289,50.0
727,1,6296,50.0
727,1,6299,50.0
727,1,6300,50.0
727,1,6424,50.0
727,1,6430,50.0
727,1,6432,50.0
727,1,6452,50.0
727,1,6453,50.0
727,1,6454,50.0
727,1,6455,50.0
727,1,6456,50.0
727,1,6474,50.0
727,1,6669,50.0
727,1,6671,50.0
727,1,6672,50.0
727,1,695,50.0
727,1,7051,50.0
727,1,7732,50.0
727,1,777,50.0
727,1,795,50.0
727,1,796,50.0
727,1,797,50.0
727,1,798,50.0
727,1,799,50.0
873,1,229,50.0
873,1,230,50.0
873,1,231,50.0
873,1,232,50.0
873,1,234,50.0
873,1,235,50.0
873,1,236,50.0
873,1,238,50.0
873,1,2550,50.0
873,1,327,50.0
873,1,377,50.0
873,1,387,50.0
873,1,388,50.0
873,1,391,50.0
873,1,392,50.0
873,1,393,50.0
873,1,394,50.0
873,1,395,50.0
873,1,396,50.0
873,1,5545,50.0
873,1,5565,50.0
873,1,5568,50.0
873,1,5569,50.0
873,1,5570,50.0
873,1,5574,50.0
873,1,5576,50.0
873,1,5577,50.0
873,1,624,50.0
873,1,625,50.0
873,1,626,50.0
873,1,627,50.0
873,1,671,50.0
873,1,673,50.0
873,1,674,50.0
873,1,7803,50.0
873,1,7815,50.0
873,1,7818,50.0
873,1,7837,50.0
873,1,7838,50.0
873,1,7839,50.0
873,1,7842,50.0
873,1,7844,50.0
873,1,7854,50.0
873,1,7864,50.0
873,1,7865,50.0
873,1,7866,50.0
873,1,7867,50.0
873,1,7868,50.0
873,1,7870,50.0
873,1,7871,50.0
873,1,788,50.0
873,1,789,50.0
873,1,7939,50.0
873,1,7941,50.0
873,1,7957,50.0
873,1,7959,50.0
873,1,7964,50.0
873,1,8062,50.0
168,0,102,50.25
168,0,103,50.25
168,0,105,50.25
168,0,106,50.25
168,0,1204,50.25
168,0,1777,50.25
168,0,1826,50.25
168,0,1828,50.25
168,0,2008,50.25
168,0,2009,50.25
168,0,2010,50.25
168,0,2011,50.25
168,0,2012,50.25
168,0,2013,50.25
168,0,2014,50.25
168,0,2015,50.25
168,0,2016,50.25
168,0,211,50.25
168,0,34,50.25
168,0,35,50.25
168,0,3855,50.25
168,0,6467,50.25
907,1,136,50.53
907,1,137,50.53
907,1,138,50.53
907,1,139,50.53
907,1,141,50.53
907,1,5420,50.53
907,1,5424,50.53
907,1,5425,50.53
907,1,5426,50.53
907,1,5427,50.53
907,1,5428,50.53
907,1,5429,50.53
907,1,5430,50.53
907,1,5431,50.53
907,1,5432,50.53
907,1,5433,50.53
907,1,5434,50.53
907,1,5435,50.53
907,1,5436,50.53
907,1,5437,50.53
907,1,5438,50.53
907,1,5439,50.53
907,1,5440,50.53
907,1,5441,50.53
907,1,5505,50.53
907,1,5506,50.53
907,1,5507,50.53
907,1,5508,50.53
907,1,5509,50.53
907,1,5510,50.53
907,1,5511,50.53
907,1,5512,50.53
907,1,5513,50.53
907,1,5514,50.53
907,1,5515,50.53
907,1,5517,50.53
907,1,5518,50.53
907,1,5519,50.53
907,1,5520,50.53
907,1,5521,50.53
907,1,5522,50.53
907,1,5523,50.53
907,1,5524,50.53
907,1,5622,50.53
907,1,8078,50.53
907,1,8079,50.53
907,1,8080,50.53
907,1,8081,50.53
907,1,8082,50.53
907,1,8083,50.53
907,1,8084,50.53
907,1,8085,50.53
907,1,8086,50.53
907,1,8087,50.53
907,1,8088,50.53
404,0,129,51.5
404,0,130,51.5
404,0,134,51.5
404,0,135,51.5
404,0,136,51.5
404,0,3315,51.5
404,0,4055,51.5
404,0,4056,51.5
404,0,4057,51.5
404,0,4065,51.5
404,0,4438,51.5
404,0,4440,51.5
404,0,4442,51.5
404,0,4443,51.5
404,0,4444,51.5
404,0,4446,51.5
404,0,4447,51.5
404,0,4448,51.5
404,0,4449,51.5
404,0,4450,51.5
404,0,4451,51.5
404,0,4452,51.5
404,0,4453,51.5
404,0,4454,51.5
404,0,4455,51.5
404,0,4456,51.5
404,0,4457,51.5
404,0,5271,51.5
404,0,6359,51.5
404,0,6361,51.5
866,0,129,51.58
866,0,145,51.58
866,0,186,51.58
866,0,187,51.58
866,0,188,51.58
866,0,189,51.58
866,0,190,51.58
866,0,191,51.58
866,0,192,51.58
866,0,194,51.58
866,0,238,51.58
866,0,2517,51.58
866,0,2550,51.58
866,0,3295,51.58
866,0,3304,51.58
866,0,3315,51.58
866,0,343,51.58
866,0,344,51.58
866,0,376,51.58
866,0,377,51.58
866,0,378,51.58
866,0,379,51.58
866,0,380,51.58
866,0,381,51.58
866,0,382,51.58
866,0,5033,51.58
866,0,5541,51.58
866,0,5542,51.58
866,0,5543,51.58
866,0,5546,51.58
866,0,5547,51.58
866,0,5548,51.58
866,0,5549,51.58
866,0,5550,51.58
866,0,5552,51.58
866,0,5553,51.58
866,0,5565,51.58
866,0,5574,51.58
866,0,621,51.58
866,0,622,51.58
866,0,623,51.58
866,0,636,51.58
866,0,665,51.58
866,0,668,51.58
866,0,7812,51.58
866,0,7813,51.58
866,0,7815,51.58
866,0,7817,51.58
866,0,7818,51.58
866,0,7824,51.58
866,0,7851,51.58
866,0,7854,51.58
866,0,7856,51.58
866,0,7866,51.58
866,0,7868,51.58
866,0,7870,51.58
866,0,7871,51.58
866,0,7872,51.58
866,0,7874,51.58
866,0,7876,51.58
432,0,4589,52.2
760,0,2104,52.25
760,0,2116,52.25
760,0,2142,52.25
760,0,2143,52.25
760,0,2144,52.25
760,0,2145,52.25
760,0,2146,52.25
760,0,2147,52.25
760,0,2148,52.25
760,0,2149,52.25
760,0,22,52.25
760,0,23,52.25
760,0,248,52.25
760,0,469,52.25
760,0,470,52.25
760,0,471,52.25
760,0,472,52.25
760,0,473,52.25
760,0,474,52.25
760,0,477,52.25
760,0,478,52.25
760,0,479,52.25
760,0,480,52.25
760,0,481,52.25
760,0,482,52.25
760,0,483,52.25
760,0,484,52.25
760,0,5024,52.25
760,0,5025,52.25
760,0,5026,52.25
760,0,5027,52.25
760,0,5028,52.25
760,0,5029,52.25
760,0,5030,52.25
760,0,5031,52.25
760,0,5032,52.25
760,0,520,52.25
760,0,529,52.25
760,0,530,52.25
760,0,531,52.25
760,0,532,52.25
760,0,533,52.25
760,0,535,52.25
760,0,536,52.25
760,0,537,52.25
760,0,538,52.25
760,0,539,52.25
760,0,540,52.25
760,0,541,52.25
760,0,546,52.25
760,0,547,52.25
760,0,548,52.25
760,0,549,52.25
760,0,550,52.25
760,0,551,52.25
760,0,552,52.25
760,0,553,52.25
760,0,554,52.25
760,0,555,52.25
760,0,578,52.25
760,0,6542,52.25
760,0,698,52.25
760,0,699,52.25
760,0,700,52.25
760,0,701,52.25
760,0,702,52.25
760,0,703,52.25
760,0,704,52.25
760,0,7220,52.25
760,0,761,52.25
760,0,762,52.25
760,0,763,52.25
760,0,764,52.25
760,0,765,52.25
760,0,777,52.25
760,0,862,52.25
760,0,865,52.25
760,0,888,52.25
760,0,932,52.25
760,0,934,52.25
760,0,935,52.25
760,0,936,52.25
760,0,937,52.25
760,0,938,52.25
670,0,10,52.63
670,0,102,52.63
670,0,103,52.63
670,0,105,52.63
670,0,106,52.63
670,0,106675,52.63
670,0,106676,52.63
670,0,106677,52.63
670,0,106678,52.63
670,0,106679,52.63
670,0,1068,52.63
670,0,107,52.63
670,0,1071,52.63
670,0,11,52.63
670,0,1150,52.63
670,0,1192,52.63
670,0,1197,52.63
670,0,12,52.63
670,0,1204,52.63
670,0,13,52.63
670,0,14,52.63
670,0,15,52.63
670,0,16,52.63
670,0,17,52.63
670,0,19,52.63
670,0,20,52.63
670,0,22,52.63
670,0,23,52.63
670,0,24,52.63
670,0,26,52.63
670,0,27,52.63
670,0,28,52.63
670,0,29,52.63
670,0,30,52.63
670,0,31,52.63
670,0,32,52.63
670,0,33,52.63
670,0,34,52.63
670,0,35,52.63
670,0,3855,52.63
670,0,53,52.63
670,0,6467,52.63
670,0,6688,52.63
670,0,6689,52.63
670,0,6690,52.63
670,0,6691,52.63
670,0,6692,52.63
670,0,6693,52.63
670,0,6695,52.63
670,0,68,52.63
670,0,69,52.63
670,0,6917,52.63
670,0,70,52.63
670,0,72,52.63
670,0,73,52.63
670,0,75,52.63
670,0,76,52.63
670,0,77,52.63
670,0,78,52.63
670,0,79,52.63
670,0,8,52.63
670,0,9,52.63
150,0,1789,52.73
944,1,285,52.81
174,0,106482,53.8
174,0,106483,53.8
174,0,106808,53.8
174,0,106815,53.8
174,0,106816,53.8
174,0,1321,53.8
174,0,1322,53.8
174,0,1639,53.8
174,0,1640,53.8
174,0,1641,53.8
174,0,1685,53.8
174,0,2104,53.8
174,0,2105,53.8
174,0,2106,53.8
174,0,2107,53.8
174,0,2109,53.8
174,0,2110,53.8
174,0,2116,53.8
174,0,2229,53.8
174,0,2303,53.8
174,0,248,53.8
174,0,249,53.8
174,0,250,53.8
174,0,251,53.8
174,0,252,53.8
174,0,254,53.8
174,0,255,53.8
174,0,256,53.8
174,0,257,53.8
174,0,310,53.8
174,0,319,53.8
174,0,409,53.8
174,0,410,53.8
174,0,411,53.8
174,0,412,53.8
174,0,413,53.8
174,0,418,53.8
174,0,422,53.8
174,0,423,53.8
174,0,426,53.8
174,0,427,53.8
174,0,428,53.8
174,0,431,53.8
174,0,432,53.8
174,0,436,53.8
174,0,437,53.8
174,0,4387,53.8
174,0,454,53.8
174,0,461,53.8
174,0,6478,53.8
174,0,6974,53.8
174,0,6975,53.8
174,0,725,53.8
174,0,777,53.8
174,0,780,53.8
174,0,781,53.8
174,0,782,53.8
174,0,783,53.8
174,0,784,53.8
174,0,806,53.8
174,0,862,53.8
174,0,865,53.8
174,0,934,53.8
174,0,935,53.8
174,0,936,53.8
78,0,1026,53.82
78,0,1030,53.82
78,0,1031,53.82
78,0,1032,53.82
78,0,1033,53.82
78,0,1034,53.82
78,0,1035,53.82
78,0,264,53.82
78,0,35,53.82
78,0,3855,53.82
78,0,5899,53.82
78,0,5900,53.82
78,0,5901,53.82
78,0,6316,53.82
78,0,6467,53.82
78,0,728,53.82
78,0,729,53.82
78,0,730,53.82
78,0,731,53.82
78,0,732,53.82
78,0,939,53.82
78,0,940,53.82
78,0,941,53.82
78,0,942,53.82
78,0,943,53.82
78,0,944,53.82
78,0,945,53.82
78,0,946,53.82
78,0,947,53.82
78,0,948,53.82
78,0,949,53.82
78,0,972,53.82
78,0,973,53.82
78,0,993,53.82
405,1,1276,54.47
405,1,134,54.47
405,1,135,54.47
405,1,143,54.47
405,1,3315,54.47
405,1,4056,54.47
405,1,4057,54.47
405,1,4065,54.47
405,1,4066,54.47
405,1,4438,54.47
405,1,4442,54.47
405,1,4448,54.47
405,1,4453,54.47
405,1,4458,54.47
405,1,4459,54.47
405,1,4460,54.47
405,1,4461,54.47
405,1,4462,54.47
405,1,4463,54.47
405,1,4464,54.47
405,1,4465,54.47
405,1,4466,54.47
405,1,4467,54.47
405,1,4469,54.47
405,1,4470,54.47
405,1,4471,54.47
405,1,4472,54.47
405,1,4473,54.47
405,1,5271,54.47
380,0,10,54.67
380,0,102,54.67
380,0,103,54.67
380,0,105,54.67
380,0,1071,54.67
380,0,1078,54.67
380,0,1079,54.67
380,0,11,54.67
380,0,12,54.67
380,0,1204,54.67
380,0,1639,54.67
380,0,1640,54.67
380,0,1641,54.67
380,0,30,54.67
380,0,31,54.67
380,0,32,54.67
380,0,320,54.67
380,0,321,54.67
380,0,33,54.67
380,0,34,54.67
380,0,35,54.67
380,0,3855,54.67
380,0,409,54.67
380,0,410,54.67
380,0,411,54.67
380,0,412,54.67
380,0,413,54.67
380,0,414,54.67
380,0,415,54.67
380,0,416,54.67
380,0,418,54.67
380,0,419,54.67
380,0,420,54.67
380,0,421,54.67
380,0,422,54.67
380,0,423,54.67
380,0,424,54.67
380,0,426,54.67
380,0,427,54.67
380,0,454,54.67
380,0,484,54.67
380,0,485,54.67
380,0,486,54.67
380,0,487,54.67
380,0,488,54.67
380,0,489,54.67
380,0,492,54.67
380,0,542,54.67
380,0,543,54.67
380,0,544,54.67
380,0,545,54.67
380,0,546,54.67
380,0,547,54.67
380,0,548,54.67
380,0,549,54.67
380,0,550,54.67
380,0,551,54.67
380,0,552,54.67
380,0,553,54.67
380,0,554,54.67
380,0,555,54.67
380,0,6467,54.67
380,0,68,54.67
380,0,69,54.67
380,0,70,54.67
380,0,71,54.67
380,0,72,54.67
380,0,73,54.67
380,0,75,54.67
380,0,76,54.67
380,0,77,54.67
380,0,78,54.67
380,0,79,54.67
380,0,8,54.67
380,0,80,54.67
380,0,82,54.67
380,0,84,54.67
380,0,9,54.67
906,0,136,55.26
906,0,137,55.26
906,0,138,55.26
906,0,139,55.26
906,0,140,55.26
906,0,5406,55.26
906,0,5407,55.26
906,0,5408,55.26
906,0,5409,55.26
906,0,5410,55.26
906,0,5411,55.26
906,0,5412,55.26
906,0,5413,55.26
906,0,5414,55.26
906,0,5415,55.26
906,0,5416,55.26
906,0,5417,55.26
906,0,5418,55.26
906,0,5419,55.26
906,0,5420,55.26
906,0,5421,55.26
906,0,5422,55.26
906,0,5423,55.26
906,0,5424,55.26
906,0,5484,55.26
906,0,5485,55.26
906,0,5486,55.26
906,0,5487,55.26
906,0,5488,55.26
906,0,5489,55.26
906,0,5490,55.26
906,0,5491,55.26
906,0,5493,55.26
906,0,5494,55.26
906,0,5495,55.26
906,0,5496,55.26
906,0,5497,55.26
906,0,5498,55.26
906,0,5499,55.26
906,0,5500,55.26
906,0,5501,55.26
906,0,5502,55.26
906,0,5503,55.26
906,0,5621,55.26
906,0,8067,55.26
906,0,8068,55.26
906,0,8069,55.26
906,0,8070,55.26
906,0,8071,55.26
906,0,8072,55.26
906,0,8073,55.26
906,0,8074,55.26
906,0,8075,55.26
906,0,8076,55.26
906,0,8077,55.26
55,0,106603,55.31
55,0,126,55.31
55,0,145,55.31
55,0,187,55.31
55,0,188,55.31
55,0,189,55.31
55,0,190,55.31
55,0,191,55.31
55,0,192,55.31
55,0,194,55.31
55,0,3304,55.31
55,0,3320,55.31
55,0,378,55.31
55,0,379,55.31
55,0,380,55.31
55,0,392,55.31
55,0,621,55.31
55,0,622,55.31
55,0,623,55.31
55,0,654,55.31
55,0,655,55.31
55,0,8061,55.31
699,1,100,55.33
699,1,101,55.33
699,1,15,55.33
699,1,2115,55.33
699,1,57,55.33
699,1,58,55.33
699,1,59,55.33
699,1,6,55.33
699,1,60,55.33
699,1,61,55.33
699,1,62,55.33
699,1,6424,55.33
699,1,6471,55.33
699,1,6474,55.33
699,1,6476,55.33
699,1,6477,55.33
699,1,6478,55.33
699,1,6479,55.33
699,1,6480,55.33
699,1,6481,55.33
699,1,6920,55.33
699,1,6922,55.33
699,1,7,55.33
699,1,7088,55.33
699,1,7587,55.33
699,1,863,55.33
699,1,887,55.33
699,1,889,55.33
699,1,91,55.33
699,1,92,55.33
699,1,93,55.33
699,1,937,55.33
699,1,938,55.33
699,1,94,55.33
699,1,95,55.33
699,1,96,55.33
699,1,960,55.33
699,1,961,55.33
699,1,962,55.33
699,1,97,55.33
699,1,98,55.33
699,1,99,55.33
225,0,103,55.67
225,0,105,55.67
225,0,106816,55.67
225,0,106820,55.67
225,0,1204,55.67
225,0,1321,55.67
225,0,1322,55.67
225,0,2361,55.67
225,0,2362,55.67
225,0,2521,55.67
225,0,2522,55.67
225,0,2523,55.67
225,0,2524,55.67
225,0,2525,55.67
225,0,2526,55.67
225,0,2527,55.67
225,0,2528,55.67
225,0,2529,55.67
225,0,2530,55.67
225,0,2531,55.67
225,0,2532,55.67
225,0,2533,55.67
225,0,2534,55.67
225,0,2535,55.67
225,0,2536,55.67
225,0,2537,55.67
225,0,2538,55.67
225,0,2539,55.67
225,0,2540,55.67
225,0,2541,55.67
225,0,2542,55.67
225,0,2543,55.67
225,0,2544,55.67
225,0,2545,55.67
225,0,2546,55.67
225,0,2547,55.67
225,0,2549,55.67
225,0,2550,55.67
225,0,319,55.67
225,0,320,55.67
225,0,321,55.67
422,0,4568,55.67
422,0,4569,55.67
422,0,4570,55.67
422,0,4571,55.67
422,0,4572,55.67
422,0,4573,55.67
422,0,4574,55.67
422,0,4575,55.67
423,1,1450,55.67
423,1,4570,55.67
423,1,4571,55.67
423,1,4572,55.67
423,1,4573,55.67
423,1,4574,55.67
423,1,4575,55.67
423,1,4576,55.67
698,0,10,55.67
698,0,1071,55.67
698,0,11,55.67
698,0,12,55.67
698,0,13,55.67
698,0,14,55.67
698,0,15,55.67
698,0,2104,55.67
698,0,6424,55.67
698,0,6471,55.67
698,0,6472,55.67
698,0,6473,55.67
698,0,6474,55.67
698,0,6475,55.67
698,0,6476,55.67
698,0,6477,55.67
698,0,68,55.67
698,0,69,55.67
698,0,6920,55.67
698,0,6921,55.67
698,0,70,55.67
698,0,71,55.67
698,0,72,55.67
698,0,73,55.67
698,0,75,55.67
698,0,76,55.67
698,0,77,55.67
698,0,78,55.67
698,0,79,55.67
698,0,8,55.67
698,0,862,55.67
698,0,865,55.67
698,0,888,55.67
698,0,9,55.67
698,0,931,55.67
698,0,932,55.67
698,0,934,55.67
698,0,935,55.67
698,0,936,55.67
698,0,937,55.67
698,0,938,55.67
521,0,5406,56.23
234,0,1566,56.82
234,0,2052,56.82
234,0,2053,56.82
234,0,2054,56.82
234,0,2055,56.82
234,0,2056,56.82
234,0,2057,56.82
234,0,2058,56.82
234,0,2059,56.82
234,0,2060,56.82
234,0,2061,56.82
234,0,2063,56.82
234,0,2386,56.82
234,0,2432,56.82
234,0,2433,56.82
234,0,2434,56.82
234,0,2435,56.82
234,0,2436,56.82
234,0,2437,56.82
234,0,2438,56.82
234,0,2439,56.82
234,0,2440,56.82
234,0,2441,56.82
234,0,2442,56.82
234,0,2443,56.82
234,0,2444,56.82
234,0,2596,56.82
234,0,2597,56.82
234,0,2598,56.82
234,0,2599,56.82
234,0,2600,56.82
234,0,2601,56.82
234,0,2603,56.82
234,0,2604,56.82
234,0,2605,56.82
234,0,2607,56.82
234,0,2609,56.82
234,0,2610,56.82
234,0,2611,56.82
234,0,2614,56.82
234,0,2615,56.82
234,0,2616,56.82
234,0,2618,56.82
234,0,2619,56.82
234,0,2620,56.82
234,0,2621,56.82
234,0,2624,56.82
234,0,2626,56.82
234,0,2687,56.82
234,0,2697,56.82
234,0,2698,56.82
234,0,2702,56.82
234,0,2705,56.82
234,0,2708,56.82
234,0,2709,56.82
234,0,2711,56.82
234,0,2780,56.82
234,0,2809,56.82
234,0,3372,56.82
655,1,1050,57.33
655,1,1051,57.33
655,1,1052,57.33
655,1,1053,57.33
655,1,1056,57.33
655,1,1737,57.33
655,1,1739,57.33
655,1,1743,57.33
655,1,1744,57.33
655,1,1746,57.33
655,1,5132,57.33
655,1,5151,57.33
655,1,5153,57.33
655,1,5154,57.33
655,1,5155,57.33
655,1,5156,57.33
655,1,5158,57.33
655,1,5159,57.33
655,1,5160,57.33
655,1,5161,57.33
655,1,5162,57.33
655,1,5163,57.33
655,1,5164,57.33
655,1,5165,57.33
655,1,5166,57.33
655,1,5167,57.33
655,1,5168,57.33
655,1,5169,57.33
655,1,5170,57.33
655,1,5172,57.33
655,1,6575,57.33
655,1,6581,57.33
655,1,6582,57.33
655,1,6583,57.33
655,1,6584,57.33
655,1,6585,57.33
655,1,6588,57.33
655,1,6591,57.33
655,1,6592,57.33
655,1,6593,57.33
655,1,6594,57.33
655,1,6595,57.33
655,1,6598,57.33
655,1,6599,57.33
655,1,6601,57.33
655,1,6602,57.33
655,1,7273,57.33
154,0,107,57.35
154,0,1915,57.35
154,0,1916,57.35
154,0,1917,57.35
154,0,1918,57.35
154,0,1919,57.35
154,0,1920,57.35
154,0,1921,57.35
154,0,1922,57.35
154,0,1923,57.35
154,0,1924,57.35
154,0,1925,57.35
154,0,1926,57.35
154,0,1927,57.35
154,0,1928,57.35
154,0,196,57.35
154,0,197,57.35
154,0,198,57.35
154,0,200,57.35
154,0,277,57.35
154,0,319,57.35
154,0,320,57.35
154,0,321,57.35
154,0,322,57.35
154,0,323,57.35
154,0,324,57.35
154,0,325,57.35
154,0,326,57.35
154,0,327,57.35
154,0,328,57.35
154,0,329,57.35
154,0,330,57.35
154,0,331,57.35
154,0,399,57.35
154,0,400,57.35
154,0,401,57.35
468,0,129,57.5
468,0,130,57.5
468,0,1315,57.5
468,0,1316,57.5
468,0,1317,57.5
468,0,1318,57.5
468,0,1319,57.5
468,0,1320,57.5
468,0,1322,57.5
468,0,134,57.5
468,0,135,57.5
468,0,136,57.5
468,0,137,57.5
468,0,1376,57.5
468,0,138,57.5
468,0,139,57.5
468,0,140,57.5
468,0,1780,57.5
468,0,1781,57.5
468,0,1782,57.5
468,0,1783,57.5
468,0,1784,57.5
468,0,1954,57.5
468,0,319,57.5
468,0,320,57.5
468,0,321,57.5
468,0,322,57.5
468,0,3315,57.5
468,0,404,57.5
468,0,405,57.5
468,0,4055,57.5
468,0,4056,57.5
468,0,4057,57.5
468,0,406,57.5
468,0,4065,57.5
468,0,4438,57.5
468,0,4440,57.5
468,0,4442,57.5
468,0,4470,57.5
468,0,5015,57.5
468,0,5016,57.5
468,0,5017,57.5
468,0,5018,57.5
468,0,5019,57.5
468,0,6359,57.5
468,0,6361,57.5
57,1,229,57.5
57,1,230,57.5
57,1,231,57.5
57,1,232,57.5
57,1,234,57.5
57,1,235,57.5
57,1,236,57.5
57,1,377,57.5
57,1,392,57.5
57,1,393,57.5
57,1,394,57.5
57,1,395,57.5
57,1,396,57.5
57,1,624,57.5
57,1,625,57.5
57,1,626,57.5
57,1,627,57.5
57,1,656,57.5
57,1,8062,57.5
623,0,1024,58.0
623,0,1025,58.0
623,0,3842,58.0
623,0,3844,58.0
623,0,584,58.0
623,0,585,58.0
623,0,587,58.0
623,0,588,58.0
623,0,590,58.0
623,0,591,58.0
623,0,592,58.0
623,0,593,58.0
623,0,594,58.0
623,0,5991,58.0
623,0,5993,58.0
623,0,5994,58.0
623,0,6,58.0
623,0,606,58.0
623,0,6381,58.0
623,0,6382,58.0
623,0,6383,58.0
623,0,6384,58.0
623,0,6385,58.0
623,0,6386,58.0
623,0,6387,58.0
623,0,6388,58.0
623,0,6389,58.0
623,0,6390,58.0
623,0,6391,58.0
623,0,6392,58.0
623,0,6393,58.0
623,0,6394,58.0
623,0,6395,58.0
623,0,6396,58.0
623,0,68,58.0
623,0,7,58.0
623,0,7736,58.0
623,0,7791,58.0
623,0,7915,58.0
623,0,8,58.0
623,0,993,58.0
146,0,1789,58.67
265,0,103,58.82
265,0,1204,58.82
265,0,1711,58.82
265,0,2361,58.82
265,0,2362,58.82
265,0,2533,58.82
265,0,2534,58.82
265,0,2535,58.82
265,0,2536,58.82
265,0,2550,58.82
265,0,3055,58.82
265,0,3056,58.82
265,0,3057,58.82
265,0,3058,58.82
265,0,3059,58.82
265,0,3060,58.82
265,0,3061,58.82
265,0,3062,58.82
265,0,3063,58.82
265,0,3064,58.82
265,0,3065,58.82
265,0,3066,58.82
265,0,320,58.82
265,0,321,58.82
265,0,3211,58.82
265,0,349,58.82
265,0,409,58.82
265,0,438,58.82
265,0,439,58.82
265,0,440,58.82
265,0,462,58.82
265,0,463,58.82
265,0,464,58.82
226,1,1204,59.33
226,1,1323,59.33
226,1,2363,59.33
226,1,2364,59.33
226,1,2541,59.33
226,1,2542,59.33
226,1,2543,59.33
226,1,2544,59.33
226,1,2545,59.33
226,1,2546,59.33
226,1,2547,59.33
226,1,2548,59.33
226,1,2550,59.33
226,1,2551,59.33
226,1,2552,59.33
226,1,2553,59.33
226,1,2554,59.33
226,1,2555,59.33
226,1,2556,59.33
226,1,2557,59.33
226,1,2558,59.33
226,1,2559,59.33
226,1,2560,59.33
226,1,2561,59.33
226,1,2562,59.33
226,1,2563,59.33
226,1,2564,59.33
226,1,2565,59.33
226,1,2566,59.33
226,1,2567,59.33
226,1,2568,59.33
226,1,2569,59.33
226,1,2570,59.33
226,1,2571,59.33
226,1,2572,59.33
226,1,2573,59.33
226,1,2574,59.33
226,1,349,59.33
226,1,3857,59.33
226,1,460,59.33
1059,1,3513,59.38
1059,1,3514,59.38
1059,1,3515,59.38
1059,1,419,59.38
1059,1,8657,59.38
1059,1,8658,59.38
1059,1,8659,59.38
1059,1,8660,59.38
1059,1,8661,59.38
1059,1,8662,59.38
1059,1,8663,59.38
1059,1,8664,59.38
1059,1,8665,59.38
1059,1,8666,59.38
1059,1,8667,59.38
1059,1,8675,59.38
1059,1,8676,59.38
1059,1,8677,59.38
1059,1,8678,59.38
855,1,1025,59.67
855,1,1085,59.67
855,1,1263,59.67
855,1,141,59.67
855,1,1891,59.67
855,1,1950,59.67
855,1,1953,59.67
855,1,3846,59.67
855,1,3847,59.67
855,1,3848,59.67
855,1,3849,59.67
855,1,4429,59.67
855,1,4430,59.67
855,1,4431,59.67
855,1,4432,59.67
855,1,4763,59.67
855,1,4832,59.67
855,1,4833,59.67
855,1,4834,59.67
855,1,4836,59.67
855,1,4839,59.67
855,1,4840,59.67
855,1,4842,59.67
855,1,4843,59.67
855,1,4845,59.67
855,1,4846,59.67
855,1,4847,59.67
855,1,4848,59.67
855,1,4849,59.67
855,1,4851,59.67
855,1,4852,59.67
855,1,5856,59.67
855,1,5992,59.67
855,1,5993,59.67
855,1,5994,59.67
855,1,600,59.67
855,1,601,59.67
855,1,603,59.67
855,1,6341,59.67
855,1,6342,59.67
855,1,6461,59.67
855,1,6462,59.67
855,1,7734,59.67
855,1,7735,59.67
855,1,7786,59.67
855,1,7787,59.67
855,1,7789,59.67
855,1,7791,59.67
855,1,7792,59.67
855,1,7885,59.67
855,1,7886,59.67
855,1,7892,59.67
855,1,7920,59.67
855,1,7938,59.67
855,1,8349,59.67
855,1,88,59.67
855,1,89,59.67
855,1,90,59.67
855,1,9280,59.67
855,1,994,59.67
855,1,996,59.67
855,1,997,59.67
855,1,998,59.67
155,1,106,59.71
155,1,107,59.71
155,1,1922,59.71
155,1,1926,59.71
155,1,1930,59.71
155,1,1931,59.71
155,1,1932,59.71
155,1,1933,59.71
155,1,1934,59.71
155,1,1935,59.71
155,1,1936,59.71
155,1,1937,59.71
155,1,1938,59.71
155,1,1939,59.71
155,1,1940,59.71
155,1,196,59.71
155,1,200,59.71
155,1,225,59.71
155,1,226,59.71
155,1,227,59.71
155,1,288,59.71
155,1,329,59.71
155,1,340,59.71
155,1,341,59.71
155,1,343,59.71
155,1,344,59.71
155,1,345,59.71
155,1,346,59.71
155,1,347,59.71
155,1,348,59.71
155,1,349,59.71
155,1,447,59.71
155,1,448,59.71
155,1,449,59.71
155,1,5033,59.71
311,0,106674,59.71
311,0,1527,59.71
311,0,1528,59.71
311,0,1529,59.71
311,0,1530,59.71
311,0,1531,59.71
311,0,1532,59.71
311,0,1749,59.71
311,0,1750,59.71
311,0,1751,59.71
311,0,1752,59.71
311,0,1753,59.71
311,0,1754,59.71
311,0,1756,59.71
311,0,1757,59.71
311,0,3367,59.71
311,0,3368,59.71
311,0,3369,59.71
311,0,3370,59.71
311,0,3371,59.71
311,0,3373,59.71
311,0,3374,59.71
311,0,3375,59.71
311,0,3376,59.71
311,0,3377,59.71
311,0,3378,59.71
311,0,3379,59.71
311,0,3380,59.71
311,0,3381,59.71
311,0,3382,59.71
311,0,3383,59.71
311,0,3384,59.71
311,0,3385,59.71
311,0,3386,59.71
311,0,3387,59.71
311,0,3388,59.71
311,0,3389,59.71
311,0,3390,59.71
311,0,3414,59.71
311,0,3415,59.71
311,0,3416,59.71
311,0,3417,59.71
311,0,3418,59.71
311,0,3419,59.71
311,0,3420,59.71
311,0,3421,59.71
311,0,3422,59.71
311,0,3423,59.71
311,0,3424,59.71
311,0,3425,59.71
311,0,3426,59.71
311,0,3427,59.71
311,0,3428,59.71
311,0,3758,59.71
311,0,4568,59.71
312,1,106674,59.71
312,1,1417,59.71
312,1,1519,59.71
312,1,1520,59.71
312,1,1521,59.71
312,1,1522,59.71
312,1,1523,59.71
312,1,1524,59.71
312,1,1749,59.71
312,1,1751,59.71
312,1,1761,59.71
312,1,1762,59.71
312,1,1763,59.71
312,1,1764,59.71
312,1,1767,59.71
312,1,3380,59.71
312,1,3391,59.71
312,1,3392,59.71
312,1,3393,59.71
312,1,3394,59.71
312,1,3395,59.71
312,1,3396,59.71
312,1,3397,59.71
312,1,3398,59.71
312,1,3399,59.71
312,1,3400,59.71
312,1,3401,59.71
312,1,3402,59.71
312,1,3403,59.71
312,1,3404,59.71
312,1,3405,59.71
312,1,3406,59.71
312,1,3407,59.71
312,1,3409,59.71
312,1,3410,59.71
312,1,3411,59.71
312,1,3412,59.71
312,1,3413,59.71
312,1,3429,59.71
312,1,3431,59.71
312,1,3432,59.71
312,1,3433,59.71
312,1,3434,59.71
312,1,3435,59.71
312,1,3436,59.71
312,1,3437,59.71
312,1,3438,59.71
312,1,3439,59.71
312,1,3440,59.71
312,1,3441,59.71
312,1,3442,59.71
312,1,3443,59.71
312,1,3755,59.71
312,1,3759,59.71
654,0,1032,59.71
654,0,1033,59.71
654,0,1040,59.71
654,0,1041,59.71
654,0,1043,59.71
654,0,1044,59.71
654,0,1045,59.71
654,0,1047,59.71
654,0,1048,59.71
654,0,1652,59.71
654,0,1742,59.71
654,0,5130,59.71
654,0,5131,59.71
654,0,5132,59.71
654,0,5133,59.71
654,0,5134,59.71
654,0,5135,59.71
654,0,5136,59.71
654,0,5137,59.71
654,0,5138,59.71
654,0,5140,59.71
654,0,5141,59.71
654,0,5142,59.71
654,0,5143,59.71
654,0,5144,59.71
654,0,5145,59.71
654,0,5149,59.71
654,0,5844,59.71
654,0,6560,59.71
654,0,6566,59.71
654,0,6567,59.71
654,0,6568,59.71
654,0,6581,59.71
654,0,6582,59.71
654,0,6583,59.71
654,0,6584,59.71
654,0,6585,59.71
654,0,6588,59.71
654,0,6591,59.71
654,0,6592,59.71
654,0,6593,59.71
654,0,6594,59.71
654,0,6595,59.71
654,0,6598,59.71
654,0,6599,59.71
654,0,6601,59.71
654,0,6602,59.71
654,0,7273,59.71
597,0,1026,60.0
597,0,1027,60.0
597,0,1028,60.0
597,0,1029,60.0
597,0,1030,60.0
597,0,1031,60.0
597,0,1032,60.0
597,0,1033,60.0
597,0,106815,60.0
597,0,106816,60.0
597,0,1322,60.0
597,0,1376,60.0
597,0,1827,60.0
597,0,2105,60.0
597,0,2106,60.0
597,0,2107,60.0
597,0,2109,60.0
597,0,2110,60.0
597,0,2229,60.0
597,0,2303,60.0
597,0,5286,60.0
597,0,6144,60.0
597,0,725,60.0
597,0,7273,60.0
597,0,779,60.0
597,0,780,60.0
597,0,781,60.0
597,0,782,60.0
597,0,783,60.0
597,0,784,60.0
597,0,875,60.0
597,0,876,60.0
597,0,877,60.0
597,0,939,60.0
597,0,940,60.0
597,0,941,60.0
597,0,942,60.0
597,0,943,60.0
597,0,966,60.0
597,0,967,60.0
597,0,968,60.0
597,0,969,60.0
597,0,970,60.0
597,0,973,60.0
597,0,992,60.0
597,0,993,60.0
854,0,1021,60.0
854,0,1022,60.0
854,0,1023,60.0
854,0,1079,60.0
854,0,1255,60.0
854,0,140,60.0
854,0,1863,60.0
854,0,1944,60.0
854,0,3842,60.0
854,0,3844,60.0
854,0,4425,60.0
854,0,4426,60.0
854,0,4427,60.0
854,0,4428,60.0
854,0,4761,60.0
854,0,4811,60.0
854,0,4812,60.0
854,0,4813,60.0
854,0,4815,60.0
854,0,4816,60.0
854,0,4817,60.0
854,0,4818,60.0
854,0,4819,60.0
854,0,4820,60.0
854,0,4821,60.0
854,0,4822,60.0
854,0,4823,60.0
854,0,4825,60.0
854,0,4827,60.0
854,0,4828,60.0
854,0,4829,60.0
854,0,4830,60.0
854,0,4831,60.0
854,0,5833,60.0
854,0,590,60.0
854,0,591,60.0
854,0,592,60.0
854,0,593,60.0
854,0,594,60.0
854,0,6312,60.0
854,0,6313,60.0
854,0,6314,60.0
854,0,6462,60.0
854,0,7736,60.0
854,0,7782,60.0
854,0,7784,60.0
854,0,7788,60.0
854,0,7915,60.0
854,0,7933,60.0
854,0,7936,60.0
854,0,7937,60.0
854,0,80,60.0
854,0,81,60.0
854,0,82,60.0
854,0,9279,60.0
854,0,993,60.0
589,0,129,60.29
589,0,130,60.29
589,0,131,60.29
589,0,1836,60.29
589,0,1854,60.29
589,0,1855,60.29
589,0,1856,60.29
589,0,1857,60.29
589,0,1858,60.29
589,0,1859,60.29
589,0,1860,60.29
589,0,1861,60.29
589,0,1862,60.29
589,0,1863,60.29
589,0,1864,60.29
589,0,1865,60.29
589,0,1866,60.29
589,0,1867,60.29
589,0,1868,60.29
589,0,1869,60.29
589,0,1870,60.29
589,0,1871,60.29
589,0,1872,60.29
589,0,1873,60.29
589,0,1874,60.29
589,0,1875,60.29
589,0,1876,60.29
589,0,1877,60.29
589,0,1878,60.29
589,0,1879,60.29
589,0,1880,60.29
589,0,1881,60.29
589,0,274,60.29
589,0,30,60.29
589,0,31,60.29
589,0,32,60.29
589,0,327,60.29
589,0,33,60.29
589,0,3315,60.29
589,0,3354,60.29
589,0,34,60.29
589,0,385,60.29
589,0,387,60.29
589,0,388,60.29
589,0,391,60.29
589,0,4687,60.29
589,0,4688,60.29
589,0,4689,60.29
589,0,4690,60.29
589,0,6107,60.29
589,0,6108,60.29
589,0,6109,60.29
589,0,6110,60.29
589,0,6111,60.29
589,0,6112,60.29
589,0,6113,60.29
589,0,6114,60.29
589,0,6115,60.29
589,0,6116,60.29
589,0,788,60.29
589,0,789,60.29
589,0,790,60.29
589,0,791,60.29
589,0,792,60.29
589,0,793,60.29
589,0,794,60.29
614,1,1031,61.88
614,1,1036,61.88
614,1,1037,61.88
614,1,1038,61.88
614,1,1050,61.88
614,1,1051,61.88
614,1,1052,61.88
614,1,1053,61.88
614,1,1056,61.88
614,1,107,61.88
614,1,1642,61.88
614,1,1643,61.88
614,1,1737,61.88
614,1,1743,61.88
614,1,1744,61.88
614,1,1827,61.88
614,1,2210,61.88
614,1,304,61.88
614,1,319,61.88
614,1,460,61.88
614,1,461,61.88
614,1,6038,61.88
614,1,6040,61.88
614,1,6041,61.88
614,1,6217,61.88
614,1,6261,61.88
614,1,6262,61.88
614,1,6263,61.88
614,1,6264,61.88
614,1,6265,61.88
614,1,6266,61.88
614,1,6267,61.88
614,1,6268,61.88
614,1,6269,61.88
614,1,7302,61.88
614,1,7308,61.88
614,1,736,61.88
614,1,737,61.88
614,1,738,61.88
614,1,739,61.88
614,1,950,61.88
614,1,951,61.88
614,1,952,61.88
614,1,953,61.88
614,1,954,61.88
614,1,955,61.88
614,1,956,61.88
614,1,957,61.88
614,1,958,61.88
614,1,959,61.88
614,1,974,61.88
367,0,105,62.0
367,0,1639,62.0
367,0,1640,62.0
367,0,1641,62.0
367,0,1685,62.0
367,0,1749,62.0
367,0,1750,62.0
367,0,1751,62.0
367,0,1752,62.0
367,0,1753,62.0
367,0,1754,62.0
367,0,1756,62.0
367,0,1758,62.0
367,0,1760,62.0
367,0,22,62.0
367,0,23,62.0
367,0,31,62.0
367,0,32,62.0
367,0,3212,62.0
367,0,33,62.0
367,0,34,62.0
367,0,35,62.0
367,0,3758,62.0
367,0,3850,62.0
367,0,3851,62.0
367,0,3852,62.0
367,0,3854,62.0
367,0,3855,62.0
367,0,3857,62.0
367,0,409,62.0
367,0,410,62.0
367,0,411,62.0
367,0,412,62.0
367,0,418,62.0
367,0,436,62.0
367,0,437,62.0
367,0,454,62.0
367,0,456,62.0
367,0,458,62.0
367,0,460,62.0
367,0,461,62.0
367,0,477,62.0
367,0,478,62.0
367,0,479,62.0
367,0,480,62.0
367,0,481,62.0
367,0,483,62.0
367,0,485,62.0
367,0,486,62.0
367,0,487,62.0
367,0,488,62.0
367,0,489,62.0
367,0,498,62.0
367,0,500,62.0
367,0,519,62.0
367,0,520,62.0
367,0,525,62.0
367,0,6467,62.0
266,1,105,62.65
266,1,1639,62.65
266,1,1640,62.65
266,1,1641,62.65
266,1,2363,62.65
266,1,2364,62.65
266,1,2550,62.65
266,1,2559,62.65
266,1,2560,62.65
266,1,2561,62.65
266,1,2562,62.65
266,1,3067,62.65
266,1,3068,62.65
266,1,3069,62.65
266,1,3070,62.65
266,1,3071,62.65
266,1,3072,62.65
266,1,3073,62.65
266,1,3074,62.65
266,1,3075,62.65
266,1,3076,62.65
266,1,3077,62.65
266,1,3078,62.65
266,1,3212,62.65
266,1,3857,62.65
266,1,409,62.65
266,1,410,62.65
266,1,411,62.65
266,1,412,62.65
266,1,413,62.65
266,1,460,62.65
266,1,461,62.65
613,0,1031,62.81
613,0,1032,62.81
613,0,1033,62.81
613,0,1034,62.81
613,0,1035,62.81
613,0,1043,62.81
613,0,1044,62.81
613,0,1045,62.81
613,0,1047,62.81
613,0,1048,62.81
613,0,1322,62.81
613,0,1637,62.81
613,0,1638,62.81
613,0,1742,62.81
613,0,1827,62.81
613,0,2124,62.81
613,0,2125,62.81
613,0,264,62.81
613,0,6034,62.81
613,0,6038,62.81
613,0,6216,62.81
613,0,6250,62.81
613,0,6251,62.81
613,0,6252,62.81
613,0,6253,62.81
613,0,6254,62.81
613,0,6255,62.81
613,0,6256,62.81
613,0,6257,62.81
613,0,6259,62.81
613,0,6260,62.81
613,0,7060,62.81
613,0,728,62.81
613,0,729,62.81
613,0,730,62.81
613,0,7304,62.81
613,0,731,62.81
613,0,939,62.81
613,0,940,62.81
613,0,941,62.81
613,0,942,62.81
613,0,943,62.81
613,0,944,62.81
613,0,945,62.81
613,0,946,62.81
613,0,947,62.81
613,0,948,62.81
613,0,972,62.81
613,0,973,62.81
315,0,1566,62.86
315,0,1749,62.86
315,0,1750,62.86
315,0,1751,62.86
315,0,1752,62.86
315,0,2521,62.86
315,0,2522,62.86
315,0,3463,62.86
315,0,3464,62.86
315,0,3465,62.86
315,0,3466,62.86
315,0,3467,62.86
315,0,3468,62.86
315,0,3469,62.86
315,0,3470,62.86
315,0,3471,62.86
315,0,3472,62.86
315,0,3473,62.86
315,0,3474,62.86
315,0,3475,62.86
315,0,3476,62.86
315,0,3477,62.86
315,0,3478,62.86
315,0,3479,62.86
315,0,3480,62.86
315,0,3481,62.86
315,0,3482,62.86
315,0,3483,62.86
315,0,3816,62.86
696,0,1033,63.08
696,0,106659,63.08
696,0,106842,63.08
696,0,17,63.08
696,0,2142,63.08
696,0,2143,63.08
696,0,2144,63.08
696,0,2145,63.08
696,0,2146,63.08
696,0,2147,63.08
696,0,2148,63.08
696,0,2149,63.08
696,0,5032,63.08
696,0,543,63.08
696,0,544,63.08
696,0,545,63.08
696,0,546,63.08
696,0,5803,63.08
696,0,5805,63.08
696,0,6163,63.08
696,0,6164,63.08
696,0,6290,63.08
696,0,6444,63.08
696,0,6445,63.08
696,0,6446,63.08
696,0,6470,63.08
696,0,6657,63.08
696,0,6658,63.08
696,0,6659,63.08
696,0,6660,63.08
696,0,6688,63.08
696,0,6689,63.08
696,0,6690,63.08
696,0,6691,63.08
696,0,6692,63.08
696,0,6693,63.08
696,0,6694,63.08
696,0,6696,63.08
696,0,6898,63.08
696,0,6899,63.08
696,0,6900,63.08
696,0,6901,63.08
696,0,6903,63.08
696,0,6904,63.08
696,0,6906,63.08
696,0,6907,63.08
696,0,6908,63.08
696,0,6912,63.08
696,0,695,63.08
696,0,698,63.08
696,0,699,63.08
696,0,700,63.08
696,0,701,63.08
696,0,702,63.08
696,0,703,63.08
696,0,704,63.08
696,0,705,63.08
696,0,7273,63.08
696,0,7589,63.08
696,0,761,63.08
696,0,762,63.08
696,0,763,63.08
696,0,764,63.08
696,0,765,63.08
696,0,85,63.08
696,0,862,63.08
696,0,865,63.08
696,0,875,63.08
696,0,876,63.08
696,0,877,63.08
696,0,888,63.08
696,0,932,63.08
696,0,934,63.08
696,0,935,63.08
696,0,966,63.08
696,0,967,63.08
696,0,968,63.08
696,0,986,63.08
1058,0,3510,63.33
1058,0,3512,63.33
1058,0,418,63.33
1058,0,419,63.33
1058,0,8646,63.33
1058,0,8647,63.33
1058,0,8648,63.33
1058,0,8649,63.33
1058,0,8650,63.33
1058,0,8651,63.33
1058,0,8652,63.33
1058,0,8653,63.33
1058,0,8654,63.33
1058,0,8655,63.33
1058,0,8656,63.33
1058,0,8671,63.33
1058,0,8672,63.33
1058,0,8673,63.33
1058,0,8674,63.33
368,1,103,63.44
368,1,1204,63.44
368,1,1702,63.44
368,1,1711,63.44
368,1,1751,63.44
368,1,1758,63.44
368,1,1760,63.44
368,1,1761,63.44
368,1,1763,63.44
368,1,1764,63.44
368,1,1767,63.44
368,1,320,63.44
368,1,321,63.44
368,1,3211,63.44
368,1,3354,63.44
368,1,349,63.44
368,1,3755,63.44
368,1,3756,63.44
368,1,3758,63.44
368,1,385,63.44
368,1,3850,63.44
368,1,3872,63.44
368,1,409,63.44
368,1,41,63.44
368,1,414,63.44
368,1,415,63.44
368,1,416,63.44
368,1,42,63.44
368,1,43,63.44
368,1,433,63.44
368,1,435,63.44
368,1,438,63.44
368,1,439,63.44
368,1,44,63.44
368,1,440,63.44
368,1,45,63.44
368,1,462,63.44
368,1,463,63.44
368,1,464,63.44
368,1,482,63.44
368,1,484,63.44
368,1,492,63.44
368,1,493,63.44
368,1,494,63.44
368,1,495,63.44
368,1,496,63.44
368,1,497,63.44
368,1,499,63.44
368,1,501,63.44
368,1,502,63.44
368,1,503,63.44
368,1,504,63.44
368,1,505,63.44
368,1,51,63.44
368,1,52,63.44
368,1,521,63.44
368,1,522,63.44
368,1,528,63.44
894,0,105,63.46
894,0,106,63.46
894,0,1777,63.46
894,0,1826,63.46
894,0,1827,63.46
894,0,187,63.46
894,0,188,63.46
894,0,189,63.46
894,0,190,63.46
894,0,191,63.46
894,0,1915,63.46
894,0,1916,63.46
894,0,192,63.46
894,0,194,63.46
894,0,1954,63.46
894,0,1963,63.46
894,0,3165,63.46
894,0,3166,63.46
894,0,324,63.46
894,0,325,63.46
894,0,326,63.46
894,0,3304,63.46
894,0,331,63.46
894,0,343,63.46
894,0,344,63.46
894,0,376,63.46
894,0,399,63.46
894,0,400,63.46
894,0,401,63.46
894,0,4485,63.46
894,0,4486,63.46
894,0,5033,63.46
894,0,621,63.46
894,0,622,63.46
894,0,623,63.46
894,0,654,63.46
894,0,655,63.46
895,1,1828,63.57
895,1,1939,63.57
895,1,1940,63.57
895,1,1955,63.57
895,1,1957,63.57
895,1,1959,63.57
895,1,1960,63.57
895,1,1961,63.57
895,1,1962,63.57
895,1,1966,63.57
895,1,229,63.57
895,1,230,63.57
895,1,231,63.57
895,1,232,63.57
895,1,234,63.57
895,1,235,63.57
895,1,236,63.57
895,1,3178,63.57
895,1,319,63.57
895,1,322,63.57
895,1,347,63.57
895,1,396,63.57
895,1,447,63.57
895,1,448,63.57
895,1,449,63.57
895,1,4499,63.57
895,1,4500,63.57
895,1,460,63.57
895,1,461,63.57
895,1,491,63.57
895,1,624,63.57
895,1,625,63.57
895,1,626,63.57
895,1,627,63.57
895,1,656,63.57
895,1,8062,63.57
583,0,1014,63.75
583,0,1017,63.75
583,0,1018,63.75
583,0,1019,63.75
583,0,1020,63.75
583,0,1021,63.75
583,0,1022,63.75
583,0,1023,63.75
583,0,1024,63.75
583,0,1025,63.75
583,0,5829,63.75
583,0,6017,63.75
583,0,6018,63.75
583,0,6019,63.75
583,0,6021,63.75
583,0,6022,63.75
583,0,6023,63.75
583,0,6026,63.75
583,0,9298,63.75
583,0,993,63.75
723,1,106731,64.09
723,1,2455,64.09
723,1,2865,64.09
723,1,5237,64.09
723,1,5239,64.09
723,1,5240,64.09
723,1,5241,64.09
723,1,5242,64.09
723,1,5243,64.09
723,1,5244,64.09
723,1,5245,64.09
723,1,5246,64.09
723,1,5247,64.09
723,1,5248,64.09
723,1,5249,64.09
723,1,5250,64.09
723,1,5251,64.09
723,1,5252,64.09
723,1,6897,64.09
723,1,6998,64.09
723,1,7016,64.09
723,1,7017,64.09
723,1,7018,64.09
723,1,7019,64.09
723,1,7020,64.09
723,1,7021,64.09
723,1,7022,64.09
723,1,7023,64.09
723,1,7024,64.09
723,1,7025,64.09
723,1,7026,64.09
723,1,7027,64.09
723,1,7028,64.09
723,1,7029,64.09
723,1,7030,64.09
723,1,7031,64.09
723,1,7032,64.09
723,1,7033,64.09
723,1,7034,64.09
723,1,7035,64.09
723,1,7036,64.09
723,1,7037,64.09
723,1,7038,64.09
723,1,7039,64.09
723,1,7040,64.09
723,1,7041,64.09
723,1,7042,64.09
723,1,7043,64.09
723,1,7044,64.09
723,1,7045,64.09
723,1,7046,64.09
840,0,30,64.22
316,1,1749,64.29
316,1,1751,64.29
316,1,1767,64.29
316,1,2573,64.29
316,1,2574,64.29
316,1,3463,64.29
316,1,3464,64.29
316,1,3465,64.29
316,1,3466,64.29
316,1,3467,64.29
316,1,3468,64.29
316,1,3469,64.29
316,1,3484,64.29
316,1,3485,64.29
316,1,3486,64.29
316,1,3487,64.29
316,1,3488,64.29
316,1,3489,64.29
316,1,3490,64.29
316,1,3491,64.29
316,1,3492,64.29
316,1,3493,64.29
316,1,3494,64.29
316,1,3495,64.29
316,1,3496,64.29
316,1,3497,64.29
316,1,3755,64.29
316,1,3819,64.29
316,1,4568,64.29
497,1,1186,64.62
497,1,152,64.62
497,1,153,64.62
497,1,155,64.62
497,1,160,64.62
497,1,165,64.62
497,1,166,64.62
497,1,167,64.62
497,1,168,64.62
497,1,169,64.62
497,1,170,64.62
497,1,171,64.62
497,1,2115,64.62
497,1,2116,64.62
497,1,248,64.62
497,1,4477,64.62
497,1,4501,64.62
497,1,4502,64.62
497,1,4503,64.62
497,1,4504,64.62
497,1,4505,64.62
497,1,4506,64.62
497,1,4507,64.62
497,1,4508,64.62
497,1,4541,64.62
497,1,46,64.62
497,1,469,64.62
497,1,47,64.62
497,1,470,64.62
497,1,471,64.62
497,1,48,64.62
497,1,50,64.62
497,1,504,64.62
497,1,505,64.62
497,1,506,64.62
497,1,507,64.62
497,1,508,64.62
497,1,51,64.62
497,1,52,64.62
497,1,521,64.62
497,1,5273,64.62
497,1,6296,64.62
497,1,7088,64.62
497,1,777,64.62
497,1,863,64.62
497,1,887,64.62
497,1,888,64.62
497,1,889,64.62
497,1,937,64.62
497,1,938,64.62
497,1,960,64.62
497,1,961,64.62
497,1,962,64.62
79,1,1036,65.71
79,1,1037,65.71
79,1,1038,65.71
79,1,304,65.71
79,1,40,65.71
79,1,7273,65.71
79,1,734,65.71
79,1,735,65.71
79,1,736,65.71
79,1,737,65.71
79,1,738,65.71
79,1,739,65.71
79,1,7742,65.71
79,1,7743,65.71
79,1,8851,65.71
79,1,8852,65.71
79,1,949,65.71
79,1,950,65.71
79,1,951,65.71
79,1,952,65.71
79,1,953,65.71
79,1,954,65.71
79,1,955,65.71
79,1,956,65.71
79,1,957,65.71
79,1,958,65.71
79,1,959,65.71
79,1,974,65.71
79,1,984,65.71
79,1,985,65.71
79,1,988,65.71
79,1,991,65.71
79,1,992,65.71
79,1,993,65.71
1016,0,107,65.77
1016,0,217,65.77
1016,0,319,65.77
1016,0,320,65.77
1016,0,321,65.77
1016,0,322,65.77
1016,0,323,65.77
1016,0,324,65.77
1016,0,325,65.77
1016,0,326,65.77
1016,0,327,65.77
1016,0,328,65.77
1016,0,329,65.77
1016,0,330,65.77
1016,0,331,65.77
1017,1,105,65.77
1017,1,107,65.77
1017,1,217,65.77
1017,1,2230,65.77
1017,1,329,65.77
1017,1,340,65.77
1017,1,341,65.77
1017,1,343,65.77
1017,1,344,65.77
1017,1,345,65.77
1017,1,346,65.77
1017,1,347,65.77
1017,1,348,65.77
1017,1,5033,65.77
712,0,4753,65.86
590,1,130,66.5
590,1,131,66.5
590,1,143,66.5
590,1,145,66.5
590,1,1882,66.5
590,1,1883,66.5
590,1,1884,66.5
590,1,1885,66.5
590,1,1886,66.5
590,1,1887,66.5
590,1,1888,66.5
590,1,1889,66.5
590,1,1890,66.5
590,1,1891,66.5
590,1,1892,66.5
590,1,1893,66.5
590,1,1894,66.5
590,1,1895,66.5
590,1,1896,66.5
590,1,1897,66.5
590,1,1898,66.5
590,1,1899,66.5
590,1,1900,66.5
590,1,1914,66.5
590,1,3315,66.5
590,1,343,66.5
590,1,344,66.5
590,1,352,66.5
590,1,353,66.5
590,1,354,66.5
590,1,355,66.5
590,1,356,66.5
590,1,357,66.5
590,1,358,66.5
590,1,360,66.5
590,1,361,66.5
590,1,362,66.5
590,1,381,66.5
590,1,382,66.5
590,1,385,66.5
590,1,40,66.5
590,1,41,66.5
590,1,42,66.5
590,1,43,66.5
590,1,44,66.5
590,1,45,66.5
590,1,4688,66.5
590,1,4693,66.5
590,1,4694,66.5
590,1,4695,66.5
590,1,5033,66.5
590,1,6117,66.5
590,1,6118,66.5
590,1,6119,66.5
590,1,6120,66.5
590,1,6121,66.5
590,1,6122,66.5
590,1,6123,66.5
590,1,6124,66.5
590,1,6125,66.5
590,1,6126,66.5
590,1,795,66.5
590,1,796,66.5
590,1,797,66.5
590,1,798,66.5
590,1,799,66.5
781,1,1031,66.56
781,1,1036,66.56
781,1,1037,66.56
781,1,1038,66.56
781,1,1050,66.56
781,1,1051,66.56
781,1,1052,66.56
781,1,1053,66.56
781,1,1056,66.56
781,1,1058,66.56
781,1,107,66.56
781,1,1323,66.56
781,1,1324,66.56
781,1,1325,66.56
781,1,1737,66.56
781,1,1743,66.56
781,1,1744,66.56
781,1,1746,66.56
781,1,1827,66.56
781,1,2111,66.56
781,1,2112,66.56
781,1,2114,66.56
781,1,2119,66.56
781,1,319,66.56
781,1,460,66.56
781,1,461,66.56
781,1,741,66.56
781,1,766,66.56
781,1,785,66.56
781,1,801,66.56
781,1,802,66.56
781,1,803,66.56
781,1,804,66.56
781,1,805,66.56
781,1,806,66.56
781,1,955,66.56
781,1,956,66.56
781,1,957,66.56
781,1,958,66.56
781,1,959,66.56
781,1,974,66.56
1132,0,6034,67.5
1132,0,6059,67.5
1132,0,6129,67.5
1132,0,6130,67.5
1132,0,6161,67.5
1132,0,6162,67.5
1132,0,6306,67.5
1132,0,7054,67.5
1132,0,7055,67.5
1132,0,7056,67.5
1132,0,7057,67.5
1132,0,7059,67.5
1132,0,7060,67.5
1132,0,8892,67.5
1132,0,8893,67.5
1132,0,8894,67.5
1132,0,8895,67.5
1132,0,8896,67.5
1132,0,8897,67.5
1133,1,6040,67.5
1133,1,6041,67.5
1133,1,6127,67.5
1133,1,6128,67.5
1133,1,6159,67.5
1133,1,6160,67.5
1133,1,6275,67.5
1133,1,6516,67.5
1133,1,7066,67.5
1133,1,7068,67.5
1133,1,7069,67.5
1133,1,7070,67.5
1133,1,7071,67.5
1133,1,8892,67.5
1133,1,8898,67.5
1133,1,8899,67.5
1133,1,8900,67.5
1133,1,8901,67.5
1133,1,8902,67.5
115,1,105,67.5
115,1,107,67.5
115,1,1323,67.5
115,1,1324,67.5
115,1,1325,67.5
115,1,1367,67.5
115,1,1369,67.5
115,1,1370,67.5
115,1,1375,67.5
115,1,1379,67.5
115,1,1380,67.5
115,1,1381,67.5
115,1,1384,67.5
115,1,1385,67.5
115,1,1386,67.5
115,1,1432,67.5
115,1,1436,67.5
115,1,2230,67.5
115,1,3212,67.5
115,1,3857,67.5
115,1,458,67.5
114,0,102,68.21
114,0,103,68.21
114,0,106815,68.21
114,0,106816,68.21
114,0,1204,68.21
114,0,1318,68.21
114,0,1322,68.21
114,0,1365,68.21
114,0,1366,68.21
114,0,1367,68.21
114,0,1368,68.21
114,0,1371,68.21
114,0,1372,68.21
114,0,1373,68.21
114,0,1376,68.21
114,0,1378,68.21
114,0,1383,68.21
114,0,2892,68.21
114,0,319,68.21
114,0,320,68.21
114,0,321,68.21
114,0,349,68.21
624,1,101,68.33
624,1,3846,68.33
624,1,3847,68.33
624,1,3848,68.33
624,1,589,68.33
624,1,594,68.33
624,1,6,68.33
624,1,600,68.33
624,1,601,68.33
624,1,603,68.33
624,1,604,68.33
624,1,605,68.33
624,1,606,68.33
624,1,607,68.33
624,1,608,68.33
624,1,62,68.33
624,1,6382,68.33
624,1,6395,68.33
624,1,6397,68.33
624,1,6398,68.33
624,1,6399,68.33
624,1,6400,68.33
624,1,6401,68.33
624,1,6402,68.33
624,1,6403,68.33
624,1,6404,68.33
624,1,6405,68.33
624,1,6406,68.33
624,1,6407,68.33
624,1,6408,68.33
624,1,6409,68.33
624,1,6410,68.33
624,1,7735,68.33
624,1,7920,68.33
624,1,993,68.33
624,1,994,68.33
624,1,995,68.33
1113,1,5812,69.0
1113,1,597,69.0
1113,1,6289,69.0
1113,1,6299,69.0
1113,1,6300,69.0
1113,1,6320,69.0
1113,1,6456,69.0
1113,1,6669,69.0
1113,1,6671,69.0
1113,1,6672,69.0
1113,1,695,69.0
1113,1,7732,69.0
1113,1,8626,69.0
1113,1,984,69.0
1113,1,985,69.0
1072,0,1253,70.0
1072,0,1254,70.0
1072,0,1255,70.0
1072,0,140,70.0
1072,0,5361,70.0
1072,0,5362,70.0
1072,0,5363,70.0
1072,0,5364,70.0
1072,0,5365,70.0
1072,0,5366,70.0
1072,0,5367,70.0
1072,0,5368,70.0
1072,0,5369,70.0
165,1,106,70.0
165,1,107,70.0
165,1,149,70.0
165,1,150,70.0
165,1,151,70.0
165,1,152,70.0
165,1,1962,70.0
165,1,1963,70.0
165,1,1966,70.0
165,1,1976,70.0
165,1,1979,70.0
165,1,1980,70.0
165,1,1981,70.0
165,1,1982,70.0
165,1,1983,70.0
165,1,1984,70.0
165,1,1985,70.0
165,1,1986,70.0
165,1,1987,70.0
165,1,1988,70.0
165,1,1989,70.0
165,1,218,70.0
165,1,219,70.0
165,1,220,70.0
165,1,221,70.0
165,1,222,70.0
165,1,223,70.0
165,1,224,70.0
165,1,225,70.0
165,1,283,70.0
165,1,284,70.0
165,1,285,70.0
165,1,287,70.0
165,1,288,70.0
165,1,3165,70.0
165,1,3166,70.0
165,1,3179,70.0
165,1,343,70.0
165,1,344,70.0
165,1,345,70.0
165,1,346,70.0
165,1,347,70.0
165,1,349,70.0
165,1,4533,70.0
165,1,5033,70.0
457,1,130,70.0
457,1,131,70.0
457,1,144,70.0
457,1,149,70.0
457,1,150,70.0
457,1,151,70.0
457,1,152,70.0
457,1,153,70.0
457,1,155,70.0
457,1,160,70.0
457,1,165,70.0
457,1,166,70.0
457,1,167,70.0
457,1,168,70.0
457,1,169,70.0
457,1,170,70.0
457,1,171,70.0
457,1,172,70.0
457,1,1912,70.0
457,1,1914,70.0
457,1,3315,70.0
457,1,373,70.0
457,1,394,70.0
457,1,445,70.0
457,1,446,70.0
457,1,447,70.0
457,1,448,70.0
457,1,449,70.0
457,1,4509,70.0
457,1,4533,70.0
457,1,4541,70.0
457,1,4626,70.0
457,1,4627,70.0
457,1,4628,70.0
457,1,4629,70.0
457,1,4630,70.0
457,1,4631,70.0
457,1,4632,70.0
457,1,4633,70.0
457,1,4634,70.0
457,1,4635,70.0
457,1,4636,70.0
457,1,4637,70.0
457,1,4638,70.0
457,1,4639,70.0
457,1,4640,70.0
457,1,4641,70.0
457,1,4642,70.0
457,1,4643,70.0
457,1,4688,70.0
457,1,4692,70.0
457,1,4693,70.0
457,1,4694,70.0
457,1,4695,70.0
457,1,4907,70.0
457,1,4945,70.0
457,1,4951,70.0
457,1,4953,70.0
457,1,4954,70.0
457,1,4955,70.0
457,1,4956,70.0
457,1,4957,70.0
457,1,4958,70.0
457,1,4959,70.0
457,1,4960,70.0
457,1,4961,70.0
457,1,4977,70.0
457,1,4978,70.0
457,1,5011,70.0
457,1,795,70.0
457,1,796,70.0
457,1,797,70.0
457,1,798,70.0
457,1,799,70.0
496,0,114,70.0
496,0,115,70.0
496,0,116,70.0
496,0,117,70.0
496,0,118,70.0
496,0,158,70.0
496,0,159,70.0
496,0,160,70.0
496,0,161,70.0
496,0,162,70.0
496,0,163,70.0
496,0,164,70.0
496,0,2104,70.0
496,0,2116,70.0
496,0,22,70.0
496,0,23,70.0
496,0,24,70.0
496,0,248,70.0
496,0,25,70.0
496,0,26,70.0
496,0,27,70.0
496,0,28,70.0
496,0,29,70.0
496,0,30,70.0
496,0,4475,70.0
496,0,4476,70.0
496,0,4477,70.0
496,0,4478,70.0
496,0,4479,70.0
496,0,4480,70.0
496,0,4482,70.0
496,0,4483,70.0
496,0,4484,70.0
496,0,4537,70.0
496,0,469,70.0
496,0,470,70.0
496,0,471,70.0
496,0,472,70.0
496,0,473,70.0
496,0,474,70.0
496,0,477,70.0
496,0,478,70.0
496,0,520,70.0
496,0,5272,70.0
496,0,53,70.0
496,0,777,70.0
496,0,862,70.0
496,0,865,70.0
496,0,931,70.0
496,0,932,70.0
496,0,933,70.0
496,0,934,70.0
496,0,935,70.0
496,0,936,70.0
496,0,937,70.0
496,0,938,70.0
697,1,106843,72.08
697,1,15,72.08
697,1,2185,72.08
697,1,2186,72.08
697,1,2187,72.08
697,1,2188,72.08
697,1,2189,72.08
697,1,2190,72.08
697,1,2191,72.08
697,1,2192,72.08
697,1,2193,72.08
697,1,2194,72.08
697,1,5034,72.08
697,1,54,72.08
697,1,567,72.08
697,1,568,72.08
697,1,569,72.08
697,1,570,72.08
697,1,5812,72.08
697,1,6289,72.08
697,1,6292,72.08
697,1,6299,72.08
697,1,6300,72.08
697,1,6320,72.08
697,1,6456,72.08
697,1,6470,72.08
697,1,6482,72.08
697,1,6669,72.08
697,1,6671,72.08
697,1,6672,72.08
697,1,6694,72.08
697,1,6696,72.08
697,1,6697,72.08
697,1,6698,72.08
697,1,6699,72.08
697,1,6700,72.08
697,1,6701,72.08
697,1,6702,72.08
697,1,6909,72.08
697,1,6911,72.08
697,1,6912,72.08
697,1,6914,72.08
697,1,6916,72.08
697,1,6917,72.08
697,1,6918,72.08
697,1,6919,72.08
697,1,695,72.08
697,1,698,72.08
697,1,699,72.08
697,1,700,72.08
697,1,701,72.08
697,1,702,72.08
697,1,703,72.08
697,1,704,72.08
697,1,705,72.08
697,1,7101,72.08
697,1,761,72.08
697,1,7611,72.08
697,1,763,72.08
697,1,769,72.08
697,1,770,72.08
697,1,771,72.08
697,1,7732,72.08
697,1,85,72.08
697,1,861,72.08
697,1,879,72.08
697,1,880,72.08
697,1,887,72.08
697,1,961,72.08
697,1,962,72.08
697,1,978,72.08
697,1,979,72.08
697,1,980,72.08
697,1,982,72.08
697,1,983,72.08
697,1,984,72.08
697,1,985,72.08
1001,1,114,72.5
1001,1,115,72.5
1001,1,116,72.5
1001,1,117,72.5
1001,1,118,72.5
1001,1,119,72.5
1001,1,120,72.5
1001,1,121,72.5
1001,1,158,72.5
1001,1,159,72.5
1001,1,161,72.5
1001,1,162,72.5
1001,1,163,72.5
1001,1,164,72.5
1001,1,1838,72.5
1001,1,1840,72.5
1001,1,1911,72.5
1001,1,1913,72.5
1001,1,1914,72.5
1001,1,217,72.5
1001,1,373,72.5
1001,1,4536,72.5
1001,1,4537,72.5
1001,1,4626,72.5
1001,1,4627,72.5
1001,1,4628,72.5
1001,1,4629,72.5
1001,1,4630,72.5
1001,1,4631,72.5
1001,1,4632,72.5
1001,1,4633,72.5
1001,1,4634,72.5
1001,1,4635,72.5
1001,1,4636,72.5
1001,1,4637,72.5
1001,1,4638,72.5
1001,1,4639,72.5
1001,1,4640,72.5
1001,1,4641,72.5
1001,1,4642,72.5
1001,1,4643,72.5
1001,1,4688,72.5
1001,1,4692,72.5
1001,1,4693,72.5
1001,1,4694,72.5
1001,1,4695,72.5
1001,1,4907,72.5
1001,1,8451,72.5
1001,1,8526,72.5
1001,1,8531,72.5
1001,1,8533,72.5
1001,1,8535,72.5
1001,1,8537,72.5
1001,1,8538,72.5
1001,1,8539,72.5
1001,1,8540,72.5
1001,1,8541,72.5
1001,1,8542,72.5
1001,1,8543,72.5
1073,1,1254,73.21
1073,1,1263,73.21
1073,1,1265,73.21
1073,1,141,73.21
1073,1,5361,73.21
1073,1,5370,73.21
1073,1,5371,73.21
1073,1,5372,73.21
1073,1,5373,73.21
1073,1,5374,73.21
1073,1,5375,73.21
1073,1,5376,73.21
1073,1,5377,73.21
838,1,106,73.64
838,1,133,73.64
838,1,134,73.64
838,1,135,73.64
838,1,136,73.64
838,1,142,73.64
838,1,1815,73.64
838,1,1816,73.64
838,1,1817,73.64
838,1,1818,73.64
838,1,1819,73.64
838,1,1820,73.64
838,1,1821,73.64
838,1,1822,73.64
838,1,1823,73.64
838,1,1824,73.64
838,1,1825,73.64
838,1,1826,73.64
838,1,1827,73.64
838,1,1828,73.64
838,1,4469,73.64
838,1,5270,73.64
838,1,5271,73.64
838,1,7768,73.64
838,1,797,73.64
838,1,798,73.64
838,1,799,73.64
162,0,107,73.75
162,0,117,73.75
162,0,118,73.75
162,0,119,73.75
162,0,120,73.75
162,0,121,73.75
162,0,1954,73.75
162,0,1955,73.75
162,0,1956,73.75
162,0,1957,73.75
162,0,1959,73.75
162,0,1960,73.75
162,0,1961,73.75
162,0,1967,73.75
162,0,1968,73.75
162,0,1969,73.75
162,0,1970,73.75
162,0,1971,73.75
162,0,1972,73.75
162,0,1973,73.75
162,0,1974,73.75
162,0,1975,73.75
162,0,1976,73.75
162,0,1977,73.75
162,0,1978,73.75
162,0,1990,73.75
162,0,201,73.75
162,0,202,73.75
162,0,203,73.75
162,0,204,73.75
162,0,205,73.75
162,0,206,73.75
162,0,207,73.75
162,0,225,73.75
162,0,282,73.75
162,0,284,73.75
162,0,287,73.75
162,0,288,73.75
162,0,3179,73.75
162,0,319,73.75
162,0,320,73.75
162,0,321,73.75
162,0,322,73.75
162,0,324,73.75
162,0,331,73.75
162,0,8605,73.75
400,0,1694,73.75
400,0,1699,73.75
400,0,1700,73.75
400,0,3553,73.75
400,0,3554,73.75
400,0,3555,73.75
400,0,3588,73.75
400,0,3590,73.75
400,0,3874,73.75
400,0,3878,73.75
400,0,3880,73.75
400,0,3881,73.75
400,0,3882,73.75
400,0,3883,73.75
400,0,3884,73.75
400,0,3885,73.75
400,0,3886,73.75
400,0,3887,73.75
400,0,3891,73.75
400,0,3892,73.75
400,0,3893,73.75
400,0,3894,73.75
400,0,3897,73.75
400,0,3898,73.75
400,0,3899,73.75
400,0,4070,73.75
400,0,4072,73.75
400,0,4073,73.75
400,0,4074,73.75
400,0,4076,73.75
400,0,4082,73.75
400,0,4083,73.75
400,0,4087,73.75
400,0,4089,73.75
400,0,4091,73.75
400,0,4093,73.75
400,0,4095,73.75
400,0,4096,73.75
400,0,4097,73.75
400,0,4100,73.75
400,0,4101,73.75
400,0,4102,73.75
400,0,4112,73.75
400,0,4119,73.75
400,0,4120,73.75
400,0,4123,73.75
400,0,4124,73.75
400,0,4125,73.75
400,0,4126,73.75
400,0,4133,73.75
400,0,4135,73.75
400,0,419,73.75
400,0,4278,73.75
400,0,4279,73.75
400,0,428,73.75
400,0,4280,73.75
400,0,4281,73.75
400,0,4282,73.75
400,0,4283,73.75
400,0,4284,73.75
400,0,4285,73.75
400,0,4286,73.75
400,0,4287,73.75
400,0,4288,73.75
400,0,4289,73.75
400,0,429,73.75
400,0,4290,73.75
400,0,4291,73.75
400,0,4292,73.75
400,0,4293,73.75
400,0,4294,73.75
400,0,4295,73.75
400,0,4296,73.75
400,0,4297,73.75
400,0,4298,73.75
400,0,4299,73.75
400,0,430,73.75
400,0,4300,73.75
400,0,4301,73.75
400,0,4302,73.75
400,0,4303,73.75
400,0,4304,73.75
400,0,4305,73.75
400,0,4306,73.75
400,0,4307,73.75
400,0,4308,73.75
400,0,4309,73.75
400,0,4310,73.75
400,0,4311,73.75
400,0,4312,73.75
400,0,4313,73.75
400,0,4314,73.75
400,0,4315,73.75
400,0,4316,73.75
400,0,4323,73.75
400,0,4325,73.75
400,0,4334,73.75
400,0,4336,73.75
400,0,4338,73.75
400,0,4342,73.75
400,0,4346,73.75
400,0,4347,73.75
400,0,4351,73.75
400,0,4356,73.75
400,0,4357,73.75
400,0,4358,73.75
400,0,4360,73.75
400,0,4367,73.75
400,0,4370,73.75
400,0,4371,73.75
400,0,4376,73.75
400,0,4377,73.75
400,0,4383,73.75
400,0,450,73.75
533,1,136,74.5
533,1,137,74.5
533,1,138,74.5
533,1,139,74.5
533,1,141,74.5
533,1,5420,74.5
533,1,5424,74.5
533,1,5425,74.5
533,1,5426,74.5
533,1,5427,74.5
533,1,5428,74.5
533,1,5429,74.5
533,1,5430,74.5
533,1,5431,74.5
533,1,5432,74.5
533,1,5433,74.5
533,1,5434,74.5
533,1,5435,74.5
533,1,5436,74.5
533,1,5437,74.5
533,1,5438,74.5
533,1,5439,74.5
533,1,5440,74.5
533,1,5441,74.5
533,1,5505,74.5
533,1,5506,74.5
533,1,5507,74.5
533,1,5508,74.5
533,1,5509,74.5
533,1,5510,74.5
533,1,5511,74.5
533,1,5512,74.5
533,1,5513,74.5
533,1,5514,74.5
533,1,5515,74.5
533,1,5517,74.5
533,1,5518,74.5
533,1,5520,74.5
533,1,5597,74.5
533,1,5614,74.5
533,1,5622,74.5
533,1,5623,74.5
533,1,5624,74.5
533,1,5625,74.5
533,1,5626,74.5
533,1,5627,74.5
533,1,5628,74.5
533,1,5629,74.5
533,1,5630,74.5
533,1,5631,74.5
533,1,5632,74.5
533,1,5633,74.5
533,1,5634,74.5
533,1,5635,74.5
533,1,5636,74.5
533,1,5637,74.5
533,1,5638,74.5
533,1,5639,74.5
533,1,5640,74.5
533,1,5641,74.5
533,1,5642,74.5
533,1,5643,74.5
533,1,5644,74.5
533,1,5645,74.5
533,1,5646,74.5
533,1,5647,74.5
533,1,5648,74.5
533,1,5663,74.5
533,1,5664,74.5
533,1,5665,74.5
533,1,5666,74.5
533,1,5667,74.5
533,1,5668,74.5
533,1,5670,74.5
533,1,5672,74.5
533,1,5682,74.5
533,1,5685,74.5
533,1,5698,74.5
533,1,5699,74.5
533,1,5700,74.5
533,1,5701,74.5
533,1,5702,74.5
533,1,5703,74.5
533,1,5704,74.5
533,1,5705,74.5
533,1,5706,74.5
533,1,5707,74.5
533,1,5708,74.5
533,1,5709,74.5
533,1,5710,74.5
533,1,5711,74.5
533,1,5712,74.5
533,1,5713,74.5
533,1,5714,74.5
533,1,5715,74.5
533,1,5716,74.5
533,1,5717,74.5
533,1,5718,74.5
533,1,5719,74.5
533,1,5720,74.5
533,1,5721,74.5
533,1,5722,74.5
533,1,5723,74.5
533,1,5724,74.5
1000,0,149,74.55
1000,0,150,74.55
1000,0,152,74.55
1000,0,153,74.55
1000,0,160,74.55
1000,0,165,74.55
1000,0,166,74.55
1000,0,167,74.55
1000,0,168,74.55
1000,0,169,74.55
1000,0,170,74.55
1000,0,171,74.55
1000,0,1836,74.55
1000,0,1837,74.55
1000,0,1838,74.55
1000,0,1839,74.55
1000,0,1840,74.55
1000,0,1841,74.55
1000,0,217,74.55
1000,0,4533,74.55
1000,0,4541,74.55
1000,0,4542,74.55
1000,0,4607,74.55
1000,0,4608,74.55
1000,0,4609,74.55
1000,0,4610,74.55
1000,0,4611,74.55
1000,0,4612,74.55
1000,0,4613,74.55
1000,0,4614,74.55
1000,0,4615,74.55
1000,0,4616,74.55
1000,0,4617,74.55
1000,0,4618,74.55
1000,0,4619,74.55
1000,0,4620,74.55
1000,0,4621,74.55
1000,0,4622,74.55
1000,0,4623,74.55
1000,0,4625,74.55
1000,0,4687,74.55
1000,0,4688,74.55
1000,0,4689,74.55
1000,0,4690,74.55
1000,0,4705,74.55
1000,0,4823,74.55
1000,0,4906,74.55
1000,0,8501,74.55
1000,0,8526,74.55
1000,0,8527,74.55
1000,0,8528,74.55
1000,0,8529,74.55
1000,0,8530,74.55
1000,0,8531,74.55
1000,0,8532,74.55
1000,0,8533,74.55
1000,0,8534,74.55
1000,0,8535,74.55
1000,0,8536,74.55
401,1,106824,74.58
401,1,1689,74.58
401,1,1690,74.58
401,1,1694,74.58
401,1,3555,74.58
401,1,3557,74.58
401,1,3558,74.58
401,1,3559,74.58
401,1,3593,74.58
401,1,3900,74.58
401,1,3901,74.58
401,1,3902,74.58
401,1,3907,74.58
401,1,3908,74.58
401,1,3910,74.58
401,1,3912,74.58
401,1,3915,74.58
401,1,3917,74.58
401,1,3919,74.58
401,1,3921,74.58
401,1,3922,74.58
401,1,3923,74.58
401,1,4102,74.58
401,1,4103,74.58
401,1,4104,74.58
401,1,4105,74.58
401,1,4107,74.58
401,1,4108,74.58
401,1,4109,74.58
401,1,4111,74.58
401,1,4112,74.58
401,1,4113,74.58
401,1,4115,74.58
401,1,4117,74.58
401,1,4119,74.58
401,1,4120,74.58
401,1,4121,74.58
401,1,4122,74.58
401,1,4123,74.58
401,1,4124,74.58
401,1,4125,74.58
401,1,4126,74.58
401,1,4128,74.58
401,1,4130,74.58
401,1,4131,74.58
401,1,4132,74.58
401,1,4133,74.58
401,1,4134,74.58
401,1,4135,74.58
401,1,4136,74.58
401,1,422,74.58
401,1,424,74.58
401,1,4278,74.58
401,1,4279,74.58
401,1,4280,74.58
401,1,4281,74.58
401,1,4282,74.58
401,1,4283,74.58
401,1,4284,74.58
401,1,4285,74.58
401,1,4286,74.58
401,1,4287,74.58
401,1,4288,74.58
401,1,4289,74.58
401,1,429,74.58
401,1,4290,74.58
401,1,4291,74.58
401,1,4292,74.58
401,1,4293,74.58
401,1,4294,74.58
401,1,4295,74.58
401,1,4296,74.58
401,1,4297,74.58
401,1,4298,74.58
401,1,4299,74.58
401,1,4300,74.58
401,1,4301,74.58
401,1,4302,74.58
401,1,4303,74.58
401,1,4304,74.58
401,1,4305,74.58
401,1,4306,74.58
401,1,4307,74.58
401,1,4308,74.58
401,1,4309,74.58
401,1,4310,74.58
401,1,4311,74.58
401,1,4312,74.58
401,1,4314,74.58
401,1,4315,74.58
401,1,4323,74.58
401,1,4334,74.58
401,1,4336,74.58
401,1,4338,74.58
401,1,4342,74.58
401,1,4346,74.58
401,1,4352,74.58
401,1,4353,74.58
401,1,4387,74.58
401,1,4392,74.58
401,1,4397,74.58
401,1,4398,74.58
401,1,4399,74.58
401,1,4400,74.58
401,1,4403,74.58
401,1,4404,74.58
401,1,4405,74.58
401,1,4407,74.58
401,1,4409,74.58
401,1,4410,74.58
401,1,4412,74.58
401,1,4414,74.58
401,1,4416,74.58
401,1,450,74.58
915,1,106712,75.0
915,1,106721,75.0
915,1,106722,75.0
915,1,106723,75.0
915,1,106724,75.0
915,1,106725,75.0
915,1,106726,75.0
915,1,106727,75.0
915,1,106728,75.0
915,1,1749,75.0
915,1,1751,75.0
915,1,1761,75.0
915,1,1762,75.0
915,1,1763,75.0
915,1,1764,75.0
915,1,1767,75.0
915,1,3391,75.0
915,1,3429,75.0
915,1,3431,75.0
915,1,3432,75.0
915,1,3433,75.0
915,1,3434,75.0
915,1,3435,75.0
915,1,3436,75.0
915,1,3437,75.0
915,1,3438,75.0
915,1,3439,75.0
915,1,3440,75.0
915,1,3441,75.0
915,1,3442,75.0
915,1,3443,75.0
915,1,3693,75.0
915,1,3714,75.0
915,1,3715,75.0
915,1,3716,75.0
915,1,3717,75.0
915,1,3718,75.0
915,1,3720,75.0
915,1,3721,75.0
915,1,3722,75.0
915,1,3723,75.0
915,1,3724,75.0
915,1,3725,75.0
915,1,3726,75.0
915,1,3727,75.0
915,1,3728,75.0
915,1,3729,75.0
915,1,3730,75.0
915,1,3731,75.0
915,1,3732,75.0
915,1,3733,75.0
915,1,3734,75.0
915,1,3735,75.0
915,1,3736,75.0
915,1,3737,75.0
915,1,3738,75.0
915,1,3739,75.0
915,1,3740,75.0
915,1,3741,75.0
915,1,3742,75.0
915,1,3743,75.0
915,1,3745,75.0
915,1,3752,75.0
915,1,3755,75.0
915,1,3759,75.0
915,1,8131,75.0
915,1,8132,75.0
915,1,8133,75.0
915,1,8134,75.0
915,1,8135,75.0
915,1,8136,75.0
915,1,8137,75.0
915,1,8138,75.0
915,1,8139,75.0
915,1,8140,75.0
915,1,8141,75.0
915,1,8142,75.0
915,1,8143,75.0
915,1,8144,75.0
915,1,8145,75.0
915,1,8146,75.0
915,1,8147,75.0
915,1,8148,75.0
915,1,8149,75.0
915,1,8150,75.0
915,1,8151,75.0
915,1,8152,75.0
915,1,8153,75.0
915,1,8154,75.0
915,1,8155,75.0
915,1,8156,75.0
915,1,8157,75.0
915,1,8158,75.0
915,1,8159,75.0
915,1,8160,75.0
915,1,8161,75.0
915,1,8162,75.0
915,1,8165,75.0
238,1,2829,75.06
238,1,2865,75.61
238,1,2864,76.14
1112,0,5803,76.67
1112,0,5805,76.67
1112,0,597,76.67
1112,0,6163,76.67
1112,0,6164,76.67
1112,0,6290,76.67
1112,0,6444,76.67
1112,0,6445,76.67
1112,0,6446,76.67
1112,0,6657,76.67
1112,0,6658,76.67
1112,0,6659,76.67
1112,0,6660,76.67
1112,0,695,76.67
1112,0,8626,76.67
1112,0,986,76.67
238,1,2863,76.72
237,0,2831,77.14
373,0,1702,77.27
373,0,3315,77.27
373,0,3552,77.27
373,0,3553,77.27
373,0,3554,77.27
373,0,3555,77.27
373,0,3588,77.27
373,0,3590,77.27
373,0,3874,77.27
373,0,3876,77.27
373,0,3877,77.27
373,0,3878,77.27
373,0,3879,77.27
373,0,3880,77.27
373,0,3881,77.27
373,0,3882,77.27
373,0,3883,77.27
373,0,3884,77.27
373,0,3885,77.27
373,0,3886,77.27
373,0,3887,77.27
373,0,3888,77.27
373,0,3889,77.27
373,0,3890,77.27
373,0,3891,77.27
373,0,3892,77.27
373,0,3893,77.27
373,0,3894,77.27
373,0,3895,77.27
373,0,3896,77.27
373,0,3897,77.27
373,0,3898,77.27
373,0,3899,77.27
373,0,404,77.27
373,0,405,77.27
373,0,406,77.27
373,0,407,77.27
373,0,408,77.27
373,0,409,77.27
373,0,410,77.27
373,0,411,77.27
373,0,412,77.27
373,0,413,77.27
373,0,414,77.27
373,0,415,77.27
373,0,416,77.27
373,0,419,77.27
373,0,420,77.27
373,0,421,77.27
373,0,422,77.27
373,0,423,77.27
373,0,424,77.27
373,0,426,77.27
373,0,427,77.27
373,0,433,77.27
373,0,4351,77.27
373,0,4356,77.27
373,0,454,77.27
246,1,2942,77.29
379,1,3315,78.0
379,1,3556,78.0
379,1,3557,78.0
379,1,3558,78.0
379,1,3559,78.0
379,1,3593,78.0
379,1,3889,78.0
379,1,3890,78.0
379,1,3900,78.0
379,1,3901,78.0
379,1,3902,78.0
379,1,3903,78.0
379,1,3904,78.0
379,1,3907,78.0
379,1,3908,78.0
379,1,3909,78.0
379,1,3910,78.0
379,1,3911,78.0
379,1,3912,78.0
379,1,3915,78.0
379,1,3916,78.0
379,1,3917,78.0
379,1,3919,78.0
379,1,3920,78.0
379,1,3921,78.0
379,1,3922,78.0
379,1,3923,78.0
379,1,403,78.0
379,1,408,78.0
379,1,409,78.0
379,1,413,78.0
379,1,415,78.0
379,1,419,78.0
379,1,426,78.0
379,1,427,78.0
379,1,428,78.0
379,1,429,78.0
379,1,430,78.0
379,1,431,78.0
379,1,432,78.0
379,1,435,78.0
379,1,4352,78.0
379,1,436,78.0
379,1,437,78.0
379,1,438,78.0
379,1,439,78.0
379,1,4392,78.0
379,1,4399,78.0
379,1,440,78.0
379,1,4400,78.0
379,1,4409,78.0
379,1,441,78.0
379,1,4410,78.0
379,1,4414,78.0
379,1,442,78.0
379,1,443,78.0
379,1,444,78.0
379,1,466,78.0
1092,0,1233,78.75
1092,0,1235,78.75
1092,0,1236,78.75
1092,0,1237,78.75
1092,0,1238,78.75
1092,0,1239,78.75
1092,0,1240,78.75
1092,0,1241,78.75
1092,0,1242,78.75
1092,0,1249,78.75
1092,0,1251,78.75
1092,0,129,78.75
1092,0,130,78.75
1092,0,131,78.75
1092,0,3315,78.75
1244,0,106475,79.0
1244,0,1417,79.0
1244,0,2055,79.0
1244,0,2057,79.0
1244,0,2058,79.0
1244,0,2060,79.0
1244,0,2061,79.0
1244,0,2069,79.0
1244,0,2372,79.0
1244,0,2730,79.0
1244,0,3372,79.0
1244,0,5045,79.0
1244,0,5046,79.0
1244,0,5047,79.0
1244,0,5048,79.0
1244,0,5049,79.0
1244,0,5050,79.0
1244,0,5051,79.0
1244,0,5052,79.0
1244,0,5054,79.0
1244,0,5055,79.0
1244,0,5056,79.0
1244,0,5057,79.0
1244,0,5058,79.0
1244,0,5064,79.0
1244,0,5073,79.0
1245,1,106475,79.0
1245,1,2056,79.0
1245,1,2065,79.0
1245,1,2066,79.0
1245,1,2067,79.0
1245,1,2068,79.0
1245,1,2070,79.0
1245,1,2071,79.0
1245,1,2733,79.0
1245,1,2752,79.0
1245,1,4568,79.0
1245,1,5045,79.0
1245,1,5047,79.0
1245,1,5053,79.0
1245,1,5054,79.0
1245,1,5059,79.0
1245,1,5060,79.0
1245,1,5061,79.0
1245,1,5062,79.0
1245,1,5065,79.0
1245,1,5066,79.0
1245,1,5067,79.0
1245,1,5068,79.0
1245,1,5069,79.0
1245,1,5071,79.0
1245,1,5073,79.0
921,1,8179,80.28
780,0,1031,80.29
780,0,1032,80.29
780,0,1033,80.29
780,0,1034,80.29
780,0,1035,80.29
780,0,1040,80.29
780,0,1041,80.29
780,0,1043,80.29
780,0,1044,80.29
780,0,1045,80.29
780,0,1047,80.29
780,0,1048,80.29
780,0,106815,80.29
780,0,106816,80.29
780,0,1322,80.29
780,0,1376,80.29
780,0,1742,80.29
780,0,1827,80.29
780,0,2105,80.29
780,0,2106,80.29
780,0,2107,80.29
780,0,2109,80.29
780,0,2110,80.29
780,0,2229,80.29
780,0,2303,80.29
780,0,5844,80.29
780,0,725,80.29
780,0,779,80.29
780,0,780,80.29
780,0,781,80.29
780,0,782,80.29
780,0,783,80.29
780,0,784,80.29
780,0,939,80.29
780,0,940,80.29
780,0,941,80.29
780,0,942,80.29
780,0,943,80.29
780,0,972,80.29
780,0,973,80.29
381,1,100,80.31
381,1,101,80.31
381,1,106812,80.31
381,1,1085,80.31
381,1,1204,80.31
381,1,1702,80.31
381,1,320,80.31
381,1,321,80.31
381,1,349,80.31
381,1,3857,80.31
381,1,39,80.31
381,1,40,80.31
381,1,41,80.31
381,1,413,80.31
381,1,415,80.31
381,1,419,80.31
381,1,42,80.31
381,1,426,80.31
381,1,427,80.31
381,1,428,80.31
381,1,429,80.31
381,1,43,80.31
381,1,430,80.31
381,1,431,80.31
381,1,432,80.31
381,1,433,80.31
381,1,435,80.31
381,1,436,80.31
381,1,437,80.31
381,1,438,80.31
381,1,439,80.31
381,1,44,80.31
381,1,440,80.31
381,1,45,80.31
381,1,462,80.31
381,1,463,80.31
381,1,464,80.31
381,1,467,80.31
381,1,492,80.31
381,1,493,80.31
381,1,494,80.31
381,1,495,80.31
381,1,496,80.31
381,1,497,80.31
381,1,498,80.31
381,1,558,80.31
381,1,559,80.31
381,1,560,80.31
381,1,561,80.31
381,1,562,80.31
381,1,563,80.31
381,1,564,80.31
381,1,565,80.31
381,1,566,80.31
381,1,567,80.31
381,1,568,80.31
381,1,569,80.31
381,1,570,80.31
381,1,571,80.31
381,1,58,80.31
381,1,59,80.31
381,1,6,80.31
381,1,60,80.31
381,1,61,80.31
381,1,62,80.31
381,1,7,80.31
381,1,86,80.31
381,1,88,80.31
381,1,89,80.31
381,1,90,80.31
381,1,91,80.31
381,1,92,80.31
381,1,93,80.31
381,1,94,80.31
381,1,95,80.31
381,1,96,80.31
381,1,97,80.31
381,1,98,80.31
381,1,99,80.31
1094,1,1241,81.11
1094,1,1242,81.11
1094,1,1243,81.11
1094,1,1244,81.11
1094,1,1245,81.11
1094,1,1246,81.11
1094,1,1247,81.11
1094,1,1248,81.11
1094,1,1249,81.11
1094,1,1250,81.11
1094,1,1251,81.11
1094,1,130,81.11
1094,1,131,81.11
1094,1,143,81.11
1094,1,3315,81.11
17,1,296,81.89
584,1,1000,82.5
584,1,1001,82.5
584,1,1002,82.5
584,1,1004,82.5
584,1,1005,82.5
584,1,5860,82.5
584,1,6017,82.5
584,1,6022,82.5
584,1,6024,82.5
584,1,6025,82.5
584,1,6026,82.5
584,1,6027,82.5
584,1,6028,82.5
584,1,993,82.5
584,1,994,82.5
584,1,995,82.5
584,1,996,82.5
584,1,997,82.5
584,1,998,82.5
584,1,999,82.5
837,0,132,84.5
837,0,133,84.5
837,0,134,84.5
837,0,135,84.5
837,0,136,84.5
837,0,1777,84.5
837,0,1778,84.5
837,0,1779,84.5
837,0,1780,84.5
837,0,1781,84.5
837,0,1782,84.5
837,0,1783,84.5
837,0,1784,84.5
837,0,1785,84.5
837,0,1786,84.5
837,0,1787,84.5
837,0,1788,84.5
837,0,319,84.5
837,0,320,84.5
837,0,321,84.5
837,0,4444,84.5
837,0,5269,84.5
837,0,5270,84.5
837,0,7767,84.5
837,0,790,84.5
837,0,791,84.5
837,0,792,84.5
299,0,1702,86.0
299,0,1780,86.0
299,0,1781,86.0
299,0,1782,86.0
299,0,1783,86.0
299,0,1784,86.0
299,0,213,86.0
299,0,324,86.0
299,0,325,86.0
299,0,326,86.0
299,0,3361,86.0
299,0,34,86.0
299,0,344,86.0
299,0,385,86.0
299,0,40,86.0
299,0,407,86.0
299,0,408,86.0
299,0,409,86.0
299,0,410,86.0
299,0,411,86.0
299,0,412,86.0
299,0,413,86.0
299,0,414,86.0
299,0,415,86.0
299,0,416,86.0
299,0,419,86.0
299,0,420,86.0
299,0,421,86.0
299,0,422,86.0
299,0,423,86.0
299,0,424,86.0
299,0,426,86.0
299,0,427,86.0
299,0,433,86.0
299,0,454,86.0
364,1,107,86.36
364,1,1702,86.36
364,1,1749,86.36
364,1,1751,86.36
364,1,1758,86.36
364,1,1760,86.36
364,1,1761,86.36
364,1,1762,86.36
364,1,1763,86.36
364,1,1764,86.36
364,1,1767,86.36
364,1,2230,86.36
364,1,3755,86.36
364,1,409,86.36
364,1,413,86.36
364,1,415,86.36
364,1,433,86.36
364,1,435,86.36
364,1,436,86.36
364,1,437,86.36
364,1,438,86.36
364,1,439,86.36
364,1,440,86.36
364,1,461,86.36
364,1,462,86.36
364,1,463,86.36
364,1,464,86.36
364,1,467,86.36
300,1,1819,86.5
300,1,1820,86.5
300,1,1821,86.5
300,1,1822,86.5
300,1,1823,86.5
300,1,213,86.5
300,1,274,86.5
300,1,3361,86.5
300,1,345,86.5
300,1,346,86.5
300,1,347,86.5
300,1,385,86.5
300,1,387,86.5
300,1,40,86.5
300,1,408,86.5
300,1,409,86.5
300,1,413,86.5
300,1,415,86.5
300,1,419,86.5
300,1,426,86.5
300,1,427,86.5
300,1,428,86.5
300,1,429,86.5
300,1,430,86.5
300,1,431,86.5
300,1,432,86.5
300,1,435,86.5
300,1,436,86.5
300,1,437,86.5
300,1,438,86.5
300,1,439,86.5
300,1,440,86.5
300,1,441,86.5
300,1,466,86.5
904,0,126,86.67
904,0,1277,86.67
904,0,188,86.67
904,0,189,86.67
904,0,190,86.67
904,0,191,86.67
904,0,192,86.67
904,0,194,86.67
904,0,3304,86.67
904,0,3309,86.67
904,0,3312,86.67
904,0,377,86.67
904,0,393,86.67
904,0,395,86.67
904,0,4509,86.67
904,0,621,86.67
904,0,622,86.67
904,0,623,86.67
904,0,655,86.67
904,0,656,86.67
904,0,8055,86.67
904,0,8056,86.67
904,0,8057,86.67
904,0,8059,86.67
904,0,8061,86.67
905,1,1277,86.67
905,1,194,86.67
905,1,231,86.67
905,1,232,86.67
905,1,234,86.67
905,1,235,86.67
905,1,236,86.67
905,1,3304,86.67
905,1,3317,86.67
905,1,3320,86.67
905,1,3323,86.67
905,1,377,86.67
905,1,380,86.67
905,1,395,86.67
905,1,622,86.67
905,1,624,86.67
905,1,627,86.67
905,1,656,86.67
905,1,8055,86.67
905,1,8062,86.67
905,1,8064,86.67
905,1,8065,86.67
456,0,106462,87.27
456,0,114,87.27
456,0,115,87.27
456,0,116,87.27
456,0,117,87.27
456,0,118,87.27
456,0,119,87.27
456,0,120,87.27
456,0,121,87.27
456,0,126,87.27
456,0,127,87.27
456,0,129,87.27
456,0,130,87.27
456,0,131,87.27
456,0,158,87.27
456,0,159,87.27
456,0,160,87.27
456,0,161,87.27
456,0,162,87.27
456,0,163,87.27
456,0,164,87.27
456,0,1836,87.27
456,0,1838,87.27
456,0,3315,87.27
456,0,399,87.27
456,0,400,87.27
456,0,401,87.27
456,0,402,87.27
456,0,4537,87.27
456,0,4607,87.27
456,0,4608,87.27
456,0,4609,87.27
456,0,4610,87.27
456,0,4611,87.27
456,0,4612,87.27
456,0,4613,87.27
456,0,4614,87.27
456,0,4615,87.27
456,0,4616,87.27
456,0,4617,87.27
456,0,4618,87.27
456,0,4619,87.27
456,0,4620,87.27
456,0,4621,87.27
456,0,4622,87.27
456,0,4623,87.27
456,0,4624,87.27
456,0,4625,87.27
456,0,4687,87.27
456,0,4688,87.27
456,0,4689,87.27
456,0,4690,87.27
456,0,4692,87.27
456,0,4906,87.27
456,0,4942,87.27
456,0,4943,87.27
456,0,4944,87.27
456,0,4945,87.27
456,0,4946,87.27
456,0,4947,87.27
456,0,4948,87.27
456,0,4949,87.27
456,0,4950,87.27
456,0,4951,87.27
456,0,4952,87.27
456,0,4973,87.27
456,0,4974,87.27
456,0,5010,87.27
456,0,790,87.27
456,0,791,87.27
456,0,792,87.27
456,0,793,87.27
456,0,794,87.27
573,0,1040,88.75
573,0,1041,88.75
573,0,106831,88.75
573,0,4720,88.75
573,0,4721,88.75
573,0,4722,88.75
573,0,4723,88.75
573,0,4724,88.75
573,0,4725,88.75
573,0,4727,88.75
573,0,4728,88.75
573,0,4729,88.75
573,0,4730,88.75
573,0,4732,88.75
573,0,4733,88.75
573,0,4734,88.75
573,0,4735,88.75
573,0,4736,88.75
573,0,4737,88.75
573,0,4738,88.75
573,0,4739,88.75
573,0,4740,88.75
573,0,4741,88.75
573,0,4742,88.75
573,0,4743,88.75
573,0,5144,88.75
573,0,5145,88.75
573,0,5149,88.75
573,0,5844,88.75
573,0,5909,88.75
573,0,5910,88.75
573,0,5911,88.75
573,0,5912,88.75
573,0,5913,88.75
573,0,5914,88.75
573,0,5915,88.75
573,0,5916,88.75
573,0,5917,88.75
573,0,5918,88.75
573,0,5919,88.75
573,0,5920,88.75
573,0,5921,88.75
573,0,5922,88.75
573,0,5923,88.75
573,0,5924,88.75
573,0,5925,88.75
573,0,5926,88.75
573,0,5927,88.75
573,0,5928,88.75
573,0,5929,88.75
573,0,5930,88.75
573,0,5931,88.75
573,0,5932,88.75
573,0,6566,88.75
573,0,6567,88.75
573,0,6568,88.75
573,0,6603,88.75
573,0,6605,88.75
573,0,7259,88.75
936,0,107,90.0
936,0,3167,90.0
936,0,319,90.0
936,0,320,90.0
936,0,321,90.0
936,0,322,90.0
936,0,323,90.0
936,0,3315,90.0
936,0,404,90.0
936,0,405,90.0
936,0,8236,90.0
936,0,8237,90.0
936,0,8238,90.0
936,0,8239,90.0
936,0,8240,90.0
936,0,8241,90.0
937,1,106,90.0
937,1,107,90.0
937,1,1819,90.0
937,1,1820,90.0
937,1,1821,90.0
937,1,1822,90.0
937,1,3167,90.0
937,1,3176,90.0
937,1,3177,90.0
937,1,3178,90.0
937,1,3315,90.0
937,1,346,90.0
937,1,348,90.0
937,1,349,90.0
937,1,403,90.0
937,1,442,90.0
937,1,443,90.0
937,1,444,90.0
937,1,7771,90.0
574,1,106832,91.11
574,1,1746,91.11
574,1,4728,91.11
574,1,4781,91.11
574,1,4782,91.11
574,1,4783,91.11
574,1,4784,91.11
574,1,4785,91.11
574,1,4786,91.11
574,1,4787,91.11
574,1,4788,91.11
574,1,4789,91.11
574,1,4790,91.11
574,1,4791,91.11
574,1,4792,91.11
574,1,4794,91.11
574,1,4795,91.11
574,1,4796,91.11
574,1,4798,91.11
574,1,4799,91.11
574,1,4800,91.11
574,1,4801,91.11
574,1,4802,91.11
574,1,4803,91.11
574,1,4804,91.11
574,1,5153,91.11
574,1,5154,91.11
574,1,5155,91.11
574,1,5156,91.11
574,1,5158,91.11
574,1,5159,91.11
574,1,5845,91.11
574,1,5909,91.11
574,1,5912,91.11
574,1,5932,91.11
574,1,5937,91.11
574,1,5938,91.11
574,1,5939,91.11
574,1,5940,91.11
574,1,5941,91.11
574,1,5942,91.11
574,1,5943,91.11
574,1,5944,91.11
574,1,5945,91.11
574,1,5946,91.11
574,1,5947,91.11
574,1,5948,91.11
574,1,5949,91.11
574,1,5950,91.11
574,1,5951,91.11
574,1,5952,91.11
574,1,5953,91.11
574,1,5954,91.11
574,1,5955,91.11
574,1,5956,91.11
574,1,5957,91.11
574,1,6575,91.11
574,1,6605,91.11
574,1,6646,91.11
574,1,7260,91.11
627,0,1026,92.5
627,0,22,92.5
627,0,23,92.5
627,0,24,92.5
627,0,248,92.5
627,0,25,92.5
627,0,26,92.5
627,0,27,92.5
627,0,28,92.5
627,0,29,92.5
627,0,30,92.5
627,0,31,92.5
627,0,32,92.5
627,0,33,92.5
627,0,34,92.5
627,0,35,92.5
627,0,351,92.5
627,0,3855,92.5
627,0,472,92.5
627,0,473,92.5
627,0,474,92.5
627,0,477,92.5
627,0,478,92.5
627,0,520,92.5
627,0,53,92.5
627,0,5805,92.5
627,0,5806,92.5
627,0,5807,92.5
627,0,5808,92.5
627,0,5809,92.5
627,0,5831,92.5
627,0,5833,92.5
627,0,6166,92.5
627,0,6167,92.5
627,0,6168,92.5
627,0,6169,92.5
627,0,6320,92.5
627,0,6322,92.5
627,0,6323,92.5
627,0,6324,92.5
627,0,6326,92.5
627,0,6327,92.5
627,0,6415,92.5
627,0,6416,92.5
627,0,6417,92.5
627,0,6418,92.5
627,0,6419,92.5
627,0,6420,92.5
627,0,6421,92.5
627,0,6422,92.5
627,0,6424,92.5
627,0,6427,92.5
627,0,6467,92.5
627,0,777,92.5
627,0,986,92.5
627,0,992,92.5
627,0,993,92.5
532,0,136,92.78
532,0,137,92.78
532,0,138,92.78
532,0,139,92.78
532,0,140,92.78
532,0,5406,92.78
532,0,5407,92.78
532,0,5408,92.78
532,0,5409,92.78
532,0,5410,92.78
532,0,5411,92.78
532,0,5412,92.78
532,0,5413,92.78
532,0,5414,92.78
532,0,5415,92.78
532,0,5416,92.78
532,0,5417,92.78
532,0,5418,92.78
532,0,5419,92.78
532,0,5420,92.78
532,0,5421,92.78
532,0,5422,92.78
532,0,5423,92.78
532,0,5424,92.78
532,0,5488,92.78
532,0,5490,92.78
532,0,5491,92.78
532,0,5493,92.78
532,0,5494,92.78
532,0,5495,92.78
532,0,5496,92.78
532,0,5497,92.78
532,0,5498,92.78
532,0,5499,92.78
532,0,5500,92.78
532,0,5501,92.78
532,0,5502,92.78
532,0,5503,92.78
532,0,5593,92.78
532,0,5594,92.78
532,0,5595,92.78
532,0,5596,92.78
532,0,5597,92.78
532,0,5598,92.78
532,0,5599,92.78
532,0,5600,92.78
532,0,5601,92.78
532,0,5602,92.78
532,0,5603,92.78
532,0,5604,92.78
532,0,5605,92.78
532,0,5606,92.78
532,0,5607,92.78
532,0,5608,92.78
532,0,5609,92.78
532,0,5610,92.78
532,0,5611,92.78
532,0,5612,92.78
532,0,5613,92.78
532,0,5614,92.78
532,0,5615,92.78
532,0,5616,92.78
532,0,5617,92.78
532,0,5618,92.78
532,0,5619,92.78
532,0,5620,92.78
532,0,5621,92.78
532,0,5663,92.78
532,0,5664,92.78
532,0,5665,92.78
532,0,5666,92.78
532,0,5667,92.78
532,0,5668,92.78
532,0,5669,92.78
532,0,5670,92.78
532,0,5671,92.78
532,0,5672,92.78
532,0,5673,92.78
532,0,5674,92.78
532,0,5675,92.78
532,0,5676,92.78
532,0,5677,92.78
532,0,5678,92.78
532,0,5679,92.78
532,0,5680,92.78
532,0,5681,92.78
532,0,5682,92.78
532,0,5683,92.78
532,0,5684,92.78
532,0,5685,92.78
532,0,5686,92.78
532,0,5687,92.78
532,0,5688,92.78
532,0,5689,92.78
532,0,5690,92.78
532,0,5691,92.78
532,0,5692,92.78
532,0,5693,92.78
532,0,5694,92.78
532,0,5695,92.78
532,0,5696,92.78
532,0,5697,92.78
532,0,5698,92.78
532,0,5699,92.78
1055,1,2216,93.33
1055,1,2233,93.33
1055,1,691,93.33
1055,1,692,93.33
1055,1,693,93.33
1055,1,694,93.33
1055,1,696,93.33
1055,1,697,93.33
1055,1,698,93.33
1055,1,761,93.33
1055,1,763,93.33
1055,1,769,93.33
1055,1,770,93.33
1055,1,771,93.33
1055,1,8635,93.33
1055,1,8636,93.33
1055,1,8637,93.33
1055,1,8638,93.33
1055,1,8639,93.33
1055,1,8640,93.33
1055,1,8641,93.33
1021,1,106880,95.0
1021,1,124,95.0
1021,1,125,95.0
1021,1,1275,95.0
1021,1,1276,95.0
1021,1,1277,95.0
1021,1,130,95.0
1021,1,131,95.0
1021,1,133,95.0
1021,1,134,95.0
1021,1,135,95.0
1021,1,138,95.0
1021,1,139,95.0
1021,1,141,95.0
1021,1,142,95.0
1021,1,145,95.0
1021,1,146,95.0
1021,1,147,95.0
1021,1,172,95.0
1021,1,2008,95.0
1021,1,2009,95.0
1021,1,2018,95.0
1021,1,2019,95.0
1021,1,2020,95.0
1021,1,2021,95.0
1021,1,2022,95.0
1021,1,2023,95.0
1021,1,2024,95.0
1021,1,289,95.0
1021,1,290,95.0
1021,1,291,95.0
672,0,1033,95.0
672,0,5803,95.0
672,0,5805,95.0
672,0,5806,95.0
672,0,5807,95.0
672,0,5808,95.0
672,0,5809,95.0
672,0,6030,95.0
672,0,6276,95.0
672,0,6277,95.0
672,0,6278,95.0
672,0,6279,95.0
672,0,6280,95.0
672,0,6281,95.0
672,0,6282,95.0
672,0,6320,95.0
672,0,6500,95.0
672,0,6501,95.0
672,0,984,95.0
672,0,985,95.0
217,0,102,97.0
217,0,103,97.0
217,0,105,97.0
217,0,106815,97.0
217,0,106816,97.0
217,0,1204,97.0
217,0,1322,97.0
217,0,1369,97.0
217,0,1370,97.0
217,0,1371,97.0
217,0,1372,97.0
217,0,1373,97.0
217,0,1374,97.0
217,0,1375,97.0
217,0,1376,97.0
217,0,1398,97.0
217,0,1399,97.0
217,0,1417,97.0
217,0,1423,97.0
217,0,1426,97.0
217,0,1567,97.0
217,0,1568,97.0
217,0,1570,97.0
217,0,1571,97.0
217,0,1582,97.0
217,0,1632,97.0
217,0,1634,97.0
217,0,1635,97.0
217,0,2052,97.0
217,0,2053,97.0
217,0,2054,97.0
217,0,2055,97.0
217,0,2056,97.0
217,0,2057,97.0
217,0,2058,97.0
217,0,2059,97.0
217,0,2060,97.0
217,0,2061,97.0
217,0,2063,97.0
217,0,2386,97.0
217,0,2390,97.0
217,0,2391,97.0
217,0,2392,97.0
217,0,2393,97.0
217,0,2394,97.0
217,0,2395,97.0
217,0,2396,97.0
217,0,2397,97.0
217,0,2398,97.0
217,0,2399,97.0
217,0,2400,97.0
217,0,2401,97.0
217,0,2402,97.0
217,0,2403,97.0
217,0,2405,97.0
217,0,2406,97.0
217,0,2407,97.0
217,0,2408,97.0
217,0,2409,97.0
217,0,2410,97.0
217,0,2411,97.0
217,0,2412,97.0
217,0,2413,97.0
217,0,2414,97.0
217,0,2415,97.0
217,0,2416,97.0
217,0,2417,97.0
217,0,2418,97.0
217,0,2419,97.0
217,0,2420,97.0
217,0,2421,97.0
217,0,2422,97.0
217,0,2423,97.0
217,0,2424,97.0
217,0,2425,97.0
217,0,2426,97.0
217,0,2427,97.0
217,0,2428,97.0
217,0,2429,97.0
217,0,2430,97.0
217,0,2431,97.0
217,0,2432,97.0
217,0,2433,97.0
217,0,2434,97.0
217,0,2435,97.0
217,0,2436,97.0
217,0,2437,97.0
217,0,2438,97.0
217,0,2439,97.0
217,0,2440,97.0
217,0,2441,97.0
217,0,2442,97.0
217,0,2443,97.0
217,0,2444,97.0
217,0,3045,97.0
217,0,319,97.0
217,0,320,97.0
217,0,321,97.0
217,0,3372,97.0
217,0,5174,97.0
1046,0,106,97.5
1046,0,106822,97.5
1046,0,107,97.5
1046,0,1962,97.5
1046,0,1963,97.5
1046,0,217,97.5
1046,0,3100,97.5
1046,0,3165,97.5
1046,0,3166,97.5
1046,0,3167,97.5
1046,0,3168,97.5
1046,0,3169,97.5
1046,0,3170,97.5
1046,0,3171,97.5
1046,0,3172,97.5
1046,0,325,97.5
1046,0,326,97.5
1046,0,343,97.5
1046,0,344,97.5
1046,0,462,97.5
1046,0,5033,97.5
1047,1,106822,97.5
1047,1,107,97.5
1047,1,1957,97.5
1047,1,1959,97.5
1047,1,1960,97.5
1047,1,1961,97.5
1047,1,1962,97.5
1047,1,217,97.5
1047,1,3167,97.5
1047,1,3173,97.5
1047,1,3174,97.5
1047,1,3175,97.5
1047,1,3176,97.5
1047,1,3177,97.5
1047,1,3178,97.5
1047,1,319,97.5
1047,1,461,97.5
1047,1,462,97.5
1047,1,491,97.5
1135,1,1000,97.5
1135,1,7742,97.5
1135,1,7743,97.5
1135,1,8626,97.5
1135,1,8851,97.5
1135,1,8852,97.5
1135,1,8905,97.5
1135,1,8906,97.5
1135,1,8907,97.5
1135,1,8908,97.5
1135,1,8909,97.5
1135,1,8911,97.5
1135,1,8912,97.5
1135,1,984,97.5
1135,1,985,97.5
1135,1,988,97.5
1135,1,991,97.5
1135,1,992,97.5
1135,1,993,97.5
1135,1,994,97.5
1135,1,995,97.5
1135,1,996,97.5
628,1,24,97.5
628,1,248,97.5
628,1,351,97.5
628,1,3849,97.5
628,1,40,97.5
628,1,41,97.5
628,1,42,97.5
628,1,43,97.5
628,1,44,97.5
628,1,45,97.5
628,1,46,97.5
628,1,47,97.5
628,1,48,97.5
628,1,50,97.5
628,1,504,97.5
628,1,505,97.5
628,1,506,97.5
628,1,507,97.5
628,1,508,97.5
628,1,51,97.5
628,1,52,97.5
628,1,521,97.5
628,1,5809,97.5
628,1,5810,97.5
628,1,5811,97.5
628,1,5812,97.5
628,1,5856,97.5
628,1,5858,97.5
628,1,6163,97.5
628,1,6164,97.5
628,1,6296,97.5
628,1,6332,97.5
628,1,6333,97.5
628,1,6334,97.5
628,1,6424,97.5
628,1,6430,97.5
628,1,6432,97.5
628,1,6433,97.5
628,1,6434,97.5
628,1,6435,97.5
628,1,6436,97.5
628,1,6437,97.5
628,1,6438,97.5
628,1,6439,97.5
628,1,6440,97.5
628,1,7051,97.5
628,1,7743,97.5
628,1,777,97.5
628,1,8851,97.5
628,1,8852,97.5
628,1,986,97.5
628,1,988,97.5
628,1,991,97.5
628,1,992,97.5
1134,0,1019,98.75
1134,0,1023,98.75
1134,0,1024,98.75
1134,0,1025,98.75
1134,0,1026,98.75
1134,0,6166,98.75
1134,0,6167,98.75
1134,0,6168,98.75
1134,0,6316,98.75
1134,0,6318,98.75
1134,0,6319,98.75
1134,0,7747,98.75
1134,0,8626,98.75
1134,0,8904,98.75
1134,0,8905,98.75
1134,0,8906,98.75
1134,0,8907,98.75
1134,0,8908,98.75
1134,0,8909,98.75
1134,0,8910,98.75
1134,0,993,98.75
1033,1,114,100.0
1033,1,115,100.0
1033,1,116,100.0
1033,1,117,100.0
1033,1,118,100.0
1033,1,119,100.0
1033,1,120,100.0
1033,1,121,100.0
1033,1,158,100.0
1033,1,159,100.0
1033,1,161,100.0
1033,1,162,100.0
1033,1,163,100.0
1033,1,164,100.0
1033,1,217,100.0
1033,1,373,100.0
1033,1,4536,100.0
1033,1,4537,100.0
1033,1,4626,100.0
1033,1,8594,100.0
1033,1,8595,100.0
1033,1,8596,100.0
1033,1,8597,100.0
1033,1,8598,100.0
1033,1,8600,100.0
989,1,8375,100.57
989,1,8397,100.61
49,1,229,100.71
49,1,230,100.71
49,1,231,100.71
49,1,232,100.71
49,1,377,100.71
49,1,392,100.71
49,1,393,100.71
49,1,394,100.71
49,1,395,100.71
49,1,396,100.71
49,1,624,100.71
49,1,625,100.71
49,1,626,100.71
49,1,642,100.71
49,1,643,100.71
49,1,645,100.71
49,1,648,100.71
829,0,106794,100.71
829,0,106874,100.71
829,0,144,100.71
829,0,145,100.71
829,0,274,100.71
829,0,327,100.71
829,0,380,100.71
829,0,385,100.71
829,0,387,100.71
829,0,388,100.71
829,0,391,100.71
829,0,40,100.71
829,0,4057,100.71
829,0,4059,100.71
829,0,4060,100.71
829,0,4061,100.71
829,0,4065,100.71
829,0,730,100.71
829,0,731,100.71
829,0,732,100.71
829,0,7748,100.71
829,0,788,100.71
829,0,789,100.71
989,1,8396,100.85
989,1,8374,100.89
989,1,8420,101.02
83,1,1059,103.13
83,1,1064,103.13
83,1,1084,103.13
83,1,1085,103.13
83,1,1092,103.13
83,1,1093,103.13
83,1,1094,103.13
83,1,1095,103.13
83,1,1096,103.13
83,1,1097,103.13
83,1,1098,103.13
83,1,22,103.13
83,1,23,103.13
83,1,479,103.13
83,1,480,103.13
83,1,481,103.13
83,1,483,103.13
83,1,500,103.13
83,1,558,103.13
83,1,559,103.13
83,1,560,103.13
83,1,561,103.13
83,1,562,103.13
83,1,563,103.13
83,1,564,103.13
83,1,565,103.13
83,1,566,103.13
83,1,567,103.13
83,1,568,103.13
83,1,569,103.13
83,1,570,103.13
83,1,571,103.13
83,1,58,103.13
83,1,59,103.13
83,1,6,103.13
83,1,60,103.13
83,1,61,103.13
83,1,62,103.13
83,1,7,103.13
83,1,71,103.13
83,1,86,103.13
83,1,88,103.13
83,1,89,103.13
83,1,90,103.13
83,1,91,103.13
83,1,92,103.13
83,1,93,103.13
83,1,94,103.13
83,1,95,103.13
83,1,96,103.13
83,1,97,103.13
523,1,136,104.5
523,1,137,104.5
523,1,138,104.5
523,1,139,104.5
523,1,141,104.5
523,1,5395,104.5
523,1,5405,104.5
523,1,5420,104.5
523,1,5424,104.5
523,1,5425,104.5
523,1,5426,104.5
523,1,5427,104.5
523,1,5428,104.5
523,1,5429,104.5
523,1,5430,104.5
523,1,5431,104.5
523,1,5432,104.5
523,1,5433,104.5
523,1,5434,104.5
523,1,5435,104.5
523,1,5436,104.5
523,1,5437,104.5
523,1,5438,104.5
523,1,5439,104.5
523,1,5441,104.5
523,1,5442,104.5
523,1,5443,104.5
523,1,5444,104.5
523,1,5445,104.5
523,1,5446,104.5
523,1,5447,104.5
523,1,5448,104.5
523,1,5449,104.5
523,1,5450,104.5
523,1,5451,104.5
523,1,5452,104.5
523,1,5453,104.5
523,1,5454,104.5
1090,1,106661,105.0
1090,1,106662,105.0
1090,1,106663,105.0
1090,1,149,105.0
1090,1,150,105.0
1090,1,151,105.0
1090,1,152,105.0
1090,1,217,105.0
1090,1,218,105.0
1090,1,219,105.0
1090,1,220,105.0
1090,1,221,105.0
1090,1,222,105.0
1090,1,223,105.0
1090,1,224,105.0
1090,1,225,105.0
1090,1,228,105.0
1090,1,287,105.0
1090,1,288,105.0
1090,1,3179,105.0
1090,1,4533,105.0
1090,1,8772,105.0
1090,1,8779,105.0
1090,1,8780,105.0
1090,1,8781,105.0
1090,1,8782,105.0
1090,1,8783,105.0
347,0,129,105.0
347,0,1788,105.0
347,0,1789,105.0
347,0,1790,105.0
347,0,1791,105.0
347,0,1792,105.0
347,0,3109,105.0
347,0,3110,105.0
347,0,3111,105.0
347,0,3112,105.0
347,0,3113,105.0
347,0,3137,105.0
347,0,3138,105.0
347,0,3139,105.0
347,0,3315,105.0
347,0,3531,105.0
347,0,3532,105.0
347,0,3798,105.0
347,0,3799,105.0
347,0,3800,105.0
347,0,3801,105.0
347,0,3820,105.0
347,0,3821,105.0
347,0,3822,105.0
347,0,3826,105.0
347,0,793,105.0
347,0,794,105.0
348,1,1277,105.0
348,1,172,105.0
348,1,1810,105.0
348,1,1811,105.0
348,1,1812,105.0
348,1,1813,105.0
348,1,1815,105.0
348,1,3110,105.0
348,1,3118,105.0
348,1,3119,105.0
348,1,3120,105.0
348,1,3121,105.0
348,1,3139,105.0
348,1,3161,105.0
348,1,3162,105.0
348,1,3578,105.0
348,1,3579,105.0
348,1,3802,105.0
348,1,3803,105.0
348,1,3804,105.0
348,1,3805,105.0
348,1,3806,105.0
348,1,3823,105.0
348,1,3824,105.0
348,1,3826,105.0
348,1,795,105.0
48,0,106603,105.0
48,0,126,105.0
48,0,145,105.0
48,0,191,105.0
48,0,192,105.0
48,0,194,105.0
48,0,3304,105.0
48,0,3320,105.0
48,0,378,105.0
48,0,379,105.0
48,0,380,105.0
48,0,392,105.0
48,0,621,105.0
48,0,622,105.0
48,0,623,105.0
48,0,641,105.0
48,0,644,105.0
48,0,646,105.0
48,0,647,105.0
48,0,8061,105.0
598,1,1031,105.0
598,1,1050,105.0
598,1,107,105.0
598,1,1323,105.0
598,1,1324,105.0
598,1,1325,105.0
598,1,1737,105.0
598,1,1827,105.0
598,1,2111,105.0
598,1,2112,105.0
598,1,2114,105.0
598,1,2119,105.0
598,1,319,105.0
598,1,460,105.0
598,1,461,105.0
598,1,5899,105.0
598,1,5900,105.0
598,1,5901,105.0
598,1,5902,105.0
598,1,741,105.0
598,1,766,105.0
598,1,785,105.0
598,1,801,105.0
598,1,802,105.0
598,1,803,105.0
598,1,804,105.0
598,1,805,105.0
598,1,806,105.0
598,1,879,105.0
598,1,880,105.0
598,1,955,105.0
598,1,956,105.0
598,1,957,105.0
598,1,958,105.0
598,1,959,105.0
598,1,974,105.0
598,1,975,105.0
598,1,976,105.0
598,1,977,105.0
598,1,978,105.0
598,1,979,105.0
598,1,980,105.0
598,1,982,105.0
598,1,983,105.0
598,1,991,105.0
598,1,992,105.0
598,1,993,105.0
731,0,1024,105.0
731,0,1025,105.0
731,0,1044,105.0
731,0,1045,105.0
731,0,2124,105.0
731,0,2125,105.0
731,0,3842,105.0
731,0,3844,105.0
731,0,5892,105.0
731,0,5894,105.0
731,0,5898,105.0
731,0,594,105.0
731,0,6034,105.0
731,0,6038,105.0
731,0,6059,105.0
731,0,6129,105.0
731,0,6130,105.0
731,0,6161,105.0
731,0,6162,105.0
731,0,6216,105.0
731,0,6259,105.0
731,0,6260,105.0
731,0,6306,105.0
731,0,6530,105.0
731,0,6941,105.0
731,0,7054,105.0
731,0,7055,105.0
731,0,7056,105.0
731,0,7057,105.0
731,0,7059,105.0
731,0,7060,105.0
731,0,7304,105.0
731,0,7736,105.0
731,0,7909,105.0
731,0,7910,105.0
731,0,7912,105.0
731,0,7915,105.0
731,0,8892,105.0
732,1,1743,105.0
732,1,1744,105.0
732,1,2210,105.0
732,1,3846,105.0
732,1,3847,105.0
732,1,3848,105.0
732,1,5894,105.0
732,1,5898,105.0
732,1,594,105.0
732,1,6038,105.0
732,1,6040,105.0
732,1,6127,105.0
732,1,6128,105.0
732,1,6159,105.0
732,1,6160,105.0
732,1,6217,105.0
732,1,6263,105.0
732,1,6264,105.0
732,1,6275,105.0
732,1,6516,105.0
732,1,6527,105.0
732,1,6941,105.0
732,1,6943,105.0
732,1,6944,105.0
732,1,6945,105.0
732,1,7065,105.0
732,1,7066,105.0
732,1,7067,105.0
732,1,7068,105.0
732,1,7069,105.0
732,1,7070,105.0
732,1,7071,105.0
732,1,7302,105.0
732,1,7308,105.0
732,1,7735,105.0
732,1,994,105.0
732,1,995,105.0
962,1,118,105.0
962,1,119,105.0
962,1,120,105.0
962,1,121,105.0
962,1,124,105.0
962,1,125,105.0
962,1,1277,105.0
962,1,144,105.0
962,1,145,105.0
962,1,146,105.0
962,1,147,105.0
962,1,172,105.0
962,1,1815,105.0
962,1,1917,105.0
962,1,1918,105.0
962,1,1919,105.0
962,1,1920,105.0
962,1,1933,105.0
962,1,1934,105.0
962,1,196,105.0
962,1,1976,105.0
962,1,1979,105.0
962,1,1980,105.0
962,1,1981,105.0
962,1,1982,105.0
962,1,1983,105.0
962,1,1984,105.0
962,1,1985,105.0
962,1,1986,105.0
962,1,1987,105.0
962,1,1988,105.0
962,1,1989,105.0
962,1,199,105.0
962,1,225,105.0
962,1,226,105.0
962,1,227,105.0
962,1,283,105.0
962,1,284,105.0
962,1,287,105.0
962,1,288,105.0
962,1,3179,105.0
962,1,3802,105.0
962,1,3803,105.0
962,1,3804,105.0
962,1,3805,105.0
962,1,3806,105.0
962,1,793,105.0
962,1,795,105.0
962,1,8334,105.0
962,1,8335,105.0
962,1,8605,105.0
642,1,5773,105.56
642,1,5809,105.56
642,1,5810,105.56
642,1,5811,105.56
642,1,5812,105.56
642,1,6127,105.56
642,1,6128,105.56
642,1,6159,105.56
642,1,6160,105.56
642,1,6163,105.56
642,1,6164,105.56
642,1,6282,105.56
642,1,6468,105.56
642,1,6502,105.56
642,1,6503,105.56
642,1,6504,105.56
642,1,6505,105.56
642,1,6506,105.56
642,1,6507,105.56
642,1,6508,105.56
642,1,6513,105.56
642,1,6514,105.56
642,1,6515,105.56
642,1,6516,105.56
642,1,986,105.56
641,0,1033,106.25
641,0,5803,106.25
641,0,5805,106.25
641,0,5806,106.25
641,0,5807,106.25
641,0,5808,106.25
641,0,5809,106.25
641,0,6059,106.25
641,0,6094,106.25
641,0,6129,106.25
641,0,6130,106.25
641,0,6161,106.25
641,0,6162,106.25
641,0,6282,106.25
641,0,6320,106.25
641,0,6496,106.25
641,0,6497,106.25
641,0,6498,106.25
641,0,6499,106.25
641,0,6500,106.25
641,0,6501,106.25
641,0,6510,106.25
641,0,6511,106.25
641,0,6512,106.25
641,0,984,106.25
641,0,985,106.25
1110,0,106880,106.67
1110,0,118,106.67
1110,0,119,106.67
1110,0,120,106.67
1110,0,121,106.67
1110,0,152,106.67
1110,0,200,106.67
1110,0,201,106.67
1110,0,202,106.67
1110,0,203,106.67
1110,0,204,106.67
1110,0,205,106.67
1110,0,206,106.67
1110,0,207,106.67
1110,0,277,106.67
1110,0,278,106.67
1110,0,281,106.67
1110,0,282,106.67
1110,0,285,106.67
1110,0,8202,106.67
673,1,5773,106.67
673,1,5809,106.67
673,1,5810,106.67
673,1,5811,106.67
673,1,5812,106.67
673,1,6044,106.67
673,1,6163,106.67
673,1,6164,106.67
673,1,6282,106.67
673,1,6305,106.67
673,1,6463,106.67
673,1,6464,106.67
673,1,6465,106.67
673,1,6502,106.67
673,1,6503,106.67
673,1,6504,106.67
673,1,986,106.67
151,1,106,107.14
151,1,1777,107.14
151,1,1811,107.14
151,1,1812,107.14
151,1,1813,107.14
151,1,1814,107.14
151,1,1815,107.14
151,1,1816,107.14
151,1,1817,107.14
151,1,1818,107.14
151,1,1819,107.14
151,1,1820,107.14
151,1,1821,107.14
151,1,1822,107.14
151,1,1823,107.14
151,1,1824,107.14
151,1,1825,107.14
151,1,1826,107.14
151,1,1835,107.14
151,1,795,107.14
36,0,1153,107.22
36,0,22,107.22
36,0,23,107.22
36,0,25,107.22
36,0,26,107.22
36,0,27,107.22
36,0,274,107.22
36,0,28,107.22
36,0,29,107.22
36,0,30,107.22
36,0,31,107.22
36,0,32,107.22
36,0,327,107.22
36,0,33,107.22
36,0,3354,107.22
36,0,34,107.22
36,0,385,107.22
36,0,3850,107.22
36,0,387,107.22
36,0,477,107.22
36,0,478,107.22
36,0,519,107.22
36,0,520,107.22
36,0,525,107.22
36,0,526,107.22
36,0,53,107.22
37,1,1186,107.22
37,1,327,107.22
37,1,343,107.22
37,1,344,107.22
37,1,385,107.22
37,1,3850,107.22
37,1,40,107.22
37,1,41,107.22
37,1,42,107.22
37,1,43,107.22
37,1,44,107.22
37,1,45,107.22
37,1,46,107.22
37,1,47,107.22
37,1,48,107.22
37,1,491,107.22
37,1,5033,107.22
37,1,504,107.22
37,1,505,107.22
37,1,51,107.22
37,1,52,107.22
37,1,521,107.22
37,1,522,107.22
37,1,527,107.22
37,1,528,107.22
37,1,6296,107.22
37,1,6695,107.22
1089,0,106661,107.5
1089,0,106662,107.5
1089,0,106663,107.5
1089,0,117,107.5
1089,0,118,107.5
1089,0,119,107.5
1089,0,120,107.5
1089,0,121,107.5
1089,0,200,107.5
1089,0,201,107.5
1089,0,202,107.5
1089,0,203,107.5
1089,0,204,107.5
1089,0,205,107.5
1089,0,206,107.5
1089,0,207,107.5
1089,0,217,107.5
1089,0,277,107.5
1089,0,278,107.5
1089,0,8202,107.5
1089,0,8771,107.5
1089,0,8772,107.5
1089,0,8773,107.5
1089,0,8774,107.5
1089,0,8775,107.5
1089,0,8776,107.5
1089,0,8777,107.5
567,0,1007,107.5
567,0,1011,107.5
567,0,1013,107.5
567,0,1014,107.5
567,0,1040,107.5
567,0,1041,107.5
567,0,4854,107.5
567,0,4855,107.5
567,0,4856,107.5
567,0,4857,107.5
567,0,4858,107.5
567,0,4859,107.5
567,0,4860,107.5
567,0,4861,107.5
567,0,4862,107.5
567,0,4863,107.5
567,0,5825,107.5
567,0,5826,107.5
567,0,5827,107.5
567,0,5828,107.5
567,0,5829,107.5
567,0,5830,107.5
567,0,5831,107.5
567,0,5832,107.5
567,0,5833,107.5
567,0,5834,107.5
567,0,5835,107.5
567,0,5836,107.5
567,0,5837,107.5
567,0,5838,107.5
567,0,5839,107.5
567,0,5840,107.5
567,0,5841,107.5
567,0,5842,107.5
567,0,5843,107.5
567,0,5844,107.5
567,0,7258,107.5
567,0,9298,107.5
568,1,1004,107.5
568,1,1005,107.5
568,1,1006,107.5
568,1,1007,107.5
568,1,1008,107.5
568,1,1010,107.5
568,1,1746,107.5
568,1,4856,107.5
568,1,4864,107.5
568,1,4865,107.5
568,1,4866,107.5
568,1,4867,107.5
568,1,4868,107.5
568,1,4869,107.5
568,1,4870,107.5
568,1,5837,107.5
568,1,5845,107.5
568,1,5846,107.5
568,1,5847,107.5
568,1,5848,107.5
568,1,5849,107.5
568,1,5850,107.5
568,1,5851,107.5
568,1,5852,107.5
568,1,5853,107.5
568,1,5854,107.5
568,1,5855,107.5
568,1,5856,107.5
568,1,5857,107.5
568,1,5858,107.5
568,1,5859,107.5
568,1,5860,107.5
568,1,5861,107.5
568,1,5862,107.5
568,1,5863,107.5
568,1,5864,107.5
1020,0,122,108.13
1020,0,123,108.13
1020,0,124,108.13
1020,0,125,108.13
1020,0,126,108.13
1020,0,127,108.13
1020,0,129,108.13
1020,0,130,108.13
1020,0,131,108.13
1020,0,132,108.13
1020,0,133,108.13
1020,0,134,108.13
1020,0,135,108.13
1020,0,136,108.13
1020,0,137,108.13
1020,0,138,108.13
1020,0,139,108.13
1020,0,140,108.13
1020,0,2008,108.13
1020,0,2009,108.13
1020,0,2010,108.13
1020,0,2011,108.13
1020,0,2012,108.13
1020,0,2013,108.13
1020,0,2014,108.13
1020,0,2015,108.13
1020,0,2016,108.13
1020,0,215,108.13
1020,0,216,108.13
1020,0,217,108.13
1020,0,292,108.13
1020,0,3315,108.13
1020,0,3855,108.13
1013,1,1882,108.33
1013,1,2001,108.33
1013,1,2006,108.33
1013,1,217,108.33
1013,1,289,108.33
1013,1,290,108.33
1013,1,291,108.33
1013,1,292,108.33
1013,1,293,108.33
1013,1,294,108.33
1013,1,352,108.33
1013,1,353,108.33
1013,1,354,108.33
1013,1,355,108.33
1013,1,356,108.33
1013,1,357,108.33
1013,1,358,108.33
1013,1,360,108.33
1013,1,361,108.33
1013,1,362,108.33
1013,1,3855,108.33
1013,1,40,108.33
1013,1,41,108.33
1013,1,42,108.33
1013,1,43,108.33
1013,1,44,108.33
1013,1,45,108.33
1013,1,4848,108.33
1013,1,8559,108.33
1013,1,8571,108.33
1013,1,8572,108.33
1109,1,1369,108.33
1109,1,1370,108.33
1109,1,1400,108.33
1109,1,1401,108.33
1109,1,1426,108.33
1109,1,1432,108.33
1109,1,1634,108.33
1109,1,1635,108.33
1109,1,8813,108.33
1109,1,8814,108.33
1109,1,8815,108.33
1109,1,8816,108.33
1109,1,8817,108.33
1109,1,8818,108.33
1109,1,8819,108.33
1109,1,8820,108.33
1109,1,8821,108.33
452,0,106462,108.75
452,0,114,108.75
452,0,115,108.75
452,0,116,108.75
452,0,117,108.75
452,0,118,108.75
452,0,119,108.75
452,0,120,108.75
452,0,121,108.75
452,0,126,108.75
452,0,127,108.75
452,0,129,108.75
452,0,130,108.75
452,0,131,108.75
452,0,158,108.75
452,0,159,108.75
452,0,160,108.75
452,0,161,108.75
452,0,162,108.75
452,0,163,108.75
452,0,164,108.75
452,0,1836,108.75
452,0,1912,108.75
452,0,3315,108.75
452,0,399,108.75
452,0,400,108.75
452,0,401,108.75
452,0,402,108.75
452,0,4537,108.75
452,0,4607,108.75
452,0,4608,108.75
452,0,4609,108.75
452,0,4610,108.75
452,0,4611,108.75
452,0,4612,108.75
452,0,4613,108.75
452,0,4614,108.75
452,0,4615,108.75
452,0,4616,108.75
452,0,4617,108.75
452,0,4618,108.75
452,0,4619,108.75
452,0,4620,108.75
452,0,4621,108.75
452,0,4622,108.75
452,0,4623,108.75
452,0,4624,108.75
452,0,4625,108.75
452,0,4687,108.75
452,0,4688,108.75
452,0,4689,108.75
452,0,4690,108.75
452,0,4692,108.75
452,0,4880,108.75
452,0,4881,108.75
452,0,4882,108.75
452,0,4883,108.75
452,0,4884,108.75
452,0,4885,108.75
452,0,4886,108.75
452,0,4887,108.75
452,0,4888,108.75
452,0,4889,108.75
452,0,4890,108.75
452,0,4891,108.75
452,0,4892,108.75
452,0,4893,108.75
452,0,4894,108.75
452,0,4895,108.75
452,0,4896,108.75
452,0,4897,108.75
452,0,4898,108.75
452,0,4899,108.75
452,0,4900,108.75
452,0,4901,108.75
452,0,4902,108.75
452,0,4903,108.75
452,0,4905,108.75
452,0,4906,108.75
452,0,4930,108.75
452,0,4942,108.75
452,0,4943,108.75
452,0,4944,108.75
452,0,4945,108.75
452,0,4946,108.75
452,0,4947,108.75
452,0,4948,108.75
452,0,4949,108.75
452,0,4950,108.75
452,0,4951,108.75
452,0,4952,108.75
452,0,4983,108.75
452,0,790,108.75
452,0,791,108.75
452,0,792,108.75
452,0,793,108.75
452,0,794,108.75
67,1,106564,108.75
67,1,1275,108.75
67,1,1277,108.75
67,1,130,108.75
67,1,131,108.75
67,1,133,108.75
67,1,134,108.75
67,1,135,108.75
67,1,138,108.75
67,1,139,108.75
67,1,141,108.75
67,1,142,108.75
67,1,172,108.75
67,1,248,108.75
67,1,253,108.75
67,1,258,108.75
67,1,311,108.75
67,1,312,108.75
67,1,313,108.75
67,1,314,108.75
67,1,315,108.75
67,1,316,108.75
67,1,317,108.75
67,1,343,108.75
67,1,344,108.75
67,1,381,108.75
67,1,382,108.75
67,1,385,108.75
67,1,40,108.75
67,1,4509,108.75
67,1,5033,108.75
67,1,734,108.75
67,1,735,108.75
67,1,736,108.75
67,1,737,108.75
67,1,738,108.75
67,1,739,108.75
67,1,740,108.75
67,1,785,108.75
67,1,800,108.75
67,1,801,108.75
67,1,802,108.75
67,1,803,108.75
67,1,804,108.75
67,1,805,108.75
67,1,806,108.75
1009,0,1140,108.89
1009,0,1872,108.89
1009,0,1873,108.89
1009,0,1874,108.89
1009,0,1875,108.89
1009,0,1876,108.89
1009,0,1877,108.89
1009,0,1878,108.89
1009,0,1879,108.89
1009,0,1880,108.89
1009,0,1881,108.89
1009,0,2001,108.89
1009,0,2002,108.89
1009,0,2003,108.89
1009,0,215,108.89
1009,0,216,108.89
1009,0,217,108.89
1009,0,274,108.89
1009,0,294,108.89
1009,0,30,108.89
1009,0,31,108.89
1009,0,32,108.89
1009,0,33,108.89
1009,0,3354,108.89
1009,0,34,108.89
1009,0,8558,108.89
1009,0,8559,108.89
1009,0,8571,108.89
505,1,106,110.0
505,1,107,110.0
505,1,149,110.0
505,1,150,110.0
505,1,151,110.0
505,1,152,110.0
505,1,1962,110.0
505,1,1963,110.0
505,1,1966,110.0
505,1,218,110.0
505,1,219,110.0
505,1,220,110.0
505,1,221,110.0
505,1,222,110.0
505,1,3165,110.0
505,1,3166,110.0
505,1,343,110.0
505,1,344,110.0
505,1,345,110.0
505,1,346,110.0
505,1,347,110.0
505,1,349,110.0
505,1,4533,110.0
505,1,5033,110.0
505,1,5347,110.0
505,1,5348,110.0
505,1,5349,110.0
505,1,5350,110.0
505,1,5351,110.0
505,1,5352,110.0
505,1,5353,110.0
505,1,5354,110.0
66,0,106563,110.0
66,0,106808,110.0
66,0,1266,110.0
66,0,1267,110.0
66,0,1268,110.0
66,0,1269,110.0
66,0,1270,110.0
66,0,1271,110.0
66,0,129,110.0
66,0,132,110.0
66,0,137,110.0
66,0,141,110.0
66,0,2105,110.0
66,0,248,110.0
66,0,249,110.0
66,0,250,110.0
66,0,251,110.0
66,0,252,110.0
66,0,254,110.0
66,0,255,110.0
66,0,256,110.0
66,0,257,110.0
66,0,274,110.0
66,0,310,110.0
66,0,327,110.0
66,0,3315,110.0
66,0,3354,110.0
66,0,3830,110.0
66,0,385,110.0
66,0,387,110.0
66,0,388,110.0
66,0,391,110.0
66,0,727,110.0
66,0,729,110.0
66,0,730,110.0
66,0,731,110.0
66,0,732,110.0
66,0,779,110.0
66,0,780,110.0
66,0,781,110.0
66,0,782,110.0
66,0,783,110.0
66,0,784,110.0
66,0,786,110.0
66,0,788,110.0
66,0,789,110.0
487,1,2829,110.09
987,0,8378,111.8
987,0,8397,111.84
987,0,8396,112.29
987,0,8379,112.47
150,0,1777,112.86
150,0,1778,112.86
150,0,1779,112.86
150,0,1780,112.86
150,0,1781,112.86
150,0,1782,112.86
150,0,1783,112.86
150,0,1784,112.86
150,0,1785,112.86
150,0,1786,112.86
150,0,1787,112.86
150,0,1788,112.86
150,0,1790,112.86
150,0,1791,112.86
150,0,1834,112.86
150,0,319,112.86
150,0,320,112.86
150,0,321,112.86
150,0,793,112.86
150,0,794,112.86
944,1,124,112.86
944,1,1241,112.86
944,1,1242,112.86
944,1,1243,112.86
944,1,1244,112.86
944,1,1245,112.86
944,1,1246,112.86
944,1,1247,112.86
944,1,1248,112.86
944,1,1249,112.86
944,1,125,112.86
944,1,1250,112.86
944,1,1251,112.86
944,1,130,112.86
944,1,131,112.86
944,1,144,112.86
944,1,146,112.86
944,1,147,112.86
944,1,149,112.86
944,1,150,112.86
944,1,151,112.86
944,1,152,112.86
944,1,172,112.86
944,1,173,112.86
944,1,1976,112.86
944,1,1979,112.86
944,1,1980,112.86
944,1,1981,112.86
944,1,1982,112.86
944,1,1983,112.86
944,1,1984,112.86
944,1,1985,112.86
944,1,1986,112.86
944,1,1987,112.86
944,1,1988,112.86
944,1,1989,112.86
944,1,218,112.86
944,1,219,112.86
944,1,220,112.86
944,1,221,112.86
944,1,222,112.86
944,1,223,112.86
944,1,224,112.86
944,1,225,112.86
944,1,283,112.86
944,1,284,112.86
944,1,287,112.86
944,1,288,112.86
944,1,3315,112.86
944,1,4533,112.86
944,1,8282,112.86
944,1,8283,112.86
453,1,1277,113.89
453,1,130,113.89
453,1,131,113.89
453,1,144,113.89
453,1,149,113.89
453,1,150,113.89
453,1,151,113.89
453,1,152,113.89
453,1,153,113.89
453,1,155,113.89
453,1,160,113.89
453,1,165,113.89
453,1,166,113.89
453,1,167,113.89
453,1,168,113.89
453,1,169,113.89
453,1,170,113.89
453,1,171,113.89
453,1,172,113.89
453,1,1912,113.89
453,1,1914,113.89
453,1,373,113.89
453,1,394,113.89
453,1,399,113.89
453,1,400,113.89
453,1,445,113.89
453,1,446,113.89
453,1,447,113.89
453,1,4509,113.89
453,1,4533,113.89
453,1,4541,113.89
453,1,4626,113.89
453,1,4627,113.89
453,1,4628,113.89
453,1,4629,113.89
453,1,4630,113.89
453,1,4631,113.89
453,1,4632,113.89
453,1,4633,113.89
453,1,4634,113.89
453,1,4635,113.89
453,1,4636,113.89
453,1,4637,113.89
453,1,4638,113.89
453,1,4639,113.89
453,1,4640,113.89
453,1,4641,113.89
453,1,4642,113.89
453,1,4643,113.89
453,1,4688,113.89
453,1,4692,113.89
453,1,4693,113.89
453,1,4694,113.89
453,1,4695,113.89
453,1,4899,113.89
453,1,4907,113.89
453,1,4908,113.89
453,1,4910,113.89
453,1,4911,113.89
453,1,4912,113.89
453,1,4913,113.89
453,1,4914,113.89
453,1,4915,113.89
453,1,4916,113.89
453,1,4917,113.89
453,1,4918,113.89
453,1,4919,113.89
453,1,4920,113.89
453,1,4921,113.89
453,1,4922,113.89
453,1,4923,113.89
453,1,4924,113.89
453,1,4925,113.89
453,1,4926,113.89
453,1,4927,113.89
453,1,4928,113.89
453,1,4929,113.89
453,1,4930,113.89
453,1,4931,113.89
453,1,4932,113.89
453,1,4933,113.89
453,1,4945,113.89
453,1,4951,113.89
453,1,4953,113.89
453,1,4954,113.89
453,1,4955,113.89
453,1,4956,113.89
453,1,4957,113.89
453,1,4958,113.89
453,1,4959,113.89
453,1,4960,113.89
453,1,4961,113.89
453,1,4984,113.89
453,1,795,113.89
453,1,796,113.89
453,1,797,113.89
453,1,798,113.89
453,1,799,113.89
432,0,114,114.0
432,0,115,114.0
432,0,116,114.0
432,0,117,114.0
432,0,118,114.0
432,0,119,114.0
432,0,120,114.0
432,0,121,114.0
432,0,126,114.0
432,0,127,114.0
432,0,129,114.0
432,0,130,114.0
432,0,131,114.0
432,0,158,114.0
432,0,159,114.0
432,0,160,114.0
432,0,161,114.0
432,0,162,114.0
432,0,163,114.0
432,0,164,114.0
432,0,1836,114.0
432,0,3315,114.0
432,0,379,114.0
432,0,399,114.0
432,0,400,114.0
432,0,401,114.0
432,0,402,114.0
432,0,4537,114.0
432,0,4577,114.0
432,0,4578,114.0
432,0,4579,114.0
432,0,4580,114.0
432,0,4581,114.0
432,0,4582,114.0
432,0,4583,114.0
432,0,4584,114.0
432,0,4585,114.0
432,0,4586,114.0
432,0,4587,114.0
432,0,4590,114.0
432,0,4591,114.0
432,0,4592,114.0
432,0,4593,114.0
432,0,4594,114.0
432,0,4607,114.0
432,0,4608,114.0
432,0,4609,114.0
432,0,4610,114.0
432,0,4611,114.0
432,0,4612,114.0
432,0,4613,114.0
432,0,4614,114.0
432,0,4615,114.0
432,0,4616,114.0
432,0,4617,114.0
432,0,4618,114.0
432,0,4619,114.0
432,0,4620,114.0
432,0,4621,114.0
432,0,4622,114.0
432,0,4623,114.0
432,0,4624,114.0
432,0,4625,114.0
432,0,4681,114.0
432,0,4682,114.0
432,0,4684,114.0
432,0,4685,114.0
432,0,4686,114.0
432,0,4687,114.0
432,0,4688,114.0
432,0,4689,114.0
432,0,4690,114.0
432,0,4703,114.0
432,0,4705,114.0
432,0,790,114.0
432,0,791,114.0
432,0,792,114.0
432,0,793,114.0
432,0,794,114.0
19,1,106,115.0
19,1,107,115.0
19,1,149,115.0
19,1,150,115.0
19,1,151,115.0
19,1,152,115.0
19,1,153,115.0
19,1,155,115.0
19,1,165,115.0
19,1,166,115.0
19,1,167,115.0
19,1,329,115.0
19,1,336,115.0
19,1,337,115.0
19,1,338,115.0
19,1,339,115.0
19,1,340,115.0
19,1,341,115.0
19,1,343,115.0
19,1,344,115.0
19,1,345,115.0
19,1,346,115.0
19,1,347,115.0
19,1,348,115.0
19,1,349,115.0
19,1,4533,115.0
19,1,4541,115.0
19,1,5033,115.0
830,1,106794,115.0
830,1,124,115.0
830,1,125,115.0
830,1,343,115.0
830,1,344,115.0
830,1,381,115.0
830,1,382,115.0
830,1,385,115.0
830,1,393,115.0
830,1,40,115.0
830,1,4057,115.0
830,1,4062,115.0
830,1,4063,115.0
830,1,4064,115.0
830,1,4065,115.0
830,1,4497,115.0
830,1,5033,115.0
830,1,734,115.0
830,1,735,115.0
830,1,736,115.0
830,1,737,115.0
830,1,7748,115.0
830,1,7749,115.0
920,0,8179,116.41
920,0,8202,116.53
1114,0,1031,117.0
1114,0,1032,117.0
1114,0,1033,117.0
1114,0,1040,117.0
1114,0,1041,117.0
1114,0,1043,117.0
1114,0,1044,117.0
1114,0,1045,117.0
1114,0,1047,117.0
1114,0,1048,117.0
1114,0,1742,117.0
1114,0,5286,117.0
1114,0,5844,117.0
1114,0,6144,117.0
1114,0,7273,117.0
1114,0,875,117.0
1114,0,876,117.0
1114,0,877,117.0
1114,0,966,117.0
1114,0,967,117.0
1114,0,968,117.0
1114,0,969,117.0
1114,0,970,117.0
1114,0,973,117.0
1115,1,1031,117.0
1115,1,1050,117.0
1115,1,1051,117.0
1115,1,1052,117.0
1115,1,1053,117.0
1115,1,1056,117.0
1115,1,1058,117.0
1115,1,1737,117.0
1115,1,1743,117.0
1115,1,1744,117.0
1115,1,1746,117.0
1115,1,7102,117.0
1115,1,879,117.0
1115,1,880,117.0
1115,1,975,117.0
1115,1,976,117.0
1115,1,977,117.0
1115,1,978,117.0
1115,1,979,117.0
1115,1,980,117.0
1115,1,982,117.0
1115,1,983,117.0
943,0,117,117.14
943,0,118,117.14
943,0,119,117.14
943,0,120,117.14
943,0,121,117.14
943,0,122,117.14
943,0,123,117.14
943,0,1233,117.14
943,0,1235,117.14
943,0,1236,117.14
943,0,1237,117.14
943,0,1238,117.14
943,0,1239,117.14
943,0,124,117.14
943,0,1240,117.14
943,0,1241,117.14
943,0,1242,117.14
943,0,1249,117.14
943,0,125,117.14
943,0,1251,117.14
943,0,126,117.14
943,0,127,117.14
943,0,129,117.14
943,0,130,117.14
943,0,131,117.14
943,0,1968,117.14
943,0,1969,117.14
943,0,1970,117.14
943,0,1971,117.14
943,0,1972,117.14
943,0,1973,117.14
943,0,1974,117.14
943,0,1975,117.14
943,0,1976,117.14
943,0,1977,117.14
943,0,1978,117.14
943,0,200,117.14
943,0,201,117.14
943,0,202,117.14
943,0,203,117.14
943,0,204,117.14
943,0,205,117.14
943,0,206,117.14
943,0,207,117.14
943,0,277,117.14
943,0,278,117.14
943,0,281,117.14
943,0,282,117.14
943,0,3315,117.14
943,0,8096,117.14
943,0,8202,117.14
943,0,8284,117.14
943,0,8285,117.14
943,0,8605,117.14
313,0,1749,118.57
313,0,1750,118.57
313,0,1751,118.57
313,0,1752,118.57
313,0,1753,118.57
313,0,1754,118.57
313,0,1756,118.57
313,0,1757,118.57
313,0,3418,118.57
313,0,3419,118.57
313,0,3420,118.57
313,0,3421,118.57
313,0,3422,118.57
313,0,3423,118.57
313,0,3424,118.57
313,0,3425,118.57
313,0,3426,118.57
313,0,3427,118.57
313,0,3428,118.57
313,0,3444,118.57
313,0,3445,118.57
313,0,3446,118.57
313,0,3447,118.57
313,0,3448,118.57
313,0,3449,118.57
313,0,3450,118.57
313,0,3451,118.57
313,0,3452,118.57
313,0,3453,118.57
313,0,3758,118.57
314,1,1749,118.57
314,1,1751,118.57
314,1,1761,118.57
314,1,1762,118.57
314,1,1763,118.57
314,1,1764,118.57
314,1,1767,118.57
314,1,3429,118.57
314,1,3431,118.57
314,1,3432,118.57
314,1,3433,118.57
314,1,3434,118.57
314,1,3435,118.57
314,1,3436,118.57
314,1,3437,118.57
314,1,3438,118.57
314,1,3439,118.57
314,1,3446,118.57
314,1,3454,118.57
314,1,3455,118.57
314,1,3456,118.57
314,1,3457,118.57
314,1,3458,118.57
314,1,3459,118.57
314,1,3460,118.57
314,1,3461,118.57
314,1,3462,118.57
314,1,3755,118.57
314,1,3759,118.57
1138,0,106563,120.0
1138,0,107,120.0
1138,0,129,120.0
1138,0,130,120.0
1138,0,131,120.0
1138,0,132,120.0
1138,0,133,120.0
1138,0,134,120.0
1138,0,135,120.0
1138,0,137,120.0
1138,0,138,120.0
1138,0,139,120.0
1138,0,141,120.0
1138,0,1780,120.0
1138,0,1781,120.0
1138,0,1782,120.0
1138,0,1783,120.0
1138,0,1784,120.0
1138,0,1954,120.0
1138,0,319,120.0
1138,0,320,120.0
1138,0,321,120.0
1138,0,322,120.0
1138,0,3315,120.0
1138,0,404,120.0
1138,0,405,120.0
1138,0,406,120.0
1140,0,1702,120.0
1140,0,3315,120.0
1140,0,404,120.0
1140,0,405,120.0
1140,0,406,120.0
1140,0,407,120.0
1140,0,408,120.0
1140,0,409,120.0
1140,0,410,120.0
1140,0,411,120.0
1140,0,412,120.0
1140,0,413,120.0
1140,0,414,120.0
1140,0,415,120.0
1140,0,416,120.0
1140,0,419,120.0
1140,0,433,120.0
1140,0,454,120.0
18,0,106793,120.0
18,0,114,120.0
18,0,115,120.0
18,0,116,120.0
18,0,117,120.0
18,0,118,120.0
18,0,119,120.0
18,0,120,120.0
18,0,121,120.0
18,0,162,120.0
18,0,163,120.0
18,0,164,120.0
18,0,319,120.0
18,0,320,120.0
18,0,321,120.0
18,0,322,120.0
18,0,323,120.0
18,0,324,120.0
18,0,325,120.0
18,0,326,120.0
18,0,327,120.0
18,0,328,120.0
18,0,329,120.0
18,0,330,120.0
18,0,331,120.0
18,0,332,120.0
18,0,333,120.0
18,0,334,120.0
18,0,335,120.0
205,0,102,120.0
205,0,103,120.0
205,0,106815,120.0
205,0,106816,120.0
205,0,1204,120.0
205,0,1321,120.0
205,0,1322,120.0
205,0,1369,120.0
205,0,1370,120.0
205,0,1371,120.0
205,0,1375,120.0
205,0,1379,120.0
205,0,1380,120.0
205,0,1400,120.0
205,0,1417,120.0
205,0,1422,120.0
205,0,1423,120.0
205,0,1426,120.0
205,0,1429,120.0
205,0,1436,120.0
205,0,1447,120.0
205,0,1568,120.0
205,0,1578,120.0
205,0,1581,120.0
205,0,1632,120.0
205,0,1634,120.0
205,0,1635,120.0
205,0,2367,120.0
205,0,2368,120.0
205,0,2369,120.0
205,0,2370,120.0
205,0,2371,120.0
205,0,2372,120.0
205,0,2738,120.0
205,0,319,120.0
205,0,320,120.0
205,0,321,120.0
205,0,349,120.0
478,0,106782,120.0
478,0,106783,120.0
478,0,106784,120.0
478,0,274,120.0
478,0,31,120.0
478,0,32,120.0
478,0,33,120.0
478,0,34,120.0
478,0,351,120.0
478,0,40,120.0
478,0,4812,120.0
478,0,484,120.0
478,0,485,120.0
478,0,486,120.0
478,0,487,120.0
478,0,488,120.0
478,0,489,120.0
478,0,5100,120.0
478,0,5101,120.0
478,0,5102,120.0
478,0,5103,120.0
478,0,5104,120.0
478,0,5105,120.0
478,0,5106,120.0
478,0,5107,120.0
478,0,5108,120.0
478,0,5109,120.0
478,0,5110,120.0
478,0,548,120.0
478,0,549,120.0
478,0,550,120.0
478,0,551,120.0
478,0,552,120.0
478,0,553,120.0
478,0,554,120.0
478,0,555,120.0
478,0,566,120.0
478,0,567,120.0
478,0,568,120.0
521,0,136,120.0
521,0,137,120.0
521,0,138,120.0
521,0,139,120.0
521,0,140,120.0
521,0,5391,120.0
521,0,5392,120.0
521,0,5393,120.0
521,0,5394,120.0
521,0,5395,120.0
521,0,5396,120.0
521,0,5397,120.0
521,0,5398,120.0
521,0,5399,120.0
521,0,5400,120.0
521,0,5401,120.0
521,0,5402,120.0
521,0,5403,120.0
521,0,5404,120.0
521,0,5405,120.0
521,0,5407,120.0
521,0,5408,120.0
521,0,5409,120.0
521,0,5410,120.0
521,0,5411,120.0
521,0,5412,120.0
521,0,5413,120.0
521,0,5414,120.0
521,0,5415,120.0
521,0,5416,120.0
521,0,5417,120.0
521,0,5418,120.0
521,0,5419,120.0
521,0,5420,120.0
521,0,5421,120.0
521,0,5422,120.0
521,0,5423,120.0
521,0,5424,120.0
930,0,114,120.0
930,0,115,120.0
930,0,116,120.0
930,0,117,120.0
930,0,118,120.0
930,0,119,120.0
930,0,120,120.0
930,0,121,120.0
930,0,1233,120.0
930,0,1235,120.0
930,0,1236,120.0
930,0,1237,120.0
930,0,1238,120.0
930,0,1239,120.0
930,0,1240,120.0
930,0,1241,120.0
930,0,1242,120.0
930,0,1249,120.0
930,0,1251,120.0
930,0,129,120.0
930,0,130,120.0
930,0,131,120.0
930,0,144,120.0
930,0,145,120.0
930,0,162,120.0
930,0,163,120.0
930,0,164,120.0
930,0,1959,120.0
930,0,1960,120.0
930,0,1961,120.0
930,0,331,120.0
930,0,3315,120.0
930,0,332,120.0
930,0,333,120.0
930,0,334,120.0
930,0,335,120.0
930,0,381,120.0
930,0,382,120.0
971,1,106,120.0
971,1,107,120.0
971,1,149,120.0
971,1,150,120.0
971,1,151,120.0
971,1,152,120.0
971,1,153,120.0
971,1,155,120.0
971,1,160,120.0
971,1,165,120.0
971,1,166,120.0
971,1,167,120.0
971,1,168,120.0
971,1,1962,120.0
971,1,1963,120.0
971,1,1966,120.0
971,1,3165,120.0
971,1,3166,120.0
971,1,343,120.0
971,1,344,120.0
971,1,345,120.0
971,1,346,120.0
971,1,347,120.0
971,1,349,120.0
971,1,4533,120.0
971,1,4541,120.0
971,1,5033,120.0
971,1,5349,120.0
971,1,5350,120.0
971,1,5351,120.0
971,1,5352,120.0
971,1,5353,120.0
971,1,5354,120.0
971,1,8358,120.0
971,1,8359,120.0
971,1,8360,120.0
971,1,8361,120.0
1345,1,106887,121.88
1345,1,106888,121.88
1345,1,106889,121.88
1345,1,106890,121.88
1345,1,1253,121.88
1345,1,1254,121.88
1345,1,1256,121.88
1345,1,1257,121.88
1345,1,1258,121.88
1345,1,1259,121.88
1345,1,1260,121.88
1345,1,1263,121.88
1345,1,141,121.88
1345,1,5560,121.88
1345,1,8713,121.88
1345,1,8714,121.88
1345,1,8715,121.88
1345,1,8716,121.88
1345,1,8717,121.88
1345,1,8718,121.88
479,1,106782,125.0
479,1,106783,125.0
479,1,106784,125.0
479,1,351,125.0
479,1,40,125.0
479,1,41,125.0
479,1,42,125.0
479,1,43,125.0
479,1,44,125.0
479,1,45,125.0
479,1,4851,125.0
479,1,492,125.0
479,1,493,125.0
479,1,494,125.0
479,1,495,125.0
479,1,496,125.0
479,1,497,125.0
479,1,498,125.0
479,1,5100,125.0
479,1,5105,125.0
479,1,5108,125.0
479,1,5109,125.0
479,1,5110,125.0
479,1,5112,125.0
479,1,5113,125.0
479,1,5114,125.0
479,1,5115,125.0
479,1,5116,125.0
479,1,5117,125.0
479,1,558,125.0
479,1,559,125.0
479,1,560,125.0
479,1,561,125.0
479,1,562,125.0
479,1,563,125.0
479,1,564,125.0
479,1,565,125.0
479,1,566,125.0
479,1,567,125.0
479,1,568,125.0
504,0,107,125.0
504,0,117,125.0
504,0,118,125.0
504,0,119,125.0
504,0,120,125.0
504,0,121,125.0
504,0,1954,125.0
504,0,1955,125.0
504,0,1956,125.0
504,0,1957,125.0
504,0,1959,125.0
504,0,1960,125.0
504,0,1961,125.0
504,0,203,125.0
504,0,204,125.0
504,0,205,125.0
504,0,206,125.0
504,0,207,125.0
504,0,319,125.0
504,0,320,125.0
504,0,321,125.0
504,0,322,125.0
504,0,324,125.0
504,0,331,125.0
504,0,491,125.0
504,0,5347,125.0
504,0,5348,125.0
504,0,5349,125.0
504,0,5350,125.0
504,0,5351,125.0
504,0,5352,125.0
504,0,5353,125.0
504,0,5354,125.0
814,1,1746,125.0
814,1,4870,125.0
814,1,5153,125.0
814,1,5154,125.0
814,1,5155,125.0
814,1,5156,125.0
814,1,5158,125.0
814,1,5159,125.0
814,1,5845,125.0
814,1,5864,125.0
814,1,5932,125.0
814,1,5936,125.0
814,1,6575,125.0
814,1,7260,125.0
814,1,7634,125.0
814,1,7635,125.0
814,1,7636,125.0
814,1,7637,125.0
814,1,7638,125.0
814,1,7639,125.0
814,1,7640,125.0
931,1,1241,125.0
931,1,1242,125.0
931,1,1243,125.0
931,1,1244,125.0
931,1,1245,125.0
931,1,1246,125.0
931,1,1247,125.0
931,1,1248,125.0
931,1,1249,125.0
931,1,1250,125.0
931,1,1251,125.0
931,1,1266,125.0
931,1,129,125.0
931,1,149,125.0
931,1,150,125.0
931,1,151,125.0
931,1,152,125.0
931,1,153,125.0
931,1,155,125.0
931,1,165,125.0
931,1,166,125.0
931,1,167,125.0
931,1,1962,125.0
931,1,1963,125.0
931,1,3165,125.0
931,1,3166,125.0
931,1,3315,125.0
931,1,336,125.0
931,1,337,125.0
931,1,338,125.0
931,1,339,125.0
931,1,3815,125.0
931,1,3830,125.0
931,1,388,125.0
931,1,391,125.0
931,1,4533,125.0
931,1,4541,125.0
931,1,788,125.0
931,1,789,125.0
1327,1,1032,129.29
1327,1,1033,129.29
1327,1,1034,129.29
1327,1,1035,129.29
1327,1,1043,129.29
1327,1,1044,129.29
1327,1,1045,129.29
1327,1,1047,129.29
1327,1,1048,129.29
1327,1,106792,129.29
1327,1,1652,129.29
1327,1,1658,129.29
1327,1,1660,129.29
1327,1,1661,129.29
1327,1,1662,129.29
1327,1,1667,129.29
1327,1,1721,129.29
1327,1,174,129.29
1327,1,1742,129.29
1327,1,179,129.29
1327,1,215,129.29
1327,1,216,129.29
1327,1,217,129.29
1327,1,229,129.29
1327,1,230,129.29
1327,1,231,129.29
1327,1,232,129.29
1327,1,234,129.29
1327,1,235,129.29
1327,1,236,129.29
1327,1,238,129.29
1327,1,240,129.29
1327,1,243,129.29
1327,1,244,129.29
1327,1,245,129.29
1327,1,246,129.29
1327,1,247,129.29
1327,1,264,129.29
1327,1,3334,129.29
1327,1,35,129.29
1327,1,376,129.29
1327,1,377,129.29
1327,1,3855,129.29
1327,1,395,129.29
1327,1,399,129.29
1327,1,400,129.29
1327,1,401,129.29
1327,1,5555,129.29
1327,1,5556,129.29
1327,1,624,129.29
1327,1,625,129.29
1327,1,626,129.29
1327,1,627,129.29
1327,1,6307,129.29
1327,1,6308,129.29
1327,1,729,129.29
1327,1,730,129.29
1327,1,731,129.29
1327,1,732,129.29
1327,1,8062,129.29
1327,1,939,129.29
1327,1,943,129.29
1327,1,944,129.29
1327,1,945,129.29
1327,1,947,129.29
1327,1,948,129.29
1327,1,972,129.29
1025,1,149,130.0
1025,1,150,130.0
1025,1,151,130.0
1025,1,152,130.0
1025,1,153,130.0
1025,1,155,130.0
1025,1,160,130.0
1025,1,165,130.0
1025,1,166,130.0
1025,1,167,130.0
1025,1,168,130.0
1025,1,169,130.0
1025,1,170,130.0
1025,1,171,130.0
1025,1,229,130.0
1025,1,230,130.0
1025,1,231,130.0
1025,1,232,130.0
1025,1,234,130.0
1025,1,235,130.0
1025,1,236,130.0
1025,1,377,130.0
1025,1,395,130.0
1025,1,396,130.0
1025,1,447,130.0
1025,1,448,130.0
1025,1,449,130.0
1025,1,4533,130.0
1025,1,4541,130.0
1025,1,624,130.0
1025,1,625,130.0
1025,1,626,130.0
1025,1,627,130.0
1025,1,649,130.0
1025,1,650,130.0
1025,1,651,130.0
1025,1,652,130.0
1025,1,653,130.0
1025,1,656,130.0
1025,1,8062,130.0
736,0,106845,130.0
736,0,106846,130.0
736,0,106847,130.0
736,0,106848,130.0
736,0,106849,130.0
736,0,106850,130.0
736,0,106851,130.0
736,0,106852,130.0
736,0,106853,130.0
736,0,106854,130.0
736,0,106855,130.0
736,0,106856,130.0
736,0,106857,130.0
736,0,106858,130.0
736,0,106859,130.0
736,0,106860,130.0
736,0,6144,130.0
736,0,6909,130.0
736,0,7072,130.0
736,0,7073,130.0
736,0,7074,130.0
736,0,7075,130.0
736,0,7076,130.0
736,0,7101,130.0
736,0,7102,130.0
736,0,887,130.0
736,0,9285,130.0
736,0,961,130.0
736,0,962,130.0
736,0,975,130.0
736,0,976,130.0
736,0,977,130.0
736,0,978,130.0
82,0,10,130.0
82,0,1059,130.0
82,0,1060,130.0
82,0,1061,130.0
82,0,1062,130.0
82,0,1063,130.0
82,0,1064,130.0
82,0,1065,130.0
82,0,1066,130.0
82,0,1067,130.0
82,0,1068,130.0
82,0,1071,130.0
82,0,1074,130.0
82,0,1078,130.0
82,0,11,130.0
82,0,12,130.0
82,0,482,130.0
82,0,484,130.0
82,0,499,130.0
82,0,501,130.0
82,0,502,130.0
82,0,503,130.0
82,0,51,130.0
82,0,52,130.0
82,0,542,130.0
82,0,543,130.0
82,0,544,130.0
82,0,545,130.0
82,0,546,130.0
82,0,547,130.0
82,0,548,130.0
82,0,549,130.0
82,0,550,130.0
82,0,551,130.0
82,0,552,130.0
82,0,553,130.0
82,0,554,130.0
82,0,555,130.0
82,0,72,130.0
82,0,73,130.0
82,0,75,130.0
82,0,76,130.0
82,0,7661,130.0
82,0,7684,130.0
82,0,77,130.0
82,0,78,130.0
82,0,79,130.0
82,0,82,130.0
82,0,84,130.0
82,0,9,130.0
294,1,1229,130.63
294,1,1231,130.63
294,1,1335,130.63
294,1,1336,130.63
294,1,1337,130.63
294,1,1338,130.63
294,1,1339,130.63
294,1,1340,130.63
294,1,1341,130.63
294,1,1342,130.63
294,1,1383,130.63
294,1,1400,130.63
294,1,1401,130.63
294,1,1574,130.63
294,1,1575,130.63
294,1,1702,130.63
294,1,2167,130.63
294,1,2168,130.63
294,1,2169,130.63
294,1,2170,130.63
294,1,2171,130.63
294,1,2173,130.63
294,1,2174,130.63
294,1,2175,130.63
294,1,2176,130.63
294,1,2177,130.63
294,1,2267,130.63
294,1,2988,130.63
294,1,2991,130.63
294,1,2992,130.63
294,1,2998,130.63
294,1,2999,130.63
294,1,3000,130.63
294,1,3001,130.63
294,1,3002,130.63
294,1,3003,130.63
294,1,3037,130.63
294,1,3038,130.63
294,1,3280,130.63
294,1,3281,130.63
294,1,3284,130.63
294,1,3285,130.63
294,1,419,130.63
294,1,433,130.63
294,1,435,130.63
294,1,436,130.63
1326,0,1036,130.71
1326,0,1037,130.71
1326,0,1038,130.71
1326,0,1050,130.71
1326,0,1051,130.71
1326,0,1052,130.71
1326,0,1053,130.71
1326,0,1056,130.71
1326,0,106602,130.71
1326,0,106603,130.71
1326,0,1252,130.71
1326,0,1728,130.71
1326,0,1729,130.71
1326,0,1733,130.71
1326,0,1737,130.71
1326,0,1739,130.71
1326,0,174,130.71
1326,0,1743,130.71
1326,0,1744,130.71
1326,0,1746,130.71
1326,0,175,130.71
1326,0,176,130.71
1326,0,177,130.71
1326,0,178,130.71
1326,0,180,130.71
1326,0,183,130.71
1326,0,186,130.71
1326,0,187,130.71
1326,0,188,130.71
1326,0,189,130.71
1326,0,190,130.71
1326,0,191,130.71
1326,0,192,130.71
1326,0,194,130.71
1326,0,289,130.71
1326,0,290,130.71
1326,0,291,130.71
1326,0,304,130.71
1326,0,3295,130.71
1326,0,3304,130.71
1326,0,3320,130.71
1326,0,3333,130.71
1326,0,34,130.71
1326,0,378,130.71
1326,0,446,130.71
1326,0,447,130.71
1326,0,448,130.71
1326,0,449,130.71
1326,0,5564,130.71
1326,0,619,130.71
1326,0,621,130.71
1326,0,622,130.71
1326,0,623,130.71
1326,0,6347,130.71
1326,0,734,130.71
1326,0,735,130.71
1326,0,736,130.71
1326,0,737,130.71
1326,0,738,130.71
1326,0,739,130.71
1326,0,950,130.71
1326,0,951,130.71
1326,0,952,130.71
1326,0,953,130.71
1326,0,954,130.71
1326,0,957,130.71
1326,0,958,130.71
1326,0,959,130.71
737,1,106853,130.83
737,1,106854,130.83
737,1,106855,130.83
737,1,106857,130.83
737,1,106858,130.83
737,1,106859,130.83
737,1,106861,130.83
737,1,106862,130.83
737,1,106863,130.83
737,1,106864,130.83
737,1,106865,130.83
737,1,106866,130.83
737,1,106867,130.83
737,1,106868,130.83
737,1,106869,130.83
737,1,106870,130.83
737,1,5286,130.83
737,1,6908,130.83
737,1,7072,130.83
737,1,7101,130.83
737,1,7106,130.83
737,1,7107,130.83
737,1,7108,130.83
737,1,7109,130.83
737,1,865,130.83
737,1,9286,130.83
737,1,934,130.83
737,1,935,130.83
737,1,968,130.83
737,1,969,130.83
737,1,970,130.83
737,1,973,130.83
689,1,1058,132.5
689,1,106832,132.5
689,1,1746,132.5
689,1,4781,132.5
689,1,4782,132.5
689,1,4783,132.5
689,1,4784,132.5
689,1,4785,132.5
689,1,4786,132.5
689,1,4787,132.5
689,1,5154,132.5
689,1,5155,132.5
689,1,5156,132.5
689,1,5158,132.5
689,1,5159,132.5
689,1,5845,132.5
689,1,5932,132.5
689,1,5937,132.5
689,1,5938,132.5
689,1,5939,132.5
689,1,6575,132.5
689,1,6857,132.5
689,1,6859,132.5
689,1,6860,132.5
689,1,6861,132.5
689,1,6863,132.5
689,1,6864,132.5
689,1,6865,132.5
689,1,6866,132.5
689,1,6867,132.5
689,1,6868,132.5
689,1,6869,132.5
689,1,6870,132.5
689,1,6871,132.5
689,1,6872,132.5
689,1,6873,132.5
689,1,7260,132.5
813,0,1040,133.0
813,0,1041,133.0
813,0,4747,133.0
813,0,4854,133.0
813,0,4855,133.0
813,0,5144,133.0
813,0,5145,133.0
813,0,5149,133.0
813,0,5825,133.0
813,0,5844,133.0
813,0,5932,133.0
813,0,5933,133.0
813,0,6566,133.0
813,0,6567,133.0
813,0,6568,133.0
813,0,7259,133.0
813,0,7629,133.0
813,0,7630,133.0
813,0,7631,133.0
813,0,7632,133.0
813,0,7633,133.0
1111,1,106880,133.33
1111,1,149,133.33
1111,1,150,133.33
1111,1,151,133.33
1111,1,152,133.33
1111,1,218,133.33
1111,1,219,133.33
1111,1,220,133.33
1111,1,221,133.33
1111,1,222,133.33
1111,1,223,133.33
1111,1,224,133.33
1111,1,225,133.33
1111,1,283,133.33
1111,1,284,133.33
1111,1,285,133.33
1111,1,287,133.33
1111,1,288,133.33
1111,1,3179,133.33
1111,1,4533,133.33
280,1,106,134.17
280,1,1796,134.17
280,1,1809,134.17
280,1,1810,134.17
280,1,1811,134.17
280,1,1812,134.17
280,1,1813,134.17
280,1,1815,134.17
280,1,1816,134.17
280,1,1817,134.17
280,1,1818,134.17
280,1,1819,134.17
280,1,1820,134.17
280,1,1821,134.17
280,1,1822,134.17
280,1,1823,134.17
280,1,1824,134.17
280,1,1825,134.17
280,1,1826,134.17
280,1,1827,134.17
280,1,1828,134.17
280,1,3121,134.17
280,1,3139,134.17
280,1,3140,134.17
280,1,3141,134.17
280,1,3143,134.17
280,1,3150,134.17
280,1,3151,134.17
280,1,3152,134.17
280,1,3153,134.17
280,1,3154,134.17
280,1,3155,134.17
280,1,3156,134.17
280,1,3157,134.17
280,1,3158,134.17
280,1,3161,134.17
280,1,3162,134.17
280,1,3826,134.17
280,1,795,134.17
1034,0,117,135.0
1034,0,118,135.0
1034,0,119,135.0
1034,0,120,135.0
1034,0,121,135.0
1034,0,122,135.0
1034,0,123,135.0
1034,0,124,135.0
1034,0,201,135.0
1034,0,202,135.0
1034,0,203,135.0
1034,0,204,135.0
1034,0,205,135.0
1034,0,206,135.0
1034,0,207,135.0
1034,0,225,135.0
1034,0,282,135.0
1034,0,284,135.0
1034,0,287,135.0
1034,0,288,135.0
1034,0,3179,135.0
1034,0,393,135.0
1034,0,4059,135.0
1034,0,4060,135.0
1034,0,4061,135.0
1034,0,4065,135.0
1034,0,6356,135.0
1034,0,7748,135.0
1034,0,7749,135.0
1034,0,8603,135.0
1034,0,8605,135.0
1035,1,106874,135.0
1035,1,124,135.0
1035,1,125,135.0
1035,1,126,135.0
1035,1,144,135.0
1035,1,145,135.0
1035,1,146,135.0
1035,1,147,135.0
1035,1,149,135.0
1035,1,150,135.0
1035,1,151,135.0
1035,1,152,135.0
1035,1,200,135.0
1035,1,218,135.0
1035,1,219,135.0
1035,1,220,135.0
1035,1,221,135.0
1035,1,222,135.0
1035,1,223,135.0
1035,1,224,135.0
1035,1,277,135.0
1035,1,278,135.0
1035,1,281,135.0
1035,1,283,135.0
1035,1,285,135.0
1035,1,380,135.0
1035,1,4062,135.0
1035,1,4063,135.0
1035,1,4064,135.0
1035,1,4065,135.0
1035,1,4533,135.0
1035,1,7748,135.0
1035,1,8061,135.0
1035,1,8202,135.0
1035,1,8602,135.0
126,0,1519,135.0
126,0,1520,135.0
126,0,1521,135.0
126,0,1522,135.0
126,0,1523,135.0
126,0,1524,135.0
126,0,1566,135.0
126,0,1585,135.0
126,0,1586,135.0
126,0,1587,135.0
126,0,1588,135.0
126,0,1589,135.0
126,0,1590,135.0
126,0,1591,135.0
126,0,1592,135.0
126,0,1593,135.0
126,0,1594,135.0
127,1,1527,135.0
127,1,1528,135.0
127,1,1529,135.0
127,1,1530,135.0
127,1,1531,135.0
127,1,1532,135.0
127,1,1595,135.0
127,1,1596,135.0
127,1,1597,135.0
127,1,1598,135.0
127,1,1599,135.0
127,1,1600,135.0
127,1,1601,135.0
127,1,1602,135.0
127,1,1603,135.0
127,1,1604,135.0
127,1,4568,135.0
286,1,105,135.0
286,1,1640,135.0
286,1,1641,135.0
286,1,2550,135.0
286,1,3067,135.0
286,1,3068,135.0
286,1,3069,135.0
286,1,3070,135.0
286,1,3071,135.0
286,1,3198,135.0
286,1,3199,135.0
286,1,3200,135.0
286,1,3201,135.0
286,1,3202,135.0
286,1,3203,135.0
286,1,3204,135.0
286,1,3205,135.0
286,1,3206,135.0
286,1,3212,135.0
286,1,3213,135.0
286,1,3214,135.0
286,1,3215,135.0
286,1,3216,135.0
286,1,3857,135.0
286,1,409,135.0
286,1,410,135.0
286,1,411,135.0
286,1,412,135.0
286,1,413,135.0
286,1,418,135.0
286,1,436,135.0
286,1,4387,135.0
286,1,454,135.0
286,1,460,135.0
286,1,461,135.0
286,1,462,135.0
970,0,107,135.0
970,0,114,135.0
970,0,115,135.0
970,0,116,135.0
970,0,117,135.0
970,0,118,135.0
970,0,119,135.0
970,0,120,135.0
970,0,121,135.0
970,0,160,135.0
970,0,161,135.0
970,0,162,135.0
970,0,163,135.0
970,0,164,135.0
970,0,1954,135.0
970,0,1955,135.0
970,0,1956,135.0
970,0,1957,135.0
970,0,1959,135.0
970,0,1960,135.0
970,0,1961,135.0
970,0,319,135.0
970,0,320,135.0
970,0,321,135.0
970,0,322,135.0
970,0,324,135.0
970,0,331,135.0
970,0,491,135.0
970,0,5349,135.0
970,0,5350,135.0
970,0,5351,135.0
970,0,5352,135.0
970,0,5353,135.0
970,0,5354,135.0
970,0,8354,135.0
970,0,8355,135.0
970,0,8356,135.0
970,0,8357,135.0
657,1,6080,135.14
879,1,229,136.67
879,1,230,136.67
879,1,231,136.67
879,1,232,136.67
879,1,234,136.67
879,1,235,136.67
879,1,236,136.67
879,1,238,136.67
879,1,3315,136.67
879,1,3317,136.67
879,1,377,136.67
879,1,392,136.67
879,1,393,136.67
879,1,395,136.67
879,1,396,136.67
879,1,5545,136.67
879,1,5565,136.67
879,1,5568,136.67
879,1,5569,136.67
879,1,5570,136.67
879,1,5574,136.67
879,1,5576,136.67
879,1,5577,136.67
879,1,624,136.67
879,1,625,136.67
879,1,626,136.67
879,1,627,136.67
879,1,671,136.67
879,1,673,136.67
879,1,674,136.67
879,1,7803,136.67
879,1,7837,136.67
879,1,7838,136.67
879,1,7839,136.67
879,1,7864,136.67
879,1,7865,136.67
879,1,7866,136.67
879,1,7867,136.67
879,1,7868,136.67
879,1,7939,136.67
879,1,7941,136.67
879,1,7957,136.67
879,1,7964,136.67
879,1,7974,136.67
879,1,7983,136.67
879,1,7984,136.67
879,1,7997,136.67
879,1,7998,136.67
879,1,7999,136.67
879,1,8000,136.67
879,1,8001,136.67
879,1,8002,136.67
879,1,8003,136.67
879,1,8004,136.67
879,1,8005,136.67
879,1,8006,136.67
879,1,8007,136.67
879,1,8008,136.67
879,1,8009,136.67
879,1,8010,136.67
879,1,8011,136.67
879,1,8012,136.67
879,1,8013,136.67
879,1,8014,136.67
879,1,8015,136.67
879,1,8016,136.67
879,1,8017,136.67
879,1,8018,136.67
879,1,8019,136.67
879,1,8020,136.67
879,1,8021,136.67
879,1,8022,136.67
879,1,8023,136.67
879,1,8062,136.67
688,0,1040,137.5
688,0,1041,137.5
688,0,106831,137.5
688,0,4737,137.5
688,0,4738,137.5
688,0,4739,137.5
688,0,4740,137.5
688,0,4741,137.5
688,0,4742,137.5
688,0,4743,137.5
688,0,5144,137.5
688,0,5145,137.5
688,0,5149,137.5
688,0,5844,137.5
688,0,5929,137.5
688,0,5930,137.5
688,0,5931,137.5
688,0,5932,137.5
688,0,6566,137.5
688,0,6567,137.5
688,0,6568,137.5
688,0,6843,137.5
688,0,6857,137.5
688,0,6859,137.5
688,0,6860,137.5
688,0,6861,137.5
688,0,6862,137.5
688,0,6863,137.5
688,0,6864,137.5
688,0,6865,137.5
688,0,6866,137.5
688,0,6867,137.5
688,0,6868,137.5
688,0,6869,137.5
688,0,6870,137.5
688,0,6871,137.5
688,0,7259,137.5
687,1,1058,138.33
687,1,106832,138.33
687,1,1746,138.33
687,1,4728,138.33
687,1,4781,138.33
687,1,4782,138.33
687,1,4783,138.33
687,1,4784,138.33
687,1,4785,138.33
687,1,4786,138.33
687,1,4787,138.33
687,1,4788,138.33
687,1,4789,138.33
687,1,4790,138.33
687,1,4791,138.33
687,1,4792,138.33
687,1,4794,138.33
687,1,4795,138.33
687,1,4796,138.33
687,1,4798,138.33
687,1,4799,138.33
687,1,4800,138.33
687,1,4801,138.33
687,1,4802,138.33
687,1,4803,138.33
687,1,5154,138.33
687,1,5155,138.33
687,1,5156,138.33
687,1,5158,138.33
687,1,5159,138.33
687,1,5845,138.33
687,1,5932,138.33
687,1,5937,138.33
687,1,5938,138.33
687,1,5939,138.33
687,1,6575,138.33
687,1,6605,138.33
687,1,6646,138.33
687,1,6842,138.33
687,1,6850,138.33
687,1,6851,138.33
687,1,6852,138.33
687,1,6853,138.33
687,1,6854,138.33
687,1,6855,138.33
687,1,6856,138.33
687,1,7260,138.33
208,1,106,139.29
208,1,107,139.29
208,1,1204,139.29
208,1,1318,139.29
208,1,1323,139.29
208,1,1324,139.29
208,1,1325,139.29
208,1,1326,139.29
208,1,1327,139.29
208,1,1328,139.29
208,1,1329,139.29
208,1,1330,139.29
208,1,1331,139.29
208,1,1332,139.29
208,1,1334,139.29
208,1,1335,139.29
208,1,1336,139.29
208,1,1337,139.29
208,1,1338,139.29
208,1,1339,139.29
208,1,2178,139.29
208,1,2287,139.29
208,1,2288,139.29
208,1,2289,139.29
208,1,2290,139.29
208,1,2291,139.29
208,1,2292,139.29
208,1,2293,139.29
208,1,2294,139.29
208,1,2295,139.29
208,1,2296,139.29
208,1,2383,139.29
208,1,349,139.29
208,1,3857,139.29
208,1,39,139.29
29,1,106463,139.29
29,1,106812,139.29
29,1,144,139.29
29,1,1694,139.29
29,1,1702,139.29
29,1,276,139.29
29,1,289,139.29
29,1,290,139.29
29,1,291,139.29
29,1,292,139.29
29,1,3211,139.29
29,1,3855,139.29
29,1,404,139.29
29,1,405,139.29
29,1,406,139.29
29,1,407,139.29
29,1,408,139.29
29,1,414,139.29
29,1,415,139.29
29,1,416,139.29
29,1,419,139.29
29,1,420,139.29
29,1,421,139.29
29,1,424,139.29
29,1,429,139.29
29,1,430,139.29
29,1,433,139.29
29,1,435,139.29
29,1,438,139.29
29,1,439,139.29
29,1,440,139.29
29,1,445,139.29
29,1,446,139.29
29,1,447,139.29
29,1,448,139.29
29,1,449,139.29
29,1,450,139.29
29,1,4509,139.29
29,1,6467,139.29
759,1,2104,139.29
759,1,2116,139.29
759,1,2185,139.29
759,1,2186,139.29
759,1,2187,139.29
759,1,2188,139.29
759,1,2189,139.29
759,1,2190,139.29
759,1,2191,139.29
759,1,22,139.29
759,1,2223,139.29
759,1,2226,139.29
759,1,248,139.29
759,1,3852,139.29
759,1,4526,139.29
759,1,469,139.29
759,1,470,139.29
759,1,471,139.29
759,1,472,139.29
759,1,473,139.29
759,1,474,139.29
759,1,477,139.29
759,1,478,139.29
759,1,520,139.29
759,1,6328,139.29
759,1,6478,139.29
759,1,6543,139.29
759,1,6975,139.29
759,1,699,139.29
759,1,701,139.29
759,1,702,139.29
759,1,703,139.29
759,1,7218,139.29
759,1,761,139.29
759,1,763,139.29
759,1,764,139.29
759,1,765,139.29
759,1,861,139.29
759,1,862,139.29
759,1,865,139.29
759,1,934,139.29
759,1,935,139.29
759,1,937,139.29
759,1,938,139.29
759,1,960,139.29
779,1,6897,139.29
779,1,7278,139.29
779,1,7279,139.29
779,1,7280,139.29
779,1,7281,139.29
779,1,7282,139.29
779,1,7283,139.29
779,1,7284,139.29
779,1,7285,139.29
779,1,7286,139.29
779,1,761,139.29
779,1,771,139.29
779,1,912,139.29
779,1,913,139.29
779,1,914,139.29
779,1,915,139.29
779,1,916,139.29
923,1,1277,139.29
923,1,1685,139.29
923,1,1749,139.29
923,1,1750,139.29
923,1,1751,139.29
923,1,1752,139.29
923,1,1753,139.29
923,1,1754,139.29
923,1,1756,139.29
923,1,2519,139.29
923,1,3030,139.29
923,1,3391,139.29
923,1,3427,139.29
923,1,3429,139.29
923,1,3431,139.29
923,1,3432,139.29
923,1,3433,139.29
923,1,3434,139.29
923,1,3435,139.29
923,1,3436,139.29
923,1,3437,139.29
923,1,3438,139.29
923,1,3439,139.29
923,1,3440,139.29
923,1,3441,139.29
923,1,3442,139.29
923,1,3443,139.29
923,1,3705,139.29
923,1,3714,139.29
923,1,3715,139.29
923,1,3716,139.29
923,1,3717,139.29
923,1,3718,139.29
923,1,3720,139.29
923,1,3721,139.29
923,1,3723,139.29
923,1,3724,139.29
923,1,3725,139.29
923,1,3726,139.29
923,1,3727,139.29
923,1,3728,139.29
923,1,3729,139.29
923,1,3752,139.29
923,1,3758,139.29
923,1,403,139.29
923,1,409,139.29
923,1,410,139.29
923,1,411,139.29
923,1,412,139.29
923,1,418,139.29
923,1,436,139.29
923,1,437,139.29
923,1,442,139.29
923,1,443,139.29
923,1,444,139.29
923,1,456,139.29
923,1,5795,139.29
1024,0,114,140.0
1024,0,115,140.0
1024,0,116,140.0
1024,0,117,140.0
1024,0,118,140.0
1024,0,119,140.0
1024,0,120,140.0
1024,0,121,140.0
1024,0,158,140.0
1024,0,159,140.0
1024,0,160,140.0
1024,0,161,140.0
1024,0,162,140.0
1024,0,163,140.0
1024,0,164,140.0
1024,0,187,140.0
1024,0,188,140.0
1024,0,189,140.0
1024,0,190,140.0
1024,0,191,140.0
1024,0,192,140.0
1024,0,194,140.0
1024,0,3304,140.0
1024,0,376,140.0
1024,0,377,140.0
1024,0,378,140.0
1024,0,399,140.0
1024,0,400,140.0
1024,0,401,140.0
1024,0,446,140.0
1024,0,4537,140.0
1024,0,621,140.0
1024,0,622,140.0
1024,0,623,140.0
1024,0,649,140.0
1024,0,650,140.0
1024,0,651,140.0
1024,0,652,140.0
1024,0,653,140.0
1024,0,654,140.0
1024,0,655,140.0
1054,0,2227,140.0
1054,0,2251,140.0
1054,0,691,140.0
1054,0,692,140.0
1054,0,693,140.0
1054,0,694,140.0
1054,0,696,140.0
1054,0,697,140.0
1054,0,698,140.0
1054,0,761,140.0
1054,0,762,140.0
1054,0,763,140.0
1054,0,764,140.0
1054,0,765,140.0
1054,0,8628,140.0
1054,0,8629,140.0
1054,0,8630,140.0
1054,0,8631,140.0
1054,0,8632,140.0
1054,0,8633,140.0
1054,0,8634,140.0
1108,0,106882,140.0
1108,0,106883,140.0
1108,0,106884,140.0
1108,0,106885,140.0
1108,0,1370,140.0
1108,0,1383,140.0
1108,0,1398,140.0
1108,0,1399,140.0
1108,0,1575,140.0
1108,0,1576,140.0
1108,0,1635,140.0
1108,0,8808,140.0
1108,0,8809,140.0
1108,0,8810,140.0
1108,0,8811,140.0
1108,0,8813,140.0
1108,0,8814,140.0
1108,0,8815,140.0
1108,0,8816,140.0
1108,0,8817,140.0
1344,0,106887,140.0
1344,0,106888,140.0
1344,0,106889,140.0
1344,0,106890,140.0
1344,0,1253,140.0
1344,0,1254,140.0
1344,0,1256,140.0
1344,0,1257,140.0
1344,0,1258,140.0
1344,0,1259,140.0
1344,0,1260,140.0
1344,0,1263,140.0
1344,0,140,140.0
1344,0,5560,140.0
1344,0,8713,140.0
1344,0,8714,140.0
1344,0,8715,140.0
1344,0,8716,140.0
1344,0,8717,140.0
1344,0,8718,140.0
207,0,103,140.0
207,0,105,140.0
207,0,106815,140.0
207,0,106816,140.0
207,0,108,140.0
207,0,1204,140.0
207,0,1304,140.0
207,0,1305,140.0
207,0,1306,140.0
207,0,1307,140.0
207,0,1308,140.0
207,0,1309,140.0
207,0,1310,140.0
207,0,1311,140.0
207,0,1312,140.0
207,0,1313,140.0
207,0,1314,140.0
207,0,1315,140.0
207,0,1316,140.0
207,0,1317,140.0
207,0,1318,140.0
207,0,1321,140.0
207,0,1322,140.0
207,0,1339,140.0
207,0,2270,140.0
207,0,2271,140.0
207,0,2272,140.0
207,0,2273,140.0
207,0,2274,140.0
207,0,2275,140.0
207,0,2276,140.0
207,0,2277,140.0
207,0,2278,140.0
207,0,2296,140.0
207,0,2383,140.0
207,0,319,140.0
207,0,320,140.0
207,0,321,140.0
28,0,106462,140.0
28,0,126,140.0
28,0,1685,140.0
28,0,215,140.0
28,0,216,140.0
28,0,217,140.0
28,0,2519,140.0
28,0,294,140.0
28,0,399,140.0
28,0,400,140.0
28,0,401,140.0
28,0,402,140.0
28,0,403,140.0
28,0,409,140.0
28,0,410,140.0
28,0,411,140.0
28,0,412,140.0
28,0,413,140.0
28,0,418,140.0
28,0,422,140.0
28,0,423,140.0
28,0,426,140.0
28,0,427,140.0
28,0,428,140.0
28,0,431,140.0
28,0,432,140.0
28,0,436,140.0
28,0,437,140.0
28,0,4387,140.0
28,0,442,140.0
28,0,443,140.0
28,0,444,140.0
28,0,454,140.0
28,0,5795,140.0
28,0,8061,140.0
758,0,2115,140.0
758,0,2116,140.0
758,0,2142,140.0
758,0,2143,140.0
758,0,2144,140.0
758,0,2145,140.0
758,0,2146,140.0
758,0,2147,140.0
758,0,2148,140.0
758,0,2149,140.0
758,0,22,140.0
758,0,2219,140.0
758,0,2221,140.0
758,0,248,140.0
758,0,4549,140.0
758,0,4551,140.0
758,0,4553,140.0
758,0,469,140.0
758,0,470,140.0
758,0,471,140.0
758,0,504,140.0
758,0,505,140.0
758,0,506,140.0
758,0,507,140.0
758,0,508,140.0
758,0,521,140.0
758,0,6542,140.0
758,0,6975,140.0
758,0,701,140.0
758,0,702,140.0
758,0,703,140.0
758,0,7217,140.0
758,0,761,140.0
758,0,769,140.0
758,0,770,140.0
758,0,777,140.0
758,0,887,140.0
758,0,888,140.0
758,0,889,140.0
758,0,936,140.0
758,0,937,140.0
758,0,938,140.0
758,0,961,140.0
758,0,962,140.0
778,0,7047,140.0
778,0,7278,140.0
778,0,7279,140.0
778,0,7280,140.0
778,0,7281,140.0
778,0,7282,140.0
778,0,7283,140.0
778,0,7284,140.0
778,0,7285,140.0
778,0,7286,140.0
778,0,761,140.0
778,0,762,140.0
778,0,835,140.0
778,0,836,140.0
778,0,837,140.0
778,0,838,140.0
778,0,839,140.0
878,0,126,140.0
878,0,186,140.0
878,0,187,140.0
878,0,188,140.0
878,0,189,140.0
878,0,190,140.0
878,0,191,140.0
878,0,192,140.0
878,0,194,140.0
878,0,238,140.0
878,0,3295,140.0
878,0,3304,140.0
878,0,3312,140.0
878,0,3315,140.0
878,0,376,140.0
878,0,377,140.0
878,0,378,140.0
878,0,380,140.0
878,0,4509,140.0
878,0,5541,140.0
878,0,5542,140.0
878,0,5543,140.0
878,0,5546,140.0
878,0,5547,140.0
878,0,5548,140.0
878,0,5549,140.0
878,0,5550,140.0
878,0,5552,140.0
878,0,5553,140.0
878,0,5565,140.0
878,0,5574,140.0
878,0,621,140.0
878,0,622,140.0
878,0,623,140.0
878,0,636,140.0
878,0,665,140.0
878,0,668,140.0
878,0,7824,140.0
878,0,7851,140.0
878,0,7856,140.0
878,0,7866,140.0
878,0,7868,140.0
878,0,7872,140.0
878,0,7874,140.0
878,0,7876,140.0
878,0,7965,140.0
878,0,7966,140.0
878,0,7967,140.0
878,0,7968,140.0
878,0,7969,140.0
878,0,7970,140.0
878,0,7971,140.0
878,0,7972,140.0
878,0,7973,140.0
878,0,7974,140.0
878,0,7975,140.0
878,0,7976,140.0
878,0,7977,140.0
878,0,7978,140.0
878,0,7979,140.0
878,0,7980,140.0
878,0,7981,140.0
878,0,7982,140.0
878,0,7983,140.0
878,0,7984,140.0
878,0,7985,140.0
878,0,7986,140.0
878,0,7987,140.0
878,0,7988,140.0
878,0,7989,140.0
878,0,7991,140.0
878,0,7992,140.0
878,0,7993,140.0
878,0,7994,140.0
878,0,8024,140.0
878,0,8061,140.0
914,0,106712,140.0
914,0,106713,140.0
914,0,106714,140.0
914,0,106715,140.0
914,0,106716,140.0
914,0,106717,140.0
914,0,106718,140.0
914,0,106719,140.0
914,0,106720,140.0
914,0,1749,140.0
914,0,1750,140.0
914,0,1751,140.0
914,0,1752,140.0
914,0,1753,140.0
914,0,1754,140.0
914,0,1756,140.0
914,0,1757,140.0
914,0,3390,140.0
914,0,3414,140.0
914,0,3415,140.0
914,0,3416,140.0
914,0,3417,140.0
914,0,3418,140.0
914,0,3419,140.0
914,0,3420,140.0
914,0,3421,140.0
914,0,3422,140.0
914,0,3423,140.0
914,0,3424,140.0
914,0,3425,140.0
914,0,3426,140.0
914,0,3427,140.0
914,0,3428,140.0
914,0,3680,140.0
914,0,3681,140.0
914,0,3683,140.0
914,0,3684,140.0
914,0,3685,140.0
914,0,3686,140.0
914,0,3687,140.0
914,0,3688,140.0
914,0,3689,140.0
914,0,3690,140.0
914,0,3691,140.0
914,0,3692,140.0
914,0,3693,140.0
914,0,3694,140.0
914,0,3695,140.0
914,0,3696,140.0
914,0,3697,140.0
914,0,3698,140.0
914,0,3699,140.0
914,0,3700,140.0
914,0,3701,140.0
914,0,3702,140.0
914,0,3703,140.0
914,0,3704,140.0
914,0,3705,140.0
914,0,3706,140.0
914,0,3707,140.0
914,0,3709,140.0
914,0,3710,140.0
914,0,3711,140.0
914,0,3712,140.0
914,0,3713,140.0
914,0,3758,140.0
914,0,8100,140.0
914,0,8101,140.0
914,0,8102,140.0
914,0,8103,140.0
914,0,8104,140.0
914,0,8105,140.0
914,0,8106,140.0
914,0,8107,140.0
914,0,8108,140.0
914,0,8109,140.0
914,0,8110,140.0
914,0,8111,140.0
914,0,8112,140.0
914,0,8113,140.0
914,0,8114,140.0
914,0,8115,140.0
914,0,8116,140.0
914,0,8117,140.0
914,0,8118,140.0
914,0,8119,140.0
914,0,8120,140.0
914,0,8121,140.0
914,0,8122,140.0
914,0,8123,140.0
914,0,8124,140.0
914,0,8125,140.0
914,0,8126,140.0
914,0,8127,140.0
914,0,8128,140.0
914,0,8129,140.0
914,0,8130,140.0
914,0,8163,140.0
914,0,8164,140.0
922,0,1702,140.0
922,0,1705,140.0
922,0,1751,140.0
922,0,1760,140.0
922,0,1761,140.0
922,0,1762,140.0
922,0,1763,140.0
922,0,1764,140.0
922,0,1767,140.0
922,0,3211,140.0
922,0,3315,140.0
922,0,3390,140.0
922,0,3414,140.0
922,0,3415,140.0
922,0,3416,140.0
922,0,3417,140.0
922,0,3418,140.0
922,0,3419,140.0
922,0,3420,140.0
922,0,3421,140.0
922,0,3422,140.0
922,0,3423,140.0
922,0,3424,140.0
922,0,3425,140.0
922,0,3426,140.0
922,0,3427,140.0
922,0,3428,140.0
922,0,3698,140.0
922,0,3699,140.0
922,0,3700,140.0
922,0,3701,140.0
922,0,3702,140.0
922,0,3704,140.0
922,0,3705,140.0
922,0,3706,140.0
922,0,3707,140.0
922,0,3709,140.0
922,0,3711,140.0
922,0,3712,140.0
922,0,3713,140.0
922,0,3717,140.0
922,0,3724,140.0
922,0,3755,140.0
922,0,3756,140.0
922,0,404,140.0
922,0,405,140.0
922,0,406,140.0
922,0,407,140.0
922,0,408,140.0
922,0,409,140.0
922,0,414,140.0
922,0,416,140.0
922,0,433,140.0
922,0,435,140.0
922,0,438,140.0
922,0,439,140.0
922,0,440,140.0
922,0,8164,140.0
686,0,1040,140.83
686,0,1041,140.83
686,0,106831,140.83
686,0,4720,140.83
686,0,4721,140.83
686,0,4722,140.83
686,0,4723,140.83
686,0,4724,140.83
686,0,4725,140.83
686,0,4727,140.83
686,0,4728,140.83
686,0,4729,140.83
686,0,4730,140.83
686,0,4732,140.83
686,0,4733,140.83
686,0,4734,140.83
686,0,4735,140.83
686,0,4736,140.83
686,0,4737,140.83
686,0,4738,140.83
686,0,4739,140.83
686,0,4740,140.83
686,0,4741,140.83
686,0,4742,140.83
686,0,4743,140.83
686,0,5144,140.83
686,0,5145,140.83
686,0,5149,140.83
686,0,5844,140.83
686,0,5929,140.83
686,0,5930,140.83
686,0,5931,140.83
686,0,5932,140.83
686,0,6566,140.83
686,0,6567,140.83
686,0,6568,140.83
686,0,6603,140.83
686,0,6605,140.83
686,0,6842,140.83
686,0,6843,140.83
686,0,6844,140.83
686,0,6845,140.83
686,0,6846,140.83
686,0,6847,140.83
686,0,6848,140.83
686,0,6849,140.83
686,0,7259,140.83
535,1,129,141.67
535,1,130,141.67
535,1,131,141.67
535,1,133,141.67
535,1,134,141.67
535,1,135,141.67
535,1,136,141.67
535,1,137,141.67
535,1,138,141.67
535,1,139,141.67
535,1,141,141.67
535,1,142,141.67
535,1,173,141.67
535,1,1804,141.67
535,1,213,141.67
535,1,3315,141.67
535,1,3354,141.67
535,1,343,141.67
535,1,344,141.67
535,1,381,141.67
535,1,382,141.67
535,1,385,141.67
535,1,5033,141.67
535,1,5728,141.67
535,1,5729,141.67
535,1,5731,141.67
535,1,5732,141.67
131,1,105,141.88
131,1,107,141.88
131,1,1323,141.88
131,1,1324,141.88
131,1,1325,141.88
131,1,1369,141.88
131,1,1370,141.88
131,1,1375,141.88
131,1,1379,141.88
131,1,1380,141.88
131,1,1381,141.88
131,1,1398,141.88
131,1,1400,141.88
131,1,1426,141.88
131,1,1432,141.88
131,1,1436,141.88
131,1,1476,141.88
131,1,1477,141.88
131,1,1479,141.88
131,1,1481,141.88
131,1,1485,141.88
131,1,1486,141.88
131,1,1487,141.88
131,1,1488,141.88
131,1,1489,141.88
131,1,1490,141.88
131,1,1492,141.88
131,1,1504,141.88
131,1,1527,141.88
131,1,1528,141.88
131,1,1529,141.88
131,1,1530,141.88
131,1,1531,141.88
131,1,1532,141.88
131,1,1533,141.88
131,1,1534,141.88
131,1,1535,141.88
131,1,1536,141.88
131,1,1537,141.88
131,1,1538,141.88
131,1,1539,141.88
131,1,1540,141.88
131,1,1541,141.88
131,1,1542,141.88
131,1,1543,141.88
131,1,1544,141.88
131,1,1545,141.88
131,1,1546,141.88
131,1,1547,141.88
131,1,1549,141.88
131,1,1550,141.88
131,1,1551,141.88
131,1,1552,141.88
131,1,1553,141.88
131,1,1554,141.88
131,1,1555,141.88
131,1,1556,141.88
131,1,1557,141.88
131,1,1558,141.88
131,1,1559,141.88
131,1,1560,141.88
131,1,1561,141.88
131,1,1562,141.88
131,1,1567,141.88
131,1,1570,141.88
131,1,1571,141.88
131,1,1574,141.88
131,1,1577,141.88
131,1,1582,141.88
131,1,1583,141.88
131,1,1605,141.88
131,1,1606,141.88
131,1,1607,141.88
131,1,1608,141.88
131,1,1609,141.88
131,1,1610,141.88
131,1,1611,141.88
131,1,1612,141.88
131,1,1613,141.88
131,1,1614,141.88
131,1,1615,141.88
131,1,1616,141.88
131,1,1617,141.88
131,1,1618,141.88
131,1,1619,141.88
131,1,1620,141.88
131,1,1621,141.88
131,1,1622,141.88
131,1,1623,141.88
131,1,1624,141.88
131,1,1625,141.88
131,1,1626,141.88
131,1,1627,141.88
131,1,1628,141.88
131,1,1629,141.88
131,1,1634,141.88
131,1,1636,141.88
131,1,2230,141.88
131,1,3008,141.88
131,1,3045,141.88
131,1,3212,141.88
131,1,3857,141.88
131,1,4568,141.88
131,1,458,141.88
1267,1,106565,142.5
1267,1,106566,142.5
1267,1,106567,142.5
1267,1,106568,142.5
1267,1,106569,142.5
1267,1,106570,142.5
1267,1,106571,142.5
1267,1,106572,142.5
1267,1,106832,142.5
1267,1,1746,142.5
1267,1,4781,142.5
1267,1,4782,142.5
1267,1,4783,142.5
1267,1,4784,142.5
1267,1,4785,142.5
1267,1,4786,142.5
1267,1,4787,142.5
1267,1,5154,142.5
1267,1,5155,142.5
1267,1,5156,142.5
1267,1,5158,142.5
1267,1,5159,142.5
1267,1,5845,142.5
1267,1,5932,142.5
1267,1,5937,142.5
1267,1,5938,142.5
1267,1,5939,142.5
1267,1,6347,142.5
1267,1,6575,142.5
1267,1,6864,142.5
1267,1,6866,142.5
1267,1,6867,142.5
1267,1,6868,142.5
1267,1,6869,142.5
1267,1,6870,142.5
1267,1,6871,142.5
1267,1,7260,142.5
534,0,129,142.5
534,0,130,142.5
534,0,131,142.5
534,0,132,142.5
534,0,133,142.5
534,0,134,142.5
534,0,135,142.5
534,0,136,142.5
534,0,137,142.5
534,0,138,142.5
534,0,139,142.5
534,0,140,142.5
534,0,1801,142.5
534,0,213,142.5
534,0,274,142.5
534,0,327,142.5
534,0,3315,142.5
534,0,3354,142.5
534,0,385,142.5
534,0,387,142.5
534,0,388,142.5
534,0,391,142.5
534,0,5728,142.5
534,0,5729,142.5
534,0,5730,142.5
534,0,788,142.5
534,0,789,142.5
433,1,130,143.0
433,1,131,143.0
433,1,144,143.0
433,1,145,143.0
433,1,149,143.0
433,1,150,143.0
433,1,151,143.0
433,1,152,143.0
433,1,153,143.0
433,1,155,143.0
433,1,160,143.0
433,1,165,143.0
433,1,166,143.0
433,1,167,143.0
433,1,168,143.0
433,1,169,143.0
433,1,170,143.0
433,1,171,143.0
433,1,172,143.0
433,1,1914,143.0
433,1,3315,143.0
433,1,373,143.0
433,1,394,143.0
433,1,445,143.0
433,1,446,143.0
433,1,447,143.0
433,1,448,143.0
433,1,449,143.0
433,1,4533,143.0
433,1,4541,143.0
433,1,4579,143.0
433,1,4626,143.0
433,1,4627,143.0
433,1,4628,143.0
433,1,4629,143.0
433,1,4630,143.0
433,1,4631,143.0
433,1,4632,143.0
433,1,4633,143.0
433,1,4634,143.0
433,1,4635,143.0
433,1,4636,143.0
433,1,4637,143.0
433,1,4638,143.0
433,1,4639,143.0
433,1,4640,143.0
433,1,4641,143.0
433,1,4642,143.0
433,1,4643,143.0
433,1,4651,143.0
433,1,4652,143.0
433,1,4653,143.0
433,1,4654,143.0
433,1,4655,143.0
433,1,4656,143.0
433,1,4657,143.0
433,1,4658,143.0
433,1,4659,143.0
433,1,4660,143.0
433,1,4661,143.0
433,1,4662,143.0
433,1,4663,143.0
433,1,4664,143.0
433,1,4665,143.0
433,1,4666,143.0
433,1,4667,143.0
433,1,4688,143.0
433,1,4693,143.0
433,1,4694,143.0
433,1,4695,143.0
433,1,4696,143.0
433,1,4697,143.0
433,1,4698,143.0
433,1,4699,143.0
433,1,4700,143.0
433,1,4705,143.0
433,1,4706,143.0
433,1,795,143.0
433,1,796,143.0
433,1,797,143.0
433,1,798,143.0
433,1,799,143.0
939,1,130,143.33
939,1,131,143.33
939,1,144,143.33
939,1,145,143.33
939,1,149,143.33
939,1,150,143.33
939,1,151,143.33
939,1,152,143.33
939,1,153,143.33
939,1,155,143.33
939,1,160,143.33
939,1,165,143.33
939,1,166,143.33
939,1,167,143.33
939,1,168,143.33
939,1,169,143.33
939,1,170,143.33
939,1,171,143.33
939,1,172,143.33
939,1,1912,143.33
939,1,1914,143.33
939,1,3315,143.33
939,1,373,143.33
939,1,394,143.33
939,1,445,143.33
939,1,446,143.33
939,1,447,143.33
939,1,448,143.33
939,1,449,143.33
939,1,4533,143.33
939,1,4541,143.33
939,1,4626,143.33
939,1,4627,143.33
939,1,4628,143.33
939,1,4629,143.33
939,1,4630,143.33
939,1,4631,143.33
939,1,4632,143.33
939,1,4633,143.33
939,1,4634,143.33
939,1,4635,143.33
939,1,4636,143.33
939,1,4637,143.33
939,1,4638,143.33
939,1,4639,143.33
939,1,4640,143.33
939,1,4641,143.33
939,1,4642,143.33
939,1,4643,143.33
939,1,4688,143.33
939,1,4692,143.33
939,1,4693,143.33
939,1,4694,143.33
939,1,4695,143.33
939,1,4907,143.33
939,1,4945,143.33
939,1,4951,143.33
939,1,4953,143.33
939,1,4954,143.33
939,1,4955,143.33
939,1,4956,143.33
939,1,4957,143.33
939,1,4958,143.33
939,1,4959,143.33
939,1,4960,143.33
939,1,4961,143.33
939,1,4977,143.33
939,1,4978,143.33
939,1,4979,143.33
939,1,4980,143.33
939,1,5011,143.33
939,1,795,143.33
939,1,796,143.33
939,1,797,143.33
939,1,798,143.33
939,1,799,143.33
939,1,8242,143.33
939,1,8243,143.33
939,1,8244,143.33
939,1,8245,143.33
939,1,8246,143.33
939,1,8247,143.33
939,1,8252,143.33
939,1,8255,143.33
939,1,8266,143.33
939,1,8267,143.33
939,1,8268,143.33
939,1,8269,143.33
939,1,8270,143.33
939,1,8271,143.33
939,1,8272,143.33
939,1,8273,143.33
939,1,8274,143.33
939,1,8275,143.33
939,1,8276,143.33
939,1,8277,143.33
939,1,8278,143.33
939,1,8279,143.33
939,1,8280,143.33
939,1,8281,143.33
206,1,105,143.57
206,1,107,143.57
206,1,1208,143.57
206,1,1324,143.57
206,1,1325,143.57
206,1,1369,143.57
206,1,1370,143.57
206,1,1375,143.57
206,1,1379,143.57
206,1,1380,143.57
206,1,1381,143.57
206,1,1398,143.57
206,1,1400,143.57
206,1,1426,143.57
206,1,1432,143.57
206,1,1436,143.57
206,1,1567,143.57
206,1,1570,143.57
206,1,1571,143.57
206,1,1574,143.57
206,1,1577,143.57
206,1,1582,143.57
206,1,1583,143.57
206,1,1634,143.57
206,1,2065,143.57
206,1,2230,143.57
206,1,2367,143.57
206,1,2368,143.57
206,1,2369,143.57
206,1,2370,143.57
206,1,2371,143.57
206,1,3008,143.57
206,1,3045,143.57
206,1,3212,143.57
206,1,3857,143.57
206,1,4568,143.57
206,1,458,143.57
103,1,1242,144.17
103,1,1243,144.17
103,1,1244,144.17
103,1,1245,144.17
103,1,1246,144.17
103,1,1247,144.17
103,1,1248,144.17
103,1,1249,144.17
103,1,1250,144.17
103,1,1251,144.17
103,1,1252,144.17
103,1,1277,144.17
103,1,130,144.17
103,1,131,144.17
103,1,144,144.17
103,1,172,144.17
103,1,213,144.17
103,1,289,144.17
103,1,290,144.17
103,1,291,144.17
103,1,34,144.17
103,1,393,144.17
103,1,394,144.17
103,1,446,144.17
103,1,447,144.17
103,1,448,144.17
103,1,449,144.17
103,1,9296,144.17
1266,0,1041,144.17
1266,0,106565,144.17
1266,0,106566,144.17
1266,0,106567,144.17
1266,0,106568,144.17
1266,0,106569,144.17
1266,0,106570,144.17
1266,0,106571,144.17
1266,0,106831,144.17
1266,0,106838,144.17
1266,0,4737,144.17
1266,0,4738,144.17
1266,0,4739,144.17
1266,0,4740,144.17
1266,0,4741,144.17
1266,0,4742,144.17
1266,0,4743,144.17
1266,0,5144,144.17
1266,0,5145,144.17
1266,0,5149,144.17
1266,0,5844,144.17
1266,0,5929,144.17
1266,0,5930,144.17
1266,0,5931,144.17
1266,0,6307,144.17
1266,0,6566,144.17
1266,0,6567,144.17
1266,0,6568,144.17
1266,0,6864,144.17
1266,0,6865,144.17
1266,0,6866,144.17
1266,0,6867,144.17
1266,0,6868,144.17
1266,0,6869,144.17
1266,0,6870,144.17
1266,0,6871,144.17
1266,0,7259,144.17
488,0,122,146.67
488,0,123,146.67
488,0,124,146.67
488,0,125,146.67
488,0,126,146.67
488,0,127,146.67
488,0,129,146.67
488,0,130,146.67
488,0,131,146.67
488,0,132,146.67
488,0,133,146.67
488,0,134,146.67
488,0,135,146.67
488,0,136,146.67
488,0,213,146.67
488,0,215,146.67
488,0,216,146.67
488,0,217,146.67
488,0,3315,146.67
488,0,35,146.67
488,0,3855,146.67
488,0,4444,146.67
488,0,5269,146.67
488,0,5270,146.67
562,1,2139,150.0
562,1,2185,150.0
562,1,2186,150.0
562,1,2187,150.0
562,1,2188,150.0
562,1,2189,150.0
562,1,2190,150.0
562,1,2191,150.0
562,1,2196,150.0
562,1,2197,150.0
562,1,2198,150.0
562,1,2199,150.0
562,1,2200,150.0
562,1,2201,150.0
562,1,5275,150.0
562,1,5276,150.0
562,1,5278,150.0
562,1,5773,150.0
562,1,5802,150.0
562,1,5809,150.0
562,1,5810,150.0
562,1,5811,150.0
562,1,5812,150.0
562,1,5815,150.0
562,1,5816,150.0
562,1,5817,150.0
562,1,5818,150.0
562,1,5819,150.0
562,1,6163,150.0
562,1,6164,150.0
562,1,698,150.0
562,1,699,150.0
562,1,700,150.0
562,1,701,150.0
562,1,702,150.0
562,1,703,150.0
562,1,704,150.0
562,1,705,150.0
562,1,761,150.0
562,1,763,150.0
562,1,769,150.0
562,1,770,150.0
562,1,771,150.0
562,1,861,150.0
562,1,863,150.0
562,1,887,150.0
562,1,888,150.0
562,1,889,150.0
562,1,986,150.0
821,0,100,150.0
821,0,1058,150.0
821,0,1059,150.0
821,0,1061,150.0
821,0,1064,150.0
821,0,106703,150.0
821,0,106704,150.0
821,0,106705,150.0
821,0,106706,150.0
821,0,1068,150.0
821,0,1069,150.0
821,0,1071,150.0
821,0,1092,150.0
821,0,1094,150.0
821,0,1095,150.0
821,0,1098,150.0
821,0,1645,150.0
821,0,5843,150.0
821,0,5844,150.0
821,0,5848,150.0
821,0,5981,150.0
821,0,5983,150.0
821,0,6000,150.0
821,0,6002,150.0
821,0,6412,150.0
821,0,6684,150.0
821,0,6718,150.0
821,0,6720,150.0
821,0,6756,150.0
821,0,70,150.0
821,0,7228,150.0
821,0,7245,150.0
821,0,7249,150.0
821,0,7251,150.0
821,0,7252,150.0
821,0,7253,150.0
821,0,7254,150.0
821,0,7255,150.0
821,0,7256,150.0
821,0,7258,150.0
821,0,7263,150.0
821,0,73,150.0
821,0,75,150.0
821,0,76,150.0
821,0,7671,150.0
821,0,77,150.0
821,0,7700,150.0
821,0,7701,150.0
821,0,7702,150.0
821,0,7703,150.0
821,0,7704,150.0
821,0,7705,150.0
821,0,7710,150.0
821,0,7711,150.0
821,0,7712,150.0
821,0,7713,150.0
821,0,7714,150.0
821,0,7715,150.0
821,0,7716,150.0
821,0,7717,150.0
821,0,7718,150.0
821,0,7720,150.0
821,0,7721,150.0
821,0,7722,150.0
821,0,7723,150.0
821,0,78,150.0
821,0,79,150.0
821,0,8,150.0
821,0,98,150.0
712,0,1024,151.67
712,0,1025,151.67
712,0,1026,151.67
712,0,1027,151.67
712,0,1028,151.67
712,0,1029,151.67
712,0,1030,151.67
712,0,2132,151.67
712,0,2133,151.67
712,0,2134,151.67
712,0,2135,151.67
712,0,2137,151.67
712,0,2138,151.67
712,0,2139,151.67
712,0,2140,151.67
712,0,2141,151.67
712,0,2142,151.67
712,0,2143,151.67
712,0,2144,151.67
712,0,2145,151.67
712,0,2146,151.67
712,0,2147,151.67
712,0,2148,151.67
712,0,2149,151.67
712,0,3842,151.67
712,0,3844,151.67
712,0,5886,151.67
712,0,5887,151.67
712,0,5888,151.67
712,0,5889,151.67
712,0,5890,151.67
712,0,5891,151.67
712,0,594,151.67
712,0,6674,151.67
712,0,6675,151.67
712,0,6677,151.67
712,0,6678,151.67
712,0,6680,151.67
712,0,6681,151.67
712,0,6682,151.67
712,0,6683,151.67
712,0,6684,151.67
712,0,6686,151.67
712,0,6734,151.67
712,0,6735,151.67
712,0,6738,151.67
712,0,6745,151.67
712,0,6754,151.67
712,0,6755,151.67
712,0,6765,151.67
712,0,6949,151.67
712,0,698,151.67
712,0,699,151.67
712,0,700,151.67
712,0,701,151.67
712,0,702,151.67
712,0,703,151.67
712,0,704,151.67
712,0,705,151.67
712,0,7262,151.67
712,0,7320,151.67
712,0,761,151.67
712,0,762,151.67
712,0,763,151.67
712,0,764,151.67
712,0,7647,151.67
712,0,765,151.67
712,0,7736,151.67
712,0,7915,151.67
712,0,862,151.67
712,0,888,151.67
712,0,932,151.67
712,0,992,151.67
712,0,993,151.67
786,1,1004,151.67
786,1,1005,151.67
786,1,1006,151.67
786,1,1007,151.67
786,1,1008,151.67
786,1,1010,151.67
786,1,1645,151.67
786,1,1746,151.67
786,1,2134,151.67
786,1,2139,151.67
786,1,2140,151.67
786,1,2192,151.67
786,1,2194,151.67
786,1,2195,151.67
786,1,2197,151.67
786,1,2198,151.67
786,1,2199,151.67
786,1,2200,151.67
786,1,2202,151.67
786,1,2203,151.67
786,1,2204,151.67
786,1,2205,151.67
786,1,2206,151.67
786,1,2207,151.67
786,1,2208,151.67
786,1,2209,151.67
786,1,2210,151.67
786,1,5797,151.67
786,1,5837,151.67
786,1,5847,151.67
786,1,5848,151.67
786,1,5849,151.67
786,1,5850,151.67
786,1,5851,151.67
786,1,5852,151.67
786,1,5853,151.67
786,1,5854,151.67
786,1,5855,151.67
786,1,5856,151.67
786,1,5857,151.67
786,1,5858,151.67
786,1,5859,151.67
786,1,5860,151.67
786,1,5861,151.67
786,1,5862,151.67
786,1,5863,151.67
786,1,6260,151.67
786,1,7302,151.67
786,1,7303,151.67
786,1,7304,151.67
786,1,7305,151.67
938,0,114,151.67
938,0,115,151.67
938,0,116,151.67
938,0,117,151.67
938,0,118,151.67
938,0,119,151.67
938,0,120,151.67
938,0,121,151.67
938,0,126,151.67
938,0,127,151.67
938,0,129,151.67
938,0,130,151.67
938,0,131,151.67
938,0,158,151.67
938,0,159,151.67
938,0,160,151.67
938,0,161,151.67
938,0,162,151.67
938,0,163,151.67
938,0,164,151.67
938,0,1836,151.67
938,0,1838,151.67
938,0,3315,151.67
938,0,379,151.67
938,0,399,151.67
938,0,400,151.67
938,0,401,151.67
938,0,402,151.67
938,0,4537,151.67
938,0,4607,151.67
938,0,4608,151.67
938,0,4609,151.67
938,0,4610,151.67
938,0,4611,151.67
938,0,4612,151.67
938,0,4613,151.67
938,0,4614,151.67
938,0,4615,151.67
938,0,4616,151.67
938,0,4617,151.67
938,0,4618,151.67
938,0,4619,151.67
938,0,4620,151.67
938,0,4621,151.67
938,0,4622,151.67
938,0,4623,151.67
938,0,4624,151.67
938,0,4625,151.67
938,0,4687,151.67
938,0,4688,151.67
938,0,4689,151.67
938,0,4690,151.67
938,0,4705,151.67
938,0,4906,151.67
938,0,4942,151.67
938,0,4943,151.67
938,0,4944,151.67
938,0,4945,151.67
938,0,4946,151.67
938,0,4947,151.67
938,0,4948,151.67
938,0,4949,151.67
938,0,4950,151.67
938,0,4951,151.67
938,0,4952,151.67
938,0,4971,151.67
938,0,4972,151.67
938,0,4973,151.67
938,0,4974,151.67
938,0,5010,151.67
938,0,790,151.67
938,0,791,151.67
938,0,792,151.67
938,0,793,151.67
938,0,794,151.67
938,0,8242,151.67
938,0,8243,151.67
938,0,8244,151.67
938,0,8245,151.67
938,0,8246,151.67
938,0,8247,151.67
938,0,8248,151.67
938,0,8249,151.67
938,0,8250,151.67
938,0,8251,151.67
938,0,8252,151.67
938,0,8253,151.67
938,0,8254,151.67
938,0,8255,151.67
938,0,8256,151.67
938,0,8257,151.67
938,0,8258,151.67
938,0,8259,151.67
938,0,8260,151.67
938,0,8261,151.67
938,0,8262,151.67
938,0,8263,151.67
938,0,8264,151.67
938,0,8265,151.67
1139,1,105,152.5
1139,1,106564,152.5
1139,1,107,152.5
1139,1,1277,152.5
1139,1,130,152.5
1139,1,131,152.5
1139,1,133,152.5
1139,1,134,152.5
1139,1,135,152.5
1139,1,137,152.5
1139,1,138,152.5
1139,1,139,152.5
1139,1,141,152.5
1139,1,142,152.5
1139,1,172,152.5
1139,1,1819,152.5
1139,1,1820,152.5
1139,1,1821,152.5
1139,1,1822,152.5
1139,1,1823,152.5
1139,1,1966,152.5
1139,1,2230,152.5
1139,1,403,152.5
1139,1,442,152.5
1139,1,443,152.5
1139,1,444,152.5
822,1,100,153.0
822,1,1059,153.0
822,1,1060,153.0
822,1,1061,153.0
822,1,1064,153.0
822,1,106703,153.0
822,1,106704,153.0
822,1,106705,153.0
822,1,106706,153.0
822,1,1092,153.0
822,1,1093,153.0
822,1,1094,153.0
822,1,1095,153.0
822,1,1645,153.0
822,1,1746,153.0
822,1,4750,153.0
822,1,4754,153.0
822,1,5843,153.0
822,1,5844,153.0
822,1,5848,153.0
822,1,5981,153.0
822,1,5983,153.0
822,1,5990,153.0
822,1,6000,153.0
822,1,6002,153.0
822,1,61,153.0
822,1,62,153.0
822,1,6684,153.0
822,1,6718,153.0
822,1,6720,153.0
822,1,6756,153.0
822,1,71,153.0
822,1,7243,153.0
822,1,7245,153.0
822,1,7249,153.0
822,1,7251,153.0
822,1,7253,153.0
822,1,7258,153.0
822,1,7262,153.0
822,1,7263,153.0
822,1,7265,153.0
822,1,7266,153.0
822,1,7268,153.0
822,1,7269,153.0
822,1,7275,153.0
822,1,7617,153.0
822,1,7623,153.0
822,1,7647,153.0
822,1,7690,153.0
822,1,7700,153.0
822,1,7701,153.0
822,1,7702,153.0
822,1,7703,153.0
822,1,7704,153.0
822,1,7705,153.0
822,1,7710,153.0
822,1,7711,153.0
822,1,7712,153.0
822,1,7713,153.0
822,1,7714,153.0
822,1,7715,153.0
822,1,7716,153.0
822,1,7717,153.0
822,1,7718,153.0
822,1,7720,153.0
822,1,7721,153.0
822,1,91,153.0
822,1,92,153.0
822,1,93,153.0
822,1,94,153.0
822,1,95,153.0
822,1,96,153.0
822,1,98,153.0
822,1,99,153.0
102,0,1233,153.33
102,0,1235,153.33
102,0,1236,153.33
102,0,1237,153.33
102,0,1238,153.33
102,0,1239,153.33
102,0,1240,153.33
102,0,1241,153.33
102,0,1242,153.33
102,0,1249,153.33
102,0,1251,153.33
102,0,126,153.33
102,0,1266,153.33
102,0,129,153.33
102,0,145,153.33
102,0,213,153.33
102,0,215,153.33
102,0,216,153.33
102,0,217,153.33
102,0,3315,153.33
102,0,35,153.33
102,0,379,153.33
102,0,380,153.33
102,0,3830,153.33
102,0,3855,153.33
102,0,399,153.33
102,0,400,153.33
102,0,401,153.33
102,0,8061,153.33
11,0,122,155.0
11,0,123,155.0
11,0,124,155.0
11,0,125,155.0
11,0,126,155.0
11,0,1266,155.0
11,0,1267,155.0
11,0,1268,155.0
11,0,1269,155.0
11,0,1270,155.0
11,0,1271,155.0
11,0,129,155.0
11,0,132,155.0
11,0,136,155.0
11,0,137,155.0
11,0,141,155.0
11,0,149,155.0
11,0,150,155.0
11,0,152,155.0
11,0,153,155.0
11,0,160,155.0
11,0,165,155.0
11,0,166,155.0
11,0,167,155.0
11,0,168,155.0
11,0,169,155.0
11,0,170,155.0
11,0,171,155.0
11,0,3315,155.0
11,0,3830,155.0
11,0,4533,155.0
11,0,4541,155.0
11,0,4542,155.0
11,0,8061,155.0
11,0,8501,155.0
561,0,1033,155.0
561,0,2134,155.0
561,0,2135,155.0
561,0,2137,155.0
561,0,2138,155.0
561,0,2139,155.0
561,0,2140,155.0
561,0,2142,155.0
561,0,2143,155.0
561,0,2144,155.0
561,0,2145,155.0
561,0,2146,155.0
561,0,2147,155.0
561,0,2148,155.0
561,0,2149,155.0
561,0,2192,155.0
561,0,5275,155.0
561,0,5278,155.0
561,0,5281,155.0
561,0,5797,155.0
561,0,5798,155.0
561,0,5799,155.0
561,0,5800,155.0
561,0,5801,155.0
561,0,5802,155.0
561,0,5803,155.0
561,0,5805,155.0
561,0,5806,155.0
561,0,5807,155.0
561,0,5808,155.0
561,0,5809,155.0
561,0,6320,155.0
561,0,698,155.0
561,0,699,155.0
561,0,700,155.0
561,0,701,155.0
561,0,702,155.0
561,0,703,155.0
561,0,704,155.0
561,0,705,155.0
561,0,7320,155.0
561,0,761,155.0
561,0,762,155.0
561,0,763,155.0
561,0,764,155.0
561,0,765,155.0
561,0,865,155.0
561,0,984,155.0
561,0,985,155.0
632,1,2201,155.0
632,1,2202,155.0
632,1,2203,155.0
632,1,304,155.0
632,1,40,155.0
632,1,5274,155.0
632,1,5819,155.0
632,1,6044,155.0
632,1,6282,155.0
632,1,6305,155.0
632,1,6463,155.0
632,1,6464,155.0
632,1,6465,155.0
632,1,734,155.0
632,1,735,155.0
632,1,736,155.0
632,1,737,155.0
632,1,738,155.0
632,1,739,155.0
632,1,949,155.0
632,1,950,155.0
632,1,951,155.0
632,1,952,155.0
632,1,953,155.0
632,1,954,155.0
632,1,955,155.0
632,1,956,155.0
632,1,957,155.0
632,1,958,155.0
632,1,959,155.0
632,1,974,155.0
632,1,975,155.0
632,1,976,155.0
632,1,977,155.0
632,1,978,155.0
632,1,979,155.0
632,1,980,155.0
810,0,10,155.0
810,0,1059,155.0
810,0,1060,155.0
810,0,1061,155.0
810,0,1064,155.0
810,0,1068,155.0
810,0,1069,155.0
810,0,1071,155.0
810,0,1092,155.0
810,0,1094,155.0
810,0,1095,155.0
810,0,1096,155.0
810,0,11,155.0
810,0,12,155.0
810,0,248,155.0
810,0,3850,155.0
810,0,3872,155.0
810,0,472,155.0
810,0,473,155.0
810,0,521,155.0
810,0,522,155.0
810,0,525,155.0
810,0,57,155.0
810,0,598,155.0
810,0,599,155.0
810,0,6325,155.0
810,0,6328,155.0
810,0,6412,155.0
810,0,6470,155.0
810,0,6471,155.0
810,0,6473,155.0
810,0,6474,155.0
810,0,6477,155.0
810,0,6479,155.0
810,0,6481,155.0
810,0,69,155.0
810,0,6904,155.0
810,0,70,155.0
810,0,7050,155.0
810,0,71,155.0
810,0,73,155.0
810,0,75,155.0
810,0,7583,155.0
810,0,7584,155.0
810,0,7587,155.0
810,0,7589,155.0
810,0,7590,155.0
810,0,7599,155.0
810,0,76,155.0
810,0,7601,155.0
810,0,77,155.0
810,0,78,155.0
810,0,79,155.0
631,0,2132,157.0
631,0,2133,157.0
631,0,2134,157.0
631,0,264,157.0
631,0,35,157.0
631,0,3855,157.0
631,0,5282,157.0
631,0,5286,157.0
631,0,5799,157.0
631,0,6030,157.0
631,0,6144,157.0
631,0,6276,157.0
631,0,6277,157.0
631,0,6278,157.0
631,0,6279,157.0
631,0,6280,157.0
631,0,6281,157.0
631,0,6282,157.0
631,0,6467,157.0
631,0,728,157.0
631,0,729,157.0
631,0,730,157.0
631,0,731,157.0
631,0,732,157.0
631,0,939,157.0
631,0,940,157.0
631,0,941,157.0
631,0,942,157.0
631,0,943,157.0
631,0,944,157.0
631,0,945,157.0
631,0,946,157.0
631,0,947,157.0
631,0,948,157.0
631,0,949,157.0
631,0,966,157.0
631,0,967,157.0
631,0,968,157.0
631,0,969,157.0
631,0,970,157.0
631,0,973,157.0
489,1,124,159.17
489,1,125,159.17
489,1,1252,159.17
489,1,130,159.17
489,1,131,159.17
489,1,133,159.17
489,1,134,159.17
489,1,135,159.17
489,1,136,159.17
489,1,142,159.17
489,1,145,159.17
489,1,146,159.17
489,1,147,159.17
489,1,172,159.17
489,1,213,159.17
489,1,289,159.17
489,1,290,159.17
489,1,291,159.17
489,1,3315,159.17
489,1,34,159.17
489,1,4469,159.17
489,1,5270,159.17
489,1,5271,159.17
167,1,103,160.0
167,1,1204,160.0
167,1,1882,160.0
167,1,1883,160.0
167,1,1884,160.0
167,1,1885,160.0
167,1,1886,160.0
167,1,1887,160.0
167,1,2001,160.0
167,1,2002,160.0
167,1,2005,160.0
167,1,2006,160.0
167,1,319,160.0
167,1,321,160.0
167,1,3246,160.0
167,1,349,160.0
167,1,353,160.0
167,1,354,160.0
167,1,355,160.0
167,1,356,160.0
167,1,357,160.0
167,1,358,160.0
167,1,360,160.0
167,1,361,160.0
167,1,362,160.0
167,1,39,160.0
167,1,398,160.0
167,1,40,160.0
167,1,41,160.0
167,1,42,160.0
167,1,43,160.0
167,1,44,160.0
167,1,45,160.0
167,1,461,160.0
293,0,1301,160.0
293,0,1302,160.0
293,0,1303,160.0
293,0,1304,160.0
293,0,1305,160.0
293,0,1306,160.0
293,0,1307,160.0
293,0,1308,160.0
293,0,1369,160.0
293,0,1387,160.0
293,0,1398,160.0
293,0,1399,160.0
293,0,1634,160.0
293,0,1635,160.0
293,0,2157,160.0
293,0,2158,160.0
293,0,2159,160.0
293,0,2160,160.0
293,0,2162,160.0
293,0,2163,160.0
293,0,2164,160.0
293,0,2165,160.0
293,0,2166,160.0
293,0,2253,160.0
293,0,2254,160.0
293,0,2255,160.0
293,0,2988,160.0
293,0,2989,160.0
293,0,2990,160.0
293,0,2995,160.0
293,0,2996,160.0
293,0,2997,160.0
293,0,3018,160.0
293,0,3038,160.0
293,0,3280,160.0
293,0,3281,160.0
293,0,3283,160.0
293,0,416,160.0
293,0,418,160.0
293,0,419,160.0
293,0,454,160.0
293,0,8800,160.0
805,0,1015,160.0
805,0,1025,160.0
805,0,1043,160.0
805,0,1044,160.0
805,0,1045,160.0
805,0,1071,160.0
805,0,3842,160.0
805,0,3844,160.0
805,0,5844,160.0
805,0,586,160.0
805,0,587,160.0
805,0,588,160.0
805,0,5894,160.0
805,0,5898,160.0
805,0,590,160.0
805,0,591,160.0
805,0,592,160.0
805,0,593,160.0
805,0,594,160.0
805,0,5991,160.0
805,0,5992,160.0
805,0,5993,160.0
805,0,5994,160.0
805,0,6014,160.0
805,0,6015,160.0
805,0,607,160.0
805,0,608,160.0
805,0,6307,160.0
805,0,6530,160.0
805,0,69,160.0
805,0,6941,160.0
805,0,70,160.0
805,0,71,160.0
805,0,72,160.0
805,0,73,160.0
805,0,75,160.0
805,0,76,160.0
805,0,7627,160.0
805,0,77,160.0
805,0,7736,160.0
805,0,78,160.0
805,0,79,160.0
805,0,7909,160.0
805,0,7910,160.0
805,0,7912,160.0
805,0,7915,160.0
805,0,8,160.0
806,1,100,160.0
806,1,1056,160.0
806,1,1743,160.0
806,1,1744,160.0
806,1,1746,160.0
806,1,3846,160.0
806,1,3847,160.0
806,1,3848,160.0
806,1,5846,160.0
806,1,589,160.0
806,1,5892,160.0
806,1,5894,160.0
806,1,594,160.0
806,1,6,160.0
806,1,600,160.0
806,1,601,160.0
806,1,6014,160.0
806,1,603,160.0
806,1,604,160.0
806,1,605,160.0
806,1,606,160.0
806,1,607,160.0
806,1,608,160.0
806,1,62,160.0
806,1,6307,160.0
806,1,6414,160.0
806,1,6527,160.0
806,1,6531,160.0
806,1,6941,160.0
806,1,6943,160.0
806,1,6944,160.0
806,1,6945,160.0
806,1,7,160.0
806,1,7627,160.0
806,1,7735,160.0
806,1,7920,160.0
806,1,91,160.0
806,1,92,160.0
806,1,93,160.0
806,1,94,160.0
806,1,95,160.0
806,1,96,160.0
806,1,97,160.0
806,1,98,160.0
806,1,99,160.0
806,1,994,160.0
806,1,995,160.0
824,1,1737,160.0
824,1,304,160.0
824,1,40,160.0
824,1,5274,160.0
824,1,5275,160.0
824,1,5276,160.0
824,1,5277,160.0
824,1,5278,160.0
824,1,5773,160.0
824,1,5802,160.0
824,1,5809,160.0
824,1,5810,160.0
824,1,5811,160.0
824,1,5812,160.0
824,1,6165,160.0
824,1,6320,160.0
824,1,734,160.0
824,1,735,160.0
824,1,736,160.0
824,1,737,160.0
824,1,738,160.0
824,1,739,160.0
824,1,949,160.0
824,1,950,160.0
824,1,951,160.0
824,1,952,160.0
824,1,953,160.0
824,1,954,160.0
824,1,955,160.0
824,1,956,160.0
824,1,957,160.0
824,1,958,160.0
824,1,959,160.0
824,1,974,160.0
824,1,975,160.0
824,1,976,160.0
824,1,977,160.0
824,1,978,160.0
824,1,979,160.0
824,1,980,160.0
824,1,984,160.0
824,1,985,160.0
832,1,100,160.0
832,1,101,160.0
832,1,13,160.0
832,1,2192,160.0
832,1,2193,160.0
832,1,2194,160.0
832,1,58,160.0
832,1,5812,160.0
832,1,59,160.0
832,1,6,160.0
832,1,60,160.0
832,1,62,160.0
832,1,6289,160.0
832,1,6290,160.0
832,1,6292,160.0
832,1,6320,160.0
832,1,6446,160.0
832,1,6470,160.0
832,1,6482,160.0
832,1,6669,160.0
832,1,6671,160.0
832,1,6672,160.0
832,1,6909,160.0
832,1,6911,160.0
832,1,7,160.0
832,1,7088,160.0
832,1,7101,160.0
832,1,7587,160.0
832,1,7590,160.0
832,1,7611,160.0
832,1,7732,160.0
832,1,879,160.0
832,1,880,160.0
832,1,887,160.0
832,1,9,160.0
832,1,91,160.0
832,1,92,160.0
832,1,93,160.0
832,1,94,160.0
832,1,95,160.0
832,1,96,160.0
832,1,961,160.0
832,1,962,160.0
832,1,97,160.0
832,1,978,160.0
832,1,979,160.0
832,1,98,160.0
832,1,980,160.0
832,1,982,160.0
832,1,983,160.0
832,1,984,160.0
832,1,985,160.0
832,1,99,160.0
153,1,103,161.0
153,1,1204,161.0
153,1,1838,161.0
153,1,1840,161.0
153,1,1841,161.0
153,1,1842,161.0
153,1,1843,161.0
153,1,1844,161.0
153,1,1882,161.0
153,1,1883,161.0
153,1,1884,161.0
153,1,1885,161.0
153,1,1886,161.0
153,1,1887,161.0
153,1,1888,161.0
153,1,1889,161.0
153,1,1890,161.0
153,1,1891,161.0
153,1,1892,161.0
153,1,1893,161.0
153,1,1894,161.0
153,1,1895,161.0
153,1,1896,161.0
153,1,1897,161.0
153,1,1898,161.0
153,1,1899,161.0
153,1,1900,161.0
153,1,1901,161.0
153,1,1902,161.0
153,1,1903,161.0
153,1,1904,161.0
153,1,1905,161.0
153,1,1906,161.0
153,1,1907,161.0
153,1,1908,161.0
153,1,1909,161.0
153,1,1911,161.0
153,1,1913,161.0
153,1,1914,161.0
153,1,319,161.0
153,1,321,161.0
153,1,3246,161.0
153,1,349,161.0
153,1,353,161.0
153,1,354,161.0
153,1,355,161.0
153,1,356,161.0
153,1,357,161.0
153,1,358,161.0
153,1,360,161.0
153,1,361,161.0
153,1,362,161.0
153,1,39,161.0
153,1,398,161.0
153,1,40,161.0
153,1,41,161.0
153,1,42,161.0
153,1,43,161.0
153,1,44,161.0
153,1,45,161.0
153,1,461,161.0
166,0,105,161.0
166,0,107,161.0
166,0,1867,161.0
166,0,1868,161.0
166,0,1869,161.0
166,0,1870,161.0
166,0,1871,161.0
166,0,1872,161.0
166,0,1873,161.0
166,0,1874,161.0
166,0,1875,161.0
166,0,1876,161.0
166,0,1877,161.0
166,0,1878,161.0
166,0,1879,161.0
166,0,1880,161.0
166,0,1881,161.0
166,0,2001,161.0
166,0,2002,161.0
166,0,2003,161.0
166,0,2004,161.0
166,0,2230,161.0
166,0,274,161.0
166,0,30,161.0
166,0,31,161.0
166,0,32,161.0
166,0,3212,161.0
166,0,3246,161.0
166,0,33,161.0
166,0,3354,161.0
166,0,34,161.0
166,0,3857,161.0
166,0,458,161.0
195,0,1148,162.0
195,0,1310,162.0
195,0,1311,162.0
195,0,1312,162.0
195,0,1313,162.0
195,0,1314,162.0
195,0,1315,162.0
195,0,1316,162.0
195,0,1369,162.0
195,0,1370,162.0
195,0,1380,162.0
195,0,1381,162.0
195,0,1382,162.0
195,0,1399,162.0
195,0,1401,162.0
195,0,1402,162.0
195,0,2150,162.0
195,0,2151,162.0
195,0,2152,162.0
195,0,2153,162.0
195,0,2154,162.0
195,0,2155,162.0
195,0,2159,162.0
195,0,2327,162.0
195,0,2328,162.0
195,0,2329,162.0
195,0,2330,162.0
195,0,2332,162.0
195,0,2333,162.0
195,0,2335,162.0
195,0,698,162.0
195,0,699,162.0
195,0,700,162.0
195,0,701,162.0
195,0,702,162.0
195,0,703,162.0
195,0,704,162.0
195,0,705,162.0
195,0,706,162.0
195,0,707,162.0
195,0,708,162.0
195,0,709,162.0
195,0,710,162.0
195,0,711,162.0
195,0,712,162.0
195,0,713,162.0
195,0,714,162.0
195,0,715,162.0
195,0,716,162.0
195,0,761,162.0
195,0,762,162.0
195,0,763,162.0
195,0,764,162.0
195,0,765,162.0
1275,1,106604,162.5
1275,1,106605,162.5
1275,1,106606,162.5
1275,1,106607,162.5
1275,1,106608,162.5
1275,1,106609,162.5
1275,1,106610,162.5
1275,1,106611,162.5
1275,1,106612,162.5
1275,1,106613,162.5
1275,1,106614,162.5
1275,1,106615,162.5
1275,1,106616,162.5
1275,1,106617,162.5
1275,1,106618,162.5
1275,1,106619,162.5
1275,1,106620,162.5
1275,1,106621,162.5
1275,1,106622,162.5
1275,1,106623,162.5
1275,1,106624,162.5
1275,1,106625,162.5
1275,1,106626,162.5
1275,1,106627,162.5
1275,1,106628,162.5
1275,1,106629,162.5
1275,1,106630,162.5
1275,1,106631,162.5
1275,1,106632,162.5
1275,1,106633,162.5
1275,1,106634,162.5
1275,1,106635,162.5
1275,1,106636,162.5
1275,1,106637,162.5
1275,1,106638,162.5
1275,1,106639,162.5
1275,1,106640,162.5
1275,1,106641,162.5
1275,1,106642,162.5
1275,1,106643,162.5
1275,1,3697,162.5
1275,1,3698,162.5
1275,1,4352,162.5
152,0,105,163.0
152,0,106,163.0
152,0,107,163.0
152,0,1827,163.0
152,0,1836,163.0
152,0,1837,163.0
152,0,1838,163.0
152,0,1839,163.0
152,0,1840,163.0
152,0,1841,163.0
152,0,1842,163.0
152,0,1843,163.0
152,0,1844,163.0
152,0,1845,163.0
152,0,1846,163.0
152,0,1847,163.0
152,0,1848,163.0
152,0,1849,163.0
152,0,1850,163.0
152,0,1851,163.0
152,0,1852,163.0
152,0,1853,163.0
152,0,1854,163.0
152,0,1855,163.0
152,0,1856,163.0
152,0,1857,163.0
152,0,1858,163.0
152,0,1859,163.0
152,0,1860,163.0
152,0,1861,163.0
152,0,1862,163.0
152,0,1863,163.0
152,0,1864,163.0
152,0,1865,163.0
152,0,1866,163.0
152,0,1867,163.0
152,0,1868,163.0
152,0,1869,163.0
152,0,1870,163.0
152,0,1871,163.0
152,0,1872,163.0
152,0,1873,163.0
152,0,1874,163.0
152,0,1875,163.0
152,0,1876,163.0
152,0,1877,163.0
152,0,1878,163.0
152,0,1879,163.0
152,0,1880,163.0
152,0,1881,163.0
152,0,274,163.0
152,0,30,163.0
152,0,31,163.0
152,0,32,163.0
152,0,3212,163.0
152,0,33,163.0
152,0,3354,163.0
152,0,34,163.0
152,0,3857,163.0
152,0,458,163.0
238,1,106,164.0
238,1,107,164.0
238,1,1204,164.0
238,1,1318,164.0
238,1,1323,164.0
238,1,1324,164.0
238,1,1325,164.0
238,1,1370,164.0
238,1,1378,164.0
238,1,1379,164.0
238,1,1380,164.0
238,1,1381,164.0
238,1,1382,164.0
238,1,1383,164.0
238,1,1400,164.0
238,1,1401,164.0
238,1,1422,164.0
238,1,1574,164.0
238,1,1575,164.0
238,1,1576,164.0
238,1,1577,164.0
238,1,1578,164.0
238,1,1581,164.0
238,1,1582,164.0
238,1,1583,164.0
238,1,2056,164.0
238,1,2065,164.0
238,1,2066,164.0
238,1,2067,164.0
238,1,2068,164.0
238,1,2069,164.0
238,1,2070,164.0
238,1,2071,164.0
238,1,2074,164.0
238,1,2075,164.0
238,1,2076,164.0
238,1,2389,164.0
238,1,2481,164.0
238,1,2738,164.0
238,1,2752,164.0
238,1,2817,164.0
238,1,2834,164.0
238,1,2835,164.0
238,1,2836,164.0
238,1,2837,164.0
238,1,2838,164.0
238,1,2841,164.0
238,1,2849,164.0
238,1,2851,164.0
238,1,2852,164.0
238,1,2853,164.0
238,1,2854,164.0
238,1,2855,164.0
238,1,2856,164.0
238,1,2857,164.0
238,1,2858,164.0
238,1,2859,164.0
238,1,2860,164.0
238,1,2862,164.0
238,1,2866,164.0
238,1,2868,164.0
238,1,2869,164.0
238,1,2872,164.0
238,1,3008,164.0
238,1,349,164.0
238,1,3857,164.0
238,1,4568,164.0
238,1,458,164.0
238,1,5173,164.0
238,1,5177,164.0
238,1,5179,164.0
238,1,5252,164.0
238,1,5254,164.0
238,1,5255,164.0
238,1,5256,164.0
238,1,5257,164.0
238,1,5258,164.0
238,1,5259,164.0
238,1,5260,164.0
238,1,5261,164.0
238,1,5263,164.0
238,1,5265,164.0
238,1,5266,164.0
238,1,5267,164.0
576,1,106832,164.0
576,1,1746,164.0
576,1,4728,164.0
576,1,4781,164.0
576,1,4782,164.0
576,1,4783,164.0
576,1,4784,164.0
576,1,4785,164.0
576,1,4786,164.0
576,1,4787,164.0
576,1,4788,164.0
576,1,4789,164.0
576,1,4790,164.0
576,1,4791,164.0
576,1,4792,164.0
576,1,4794,164.0
576,1,4795,164.0
576,1,4796,164.0
576,1,4798,164.0
576,1,4799,164.0
576,1,4800,164.0
576,1,4801,164.0
576,1,4802,164.0
576,1,4803,164.0
576,1,4804,164.0
576,1,5153,164.0
576,1,5154,164.0
576,1,5155,164.0
576,1,5156,164.0
576,1,5158,164.0
576,1,5159,164.0
576,1,5845,164.0
576,1,5912,164.0
576,1,5932,164.0
576,1,5937,164.0
576,1,5938,164.0
576,1,5939,164.0
576,1,5940,164.0
576,1,5941,164.0
576,1,5942,164.0
576,1,5943,164.0
576,1,5944,164.0
576,1,5945,164.0
576,1,5946,164.0
576,1,5947,164.0
576,1,5948,164.0
576,1,5949,164.0
576,1,5950,164.0
576,1,5951,164.0
576,1,5952,164.0
576,1,5953,164.0
576,1,5954,164.0
576,1,5955,164.0
576,1,5958,164.0
576,1,5960,164.0
576,1,5964,164.0
576,1,5965,164.0
576,1,5966,164.0
576,1,5967,164.0
576,1,5968,164.0
576,1,5969,164.0
576,1,5970,164.0
576,1,6575,164.0
576,1,6605,164.0
576,1,6646,164.0
576,1,7260,164.0
12,1,114,165.0
12,1,115,165.0
12,1,116,165.0
12,1,117,165.0
12,1,118,165.0
12,1,119,165.0
12,1,120,165.0
12,1,121,165.0
12,1,124,165.0
12,1,125,165.0
12,1,1275,165.0
12,1,1276,165.0
12,1,1277,165.0
12,1,130,165.0
12,1,131,165.0
12,1,133,165.0
12,1,134,165.0
12,1,135,165.0
12,1,138,165.0
12,1,139,165.0
12,1,141,165.0
12,1,142,165.0
12,1,144,165.0
12,1,146,165.0
12,1,147,165.0
12,1,158,165.0
12,1,159,165.0
12,1,161,165.0
12,1,162,165.0
12,1,163,165.0
12,1,164,165.0
12,1,172,165.0
12,1,4509,165.0
12,1,4536,165.0
12,1,4537,165.0
159,1,105,165.0
159,1,107,165.0
159,1,149,165.0
159,1,150,165.0
159,1,151,165.0
159,1,152,165.0
159,1,1948,165.0
159,1,1949,165.0
159,1,1950,165.0
159,1,1951,165.0
159,1,1962,165.0
159,1,1963,165.0
159,1,1966,165.0
159,1,200,165.0
159,1,218,165.0
159,1,219,165.0
159,1,220,165.0
159,1,221,165.0
159,1,222,165.0
159,1,223,165.0
159,1,2230,165.0
159,1,224,165.0
159,1,277,165.0
159,1,278,165.0
159,1,3165,165.0
159,1,3166,165.0
159,1,343,165.0
159,1,344,165.0
159,1,345,165.0
159,1,346,165.0
159,1,347,165.0
159,1,4533,165.0
159,1,5033,165.0
159,1,7784,165.0
159,1,7936,165.0
159,1,8202,165.0
823,0,264,165.0
823,0,35,165.0
823,0,3855,165.0
823,0,5275,165.0
823,0,5278,165.0
823,0,5281,165.0
823,0,5282,165.0
823,0,5286,165.0
823,0,5801,165.0
823,0,5802,165.0
823,0,5803,165.0
823,0,5805,165.0
823,0,5806,165.0
823,0,5807,165.0
823,0,5809,165.0
823,0,5815,165.0
823,0,5816,165.0
823,0,6144,165.0
823,0,6163,165.0
823,0,6164,165.0
823,0,6467,165.0
823,0,728,165.0
823,0,729,165.0
823,0,730,165.0
823,0,731,165.0
823,0,732,165.0
823,0,939,165.0
823,0,940,165.0
823,0,941,165.0
823,0,942,165.0
823,0,943,165.0
823,0,944,165.0
823,0,945,165.0
823,0,946,165.0
823,0,947,165.0
823,0,948,165.0
823,0,949,165.0
823,0,966,165.0
823,0,967,165.0
823,0,968,165.0
823,0,969,165.0
823,0,970,165.0
823,0,973,165.0
823,0,986,165.0
785,0,1011,167.0
785,0,1012,167.0
785,0,1013,167.0
785,0,1014,167.0
785,0,1041,167.0
785,0,1058,167.0
785,0,2121,167.0
785,0,2126,167.0
785,0,2127,167.0
785,0,2128,167.0
785,0,2129,167.0
785,0,2130,167.0
785,0,2131,167.0
785,0,2132,167.0
785,0,2133,167.0
785,0,2135,167.0
785,0,2137,167.0
785,0,2138,167.0
785,0,2141,167.0
785,0,2192,167.0
785,0,2193,167.0
785,0,2199,167.0
785,0,2201,167.0
785,0,2210,167.0
785,0,5826,167.0
785,0,5827,167.0
785,0,5828,167.0
785,0,5829,167.0
785,0,5830,167.0
785,0,5831,167.0
785,0,5832,167.0
785,0,5833,167.0
785,0,5835,167.0
785,0,5836,167.0
785,0,5837,167.0
785,0,5838,167.0
785,0,5839,167.0
785,0,5840,167.0
785,0,5841,167.0
785,0,5842,167.0
785,0,5843,167.0
785,0,5865,167.0
785,0,6263,167.0
785,0,7258,167.0
785,0,7288,167.0
785,0,7302,167.0
785,0,7308,167.0
785,0,7309,167.0
785,0,7322,167.0
785,0,9298,167.0
237,0,102,167.5
237,0,103,167.5
237,0,105,167.5
237,0,106732,167.5
237,0,1204,167.5
237,0,1319,167.5
237,0,1320,167.5
237,0,1322,167.5
237,0,1369,167.5
237,0,1370,167.5
237,0,1371,167.5
237,0,1372,167.5
237,0,1373,167.5
237,0,1374,167.5
237,0,1375,167.5
237,0,1376,167.5
237,0,1398,167.5
237,0,1399,167.5
237,0,1423,167.5
237,0,1426,167.5
237,0,1566,167.5
237,0,1567,167.5
237,0,1568,167.5
237,0,1570,167.5
237,0,1571,167.5
237,0,1582,167.5
237,0,1632,167.5
237,0,1634,167.5
237,0,1635,167.5
237,0,2052,167.5
237,0,2053,167.5
237,0,2054,167.5
237,0,2055,167.5
237,0,2056,167.5
237,0,2057,167.5
237,0,2058,167.5
237,0,2059,167.5
237,0,2060,167.5
237,0,2061,167.5
237,0,2063,167.5
237,0,2386,167.5
237,0,2406,167.5
237,0,2817,167.5
237,0,2819,167.5
237,0,2820,167.5
237,0,2822,167.5
237,0,2823,167.5
237,0,2825,167.5
237,0,2829,167.5
237,0,2830,167.5
237,0,2833,167.5
237,0,2834,167.5
237,0,2835,167.5
237,0,2836,167.5
237,0,2837,167.5
237,0,2838,167.5
237,0,2839,167.5
237,0,2840,167.5
237,0,2841,167.5
237,0,2842,167.5
237,0,2843,167.5
237,0,2844,167.5
237,0,2846,167.5
237,0,2847,167.5
237,0,2848,167.5
237,0,2849,167.5
237,0,2850,167.5
237,0,2864,167.5
237,0,2865,167.5
237,0,2866,167.5
237,0,3045,167.5
237,0,319,167.5
237,0,320,167.5
237,0,321,167.5
237,0,3372,167.5
237,0,5173,167.5
237,0,5174,167.5
237,0,5175,167.5
237,0,5176,167.5
237,0,5177,167.5
237,0,5178,167.5
237,0,5179,167.5
237,0,5180,167.5
237,0,5181,167.5
237,0,5182,167.5
237,0,5183,167.5
237,0,5184,167.5
237,0,5185,167.5
237,0,5186,167.5
237,0,5188,167.5
237,0,9068,167.5
1002,0,1851,168.0
1002,0,1852,168.0
1002,0,1853,168.0
1002,0,1854,168.0
1002,0,1855,168.0
1002,0,1856,168.0
1002,0,1857,168.0
1002,0,1858,168.0
1002,0,1859,168.0
1002,0,1860,168.0
1002,0,1861,168.0
1002,0,1862,168.0
1002,0,1863,168.0
1002,0,1864,168.0
1002,0,1865,168.0
1002,0,1866,168.0
1002,0,1867,168.0
1002,0,1868,168.0
1002,0,1869,168.0
1002,0,1870,168.0
1002,0,1871,168.0
1002,0,1872,168.0
1002,0,1873,168.0
1002,0,1874,168.0
1002,0,1875,168.0
1002,0,1876,168.0
1002,0,1877,168.0
1002,0,1878,168.0
1002,0,1879,168.0
1002,0,1880,168.0
1002,0,1881,168.0
1002,0,215,168.0
1002,0,216,168.0
1002,0,217,168.0
1002,0,274,168.0
1002,0,275,168.0
1002,0,294,168.0
1002,0,30,168.0
1002,0,31,168.0
1002,0,32,168.0
1002,0,33,168.0
1002,0,3354,168.0
1002,0,34,168.0
1099,1,1204,168.0
1099,1,1702,168.0
1099,1,349,168.0
1099,1,3857,168.0
1099,1,39,168.0
1099,1,409,168.0
1099,1,413,168.0
1099,1,415,168.0
1099,1,419,168.0
1099,1,433,168.0
1099,1,435,168.0
1099,1,436,168.0
1099,1,437,168.0
1099,1,438,168.0
1099,1,439,168.0
1099,1,440,168.0
1099,1,460,168.0
1099,1,461,168.0
1099,1,462,168.0
1099,1,463,168.0
1099,1,464,168.0
1099,1,467,168.0
1099,1,5785,168.0
279,0,1777,168.0
279,0,1778,168.0
279,0,1779,168.0
279,0,1780,168.0
279,0,1781,168.0
279,0,1782,168.0
279,0,1783,168.0
279,0,1784,168.0
279,0,1785,168.0
279,0,1788,168.0
279,0,1789,168.0
279,0,1790,168.0
279,0,1791,168.0
279,0,1792,168.0
279,0,1795,168.0
279,0,1796,168.0
279,0,1816,168.0
279,0,1817,168.0
279,0,3109,168.0
279,0,3137,168.0
279,0,3138,168.0
279,0,3139,168.0
279,0,3140,168.0
279,0,3141,168.0
279,0,3142,168.0
279,0,3143,168.0
279,0,3144,168.0
279,0,3145,168.0
279,0,3146,168.0
279,0,3147,168.0
279,0,3148,168.0
279,0,3149,168.0
279,0,3150,168.0
279,0,3151,168.0
279,0,319,168.0
279,0,320,168.0
279,0,321,168.0
279,0,3826,168.0
279,0,794,168.0
279,0,796,168.0
130,0,102,168.75
130,0,103,168.75
130,0,106815,168.75
130,0,106816,168.75
130,0,1204,168.75
130,0,1318,168.75
130,0,1321,168.75
130,0,1322,168.75
130,0,1371,168.75
130,0,1372,168.75
130,0,1373,168.75
130,0,1378,168.75
130,0,1383,168.75
130,0,1398,168.75
130,0,1399,168.75
130,0,1422,168.75
130,0,1423,168.75
130,0,1447,168.75
130,0,1476,168.75
130,0,1477,168.75
130,0,1478,168.75
130,0,1479,168.75
130,0,1480,168.75
130,0,1481,168.75
130,0,1482,168.75
130,0,1483,168.75
130,0,1484,168.75
130,0,1485,168.75
130,0,1486,168.75
130,0,1487,168.75
130,0,1488,168.75
130,0,1489,168.75
130,0,1490,168.75
130,0,1492,168.75
130,0,1493,168.75
130,0,1494,168.75
130,0,1495,168.75
130,0,1496,168.75
130,0,1497,168.75
130,0,1498,168.75
130,0,1499,168.75
130,0,1500,168.75
130,0,1501,168.75
130,0,1503,168.75
130,0,1504,168.75
130,0,1505,168.75
130,0,1506,168.75
130,0,1507,168.75
130,0,1508,168.75
130,0,1509,168.75
130,0,1510,168.75
130,0,1511,168.75
130,0,1512,168.75
130,0,1513,168.75
130,0,1514,168.75
130,0,1515,168.75
130,0,1516,168.75
130,0,1517,168.75
130,0,1518,168.75
130,0,1519,168.75
130,0,1520,168.75
130,0,1521,168.75
130,0,1522,168.75
130,0,1523,168.75
130,0,1524,168.75
130,0,1566,168.75
130,0,1568,168.75
130,0,1575,168.75
130,0,1576,168.75
130,0,1578,168.75
130,0,1581,168.75
130,0,1605,168.75
130,0,1606,168.75
130,0,1607,168.75
130,0,1608,168.75
130,0,1609,168.75
130,0,1610,168.75
130,0,1611,168.75
130,0,1612,168.75
130,0,1613,168.75
130,0,1614,168.75
130,0,1615,168.75
130,0,1616,168.75
130,0,1617,168.75
130,0,1618,168.75
130,0,1619,168.75
130,0,1620,168.75
130,0,1621,168.75
130,0,1622,168.75
130,0,1623,168.75
130,0,1624,168.75
130,0,1625,168.75
130,0,1626,168.75
130,0,1627,168.75
130,0,1628,168.75
130,0,1629,168.75
130,0,1630,168.75
130,0,1632,168.75
130,0,1635,168.75
130,0,2738,168.75
130,0,2892,168.75
130,0,319,168.75
130,0,320,168.75
130,0,321,168.75
130,0,349,168.75
158,0,107,170.0
158,0,117,170.0
158,0,118,170.0
158,0,119,170.0
158,0,120,170.0
158,0,121,170.0
158,0,1946,170.0
158,0,1947,170.0
158,0,1953,170.0
158,0,1954,170.0
158,0,1955,170.0
158,0,1956,170.0
158,0,1957,170.0
158,0,1959,170.0
158,0,1960,170.0
158,0,1961,170.0
158,0,201,170.0
158,0,202,170.0
158,0,203,170.0
158,0,204,170.0
158,0,205,170.0
158,0,206,170.0
158,0,207,170.0
158,0,225,170.0
158,0,287,170.0
158,0,288,170.0
158,0,3179,170.0
158,0,319,170.0
158,0,320,170.0
158,0,321,170.0
158,0,322,170.0
158,0,324,170.0
158,0,331,170.0
158,0,491,170.0
158,0,7885,170.0
158,0,7886,170.0
158,0,8343,170.0
158,0,8349,170.0
196,1,1327,170.0
196,1,1328,170.0
196,1,1329,170.0
196,1,1330,170.0
196,1,1331,170.0
196,1,1332,170.0
196,1,1372,170.0
196,1,1381,170.0
196,1,1383,170.0
196,1,1400,170.0
196,1,1401,170.0
196,1,1402,170.0
196,1,2175,170.0
196,1,2178,170.0
196,1,2179,170.0
196,1,2180,170.0
196,1,2181,170.0
196,1,2182,170.0
196,1,2183,170.0
196,1,2184,170.0
196,1,2331,170.0
196,1,2332,170.0
196,1,2333,170.0
196,1,2336,170.0
196,1,2337,170.0
196,1,2338,170.0
196,1,2339,170.0
196,1,2892,170.0
196,1,698,170.0
196,1,699,170.0
196,1,700,170.0
196,1,701,170.0
196,1,702,170.0
196,1,703,170.0
196,1,704,170.0
196,1,705,170.0
196,1,748,170.0
196,1,749,170.0
196,1,750,170.0
196,1,751,170.0
196,1,752,170.0
196,1,753,170.0
196,1,754,170.0
196,1,755,170.0
196,1,756,170.0
196,1,757,170.0
196,1,758,170.0
196,1,759,170.0
196,1,761,170.0
196,1,763,170.0
196,1,769,170.0
196,1,770,170.0
196,1,771,170.0
63,1,1277,170.0
63,1,130,170.0
63,1,131,170.0
63,1,172,170.0
63,1,248,170.0
63,1,253,170.0
63,1,258,170.0
63,1,311,170.0
63,1,312,170.0
63,1,313,170.0
63,1,314,170.0
63,1,315,170.0
63,1,316,170.0
63,1,317,170.0
63,1,343,170.0
63,1,344,170.0
63,1,381,170.0
63,1,382,170.0
63,1,385,170.0
63,1,40,170.0
63,1,4509,170.0
63,1,5033,170.0
63,1,5323,170.0
63,1,734,170.0
63,1,735,170.0
63,1,736,170.0
63,1,737,170.0
63,1,738,170.0
63,1,739,170.0
63,1,740,170.0
63,1,772,170.0
63,1,777,170.0
63,1,785,170.0
63,1,790,170.0
63,1,792,170.0
63,1,793,170.0
63,1,795,170.0
63,1,800,170.0
63,1,801,170.0
63,1,802,170.0
63,1,803,170.0
63,1,804,170.0
63,1,805,170.0
63,1,806,170.0
63,1,807,170.0
63,1,808,170.0
63,1,809,170.0
63,1,810,170.0
812,1,100,170.0
812,1,1059,170.0
812,1,1064,170.0
812,1,106484,170.0
812,1,1092,170.0
812,1,1094,170.0
812,1,1095,170.0
812,1,1097,170.0
812,1,1098,170.0
812,1,248,170.0
812,1,3850,170.0
812,1,472,170.0
812,1,507,170.0
812,1,521,170.0
812,1,522,170.0
812,1,525,170.0
812,1,527,170.0
812,1,57,170.0
812,1,5761,170.0
812,1,58,170.0
812,1,59,170.0
812,1,598,170.0
812,1,60,170.0
812,1,61,170.0
812,1,62,170.0
812,1,6328,170.0
812,1,6331,170.0
812,1,6412,170.0
812,1,6470,170.0
812,1,6471,170.0
812,1,6472,170.0
812,1,6474,170.0
812,1,6476,170.0
812,1,6477,170.0
812,1,6479,170.0
812,1,6480,170.0
812,1,6482,170.0
812,1,7,170.0
812,1,71,170.0
812,1,7587,170.0
812,1,7605,170.0
812,1,7608,170.0
812,1,7611,170.0
812,1,7617,170.0
812,1,7623,170.0
812,1,7700,170.0
812,1,91,170.0
812,1,92,170.0
812,1,93,170.0
812,1,94,170.0
812,1,95,170.0
812,1,96,170.0
812,1,98,170.0
812,1,99,170.0
831,0,1033,170.0
831,0,1071,170.0
831,0,12,170.0
831,0,13,170.0
831,0,14,170.0
831,0,2192,170.0
831,0,5797,170.0
831,0,5803,170.0
831,0,5805,170.0
831,0,584,170.0
831,0,585,170.0
831,0,586,170.0
831,0,6163,170.0
831,0,6164,170.0
831,0,6290,170.0
831,0,6292,170.0
831,0,6299,170.0
831,0,6444,170.0
831,0,6470,170.0
831,0,6657,170.0
831,0,6658,170.0
831,0,6659,170.0
831,0,6660,170.0
831,0,68,170.0
831,0,69,170.0
831,0,6906,170.0
831,0,6908,170.0
831,0,6912,170.0
831,0,70,170.0
831,0,71,170.0
831,0,7101,170.0
831,0,72,170.0
831,0,7273,170.0
831,0,73,170.0
831,0,75,170.0
831,0,7589,170.0
831,0,76,170.0
831,0,7611,170.0
831,0,77,170.0
831,0,78,170.0
831,0,79,170.0
831,0,8,170.0
831,0,865,170.0
831,0,875,170.0
831,0,876,170.0
831,0,877,170.0
831,0,931,170.0
831,0,934,170.0
831,0,935,170.0
831,0,966,170.0
831,0,967,170.0
831,0,968,170.0
831,0,986,170.0
859,1,229,170.0
859,1,230,170.0
859,1,231,170.0
859,1,232,170.0
859,1,234,170.0
859,1,235,170.0
859,1,236,170.0
859,1,238,170.0
859,1,3315,170.0
859,1,377,170.0
859,1,392,170.0
859,1,393,170.0
859,1,394,170.0
859,1,395,170.0
859,1,396,170.0
859,1,5565,170.0
859,1,5568,170.0
859,1,5569,170.0
859,1,624,170.0
859,1,625,170.0
859,1,626,170.0
859,1,627,170.0
859,1,671,170.0
859,1,673,170.0
859,1,674,170.0
859,1,7795,170.0
859,1,7796,170.0
859,1,7803,170.0
859,1,7805,170.0
859,1,7806,170.0
859,1,7807,170.0
859,1,7808,170.0
859,1,7809,170.0
859,1,7810,170.0
859,1,7811,170.0
859,1,7939,170.0
859,1,7941,170.0
859,1,8062,170.0
858,0,126,171.0
858,0,127,171.0
858,0,145,171.0
858,0,186,171.0
858,0,187,171.0
858,0,188,171.0
858,0,189,171.0
858,0,190,171.0
858,0,191,171.0
858,0,192,171.0
858,0,194,171.0
858,0,238,171.0
858,0,3295,171.0
858,0,3304,171.0
858,0,3315,171.0
858,0,376,171.0
858,0,377,171.0
858,0,378,171.0
858,0,379,171.0
858,0,380,171.0
858,0,5549,171.0
858,0,5550,171.0
858,0,5552,171.0
858,0,5553,171.0
858,0,5565,171.0
858,0,621,171.0
858,0,622,171.0
858,0,623,171.0
858,0,636,171.0
858,0,665,171.0
858,0,668,171.0
858,0,7794,171.0
858,0,7795,171.0
858,0,7796,171.0
858,0,7797,171.0
858,0,7798,171.0
858,0,7799,171.0
858,0,7800,171.0
858,0,7801,171.0
858,0,7802,171.0
1098,0,102,173.0
1098,0,103,173.0
1098,0,105,173.0
1098,0,1204,173.0
1098,0,1639,173.0
1098,0,1640,173.0
1098,0,1641,173.0
1098,0,320,173.0
1098,0,321,173.0
1098,0,40,173.0
1098,0,409,173.0
1098,0,410,173.0
1098,0,411,173.0
1098,0,412,173.0
1098,0,413,173.0
1098,0,414,173.0
1098,0,415,173.0
1098,0,416,173.0
1098,0,418,173.0
1098,0,419,173.0
1098,0,454,173.0
1098,0,5785,173.0
1003,1,1882,173.75
1003,1,1883,173.75
1003,1,1884,173.75
1003,1,1885,173.75
1003,1,1886,173.75
1003,1,1887,173.75
1003,1,1888,173.75
1003,1,1889,173.75
1003,1,1890,173.75
1003,1,1891,173.75
1003,1,1892,173.75
1003,1,1893,173.75
1003,1,1894,173.75
1003,1,1895,173.75
1003,1,1896,173.75
1003,1,1897,173.75
1003,1,1898,173.75
1003,1,1899,173.75
1003,1,1900,173.75
1003,1,1901,173.75
1003,1,1902,173.75
1003,1,1903,173.75
1003,1,217,173.75
1003,1,289,173.75
1003,1,290,173.75
1003,1,291,173.75
1003,1,292,173.75
1003,1,293,173.75
1003,1,294,173.75
1003,1,352,173.75
1003,1,353,173.75
1003,1,354,173.75
1003,1,355,173.75
1003,1,356,173.75
1003,1,357,173.75
1003,1,358,173.75
1003,1,360,173.75
1003,1,361,173.75
1003,1,362,173.75
1003,1,3855,173.75
1003,1,40,173.75
1003,1,41,173.75
1003,1,42,173.75
1003,1,43,173.75
1003,1,44,173.75
1003,1,45,173.75
146,0,106476,175.0
146,0,106477,175.0
146,0,106819,175.0
146,0,1777,175.0
146,0,1778,175.0
146,0,1779,175.0
146,0,1780,175.0
146,0,1781,175.0
146,0,1782,175.0
146,0,1783,175.0
146,0,1784,175.0
146,0,1785,175.0
146,0,1788,175.0
146,0,1790,175.0
146,0,1791,175.0
146,0,1792,175.0
146,0,1795,175.0
146,0,1796,175.0
146,0,1798,175.0
146,0,1799,175.0
146,0,1801,175.0
146,0,1802,175.0
146,0,1807,175.0
146,0,1816,175.0
146,0,1817,175.0
146,0,319,175.0
146,0,320,175.0
146,0,321,175.0
146,0,794,175.0
146,0,796,175.0
147,1,106,175.0
147,1,106476,175.0
147,1,106477,175.0
147,1,1786,175.0
147,1,1787,175.0
147,1,1797,175.0
147,1,1800,175.0
147,1,1803,175.0
147,1,1804,175.0
147,1,1805,175.0
147,1,1806,175.0
147,1,1808,175.0
147,1,1809,175.0
147,1,1810,175.0
147,1,1811,175.0
147,1,1812,175.0
147,1,1813,175.0
147,1,1814,175.0
147,1,1815,175.0
147,1,1818,175.0
147,1,1819,175.0
147,1,1820,175.0
147,1,1821,175.0
147,1,1822,175.0
147,1,1823,175.0
147,1,1824,175.0
147,1,1825,175.0
147,1,1826,175.0
147,1,1827,175.0
147,1,1828,175.0
147,1,795,175.0
245,0,102,175.0
245,0,103,175.0
245,0,105,175.0
245,0,106815,175.0
245,0,106816,175.0
245,0,1204,175.0
245,0,1321,175.0
245,0,1322,175.0
245,0,1369,175.0
245,0,1370,175.0
245,0,1371,175.0
245,0,1372,175.0
245,0,1373,175.0
245,0,1374,175.0
245,0,1375,175.0
245,0,1398,175.0
245,0,1399,175.0
245,0,1417,175.0
245,0,1423,175.0
245,0,1426,175.0
245,0,1568,175.0
245,0,1570,175.0
245,0,1571,175.0
245,0,1582,175.0
245,0,1632,175.0
245,0,1634,175.0
245,0,1635,175.0
245,0,2052,175.0
245,0,2053,175.0
245,0,2054,175.0
245,0,2055,175.0
245,0,2056,175.0
245,0,2057,175.0
245,0,2058,175.0
245,0,2059,175.0
245,0,2060,175.0
245,0,2061,175.0
245,0,2063,175.0
245,0,2386,175.0
245,0,2433,175.0
245,0,2434,175.0
245,0,2435,175.0
245,0,2436,175.0
245,0,2437,175.0
245,0,2438,175.0
245,0,2439,175.0
245,0,2440,175.0
245,0,2441,175.0
245,0,2442,175.0
245,0,2443,175.0
245,0,2444,175.0
245,0,2498,175.0
245,0,2500,175.0
245,0,2501,175.0
245,0,2502,175.0
245,0,2503,175.0
245,0,2504,175.0
245,0,2505,175.0
245,0,2506,175.0
245,0,2738,175.0
245,0,2905,175.0
245,0,2906,175.0
245,0,2907,175.0
245,0,2908,175.0
245,0,2909,175.0
245,0,2910,175.0
245,0,2911,175.0
245,0,2912,175.0
245,0,2913,175.0
245,0,2914,175.0
245,0,2915,175.0
245,0,2916,175.0
245,0,2917,175.0
245,0,2918,175.0
245,0,2919,175.0
245,0,2920,175.0
245,0,2921,175.0
245,0,2922,175.0
245,0,2923,175.0
245,0,2924,175.0
245,0,2925,175.0
245,0,2926,175.0
245,0,2927,175.0
245,0,2928,175.0
245,0,2929,175.0
245,0,2930,175.0
245,0,2931,175.0
245,0,2932,175.0
245,0,2933,175.0
245,0,2934,175.0
245,0,2935,175.0
245,0,2936,175.0
245,0,2937,175.0
245,0,2938,175.0
245,0,2939,175.0
245,0,2940,175.0
245,0,2941,175.0
245,0,2942,175.0
245,0,3045,175.0
245,0,319,175.0
245,0,320,175.0
245,0,321,175.0
245,0,3372,175.0
246,1,107,180.0
246,1,1204,180.0
246,1,1323,180.0
246,1,1324,180.0
246,1,1325,180.0
246,1,1370,180.0
246,1,1375,180.0
246,1,1379,180.0
246,1,1380,180.0
246,1,1381,180.0
246,1,1382,180.0
246,1,1383,180.0
246,1,1398,180.0
246,1,1400,180.0
246,1,1422,180.0
246,1,1423,180.0
246,1,1436,180.0
246,1,1574,180.0
246,1,1575,180.0
246,1,1576,180.0
246,1,1577,180.0
246,1,1581,180.0
246,1,1582,180.0
246,1,1583,180.0
246,1,2056,180.0
246,1,2065,180.0
246,1,2066,180.0
246,1,2067,180.0
246,1,2068,180.0
246,1,2069,180.0
246,1,2070,180.0
246,1,2071,180.0
246,1,2074,180.0
246,1,2075,180.0
246,1,2076,180.0
246,1,2230,180.0
246,1,2389,180.0
246,1,2441,180.0
246,1,2445,180.0
246,1,2446,180.0
246,1,2447,180.0
246,1,2448,180.0
246,1,2449,180.0
246,1,2450,180.0
246,1,2451,180.0
246,1,2452,180.0
246,1,2454,180.0
246,1,2455,180.0
246,1,2499,180.0
246,1,2509,180.0
246,1,2510,180.0
246,1,2511,180.0
246,1,2512,180.0
246,1,2513,180.0
246,1,2514,180.0
246,1,2515,180.0
246,1,2738,180.0
246,1,2752,180.0
246,1,2905,180.0
246,1,2908,180.0
246,1,2914,180.0
246,1,2943,180.0
246,1,2944,180.0
246,1,2945,180.0
246,1,2946,180.0
246,1,2947,180.0
246,1,2948,180.0
246,1,2949,180.0
246,1,2950,180.0
246,1,2951,180.0
246,1,2952,180.0
246,1,2953,180.0
246,1,2954,180.0
246,1,2955,180.0
246,1,2956,180.0
246,1,2957,180.0
246,1,2958,180.0
246,1,2959,180.0
246,1,2960,180.0
246,1,2961,180.0
246,1,2962,180.0
246,1,2963,180.0
246,1,2964,180.0
246,1,2965,180.0
246,1,2966,180.0
246,1,2967,180.0
246,1,2968,180.0
246,1,2969,180.0
246,1,2970,180.0
246,1,2971,180.0
246,1,2972,180.0
246,1,2973,180.0
246,1,2974,180.0
246,1,2975,180.0
246,1,2976,180.0
246,1,3045,180.0
246,1,349,180.0
246,1,3857,180.0
246,1,4568,180.0
246,1,458,180.0
531,1,136,180.0
531,1,137,180.0
531,1,138,180.0
531,1,139,180.0
531,1,141,180.0
531,1,5420,180.0
531,1,5424,180.0
531,1,5425,180.0
531,1,5426,180.0
531,1,5427,180.0
531,1,5428,180.0
531,1,5429,180.0
531,1,5430,180.0
531,1,5431,180.0
531,1,5432,180.0
531,1,5433,180.0
531,1,5434,180.0
531,1,5435,180.0
531,1,5436,180.0
531,1,5437,180.0
531,1,5438,180.0
531,1,5439,180.0
531,1,5440,180.0
531,1,5441,180.0
531,1,5505,180.0
531,1,5506,180.0
531,1,5507,180.0
531,1,5508,180.0
531,1,5509,180.0
531,1,5510,180.0
531,1,5511,180.0
531,1,5512,180.0
531,1,5513,180.0
531,1,5514,180.0
531,1,5515,180.0
531,1,5517,180.0
531,1,5518,180.0
531,1,5519,180.0
531,1,5520,180.0
531,1,5590,180.0
531,1,5597,180.0
531,1,5614,180.0
531,1,5622,180.0
531,1,5623,180.0
531,1,5624,180.0
531,1,5625,180.0
531,1,5626,180.0
531,1,5627,180.0
531,1,5628,180.0
531,1,5629,180.0
531,1,5630,180.0
531,1,5631,180.0
531,1,5632,180.0
531,1,5633,180.0
531,1,5634,180.0
531,1,5635,180.0
531,1,5636,180.0
531,1,5637,180.0
531,1,5638,180.0
531,1,5639,180.0
531,1,5640,180.0
531,1,5641,180.0
531,1,5642,180.0
531,1,5643,180.0
531,1,5644,180.0
531,1,5645,180.0
531,1,5646,180.0
531,1,5647,180.0
531,1,5648,180.0
531,1,5649,180.0
531,1,5650,180.0
531,1,5651,180.0
531,1,5652,180.0
531,1,5653,180.0
531,1,5654,180.0
531,1,5655,180.0
531,1,5656,180.0
531,1,5657,180.0
531,1,5658,180.0
531,1,5659,180.0
531,1,5660,180.0
531,1,5661,180.0
531,1,5662,180.0
531,1,5698,180.0
982,0,117,180.0
982,0,118,180.0
982,0,119,180.0
982,0,120,180.0
982,0,121,180.0
982,0,1968,180.0
982,0,1969,180.0
982,0,1970,180.0
982,0,1971,180.0
982,0,1972,180.0
982,0,1973,180.0
982,0,1974,180.0
982,0,1975,180.0
982,0,1976,180.0
982,0,1977,180.0
982,0,1978,180.0
982,0,1989,180.0
982,0,200,180.0
982,0,201,180.0
982,0,202,180.0
982,0,203,180.0
982,0,204,180.0
982,0,205,180.0
982,0,206,180.0
982,0,207,180.0
982,0,217,180.0
982,0,277,180.0
982,0,278,180.0
982,0,281,180.0
982,0,282,180.0
982,0,4672,180.0
982,0,8177,180.0
982,0,8179,180.0
982,0,8180,180.0
982,0,8181,180.0
982,0,8182,180.0
982,0,8183,180.0
982,0,8184,180.0
982,0,8185,180.0
982,0,8202,180.0
982,0,8362,180.0
982,0,8377,180.0
982,0,8378,180.0
982,0,8379,180.0
982,0,8380,180.0
982,0,8381,180.0
982,0,8382,180.0
982,0,8383,180.0
982,0,8384,180.0
982,0,8385,180.0
982,0,8386,180.0
982,0,8387,180.0
982,0,8388,180.0
982,0,8389,180.0
982,0,8605,180.0
935,1,114,182.5
935,1,115,182.5
935,1,116,182.5
935,1,117,182.5
935,1,118,182.5
935,1,119,182.5
935,1,120,182.5
935,1,121,182.5
935,1,1277,182.5
935,1,130,182.5
935,1,131,182.5
935,1,144,182.5
935,1,145,182.5
935,1,158,182.5
935,1,159,182.5
935,1,161,182.5
935,1,162,182.5
935,1,163,182.5
935,1,164,182.5
935,1,172,182.5
935,1,1838,182.5
935,1,1840,182.5
935,1,1841,182.5
935,1,1842,182.5
935,1,1843,182.5
935,1,1844,182.5
935,1,1911,182.5
935,1,1913,182.5
935,1,1914,182.5
935,1,373,182.5
935,1,394,182.5
935,1,445,182.5
935,1,446,182.5
935,1,447,182.5
935,1,448,182.5
935,1,449,182.5
935,1,4536,182.5
935,1,4537,182.5
935,1,4626,182.5
935,1,4627,182.5
935,1,4628,182.5
935,1,4629,182.5
935,1,4630,182.5
935,1,4631,182.5
935,1,4632,182.5
935,1,4633,182.5
935,1,4634,182.5
935,1,4635,182.5
935,1,4636,182.5
935,1,4637,182.5
935,1,4638,182.5
935,1,4639,182.5
935,1,4640,182.5
935,1,4641,182.5
935,1,4642,182.5
935,1,4643,182.5
935,1,4688,182.5
935,1,4692,182.5
935,1,4693,182.5
935,1,4694,182.5
935,1,4695,182.5
935,1,790,182.5
935,1,791,182.5
935,1,792,182.5
935,1,793,182.5
935,1,795,182.5
935,1,8234,182.5
935,1,8235,182.5
484,0,102,183.0
484,0,103,183.0
484,0,1031,183.0
484,0,1032,183.0
484,0,1033,183.0
484,0,1034,183.0
484,0,1035,183.0
484,0,1040,183.0
484,0,1041,183.0
484,0,1043,183.0
484,0,1044,183.0
484,0,1045,183.0
484,0,1047,183.0
484,0,1048,183.0
484,0,105,183.0
484,0,106,183.0
484,0,107,183.0
484,0,1204,183.0
484,0,1742,183.0
484,0,264,183.0
484,0,35,183.0
484,0,3855,183.0
484,0,5123,183.0
484,0,5124,183.0
484,0,5125,183.0
484,0,5126,183.0
484,0,5127,183.0
484,0,5128,183.0
484,0,5129,183.0
484,0,5130,183.0
484,0,5131,183.0
484,0,5132,183.0
484,0,5133,183.0
484,0,5134,183.0
484,0,5135,183.0
484,0,5136,183.0
484,0,5137,183.0
484,0,5138,183.0
484,0,5140,183.0
484,0,5141,183.0
484,0,5143,183.0
484,0,5144,183.0
484,0,5145,183.0
484,0,5149,183.0
484,0,5844,183.0
484,0,6467,183.0
484,0,6560,183.0
484,0,6566,183.0
484,0,6567,183.0
484,0,6568,183.0
484,0,6596,183.0
484,0,728,183.0
484,0,729,183.0
484,0,730,183.0
484,0,731,183.0
484,0,732,183.0
484,0,939,183.0
484,0,940,183.0
484,0,941,183.0
484,0,942,183.0
484,0,943,183.0
484,0,944,183.0
484,0,945,183.0
484,0,946,183.0
484,0,947,183.0
484,0,948,183.0
484,0,972,183.0
484,0,973,183.0
485,1,103,183.0
485,1,1031,183.0
485,1,1036,183.0
485,1,1037,183.0
485,1,1038,183.0
485,1,105,183.0
485,1,1050,183.0
485,1,1051,183.0
485,1,1052,183.0
485,1,1053,183.0
485,1,1056,183.0
485,1,107,183.0
485,1,1204,183.0
485,1,1737,183.0
485,1,1743,183.0
485,1,1744,183.0
485,1,1746,183.0
485,1,1827,183.0
485,1,304,183.0
485,1,319,183.0
485,1,321,183.0
485,1,40,183.0
485,1,461,183.0
485,1,5123,183.0
485,1,5124,183.0
485,1,5125,183.0
485,1,5126,183.0
485,1,5127,183.0
485,1,5128,183.0
485,1,5129,183.0
485,1,5130,183.0
485,1,5132,183.0
485,1,5153,183.0
485,1,5154,183.0
485,1,5155,183.0
485,1,5156,183.0
485,1,5158,183.0
485,1,5159,183.0
485,1,5160,183.0
485,1,5161,183.0
485,1,5162,183.0
485,1,5163,183.0
485,1,5164,183.0
485,1,5165,183.0
485,1,5166,183.0
485,1,5167,183.0
485,1,5168,183.0
485,1,5169,183.0
485,1,5170,183.0
485,1,5172,183.0
485,1,6575,183.0
485,1,734,183.0
485,1,735,183.0
485,1,736,183.0
485,1,737,183.0
485,1,738,183.0
485,1,739,183.0
485,1,949,183.0
485,1,950,183.0
485,1,951,183.0
485,1,952,183.0
485,1,953,183.0
485,1,954,183.0
485,1,955,183.0
485,1,956,183.0
485,1,957,183.0
485,1,958,183.0
485,1,959,183.0
485,1,974,183.0
766,0,2142,183.0
766,0,2143,183.0
766,0,2144,183.0
766,0,2145,183.0
766,0,2146,183.0
766,0,2147,183.0
766,0,2148,183.0
766,0,2149,183.0
766,0,5822,183.0
766,0,6542,183.0
766,0,6906,183.0
766,0,698,183.0
766,0,699,183.0
766,0,700,183.0
766,0,701,183.0
766,0,702,183.0
766,0,703,183.0
766,0,704,183.0
766,0,761,183.0
766,0,762,183.0
766,0,763,183.0
766,0,764,183.0
766,0,765,183.0
766,0,862,183.0
766,0,865,183.0
766,0,868,183.0
766,0,869,183.0
766,0,870,183.0
766,0,873,183.0
766,0,883,183.0
766,0,884,183.0
766,0,886,183.0
766,0,888,183.0
766,0,932,183.0
766,0,966,183.0
766,0,967,183.0
766,0,968,183.0
17,1,106797,183.75
17,1,149,183.75
17,1,150,183.75
17,1,151,183.75
17,1,152,183.75
17,1,200,183.75
17,1,218,183.75
17,1,219,183.75
17,1,220,183.75
17,1,221,183.75
17,1,222,183.75
17,1,223,183.75
17,1,224,183.75
17,1,248,183.75
17,1,253,183.75
17,1,257,183.75
17,1,276,183.75
17,1,277,183.75
17,1,278,183.75
17,1,281,183.75
17,1,283,183.75
17,1,285,183.75
17,1,289,183.75
17,1,290,183.75
17,1,291,183.75
17,1,292,183.75
17,1,295,183.75
17,1,297,183.75
17,1,299,183.75
17,1,300,183.75
17,1,301,183.75
17,1,302,183.75
17,1,303,183.75
17,1,305,183.75
17,1,306,183.75
17,1,307,183.75
17,1,308,183.75
17,1,309,183.75
17,1,310,183.75
17,1,311,183.75
17,1,312,183.75
17,1,313,183.75
17,1,314,183.75
17,1,315,183.75
17,1,316,183.75
17,1,317,183.75
17,1,3855,183.75
17,1,40,183.75
17,1,41,183.75
17,1,42,183.75
17,1,43,183.75
17,1,44,183.75
17,1,45,183.75
17,1,4533,183.75
17,1,6467,183.75
17,1,8202,183.75
62,0,106808,185.0
62,0,1266,185.0
62,0,129,185.0
62,0,2105,185.0
62,0,248,185.0
62,0,249,185.0
62,0,250,185.0
62,0,251,185.0
62,0,252,185.0
62,0,254,185.0
62,0,255,185.0
62,0,256,185.0
62,0,274,185.0
62,0,310,185.0
62,0,327,185.0
62,0,3315,185.0
62,0,3354,185.0
62,0,3830,185.0
62,0,385,185.0
62,0,387,185.0
62,0,388,185.0
62,0,391,185.0
62,0,6328,185.0
62,0,727,185.0
62,0,729,185.0
62,0,730,185.0
62,0,731,185.0
62,0,732,185.0
62,0,772,185.0
62,0,773,185.0
62,0,774,185.0
62,0,775,185.0
62,0,776,185.0
62,0,778,185.0
62,0,779,185.0
62,0,780,185.0
62,0,782,185.0
62,0,783,185.0
62,0,784,185.0
62,0,786,185.0
62,0,788,185.0
62,0,789,185.0
62,0,794,185.0
62,0,796,185.0
62,0,797,185.0
62,0,798,185.0
62,0,799,185.0
62,0,804,185.0
983,1,149,185.0
983,1,150,185.0
983,1,151,185.0
983,1,152,185.0
983,1,1976,185.0
983,1,1979,185.0
983,1,1980,185.0
983,1,1981,185.0
983,1,1982,185.0
983,1,1983,185.0
983,1,1984,185.0
983,1,1985,185.0
983,1,1986,185.0
983,1,1987,185.0
983,1,1988,185.0
983,1,1989,185.0
983,1,217,185.0
983,1,218,185.0
983,1,219,185.0
983,1,220,185.0
983,1,221,185.0
983,1,222,185.0
983,1,223,185.0
983,1,224,185.0
983,1,225,185.0
983,1,283,185.0
983,1,284,185.0
983,1,285,185.0
983,1,287,185.0
983,1,288,185.0
983,1,3179,185.0
983,1,4533,185.0
983,1,4702,185.0
983,1,8179,185.0
983,1,8181,185.0
983,1,8183,185.0
983,1,8184,185.0
983,1,8186,185.0
983,1,8188,185.0
983,1,8189,185.0
983,1,8204,185.0
983,1,8362,185.0
983,1,8364,185.0
983,1,8365,185.0
983,1,8366,185.0
983,1,8367,185.0
983,1,8368,185.0
983,1,8369,185.0
983,1,8370,185.0
983,1,8371,185.0
983,1,8372,185.0
983,1,8373,185.0
983,1,8374,185.0
983,1,8375,185.0
983,1,8376,185.0
767,1,2185,186.0
767,1,2186,186.0
767,1,2187,186.0
767,1,2188,186.0
767,1,2189,186.0
767,1,2190,186.0
767,1,2191,186.0
767,1,2192,186.0
767,1,2193,186.0
767,1,2194,186.0
767,1,5823,186.0
767,1,5824,186.0
767,1,6543,186.0
767,1,698,186.0
767,1,699,186.0
767,1,700,186.0
767,1,701,186.0
767,1,702,186.0
767,1,703,186.0
767,1,704,186.0
767,1,7222,186.0
767,1,761,186.0
767,1,763,186.0
767,1,769,186.0
767,1,770,186.0
767,1,771,186.0
767,1,861,186.0
767,1,866,186.0
767,1,867,186.0
767,1,882,186.0
767,1,884,186.0
767,1,885,186.0
767,1,887,186.0
767,1,978,186.0
767,1,979,186.0
767,1,980,186.0
767,1,981,186.0
112,0,103,190.0
112,0,106815,190.0
112,0,106816,190.0
112,0,1204,190.0
112,0,1278,190.0
112,0,1279,190.0
112,0,1280,190.0
112,0,1281,190.0
112,0,1282,190.0
112,0,1283,190.0
112,0,1284,190.0
112,0,1285,190.0
112,0,1286,190.0
112,0,1287,190.0
112,0,1288,190.0
112,0,1289,190.0
112,0,1290,190.0
112,0,1291,190.0
112,0,1292,190.0
112,0,1293,190.0
112,0,1294,190.0
112,0,1295,190.0
112,0,1296,190.0
112,0,1297,190.0
112,0,1298,190.0
112,0,1299,190.0
112,0,1300,190.0
112,0,1301,190.0
112,0,1302,190.0
112,0,1303,190.0
112,0,1305,190.0
112,0,1306,190.0
112,0,1307,190.0
112,0,1308,190.0
112,0,1309,190.0
112,0,1310,190.0
112,0,1311,190.0
112,0,1312,190.0
112,0,1313,190.0
112,0,1314,190.0
112,0,1315,190.0
112,0,1316,190.0
112,0,1317,190.0
112,0,1318,190.0
112,0,1321,190.0
112,0,1322,190.0
112,0,1339,190.0
112,0,319,190.0
112,0,320,190.0
112,0,321,190.0
112,0,349,190.0
112,0,39,190.0
840,0,122,190.0
840,0,123,190.0
840,0,1233,190.0
840,0,1235,190.0
840,0,1236,190.0
840,0,1237,190.0
840,0,1238,190.0
840,0,1239,190.0
840,0,124,190.0
840,0,1240,190.0
840,0,1241,190.0
840,0,1242,190.0
840,0,1249,190.0
840,0,125,190.0
840,0,1251,190.0
840,0,126,190.0
840,0,127,190.0
840,0,129,190.0
840,0,130,190.0
840,0,131,190.0
840,0,208,190.0
840,0,217,190.0
840,0,22,190.0
840,0,23,190.0
840,0,3315,190.0
840,0,3850,190.0
840,0,3851,190.0
840,0,4475,190.0
840,0,4476,190.0
840,0,4477,190.0
840,0,4478,190.0
840,0,4479,190.0
840,0,4480,190.0
840,0,477,190.0
840,0,478,190.0
840,0,479,190.0
840,0,480,190.0
840,0,481,190.0
840,0,482,190.0
840,0,483,190.0
840,0,484,190.0
840,0,485,190.0
840,0,486,190.0
840,0,487,190.0
840,0,488,190.0
840,0,489,190.0
840,0,519,190.0
840,0,520,190.0
840,0,525,190.0
840,0,5272,190.0
840,0,53,190.0
840,0,7774,190.0
840,0,7775,190.0
840,0,7776,190.0
840,0,7777,190.0
841,1,106877,190.0
841,1,124,190.0
841,1,1241,190.0
841,1,1242,190.0
841,1,1243,190.0
841,1,1244,190.0
841,1,1245,190.0
841,1,1246,190.0
841,1,1247,190.0
841,1,1248,190.0
841,1,1249,190.0
841,1,125,190.0
841,1,1250,190.0
841,1,1251,190.0
841,1,1277,190.0
841,1,130,190.0
841,1,131,190.0
841,1,145,190.0
841,1,146,190.0
841,1,147,190.0
841,1,172,190.0
841,1,289,190.0
841,1,3850,190.0
841,1,4504,190.0
841,1,4505,190.0
841,1,4506,190.0
841,1,4507,190.0
841,1,4508,190.0
841,1,492,190.0
841,1,493,190.0
841,1,494,190.0
841,1,495,190.0
841,1,496,190.0
841,1,497,190.0
841,1,498,190.0
841,1,499,190.0
841,1,500,190.0
841,1,501,190.0
841,1,502,190.0
841,1,503,190.0
841,1,504,190.0
841,1,505,190.0
841,1,51,190.0
841,1,52,190.0
841,1,521,190.0
841,1,522,190.0
841,1,527,190.0
841,1,5273,190.0
841,1,528,190.0
841,1,7775,190.0
841,1,7778,190.0
841,1,7779,190.0
841,1,7780,190.0
1022,0,117,191.67
1022,0,118,191.67
1022,0,119,191.67
1022,0,120,191.67
1022,0,121,191.67
1022,0,200,191.67
1022,0,201,191.67
1022,0,202,191.67
1022,0,203,191.67
1022,0,204,191.67
1022,0,205,191.67
1022,0,206,191.67
1022,0,207,191.67
1022,0,208,191.67
1022,0,276,191.67
1022,0,277,191.67
1022,0,290,191.67
1022,0,291,191.67
1022,0,292,191.67
1022,0,3855,191.67
1022,0,6467,191.67
1022,0,8574,191.67
1022,0,8575,191.67
1022,0,8576,191.67
663,1,2185,191.67
663,1,2186,191.67
663,1,2187,191.67
663,1,2188,191.67
663,1,2189,191.67
663,1,2190,191.67
663,1,2191,191.67
663,1,2192,191.67
663,1,2193,191.67
663,1,2194,191.67
663,1,2216,191.67
663,1,5812,191.67
663,1,5823,191.67
663,1,5824,191.67
663,1,6289,191.67
663,1,6299,191.67
663,1,6300,191.67
663,1,6320,191.67
663,1,6452,191.67
663,1,6453,191.67
663,1,6454,191.67
663,1,6455,191.67
663,1,6456,191.67
663,1,6669,191.67
663,1,6671,191.67
663,1,6672,191.67
663,1,6673,191.67
663,1,692,191.67
663,1,693,191.67
663,1,694,191.67
663,1,695,191.67
663,1,696,191.67
663,1,697,191.67
663,1,698,191.67
663,1,699,191.67
663,1,700,191.67
663,1,701,191.67
663,1,702,191.67
663,1,703,191.67
663,1,704,191.67
663,1,705,191.67
663,1,760,191.67
663,1,7732,191.67
663,1,861,191.67
663,1,866,191.67
663,1,867,191.67
663,1,879,191.67
663,1,880,191.67
663,1,882,191.67
663,1,884,191.67
663,1,885,191.67
663,1,887,191.67
663,1,980,191.67
663,1,981,191.67
663,1,982,191.67
663,1,983,191.67
663,1,984,191.67
663,1,985,191.67
661,1,2185,192.5
661,1,2186,192.5
661,1,2187,192.5
661,1,2188,192.5
661,1,2189,192.5
661,1,2190,192.5
661,1,2191,192.5
661,1,2192,192.5
661,1,2193,192.5
661,1,2194,192.5
661,1,5812,192.5
661,1,5823,192.5
661,1,5824,192.5
661,1,6289,192.5
661,1,6299,192.5
661,1,6300,192.5
661,1,6320,192.5
661,1,6452,192.5
661,1,6453,192.5
661,1,6454,192.5
661,1,6455,192.5
661,1,6456,192.5
661,1,6649,192.5
661,1,6655,192.5
661,1,6662,192.5
661,1,6663,192.5
661,1,6664,192.5
661,1,6665,192.5
661,1,6666,192.5
661,1,6667,192.5
661,1,6668,192.5
661,1,6669,192.5
661,1,6671,192.5
661,1,6672,192.5
661,1,6673,192.5
661,1,691,192.5
661,1,695,192.5
661,1,703,192.5
661,1,704,192.5
661,1,705,192.5
661,1,7732,192.5
661,1,861,192.5
661,1,866,192.5
661,1,867,192.5
661,1,879,192.5
661,1,880,192.5
661,1,882,192.5
661,1,884,192.5
661,1,885,192.5
661,1,887,192.5
661,1,9281,192.5
661,1,9282,192.5
661,1,9283,192.5
661,1,9284,192.5
661,1,980,192.5
661,1,981,192.5
661,1,982,192.5
661,1,983,192.5
661,1,984,192.5
661,1,985,192.5
662,0,1033,192.5
662,0,2142,192.5
662,0,2143,192.5
662,0,2144,192.5
662,0,2145,192.5
662,0,2146,192.5
662,0,2147,192.5
662,0,2148,192.5
662,0,2149,192.5
662,0,2227,192.5
662,0,5803,192.5
662,0,5805,192.5
662,0,5822,192.5
662,0,6163,192.5
662,0,6164,192.5
662,0,6290,192.5
662,0,6444,192.5
662,0,6445,192.5
662,0,6446,192.5
662,0,6447,192.5
662,0,6448,192.5
662,0,6449,192.5
662,0,6450,192.5
662,0,6483,192.5
662,0,6657,192.5
662,0,6658,192.5
662,0,6659,192.5
662,0,6660,192.5
662,0,691,192.5
662,0,692,192.5
662,0,693,192.5
662,0,694,192.5
662,0,695,192.5
662,0,696,192.5
662,0,697,192.5
662,0,698,192.5
662,0,699,192.5
662,0,700,192.5
662,0,701,192.5
662,0,702,192.5
662,0,703,192.5
662,0,704,192.5
662,0,705,192.5
662,0,7273,192.5
662,0,862,192.5
662,0,865,192.5
662,0,868,192.5
662,0,869,192.5
662,0,870,192.5
662,0,873,192.5
662,0,875,192.5
662,0,876,192.5
662,0,877,192.5
662,0,883,192.5
662,0,884,192.5
662,0,886,192.5
662,0,888,192.5
662,0,932,192.5
662,0,966,192.5
662,0,986,192.5
59,1,2227,197.5
59,1,2301,197.5
59,1,2302,197.5
59,1,40,197.5
59,1,4549,197.5
59,1,4550,197.5
59,1,4551,197.5
59,1,557,197.5
59,1,692,197.5
59,1,693,197.5
59,1,694,197.5
59,1,696,197.5
59,1,697,197.5
59,1,698,197.5
59,1,701,197.5
59,1,702,197.5
59,1,705,197.5
59,1,7217,197.5
59,1,734,197.5
59,1,735,197.5
59,1,736,197.5
59,1,737,197.5
59,1,738,197.5
59,1,739,197.5
59,1,740,197.5
59,1,742,197.5
59,1,743,197.5
59,1,744,197.5
59,1,745,197.5
59,1,746,197.5
59,1,747,197.5
59,1,748,197.5
59,1,749,197.5
59,1,750,197.5
59,1,751,197.5
59,1,752,197.5
59,1,753,197.5
59,1,754,197.5
59,1,755,197.5
59,1,756,197.5
59,1,757,197.5
59,1,758,197.5
59,1,759,197.5
59,1,760,197.5
499,1,130,198.33
499,1,131,198.33
499,1,144,198.33
499,1,145,198.33
499,1,149,198.33
499,1,150,198.33
499,1,151,198.33
499,1,152,198.33
499,1,153,198.33
499,1,155,198.33
499,1,160,198.33
499,1,165,198.33
499,1,166,198.33
499,1,167,198.33
499,1,168,198.33
499,1,169,198.33
499,1,170,198.33
499,1,171,198.33
499,1,172,198.33
499,1,1838,198.33
499,1,1840,198.33
499,1,1842,198.33
499,1,1843,198.33
499,1,1844,198.33
499,1,1910,198.33
499,1,1911,198.33
499,1,1913,198.33
499,1,1914,198.33
499,1,3315,198.33
499,1,373,198.33
499,1,394,198.33
499,1,445,198.33
499,1,446,198.33
499,1,447,198.33
499,1,448,198.33
499,1,449,198.33
499,1,4533,198.33
499,1,4541,198.33
499,1,4626,198.33
499,1,4627,198.33
499,1,4628,198.33
499,1,4629,198.33
499,1,4630,198.33
499,1,4631,198.33
499,1,4632,198.33
499,1,4633,198.33
499,1,4634,198.33
499,1,4635,198.33
499,1,4636,198.33
499,1,4637,198.33
499,1,4638,198.33
499,1,4639,198.33
499,1,4640,198.33
499,1,4641,198.33
499,1,4642,198.33
499,1,4643,198.33
499,1,4688,198.33
499,1,4692,198.33
499,1,4693,198.33
499,1,4694,198.33
499,1,4695,198.33
499,1,5298,198.33
499,1,5300,198.33
499,1,5324,198.33
499,1,5325,198.33
499,1,5326,198.33
499,1,5327,198.33
499,1,5328,198.33
499,1,5329,198.33
499,1,5330,198.33
499,1,5331,198.33
499,1,5332,198.33
499,1,5333,198.33
499,1,5334,198.33
499,1,5335,198.33
499,1,5336,198.33
499,1,5337,198.33
499,1,5338,198.33
499,1,5339,198.33
499,1,5340,198.33
499,1,5341,198.33
499,1,5342,198.33
499,1,5343,198.33
499,1,5344,198.33
499,1,5345,198.33
499,1,5346,198.33
499,1,795,198.33
499,1,796,198.33
499,1,797,198.33
499,1,798,198.33
499,1,799,198.33
934,0,106462,198.75
934,0,126,198.75
934,0,1266,198.75
934,0,129,198.75
934,0,149,198.75
934,0,150,198.75
934,0,152,198.75
934,0,153,198.75
934,0,155,198.75
934,0,160,198.75
934,0,165,198.75
934,0,166,198.75
934,0,167,198.75
934,0,168,198.75
934,0,169,198.75
934,0,170,198.75
934,0,171,198.75
934,0,1836,198.75
934,0,1837,198.75
934,0,1838,198.75
934,0,1839,198.75
934,0,1840,198.75
934,0,1841,198.75
934,0,1842,198.75
934,0,1843,198.75
934,0,1844,198.75
934,0,3315,198.75
934,0,3830,198.75
934,0,399,198.75
934,0,400,198.75
934,0,401,198.75
934,0,402,198.75
934,0,4533,198.75
934,0,4541,198.75
934,0,4542,198.75
934,0,4607,198.75
934,0,4608,198.75
934,0,4609,198.75
934,0,4610,198.75
934,0,4611,198.75
934,0,4612,198.75
934,0,4613,198.75
934,0,4614,198.75
934,0,4615,198.75
934,0,4616,198.75
934,0,4617,198.75
934,0,4618,198.75
934,0,4619,198.75
934,0,4620,198.75
934,0,4621,198.75
934,0,4622,198.75
934,0,4623,198.75
934,0,4624,198.75
934,0,4625,198.75
934,0,4687,198.75
934,0,4688,198.75
934,0,4689,198.75
934,0,4690,198.75
934,0,4705,198.75
934,0,794,198.75
934,0,796,198.75
934,0,797,198.75
934,0,798,198.75
934,0,799,198.75
934,0,8061,198.75
934,0,8234,198.75
934,0,8235,198.75
113,1,105,200.0
113,1,107,200.0
113,1,108,200.0
113,1,1278,200.0
113,1,1323,200.0
113,1,1324,200.0
113,1,1325,200.0
113,1,1326,200.0
113,1,1327,200.0
113,1,1328,200.0
113,1,1329,200.0
113,1,1330,200.0
113,1,1331,200.0
113,1,1332,200.0
113,1,1334,200.0
113,1,1335,200.0
113,1,1336,200.0
113,1,1337,200.0
113,1,1338,200.0
113,1,1339,200.0
113,1,1340,200.0
113,1,1341,200.0
113,1,1342,200.0
113,1,1343,200.0
113,1,1344,200.0
113,1,1345,200.0
113,1,1346,200.0
113,1,1347,200.0
113,1,1348,200.0
113,1,1349,200.0
113,1,1350,200.0
113,1,1351,200.0
113,1,1352,200.0
113,1,1353,200.0
113,1,1354,200.0
113,1,1355,200.0
113,1,1356,200.0
113,1,1357,200.0
113,1,1358,200.0
113,1,1359,200.0
113,1,1360,200.0
113,1,1361,200.0
113,1,1362,200.0
113,1,1363,200.0
113,1,1364,200.0
113,1,1375,200.0
113,1,2178,200.0
113,1,2230,200.0
113,1,3212,200.0
113,1,3857,200.0
16,0,106797,200.0
16,0,106808,200.0
16,0,106809,200.0
16,0,106810,200.0
16,0,106811,200.0
16,0,117,200.0
16,0,118,200.0
16,0,119,200.0
16,0,120,200.0
16,0,121,200.0
16,0,201,200.0
16,0,202,200.0
16,0,203,200.0
16,0,204,200.0
16,0,205,200.0
16,0,206,200.0
16,0,207,200.0
16,0,215,200.0
16,0,216,200.0
16,0,217,200.0
16,0,225,200.0
16,0,248,200.0
16,0,249,200.0
16,0,250,200.0
16,0,251,200.0
16,0,252,200.0
16,0,254,200.0
16,0,255,200.0
16,0,256,200.0
16,0,257,200.0
16,0,258,200.0
16,0,259,200.0
16,0,260,200.0
16,0,261,200.0
16,0,262,200.0
16,0,263,200.0
16,0,265,200.0
16,0,266,200.0
16,0,267,200.0
16,0,268,200.0
16,0,269,200.0
16,0,270,200.0
16,0,271,200.0
16,0,274,200.0
16,0,275,200.0
16,0,282,200.0
16,0,284,200.0
16,0,287,200.0
16,0,288,200.0
16,0,294,200.0
16,0,31,200.0
16,0,3179,200.0
16,0,32,200.0
16,0,33,200.0
16,0,3354,200.0
16,0,34,200.0
16,0,8605,200.0
659,0,1033,200.0
659,0,2142,200.0
659,0,2143,200.0
659,0,2144,200.0
659,0,2145,200.0
659,0,2146,200.0
659,0,2147,200.0
659,0,2148,200.0
659,0,2149,200.0
659,0,5803,200.0
659,0,5805,200.0
659,0,5822,200.0
659,0,6163,200.0
659,0,6164,200.0
659,0,6290,200.0
659,0,6444,200.0
659,0,6445,200.0
659,0,6446,200.0
659,0,6447,200.0
659,0,6448,200.0
659,0,6449,200.0
659,0,6450,200.0
659,0,6483,200.0
659,0,6647,200.0
659,0,6648,200.0
659,0,6649,200.0
659,0,6650,200.0
659,0,6651,200.0
659,0,6652,200.0
659,0,6653,200.0
659,0,6654,200.0
659,0,6655,200.0
659,0,6657,200.0
659,0,6658,200.0
659,0,6659,200.0
659,0,6660,200.0
659,0,691,200.0
659,0,695,200.0
659,0,702,200.0
659,0,703,200.0
659,0,704,200.0
659,0,705,200.0
659,0,7273,200.0
659,0,862,200.0
659,0,865,200.0
659,0,868,200.0
659,0,869,200.0
659,0,870,200.0
659,0,873,200.0
659,0,875,200.0
659,0,876,200.0
659,0,877,200.0
659,0,883,200.0
659,0,884,200.0
659,0,886,200.0
659,0,888,200.0
659,0,9281,200.0
659,0,9282,200.0
659,0,9283,200.0
659,0,9284,200.0
659,0,932,200.0
659,0,966,200.0
659,0,986,200.0
921,1,130,200.0
921,1,131,200.0
921,1,143,200.0
921,1,144,200.0
921,1,145,200.0
921,1,149,200.0
921,1,150,200.0
921,1,151,200.0
921,1,152,200.0
921,1,1976,200.0
921,1,1979,200.0
921,1,1980,200.0
921,1,1981,200.0
921,1,1982,200.0
921,1,1983,200.0
921,1,1984,200.0
921,1,1985,200.0
921,1,1986,200.0
921,1,1987,200.0
921,1,1988,200.0
921,1,1989,200.0
921,1,218,200.0
921,1,219,200.0
921,1,220,200.0
921,1,221,200.0
921,1,222,200.0
921,1,223,200.0
921,1,224,200.0
921,1,225,200.0
921,1,283,200.0
921,1,284,200.0
921,1,285,200.0
921,1,287,200.0
921,1,288,200.0
921,1,3179,200.0
921,1,3315,200.0
921,1,394,200.0
921,1,445,200.0
921,1,446,200.0
921,1,447,200.0
921,1,448,200.0
921,1,449,200.0
921,1,4533,200.0
921,1,795,200.0
921,1,796,200.0
921,1,797,200.0
921,1,798,200.0
921,1,799,200.0
921,1,8166,200.0
921,1,8167,200.0
921,1,8173,200.0
921,1,8181,200.0
921,1,8183,200.0
921,1,8184,200.0
921,1,8186,200.0
921,1,8188,200.0
921,1,8189,200.0
921,1,8190,200.0
921,1,8191,200.0
921,1,8192,200.0
921,1,8193,200.0
921,1,8194,200.0
921,1,8195,200.0
921,1,8196,200.0
921,1,8199,200.0
921,1,8204,200.0
961,0,118,200.0
961,0,119,200.0
961,0,120,200.0
961,0,121,200.0
961,0,122,200.0
961,0,123,200.0
961,0,124,200.0
961,0,125,200.0
961,0,126,200.0
961,0,127,200.0
961,0,129,200.0
961,0,1788,200.0
961,0,1917,200.0
961,0,1918,200.0
961,0,1919,200.0
961,0,1920,200.0
961,0,1921,200.0
961,0,1923,200.0
961,0,196,200.0
961,0,1967,200.0
961,0,1968,200.0
961,0,1969,200.0
961,0,197,200.0
961,0,1970,200.0
961,0,1971,200.0
961,0,1972,200.0
961,0,1973,200.0
961,0,1974,200.0
961,0,1975,200.0
961,0,1976,200.0
961,0,1977,200.0
961,0,1978,200.0
961,0,198,200.0
961,0,199,200.0
961,0,200,200.0
961,0,277,200.0
961,0,278,200.0
961,0,281,200.0
961,0,282,200.0
961,0,3315,200.0
961,0,3798,200.0
961,0,3799,200.0
961,0,3800,200.0
961,0,3801,200.0
961,0,3820,200.0
961,0,793,200.0
961,0,794,200.0
961,0,8202,200.0
961,0,8332,200.0
961,0,8333,200.0
961,0,8605,200.0
575,0,1040,201.67
575,0,1041,201.67
575,0,106831,201.67
575,0,4720,201.67
575,0,4721,201.67
575,0,4722,201.67
575,0,4723,201.67
575,0,4724,201.67
575,0,4725,201.67
575,0,4727,201.67
575,0,4728,201.67
575,0,4729,201.67
575,0,4730,201.67
575,0,4732,201.67
575,0,4733,201.67
575,0,4734,201.67
575,0,4735,201.67
575,0,4736,201.67
575,0,4737,201.67
575,0,4738,201.67
575,0,4739,201.67
575,0,4740,201.67
575,0,4741,201.67
575,0,4742,201.67
575,0,4743,201.67
575,0,5144,201.67
575,0,5145,201.67
575,0,5149,201.67
575,0,5844,201.67
575,0,5912,201.67
575,0,5913,201.67
575,0,5914,201.67
575,0,5915,201.67
575,0,5916,201.67
575,0,5917,201.67
575,0,5918,201.67
575,0,5919,201.67
575,0,5920,201.67
575,0,5921,201.67
575,0,5922,201.67
575,0,5923,201.67
575,0,5924,201.67
575,0,5925,201.67
575,0,5926,201.67
575,0,5927,201.67
575,0,5928,201.67
575,0,5929,201.67
575,0,5930,201.67
575,0,5931,201.67
575,0,5932,201.67
575,0,5958,201.67
575,0,5959,201.67
575,0,5960,201.67
575,0,5961,201.67
575,0,5962,201.67
575,0,5963,201.67
575,0,5964,201.67
575,0,5965,201.67
575,0,5966,201.67
575,0,6566,201.67
575,0,6567,201.67
575,0,6568,201.67
575,0,6603,201.67
575,0,6605,201.67
575,0,7259,201.67
58,0,2216,202.5
58,0,2217,202.5
58,0,2218,202.5
58,0,2226,202.5
58,0,35,202.5
58,0,3855,202.5
58,0,4527,202.5
58,0,4532,202.5
58,0,6467,202.5
58,0,691,202.5
58,0,692,202.5
58,0,693,202.5
58,0,694,202.5
58,0,699,202.5
58,0,700,202.5
58,0,701,202.5
58,0,702,202.5
58,0,703,202.5
58,0,704,202.5
58,0,706,202.5
58,0,707,202.5
58,0,708,202.5
58,0,709,202.5
58,0,710,202.5
58,0,711,202.5
58,0,712,202.5
58,0,713,202.5
58,0,714,202.5
58,0,715,202.5
58,0,716,202.5
58,0,717,202.5
58,0,718,202.5
58,0,719,202.5
58,0,720,202.5
58,0,721,202.5
58,0,722,202.5
58,0,723,202.5
58,0,726,202.5
58,0,727,202.5
58,0,729,202.5
58,0,730,202.5
58,0,731,202.5
58,0,732,202.5
58,0,733,202.5
58,0,741,202.5
58,0,766,202.5
1032,0,149,205.0
1032,0,150,205.0
1032,0,152,205.0
1032,0,153,205.0
1032,0,155,205.0
1032,0,160,205.0
1032,0,165,205.0
1032,0,166,205.0
1032,0,167,205.0
1032,0,168,205.0
1032,0,169,205.0
1032,0,170,205.0
1032,0,171,205.0
1032,0,217,205.0
1032,0,4533,205.0
1032,0,4541,205.0
1032,0,4542,205.0
1032,0,4624,205.0
1032,0,4625,205.0
1032,0,8594,205.0
1032,0,8595,205.0
1032,0,8596,205.0
1032,0,8597,205.0
1032,0,8598,205.0
1032,0,8599,205.0
580,1,589,208.33
580,1,594,208.33
580,1,5995,208.33
580,1,5996,208.33
580,1,5997,208.33
580,1,5999,208.33
580,1,6,208.33
580,1,600,208.33
580,1,6000,208.33
580,1,6001,208.33
580,1,6002,208.33
580,1,6003,208.33
580,1,6004,208.33
580,1,6005,208.33
580,1,6006,208.33
580,1,6007,208.33
580,1,6008,208.33
580,1,6009,208.33
580,1,601,208.33
580,1,6010,208.33
580,1,6011,208.33
580,1,6012,208.33
580,1,6013,208.33
580,1,603,208.33
580,1,604,208.33
580,1,605,208.33
580,1,606,208.33
580,1,607,208.33
580,1,608,208.33
580,1,62,208.33
580,1,7,208.33
580,1,7704,208.33
580,1,7920,208.33
580,1,8,208.33
713,1,4771,209.78
287,0,106823,210.0
287,0,107,210.0
287,0,1711,210.0
287,0,1827,210.0
287,0,2230,210.0
287,0,3088,210.0
287,0,3089,210.0
287,0,3090,210.0
287,0,3091,210.0
287,0,3092,210.0
287,0,3093,210.0
287,0,3094,210.0
287,0,3096,210.0
287,0,3097,210.0
287,0,3099,210.0
287,0,3100,210.0
287,0,3101,210.0
287,0,3128,210.0
287,0,3129,210.0
287,0,3130,210.0
287,0,3135,210.0
287,0,3217,210.0
287,0,3218,210.0
287,0,3219,210.0
287,0,3220,210.0
287,0,3221,210.0
287,0,3222,210.0
287,0,3223,210.0
287,0,3224,210.0
287,0,3225,210.0
287,0,3226,210.0
287,0,3227,210.0
287,0,3228,210.0
287,0,3229,210.0
287,0,3230,210.0
287,0,3231,210.0
287,0,3232,210.0
287,0,3254,210.0
287,0,409,210.0
287,0,462,210.0
287,0,463,210.0
287,0,464,210.0
288,1,106823,210.0
288,1,1639,210.0
288,1,1640,210.0
288,1,1641,210.0
288,1,3089,210.0
288,1,3095,210.0
288,1,3102,210.0
288,1,3103,210.0
288,1,3104,210.0
288,1,3105,210.0
288,1,3107,210.0
288,1,3128,210.0
288,1,3129,210.0
288,1,3130,210.0
288,1,3131,210.0
288,1,3132,210.0
288,1,3134,210.0
288,1,3135,210.0
288,1,3136,210.0
288,1,319,210.0
288,1,3218,210.0
288,1,3220,210.0
288,1,3222,210.0
288,1,3229,210.0
288,1,3230,210.0
288,1,3231,210.0
288,1,3232,210.0
288,1,3246,210.0
288,1,3254,210.0
288,1,3256,210.0
288,1,3257,210.0
288,1,3258,210.0
288,1,3259,210.0
288,1,3260,210.0
288,1,3261,210.0
288,1,3262,210.0
288,1,3263,210.0
288,1,3264,210.0
288,1,409,210.0
288,1,460,210.0
288,1,461,210.0
994,0,117,210.0
994,0,118,210.0
994,0,119,210.0
994,0,120,210.0
994,0,121,210.0
994,0,1967,210.0
994,0,1968,210.0
994,0,1969,210.0
994,0,1970,210.0
994,0,1971,210.0
994,0,1972,210.0
994,0,1973,210.0
994,0,1974,210.0
994,0,1975,210.0
994,0,1976,210.0
994,0,1977,210.0
994,0,1978,210.0
994,0,200,210.0
994,0,201,210.0
994,0,202,210.0
994,0,203,210.0
994,0,204,210.0
994,0,205,210.0
994,0,206,210.0
994,0,207,210.0
994,0,208,210.0
994,0,276,210.0
994,0,277,210.0
994,0,278,210.0
994,0,281,210.0
994,0,282,210.0
994,0,290,210.0
994,0,291,210.0
994,0,292,210.0
994,0,3855,210.0
994,0,6467,210.0
994,0,8202,210.0
994,0,8427,210.0
994,0,8428,210.0
994,0,8429,210.0
994,0,8430,210.0
994,0,8431,210.0
994,0,8432,210.0
994,0,8433,210.0
994,0,8434,210.0
994,0,8435,210.0
994,0,8438,210.0
994,0,8439,210.0
994,0,8605,210.0
683,1,124,215.0
683,1,125,215.0
683,1,1252,215.0
683,1,1277,215.0
683,1,130,215.0
683,1,131,215.0
683,1,133,215.0
683,1,134,215.0
683,1,135,215.0
683,1,136,215.0
683,1,137,215.0
683,1,138,215.0
683,1,139,215.0
683,1,141,215.0
683,1,142,215.0
683,1,145,215.0
683,1,146,215.0
683,1,147,215.0
683,1,172,215.0
683,1,289,215.0
683,1,290,215.0
683,1,291,215.0
683,1,304,215.0
683,1,41,215.0
683,1,5424,215.0
683,1,6788,215.0
683,1,6789,215.0
683,1,6791,215.0
683,1,6792,215.0
683,1,6793,215.0
683,1,6794,215.0
683,1,6795,215.0
683,1,6797,215.0
683,1,6798,215.0
683,1,6799,215.0
683,1,6831,215.0
683,1,7088,215.0
683,1,7089,215.0
683,1,7091,215.0
683,1,7094,215.0
683,1,734,215.0
683,1,735,215.0
683,1,736,215.0
683,1,737,215.0
683,1,738,215.0
683,1,739,215.0
683,1,863,215.0
683,1,887,215.0
683,1,888,215.0
683,1,889,215.0
683,1,893,215.0
683,1,937,215.0
683,1,938,215.0
683,1,950,215.0
683,1,951,215.0
683,1,952,215.0
683,1,953,215.0
683,1,954,215.0
683,1,955,215.0
683,1,956,215.0
683,1,957,215.0
683,1,958,215.0
683,1,959,215.0
683,1,960,215.0
683,1,961,215.0
683,1,962,215.0
1274,0,106604,216.67
1274,0,106605,216.67
1274,0,106606,216.67
1274,0,106607,216.67
1274,0,106608,216.67
1274,0,106609,216.67
1274,0,106610,216.67
1274,0,106611,216.67
1274,0,106612,216.67
1274,0,106613,216.67
1274,0,106614,216.67
1274,0,106615,216.67
1274,0,106616,216.67
1274,0,106617,216.67
1274,0,106618,216.67
1274,0,106619,216.67
1274,0,106620,216.67
1274,0,106621,216.67
1274,0,106622,216.67
1274,0,106623,216.67
1274,0,106624,216.67
1274,0,106625,216.67
1274,0,106626,216.67
1274,0,106627,216.67
1274,0,106628,216.67
1274,0,106629,216.67
1274,0,106630,216.67
1274,0,106631,216.67
1274,0,106632,216.67
1274,0,106633,216.67
1274,0,106634,216.67
1274,0,106635,216.67
1274,0,106636,216.67
1274,0,106637,216.67
1274,0,106638,216.67
1274,0,106639,216.67
1274,0,106640,216.67
1274,0,106641,216.67
1274,0,106642,216.67
1274,0,106643,216.67
1274,0,3729,216.67
1274,0,3730,216.67
1274,0,4351,216.67
989,1,117,217.5
989,1,118,217.5
989,1,119,217.5
989,1,120,217.5
989,1,121,217.5
989,1,1976,217.5
989,1,1979,217.5
989,1,1980,217.5
989,1,1981,217.5
989,1,1982,217.5
989,1,1983,217.5
989,1,1984,217.5
989,1,1985,217.5
989,1,1986,217.5
989,1,1987,217.5
989,1,1988,217.5
989,1,1989,217.5
989,1,201,217.5
989,1,202,217.5
989,1,204,217.5
989,1,205,217.5
989,1,206,217.5
989,1,207,217.5
989,1,217,217.5
989,1,225,217.5
989,1,283,217.5
989,1,284,217.5
989,1,287,217.5
989,1,288,217.5
989,1,3179,217.5
989,1,3838,217.5
989,1,4659,217.5
989,1,4702,217.5
989,1,8179,217.5
989,1,8181,217.5
989,1,8183,217.5
989,1,8184,217.5
989,1,8186,217.5
989,1,8188,217.5
989,1,8189,217.5
989,1,8204,217.5
989,1,8362,217.5
989,1,8364,217.5
989,1,8365,217.5
989,1,8366,217.5
989,1,8367,217.5
989,1,8368,217.5
989,1,8369,217.5
989,1,8370,217.5
989,1,8371,217.5
989,1,8372,217.5
989,1,8373,217.5
989,1,8376,217.5
989,1,8390,217.5
989,1,8391,217.5
989,1,8392,217.5
989,1,8394,217.5
989,1,8398,217.5
989,1,8400,217.5
989,1,8405,217.5
989,1,8409,217.5
989,1,8411,217.5
989,1,8412,217.5
989,1,8413,217.5
989,1,8414,217.5
989,1,8415,217.5
989,1,8416,217.5
989,1,8417,217.5
989,1,8418,217.5
989,1,8419,217.5
989,1,8422,217.5
989,1,8605,217.5
415,1,149,225.0
415,1,150,225.0
415,1,152,225.0
415,1,153,225.0
415,1,155,225.0
415,1,165,225.0
415,1,166,225.0
415,1,167,225.0
415,1,168,225.0
415,1,169,225.0
415,1,170,225.0
415,1,2219,225.0
415,1,2221,225.0
415,1,2301,225.0
415,1,2302,225.0
415,1,2303,225.0
415,1,2305,225.0
415,1,289,225.0
415,1,290,225.0
415,1,291,225.0
415,1,292,225.0
415,1,3354,225.0
415,1,3834,225.0
415,1,4533,225.0
415,1,4537,225.0
415,1,4539,225.0
415,1,4541,225.0
415,1,4542,225.0
415,1,4545,225.0
415,1,4549,225.0
415,1,4550,225.0
415,1,4551,225.0
415,1,4553,225.0
415,1,6467,225.0
415,1,700,225.0
415,1,701,225.0
415,1,702,225.0
415,1,705,225.0
415,1,719,225.0
415,1,733,225.0
415,1,734,225.0
415,1,735,225.0
415,1,736,225.0
415,1,737,225.0
415,1,738,225.0
415,1,739,225.0
415,1,740,225.0
415,1,744,225.0
415,1,745,225.0
415,1,747,225.0
415,1,749,225.0
415,1,750,225.0
415,1,751,225.0
415,1,752,225.0
415,1,753,225.0
415,1,754,225.0
415,1,755,225.0
415,1,756,225.0
415,1,757,225.0
415,1,758,225.0
415,1,759,225.0
415,1,761,225.0
415,1,767,225.0
415,1,769,225.0
415,1,770,225.0
579,0,584,225.0
579,0,585,225.0
579,0,586,225.0
579,0,587,225.0
579,0,588,225.0
579,0,590,225.0
579,0,591,225.0
579,0,592,225.0
579,0,593,225.0
579,0,594,225.0
579,0,5971,225.0
579,0,5972,225.0
579,0,5973,225.0
579,0,5974,225.0
579,0,5975,225.0
579,0,5976,225.0
579,0,5977,225.0
579,0,5978,225.0
579,0,5979,225.0
579,0,5980,225.0
579,0,5981,225.0
579,0,5982,225.0
579,0,5983,225.0
579,0,5984,225.0
579,0,5985,225.0
579,0,5986,225.0
579,0,5987,225.0
579,0,5988,225.0
579,0,5989,225.0
579,0,5990,225.0
579,0,5991,225.0
579,0,5992,225.0
579,0,5993,225.0
579,0,5994,225.0
610,1,100,225.0
610,1,101,225.0
610,1,3846,225.0
610,1,3847,225.0
610,1,3848,225.0
610,1,5298,225.0
610,1,5300,225.0
610,1,5327,225.0
610,1,5328,225.0
610,1,5329,225.0
610,1,5330,225.0
610,1,5331,225.0
610,1,5332,225.0
610,1,5333,225.0
610,1,5334,225.0
610,1,5335,225.0
610,1,5336,225.0
610,1,5337,225.0
610,1,5338,225.0
610,1,5339,225.0
610,1,5340,225.0
610,1,5341,225.0
610,1,5342,225.0
610,1,5343,225.0
610,1,5344,225.0
610,1,5345,225.0
610,1,5346,225.0
610,1,589,225.0
610,1,594,225.0
610,1,6,225.0
610,1,600,225.0
610,1,601,225.0
610,1,603,225.0
610,1,604,225.0
610,1,605,225.0
610,1,606,225.0
610,1,607,225.0
610,1,608,225.0
610,1,62,225.0
610,1,6243,225.0
610,1,6244,225.0
610,1,6245,225.0
610,1,6246,225.0
610,1,6247,225.0
610,1,6248,225.0
610,1,6249,225.0
610,1,7,225.0
610,1,7735,225.0
610,1,7920,225.0
610,1,8321,225.0
610,1,91,225.0
610,1,92,225.0
610,1,93,225.0
610,1,94,225.0
610,1,95,225.0
610,1,96,225.0
610,1,97,225.0
610,1,98,225.0
610,1,99,225.0
610,1,993,225.0
610,1,994,225.0
610,1,995,225.0
382,0,129,228.33
382,0,130,228.33
382,0,131,228.33
382,0,1813,228.33
382,0,3087,228.33
382,0,3088,228.33
382,0,3089,228.33
382,0,3090,228.33
382,0,3091,228.33
382,0,3092,228.33
382,0,3093,228.33
382,0,3109,228.33
382,0,3110,228.33
382,0,3111,228.33
382,0,3112,228.33
382,0,3114,228.33
382,0,3115,228.33
382,0,3118,228.33
382,0,3122,228.33
382,0,3123,228.33
382,0,3315,228.33
382,0,3947,228.33
382,0,3949,228.33
382,0,3950,228.33
382,0,3951,228.33
382,0,3952,228.33
382,0,3953,228.33
382,0,3954,228.33
382,0,3955,228.33
382,0,3956,228.33
382,0,3957,228.33
382,0,3958,228.33
382,0,3960,228.33
382,0,3961,228.33
382,0,3962,228.33
382,0,3963,228.33
382,0,3964,228.33
382,0,3965,228.33
382,0,3966,228.33
382,0,3967,228.33
382,0,3968,228.33
382,0,3969,228.33
382,0,3970,228.33
382,0,3971,228.33
382,0,3972,228.33
382,0,3973,228.33
382,0,3974,228.33
382,0,3975,228.33
382,0,3977,228.33
382,0,3978,228.33
382,0,3985,228.33
382,0,4002,228.33
382,0,4048,228.33
382,0,4351,228.33
382,0,790,228.33
382,0,791,228.33
382,0,792,228.33
382,0,793,228.33
382,0,794,228.33
383,1,129,228.33
383,1,130,228.33
383,1,131,228.33
383,1,1813,228.33
383,1,3089,228.33
383,1,3102,228.33
383,1,3103,228.33
383,1,3104,228.33
383,1,3105,228.33
383,1,3107,228.33
383,1,3108,228.33
383,1,3110,228.33
383,1,3113,228.33
383,1,3115,228.33
383,1,3117,228.33
383,1,3119,228.33
383,1,3120,228.33
383,1,3121,228.33
383,1,3126,228.33
383,1,3127,228.33
383,1,3315,228.33
383,1,3983,228.33
383,1,3984,228.33
383,1,3985,228.33
383,1,3986,228.33
383,1,3987,228.33
383,1,3988,228.33
383,1,3989,228.33
383,1,3990,228.33
383,1,3991,228.33
383,1,3992,228.33
383,1,3993,228.33
383,1,3994,228.33
383,1,3995,228.33
383,1,3996,228.33
383,1,3997,228.33
383,1,3998,228.33
383,1,3999,228.33
383,1,4000,228.33
383,1,4001,228.33
383,1,4002,228.33
383,1,4003,228.33
383,1,4004,228.33
383,1,4005,228.33
383,1,4006,228.33
383,1,4007,228.33
383,1,4008,228.33
383,1,4009,228.33
383,1,4010,228.33
383,1,4011,228.33
383,1,4012,228.33
383,1,4048,228.33
383,1,4049,228.33
383,1,4352,228.33
383,1,795,228.33
383,1,796,228.33
383,1,797,228.33
383,1,798,228.33
383,1,799,228.33
609,0,1024,228.33
609,0,1025,228.33
609,0,1071,228.33
609,0,3842,228.33
609,0,3844,228.33
609,0,5297,228.33
609,0,5298,228.33
609,0,5299,228.33
609,0,5300,228.33
609,0,5301,228.33
609,0,5302,228.33
609,0,5303,228.33
609,0,5304,228.33
609,0,5305,228.33
609,0,5306,228.33
609,0,5307,228.33
609,0,5308,228.33
609,0,5309,228.33
609,0,5310,228.33
609,0,5311,228.33
609,0,5312,228.33
609,0,5313,228.33
609,0,5314,228.33
609,0,5315,228.33
609,0,5316,228.33
609,0,5317,228.33
609,0,5318,228.33
609,0,584,228.33
609,0,585,228.33
609,0,586,228.33
609,0,587,228.33
609,0,588,228.33
609,0,590,228.33
609,0,591,228.33
609,0,592,228.33
609,0,593,228.33
609,0,594,228.33
609,0,5991,228.33
609,0,5992,228.33
609,0,5993,228.33
609,0,5994,228.33
609,0,6236,228.33
609,0,6237,228.33
609,0,6238,228.33
609,0,6239,228.33
609,0,6240,228.33
609,0,6241,228.33
609,0,6242,228.33
609,0,68,228.33
609,0,69,228.33
609,0,70,228.33
609,0,71,228.33
609,0,72,228.33
609,0,73,228.33
609,0,75,228.33
609,0,76,228.33
609,0,77,228.33
609,0,7736,228.33
609,0,78,228.33
609,0,79,228.33
609,0,7915,228.33
609,0,8,228.33
609,0,8321,228.33
609,0,993,228.33
1023,1,149,232.5
1023,1,150,232.5
1023,1,151,232.5
1023,1,152,232.5
1023,1,215,232.5
1023,1,216,232.5
1023,1,217,232.5
1023,1,218,232.5
1023,1,219,232.5
1023,1,220,232.5
1023,1,221,232.5
1023,1,222,232.5
1023,1,223,232.5
1023,1,224,232.5
1023,1,225,232.5
1023,1,288,232.5
1023,1,294,232.5
1023,1,4533,232.5
1023,1,8574,232.5
1023,1,8575,232.5
1023,1,8577,232.5
682,0,122,245.0
682,0,123,245.0
682,0,124,245.0
682,0,125,245.0
682,0,126,245.0
682,0,127,245.0
682,0,129,245.0
682,0,130,245.0
682,0,131,245.0
682,0,132,245.0
682,0,133,245.0
682,0,134,245.0
682,0,135,245.0
682,0,136,245.0
682,0,137,245.0
682,0,138,245.0
682,0,139,245.0
682,0,140,245.0
682,0,215,245.0
682,0,216,245.0
682,0,217,245.0
682,0,264,245.0
682,0,3315,245.0
682,0,35,245.0
682,0,3855,245.0
682,0,5424,245.0
682,0,6774,245.0
682,0,6775,245.0
682,0,6776,245.0
682,0,6777,245.0
682,0,6778,245.0
682,0,6780,245.0
682,0,6785,245.0
682,0,6786,245.0
682,0,6834,245.0
682,0,7083,245.0
682,0,7085,245.0
682,0,7086,245.0
682,0,7099,245.0
682,0,728,245.0
682,0,729,245.0
682,0,730,245.0
682,0,731,245.0
682,0,732,245.0
682,0,858,245.0
682,0,860,245.0
682,0,862,245.0
682,0,865,245.0
682,0,931,245.0
682,0,932,245.0
682,0,933,245.0
682,0,934,245.0
682,0,935,245.0
682,0,936,245.0
682,0,937,245.0
682,0,938,245.0
682,0,939,245.0
682,0,940,245.0
682,0,941,245.0
682,0,942,245.0
682,0,943,245.0
682,0,944,245.0
682,0,945,245.0
682,0,946,245.0
682,0,947,245.0
682,0,948,245.0
798,0,6883,247.5
798,0,6956,247.5
798,0,6957,247.5
798,0,6958,247.5
798,0,6977,247.5
798,0,7047,247.5
798,0,7189,247.5
798,0,7190,247.5
798,0,7191,247.5
798,0,7192,247.5
798,0,7193,247.5
798,0,7194,247.5
798,0,7195,247.5
798,0,7196,247.5
798,0,7197,247.5
798,0,7198,247.5
798,0,7199,247.5
798,0,7200,247.5
798,0,7201,247.5
798,0,7202,247.5
798,0,7493,247.5
798,0,7494,247.5
798,0,7495,247.5
798,0,7496,247.5
798,0,7497,247.5
798,0,7498,247.5
798,0,7499,247.5
798,0,7500,247.5
798,0,7501,247.5
798,0,7502,247.5
798,0,7503,247.5
798,0,7504,247.5
798,0,7505,247.5
798,0,7506,247.5
798,0,7507,247.5
798,0,7508,247.5
798,0,7509,247.5
798,0,7510,247.5
798,0,7511,247.5
798,0,7512,247.5
798,0,7513,247.5
798,0,7514,247.5
798,0,7515,247.5
798,0,7516,247.5
798,0,835,247.5
798,0,836,247.5
798,0,837,247.5
798,0,838,247.5
798,0,839,247.5
798,0,840,247.5
798,0,841,247.5
798,0,842,247.5
798,0,843,247.5
798,0,844,247.5
798,0,845,247.5
798,0,846,247.5
798,0,847,247.5
798,0,848,247.5
798,0,849,247.5
798,0,850,247.5
798,0,851,247.5
798,0,852,247.5
798,0,853,247.5
798,0,854,247.5
798,0,855,247.5
798,0,856,247.5
798,0,857,247.5
798,0,858,247.5
798,0,859,247.5
798,0,860,247.5
799,1,6087,247.5
799,1,6897,247.5
799,1,6960,247.5
799,1,6961,247.5
799,1,6962,247.5
799,1,6963,247.5
799,1,6964,247.5
799,1,6965,247.5
799,1,6966,247.5
799,1,6967,247.5
799,1,6968,247.5
799,1,6969,247.5
799,1,6970,247.5
799,1,6971,247.5
799,1,6972,247.5
799,1,6973,247.5
799,1,7089,247.5
799,1,7203,247.5
799,1,7204,247.5
799,1,7205,247.5
799,1,7206,247.5
799,1,7517,247.5
799,1,7518,247.5
799,1,7519,247.5
799,1,7520,247.5
799,1,7521,247.5
799,1,7522,247.5
799,1,890,247.5
799,1,892,247.5
799,1,893,247.5
799,1,894,247.5
799,1,895,247.5
799,1,896,247.5
799,1,897,247.5
799,1,898,247.5
799,1,899,247.5
799,1,900,247.5
799,1,901,247.5
799,1,903,247.5
799,1,904,247.5
799,1,905,247.5
799,1,906,247.5
799,1,907,247.5
799,1,908,247.5
799,1,909,247.5
799,1,910,247.5
799,1,911,247.5
799,1,912,247.5
799,1,913,247.5
799,1,914,247.5
799,1,915,247.5
799,1,916,247.5
959,0,10,253.33
959,0,1068,253.33
959,0,1071,253.33
959,0,1079,253.33
959,0,11,253.33
959,0,12,253.33
959,0,153,253.33
959,0,160,253.33
959,0,165,253.33
959,0,166,253.33
959,0,167,253.33
959,0,168,253.33
959,0,169,253.33
959,0,170,253.33
959,0,171,253.33
959,0,1863,253.33
959,0,1864,253.33
959,0,1865,253.33
959,0,1866,253.33
959,0,1867,253.33
959,0,1868,253.33
959,0,1869,253.33
959,0,1870,253.33
959,0,1871,253.33
959,0,1872,253.33
959,0,201,253.33
959,0,202,253.33
959,0,203,253.33
959,0,204,253.33
959,0,205,253.33
959,0,206,253.33
959,0,207,253.33
959,0,225,253.33
959,0,283,253.33
959,0,284,253.33
959,0,287,253.33
959,0,288,253.33
959,0,3179,253.33
959,0,366,253.33
959,0,367,253.33
959,0,368,253.33
959,0,369,253.33
959,0,370,253.33
959,0,371,253.33
959,0,372,253.33
959,0,4541,253.33
959,0,4625,253.33
959,0,4811,253.33
959,0,4812,253.33
959,0,4813,253.33
959,0,68,253.33
959,0,69,253.33
959,0,70,253.33
959,0,72,253.33
959,0,73,253.33
959,0,75,253.33
959,0,76,253.33
959,0,77,253.33
959,0,78,253.33
959,0,79,253.33
959,0,8,253.33
959,0,80,253.33
959,0,81,253.33
959,0,82,253.33
959,0,8327,253.33
959,0,8328,253.33
959,0,8329,253.33
959,0,8501,253.33
959,0,8605,253.33
959,0,9,253.33
487,1,2185,255.0
487,1,2186,255.0
487,1,2187,255.0
487,1,2188,255.0
487,1,2189,255.0
487,1,2190,255.0
487,1,2191,255.0
487,1,2481,255.0
487,1,2817,255.0
487,1,2825,255.0
487,1,2828,255.0
487,1,2830,255.0
487,1,2831,255.0
487,1,2863,255.0
487,1,2864,255.0
487,1,2865,255.0
487,1,2868,255.0
487,1,2869,255.0
487,1,2872,255.0
487,1,5088,255.0
487,1,5210,255.0
487,1,5220,255.0
487,1,5221,255.0
487,1,5223,255.0
487,1,5224,255.0
487,1,5225,255.0
487,1,5226,255.0
487,1,5227,255.0
487,1,5228,255.0
487,1,5229,255.0
487,1,5230,255.0
487,1,5231,255.0
487,1,5232,255.0
487,1,5233,255.0
487,1,5234,255.0
487,1,5235,255.0
487,1,5236,255.0
487,1,5237,255.0
487,1,5239,255.0
487,1,5240,255.0
487,1,5241,255.0
487,1,5242,255.0
487,1,5243,255.0
487,1,5244,255.0
487,1,5245,255.0
487,1,5246,255.0
487,1,5247,255.0
487,1,5248,255.0
487,1,5249,255.0
487,1,5250,255.0
487,1,5251,255.0
487,1,5252,255.0
487,1,5253,255.0
487,1,5254,255.0
487,1,5255,255.0
487,1,5256,255.0
487,1,5257,255.0
487,1,5258,255.0
487,1,5259,255.0
487,1,5260,255.0
487,1,5261,255.0
487,1,5262,255.0
487,1,5263,255.0
487,1,5264,255.0
487,1,5265,255.0
487,1,5266,255.0
487,1,5267,255.0
487,1,5268,255.0
487,1,6542,255.0
487,1,698,255.0
487,1,699,255.0
487,1,700,255.0
487,1,701,255.0
487,1,702,255.0
487,1,703,255.0
487,1,7035,255.0
487,1,704,255.0
487,1,761,255.0
487,1,763,255.0
487,1,769,255.0
487,1,770,255.0
487,1,771,255.0
487,1,861,255.0
425,1,10,257.5
425,1,106815,257.5
425,1,106816,257.5
425,1,1071,257.5
425,1,11,257.5
425,1,1204,257.5
425,1,1318,257.5
425,1,1322,257.5
425,1,1376,257.5
425,1,1378,257.5
425,1,1379,257.5
425,1,1380,257.5
425,1,1381,257.5
425,1,1382,257.5
425,1,1383,257.5
425,1,1400,257.5
425,1,1401,257.5
425,1,15,257.5
425,1,1574,257.5
425,1,1575,257.5
425,1,18,257.5
425,1,19,257.5
425,1,20,257.5
425,1,2175,257.5
425,1,2332,257.5
425,1,2333,257.5
425,1,2335,257.5
425,1,24,257.5
425,1,2878,257.5
425,1,2879,257.5
425,1,319,257.5
425,1,349,257.5
425,1,3857,257.5
425,1,39,257.5
425,1,40,257.5
425,1,41,257.5
425,1,42,257.5
425,1,43,257.5
425,1,44,257.5
425,1,45,257.5
425,1,46,257.5
425,1,460,257.5
425,1,461,257.5
425,1,47,257.5
425,1,48,257.5
425,1,50,257.5
425,1,51,257.5
425,1,52,257.5
425,1,53,257.5
425,1,54,257.5
425,1,55,257.5
425,1,57,257.5
425,1,58,257.5
425,1,6,257.5
425,1,62,257.5
425,1,6296,257.5
425,1,68,257.5
425,1,69,257.5
425,1,7,257.5
425,1,70,257.5
425,1,71,257.5
425,1,73,257.5
425,1,75,257.5
425,1,7587,257.5
425,1,76,257.5
425,1,78,257.5
425,1,79,257.5
425,1,9,257.5
425,1,93,257.5
218,1,107,260.0
218,1,1204,260.0
218,1,1323,260.0
218,1,1324,260.0
218,1,1325,260.0
218,1,1370,260.0
218,1,1375,260.0
218,1,1378,260.0
218,1,1379,260.0
218,1,1380,260.0
218,1,1381,260.0
218,1,1382,260.0
218,1,1383,260.0
218,1,1398,260.0
218,1,1400,260.0
218,1,1422,260.0
218,1,1574,260.0
218,1,1576,260.0
218,1,1577,260.0
218,1,1578,260.0
218,1,1581,260.0
218,1,1582,260.0
218,1,1583,260.0
218,1,1634,260.0
218,1,2056,260.0
218,1,2065,260.0
218,1,2066,260.0
218,1,2067,260.0
218,1,2068,260.0
218,1,2069,260.0
218,1,2070,260.0
218,1,2071,260.0
218,1,2074,260.0
218,1,2075,260.0
218,1,2076,260.0
218,1,2230,260.0
218,1,2389,260.0
218,1,2427,260.0
218,1,2441,260.0
218,1,2445,260.0
218,1,2446,260.0
218,1,2447,260.0
218,1,2448,260.0
218,1,2449,260.0
218,1,2450,260.0
218,1,2451,260.0
218,1,2452,260.0
218,1,2454,260.0
218,1,2455,260.0
218,1,2456,260.0
218,1,2457,260.0
218,1,2458,260.0
218,1,2459,260.0
218,1,2460,260.0
218,1,2461,260.0
218,1,2462,260.0
218,1,2463,260.0
218,1,2464,260.0
218,1,2465,260.0
218,1,2466,260.0
218,1,2467,260.0
218,1,2468,260.0
218,1,2469,260.0
218,1,2470,260.0
218,1,2471,260.0
218,1,2472,260.0
218,1,2473,260.0
218,1,2474,260.0
218,1,2475,260.0
218,1,2476,260.0
218,1,2477,260.0
218,1,2478,260.0
218,1,2479,260.0
218,1,2480,260.0
218,1,2481,260.0
218,1,2482,260.0
218,1,2483,260.0
218,1,2484,260.0
218,1,2485,260.0
218,1,2486,260.0
218,1,2487,260.0
218,1,2488,260.0
218,1,2489,260.0
218,1,2490,260.0
218,1,2491,260.0
218,1,2492,260.0
218,1,2493,260.0
218,1,2494,260.0
218,1,2495,260.0
218,1,2496,260.0
218,1,2497,260.0
218,1,2738,260.0
218,1,2752,260.0
218,1,2976,260.0
218,1,3008,260.0
218,1,349,260.0
218,1,3857,260.0
218,1,4568,260.0
218,1,458,260.0
987,0,149,260.0
987,0,150,260.0
987,0,152,260.0
987,0,1967,260.0
987,0,1968,260.0
987,0,1969,260.0
987,0,1970,260.0
987,0,1971,260.0
987,0,1972,260.0
987,0,1973,260.0
987,0,1974,260.0
987,0,1975,260.0
987,0,1976,260.0
987,0,1979,260.0
987,0,1980,260.0
987,0,200,260.0
987,0,217,260.0
987,0,218,260.0
987,0,219,260.0
987,0,220,260.0
987,0,221,260.0
987,0,222,260.0
987,0,223,260.0
987,0,224,260.0
987,0,277,260.0
987,0,278,260.0
987,0,281,260.0
987,0,282,260.0
987,0,285,260.0
987,0,4533,260.0
987,0,4542,260.0
987,0,4659,260.0
987,0,4672,260.0
987,0,8177,260.0
987,0,8179,260.0
987,0,8180,260.0
987,0,8181,260.0
987,0,8182,260.0
987,0,8183,260.0
987,0,8184,260.0
987,0,8186,260.0
987,0,8202,260.0
987,0,8362,260.0
987,0,8365,260.0
987,0,8371,260.0
987,0,8377,260.0
987,0,8380,260.0
987,0,8381,260.0
987,0,8383,260.0
987,0,8384,260.0
987,0,8385,260.0
987,0,8386,260.0
987,0,8387,260.0
987,0,8389,260.0
987,0,8395,260.0
987,0,8398,260.0
987,0,8399,260.0
987,0,8401,260.0
987,0,8402,260.0
987,0,8403,260.0
987,0,8404,260.0
987,0,8405,260.0
987,0,8406,260.0
987,0,8407,260.0
987,0,8408,260.0
987,0,8409,260.0
987,0,8410,260.0
987,0,8420,260.0
987,0,8421,260.0
987,0,8422,260.0
987,0,8423,260.0
987,0,8424,260.0
987,0,8425,260.0
987,0,8426,260.0
525,1,136,262.5
525,1,137,262.5
525,1,138,262.5
525,1,139,262.5
525,1,141,262.5
525,1,3926,262.5
525,1,3927,262.5
525,1,3928,262.5
525,1,3929,262.5
525,1,3930,262.5
525,1,3931,262.5
525,1,3932,262.5
525,1,3933,262.5
525,1,3934,262.5
525,1,3935,262.5
525,1,3936,262.5
525,1,3937,262.5
525,1,3938,262.5
525,1,3939,262.5
525,1,3940,262.5
525,1,3941,262.5
525,1,3942,262.5
525,1,3943,262.5
525,1,3944,262.5
525,1,4352,262.5
525,1,5420,262.5
525,1,5425,262.5
525,1,5426,262.5
525,1,5427,262.5
525,1,5428,262.5
525,1,5429,262.5
525,1,5430,262.5
525,1,5431,262.5
525,1,5432,262.5
525,1,5433,262.5
525,1,5434,262.5
525,1,5435,262.5
525,1,5436,262.5
525,1,5437,262.5
525,1,5438,262.5
525,1,5439,262.5
525,1,5440,262.5
525,1,5441,262.5
525,1,5480,262.5
525,1,5504,262.5
525,1,5505,262.5
525,1,5506,262.5
525,1,5507,262.5
525,1,5508,262.5
525,1,5509,262.5
525,1,5510,262.5
525,1,5511,262.5
525,1,5512,262.5
525,1,5513,262.5
525,1,5514,262.5
525,1,5515,262.5
525,1,5516,262.5
525,1,5517,262.5
525,1,5518,262.5
525,1,5519,262.5
525,1,5520,262.5
525,1,5521,262.5
525,1,5522,262.5
525,1,5523,262.5
525,1,5524,262.5
525,1,5526,262.5
525,1,5527,262.5
525,1,5528,262.5
525,1,5530,262.5
525,1,5531,262.5
525,1,5532,262.5
525,1,5533,262.5
525,1,5534,262.5
525,1,5535,262.5
525,1,5536,262.5
525,1,5537,262.5
525,1,5538,262.5
525,1,5539,262.5
525,1,5540,262.5
525,1,8078,262.5
525,1,9297,262.5
952,1,100,265.0
952,1,101,265.0
952,1,1025,265.0
952,1,1838,265.0
952,1,1840,265.0
952,1,1841,265.0
952,1,1842,265.0
952,1,1843,265.0
952,1,1844,265.0
952,1,1911,265.0
952,1,1912,265.0
952,1,1913,265.0
952,1,1914,265.0
952,1,3842,265.0
952,1,4945,265.0
952,1,4949,265.0
952,1,4951,265.0
952,1,4953,265.0
952,1,4954,265.0
952,1,4956,265.0
952,1,4957,265.0
952,1,4958,265.0
952,1,4959,265.0
952,1,4960,265.0
952,1,4961,265.0
952,1,4977,265.0
952,1,4978,265.0
952,1,5010,265.0
952,1,5321,265.0
952,1,5325,265.0
952,1,5326,265.0
952,1,5327,265.0
952,1,589,265.0
952,1,591,265.0
952,1,592,265.0
952,1,593,265.0
952,1,6,265.0
952,1,604,265.0
952,1,605,265.0
952,1,606,265.0
952,1,607,265.0
952,1,608,265.0
952,1,62,265.0
952,1,6243,265.0
952,1,6244,265.0
952,1,6245,265.0
952,1,6246,265.0
952,1,6247,265.0
952,1,6248,265.0
952,1,6249,265.0
952,1,7,265.0
952,1,7736,265.0
952,1,7744,265.0
952,1,7763,265.0
952,1,7904,265.0
952,1,7915,265.0
952,1,8321,265.0
952,1,8322,265.0
952,1,91,265.0
952,1,92,265.0
952,1,93,265.0
952,1,94,265.0
952,1,95,265.0
952,1,96,265.0
952,1,97,265.0
952,1,98,265.0
952,1,99,265.0
952,1,993,265.0
952,1,995,265.0
960,1,100,265.0
960,1,101,265.0
960,1,1085,265.0
960,1,153,265.0
960,1,155,265.0
960,1,160,265.0
960,1,165,265.0
960,1,166,265.0
960,1,167,265.0
960,1,168,265.0
960,1,169,265.0
960,1,170,265.0
960,1,171,265.0
960,1,1883,265.0
960,1,1884,265.0
960,1,1885,265.0
960,1,1886,265.0
960,1,1887,265.0
960,1,1888,265.0
960,1,1889,265.0
960,1,1890,265.0
960,1,1891,265.0
960,1,218,265.0
960,1,219,265.0
960,1,220,265.0
960,1,221,265.0
960,1,222,265.0
960,1,223,265.0
960,1,224,265.0
960,1,225,265.0
960,1,278,265.0
960,1,281,265.0
960,1,282,265.0
960,1,288,265.0
960,1,362,265.0
960,1,363,265.0
960,1,364,265.0
960,1,365,265.0
960,1,366,265.0
960,1,367,265.0
960,1,368,265.0
960,1,369,265.0
960,1,370,265.0
960,1,371,265.0
960,1,372,265.0
960,1,373,265.0
960,1,4541,265.0
960,1,4851,265.0
960,1,4852,265.0
960,1,58,265.0
960,1,59,265.0
960,1,6,265.0
960,1,60,265.0
960,1,61,265.0
960,1,62,265.0
960,1,7,265.0
960,1,8202,265.0
960,1,8605,265.0
960,1,88,265.0
960,1,89,265.0
960,1,90,265.0
960,1,91,265.0
960,1,92,265.0
960,1,93,265.0
960,1,94,265.0
960,1,95,265.0
960,1,96,265.0
960,1,97,265.0
960,1,98,265.0
960,1,99,265.0
801,1,106744,266.67
801,1,106745,266.67
801,1,106746,266.67
801,1,106747,266.67
801,1,106748,266.67
801,1,106749,266.67
801,1,106750,266.67
801,1,106751,266.67
801,1,106752,266.67
801,1,106753,266.67
801,1,106754,266.67
801,1,106755,266.67
801,1,106832,266.67
801,1,1746,266.67
801,1,4728,266.67
801,1,4781,266.67
801,1,4782,266.67
801,1,4783,266.67
801,1,4784,266.67
801,1,4785,266.67
801,1,4786,266.67
801,1,4787,266.67
801,1,4788,266.67
801,1,4789,266.67
801,1,4790,266.67
801,1,4791,266.67
801,1,4792,266.67
801,1,4794,266.67
801,1,4795,266.67
801,1,4796,266.67
801,1,4798,266.67
801,1,4799,266.67
801,1,4800,266.67
801,1,4801,266.67
801,1,4802,266.67
801,1,4803,266.67
801,1,4804,266.67
801,1,4805,266.67
801,1,4806,266.67
801,1,4807,266.67
801,1,4808,266.67
801,1,4809,266.67
801,1,4810,266.67
801,1,5153,266.67
801,1,5154,266.67
801,1,5155,266.67
801,1,5156,266.67
801,1,5158,266.67
801,1,5159,266.67
801,1,5845,266.67
801,1,5932,266.67
801,1,5937,266.67
801,1,5938,266.67
801,1,5939,266.67
801,1,6575,266.67
801,1,6605,266.67
801,1,6646,266.67
801,1,7260,266.67
801,1,7370,266.67
801,1,7371,266.67
801,1,7372,266.67
801,1,7373,266.67
801,1,7374,266.67
801,1,7375,266.67
801,1,7376,266.67
801,1,7377,266.67
801,1,7378,266.67
801,1,7541,266.67
801,1,7542,266.67
801,1,7543,266.67
801,1,7544,266.67
801,1,7545,266.67
801,1,7546,266.67
801,1,7550,266.67
801,1,7558,266.67
801,1,7560,266.67
801,1,7561,266.67
801,1,7562,266.67
801,1,7563,266.67
801,1,7564,266.67
801,1,7565,266.67
801,1,7566,266.67
801,1,7567,266.67
801,1,7568,266.67
801,1,7569,266.67
801,1,7570,266.67
947,0,1751,266.67
947,0,1760,266.67
947,0,1761,266.67
947,0,1763,266.67
947,0,1764,266.67
947,0,1767,266.67
947,0,3390,266.67
947,0,3414,266.67
947,0,3415,266.67
947,0,3416,266.67
947,0,3417,266.67
947,0,3418,266.67
947,0,3420,266.67
947,0,3421,266.67
947,0,3422,266.67
947,0,3423,266.67
947,0,3424,266.67
947,0,3425,266.67
947,0,3426,266.67
947,0,3427,266.67
947,0,3428,266.67
947,0,3438,266.67
947,0,3667,266.67
947,0,3669,266.67
947,0,3670,266.67
947,0,3671,266.67
947,0,3688,266.67
947,0,3690,266.67
947,0,3691,266.67
947,0,3692,266.67
947,0,3694,266.67
947,0,3695,266.67
947,0,3696,266.67
947,0,3697,266.67
947,0,3698,266.67
947,0,3699,266.67
947,0,3700,266.67
947,0,3701,266.67
947,0,3702,266.67
947,0,3703,266.67
947,0,3704,266.67
947,0,3705,266.67
947,0,3706,266.67
947,0,3707,266.67
947,0,3709,266.67
947,0,3710,266.67
947,0,3711,266.67
947,0,3712,266.67
947,0,3713,266.67
947,0,3751,266.67
947,0,3752,266.67
947,0,3755,266.67
947,0,3756,266.67
947,0,3758,266.67
947,0,8286,266.67
947,0,8287,266.67
947,0,8288,266.67
947,0,8289,266.67
947,0,8290,266.67
947,0,8291,266.67
947,0,8292,266.67
947,0,8293,266.67
947,0,8294,266.67
947,0,8295,266.67
947,0,8296,266.67
947,0,8297,266.67
947,0,8298,266.67
947,0,8299,266.67
947,0,8300,266.67
947,0,8301,266.67
947,0,8302,266.67
951,0,1024,266.67
951,0,1025,266.67
951,0,1071,266.67
951,0,1836,266.67
951,0,1837,266.67
951,0,1838,266.67
951,0,1839,266.67
951,0,1840,266.67
951,0,1841,266.67
951,0,1842,266.67
951,0,1843,266.67
951,0,1844,266.67
951,0,1912,266.67
951,0,3842,266.67
951,0,3848,266.67
951,0,4907,266.67
951,0,4942,266.67
951,0,4943,266.67
951,0,4944,266.67
951,0,4945,266.67
951,0,4946,266.67
951,0,4947,266.67
951,0,4948,266.67
951,0,4950,266.67
951,0,4951,266.67
951,0,4952,266.67
951,0,4955,266.67
951,0,4973,266.67
951,0,4974,266.67
951,0,5011,266.67
951,0,5318,266.67
951,0,5319,266.67
951,0,5320,266.67
951,0,5321,266.67
951,0,584,266.67
951,0,585,266.67
951,0,586,266.67
951,0,587,266.67
951,0,588,266.67
951,0,590,266.67
951,0,591,266.67
951,0,592,266.67
951,0,593,266.67
951,0,5991,266.67
951,0,5992,266.67
951,0,5993,266.67
951,0,5994,266.67
951,0,6236,266.67
951,0,6237,266.67
951,0,6238,266.67
951,0,6239,266.67
951,0,6240,266.67
951,0,6241,266.67
951,0,6242,266.67
951,0,68,266.67
951,0,69,266.67
951,0,70,266.67
951,0,71,266.67
951,0,72,266.67
951,0,73,266.67
951,0,75,266.67
951,0,76,266.67
951,0,77,266.67
951,0,7734,266.67
951,0,7736,266.67
951,0,7762,266.67
951,0,78,266.67
951,0,79,266.67
951,0,8,266.67
951,0,8321,266.67
951,0,993,266.67
486,0,106732,270.0
486,0,2142,270.0
486,0,2143,270.0
486,0,2144,270.0
486,0,2145,270.0
486,0,2146,270.0
486,0,2147,270.0
486,0,2148,270.0
486,0,2149,270.0
486,0,2406,270.0
486,0,2817,270.0
486,0,2819,270.0
486,0,2820,270.0
486,0,2823,270.0
486,0,2825,270.0
486,0,2828,270.0
486,0,2829,270.0
486,0,2830,270.0
486,0,2831,270.0
486,0,2864,270.0
486,0,2865,270.0
486,0,2866,270.0
486,0,5173,270.0
486,0,5174,270.0
486,0,5175,270.0
486,0,5176,270.0
486,0,5177,270.0
486,0,5178,270.0
486,0,5179,270.0
486,0,5180,270.0
486,0,5181,270.0
486,0,5182,270.0
486,0,5183,270.0
486,0,5184,270.0
486,0,5185,270.0
486,0,5186,270.0
486,0,5187,270.0
486,0,5188,270.0
486,0,5189,270.0
486,0,5190,270.0
486,0,5191,270.0
486,0,5192,270.0
486,0,5193,270.0
486,0,5194,270.0
486,0,5195,270.0
486,0,5196,270.0
486,0,5197,270.0
486,0,5198,270.0
486,0,5199,270.0
486,0,5200,270.0
486,0,5202,270.0
486,0,5203,270.0
486,0,5204,270.0
486,0,5205,270.0
486,0,5206,270.0
486,0,5207,270.0
486,0,5208,270.0
486,0,5209,270.0
486,0,5210,270.0
486,0,5211,270.0
486,0,5212,270.0
486,0,5213,270.0
486,0,5214,270.0
486,0,5215,270.0
486,0,5216,270.0
486,0,5217,270.0
486,0,5218,270.0
486,0,5219,270.0
486,0,5220,270.0
486,0,5221,270.0
486,0,5222,270.0
486,0,698,270.0
486,0,699,270.0
486,0,6993,270.0
486,0,700,270.0
486,0,701,270.0
486,0,702,270.0
486,0,703,270.0
486,0,704,270.0
486,0,705,270.0
486,0,761,270.0
486,0,762,270.0
486,0,763,270.0
486,0,764,270.0
486,0,765,270.0
800,0,1040,271.67
800,0,1041,271.67
800,0,106744,271.67
800,0,106745,271.67
800,0,106746,271.67
800,0,106747,271.67
800,0,106748,271.67
800,0,106749,271.67
800,0,106750,271.67
800,0,106751,271.67
800,0,106752,271.67
800,0,106753,271.67
800,0,106754,271.67
800,0,106755,271.67
800,0,4713,271.67
800,0,4714,271.67
800,0,4715,271.67
800,0,4716,271.67
800,0,4717,271.67
800,0,4718,271.67
800,0,4719,271.67
800,0,4720,271.67
800,0,4721,271.67
800,0,4722,271.67
800,0,4723,271.67
800,0,4724,271.67
800,0,4725,271.67
800,0,4727,271.67
800,0,4728,271.67
800,0,4729,271.67
800,0,4730,271.67
800,0,4732,271.67
800,0,4733,271.67
800,0,4734,271.67
800,0,4735,271.67
800,0,4736,271.67
800,0,4737,271.67
800,0,4738,271.67
800,0,4739,271.67
800,0,4740,271.67
800,0,4741,271.67
800,0,4742,271.67
800,0,4743,271.67
800,0,5144,271.67
800,0,5145,271.67
800,0,5149,271.67
800,0,5844,271.67
800,0,5929,271.67
800,0,5930,271.67
800,0,5931,271.67
800,0,5932,271.67
800,0,5933,271.67
800,0,6566,271.67
800,0,6567,271.67
800,0,6568,271.67
800,0,6603,271.67
800,0,6605,271.67
800,0,7259,271.67
800,0,7361,271.67
800,0,7362,271.67
800,0,7363,271.67
800,0,7364,271.67
800,0,7365,271.67
800,0,7366,271.67
800,0,7367,271.67
800,0,7368,271.67
800,0,7369,271.67
800,0,7541,271.67
800,0,7542,271.67
800,0,7543,271.67
800,0,7544,271.67
800,0,7545,271.67
800,0,7546,271.67
800,0,7547,271.67
800,0,7548,271.67
800,0,7549,271.67
800,0,7550,271.67
800,0,7551,271.67
800,0,7552,271.67
800,0,7553,271.67
800,0,7554,271.67
800,0,7555,271.67
800,0,7556,271.67
800,0,7557,271.67
800,0,7558,271.67
800,0,7559,271.67
530,0,136,272.5
530,0,137,272.5
530,0,138,272.5
530,0,139,272.5
530,0,140,272.5
530,0,5406,272.5
530,0,5407,272.5
530,0,5408,272.5
530,0,5409,272.5
530,0,5410,272.5
530,0,5411,272.5
530,0,5412,272.5
530,0,5413,272.5
530,0,5414,272.5
530,0,5415,272.5
530,0,5416,272.5
530,0,5417,272.5
530,0,5418,272.5
530,0,5419,272.5
530,0,5420,272.5
530,0,5421,272.5
530,0,5422,272.5
530,0,5423,272.5
530,0,5424,272.5
530,0,5488,272.5
530,0,5489,272.5
530,0,5490,272.5
530,0,5491,272.5
530,0,5493,272.5
530,0,5494,272.5
530,0,5495,272.5
530,0,5496,272.5
530,0,5497,272.5
530,0,5498,272.5
530,0,5499,272.5
530,0,5500,272.5
530,0,5501,272.5
530,0,5502,272.5
530,0,5503,272.5
530,0,5578,272.5
530,0,5579,272.5
530,0,5580,272.5
530,0,5581,272.5
530,0,5582,272.5
530,0,5583,272.5
530,0,5584,272.5
530,0,5585,272.5
530,0,5586,272.5
530,0,5587,272.5
530,0,5588,272.5
530,0,5589,272.5
530,0,5590,272.5
530,0,5591,272.5
530,0,5592,272.5
530,0,5593,272.5
530,0,5594,272.5
530,0,5595,272.5
530,0,5596,272.5
530,0,5597,272.5
530,0,5598,272.5
530,0,5599,272.5
530,0,5600,272.5
530,0,5601,272.5
530,0,5602,272.5
530,0,5603,272.5
530,0,5604,272.5
530,0,5605,272.5
530,0,5606,272.5
530,0,5607,272.5
530,0,5608,272.5
530,0,5609,272.5
530,0,5610,272.5
530,0,5611,272.5
530,0,5612,272.5
530,0,5613,272.5
530,0,5614,272.5
530,0,5615,272.5
530,0,5616,272.5
530,0,5617,272.5
530,0,5618,272.5
530,0,5619,272.5
530,0,5620,272.5
530,0,5621,272.5
530,0,5698,272.5
454,0,106462,277.5
454,0,114,277.5
454,0,115,277.5
454,0,116,277.5
454,0,117,277.5
454,0,118,277.5
454,0,119,277.5
454,0,120,277.5
454,0,121,277.5
454,0,126,277.5
454,0,127,277.5
454,0,129,277.5
454,0,130,277.5
454,0,131,277.5
454,0,158,277.5
454,0,159,277.5
454,0,160,277.5
454,0,161,277.5
454,0,162,277.5
454,0,163,277.5
454,0,164,277.5
454,0,1836,277.5
454,0,1838,277.5
454,0,3315,277.5
454,0,399,277.5
454,0,400,277.5
454,0,401,277.5
454,0,402,277.5
454,0,4537,277.5
454,0,4607,277.5
454,0,4608,277.5
454,0,4609,277.5
454,0,4610,277.5
454,0,4611,277.5
454,0,4612,277.5
454,0,4613,277.5
454,0,4614,277.5
454,0,4615,277.5
454,0,4616,277.5
454,0,4617,277.5
454,0,4618,277.5
454,0,4619,277.5
454,0,4620,277.5
454,0,4621,277.5
454,0,4622,277.5
454,0,4623,277.5
454,0,4624,277.5
454,0,4625,277.5
454,0,4687,277.5
454,0,4688,277.5
454,0,4689,277.5
454,0,4690,277.5
454,0,4705,277.5
454,0,4903,277.5
454,0,4904,277.5
454,0,4905,277.5
454,0,4906,277.5
454,0,4942,277.5
454,0,4943,277.5
454,0,4944,277.5
454,0,4945,277.5
454,0,4946,277.5
454,0,4947,277.5
454,0,4948,277.5
454,0,4949,277.5
454,0,4950,277.5
454,0,4951,277.5
454,0,4952,277.5
454,0,4985,277.5
454,0,4986,277.5
454,0,4987,277.5
454,0,4988,277.5
454,0,4989,277.5
454,0,4990,277.5
454,0,4991,277.5
454,0,4992,277.5
454,0,4993,277.5
454,0,4994,277.5
454,0,4995,277.5
454,0,4996,277.5
454,0,4997,277.5
454,0,4998,277.5
454,0,790,277.5
454,0,791,277.5
454,0,792,277.5
454,0,793,277.5
454,0,794,277.5
434,0,106462,278.33
434,0,114,278.33
434,0,115,278.33
434,0,116,278.33
434,0,117,278.33
434,0,118,278.33
434,0,119,278.33
434,0,120,278.33
434,0,121,278.33
434,0,126,278.33
434,0,127,278.33
434,0,129,278.33
434,0,130,278.33
434,0,131,278.33
434,0,158,278.33
434,0,159,278.33
434,0,160,278.33
434,0,161,278.33
434,0,162,278.33
434,0,163,278.33
434,0,164,278.33
434,0,1836,278.33
434,0,3315,278.33
434,0,399,278.33
434,0,400,278.33
434,0,401,278.33
434,0,402,278.33
434,0,4537,278.33
434,0,4592,278.33
434,0,4593,278.33
434,0,4594,278.33
434,0,4607,278.33
434,0,4608,278.33
434,0,4609,278.33
434,0,4610,278.33
434,0,4611,278.33
434,0,4612,278.33
434,0,4613,278.33
434,0,4614,278.33
434,0,4615,278.33
434,0,4616,278.33
434,0,4617,278.33
434,0,4618,278.33
434,0,4619,278.33
434,0,4620,278.33
434,0,4621,278.33
434,0,4622,278.33
434,0,4623,278.33
434,0,4624,278.33
434,0,4625,278.33
434,0,4681,278.33
434,0,4682,278.33
434,0,4684,278.33
434,0,4685,278.33
434,0,4686,278.33
434,0,4687,278.33
434,0,4688,278.33
434,0,4689,278.33
434,0,4690,278.33
434,0,4705,278.33
434,0,4706,278.33
434,0,4707,278.33
434,0,4708,278.33
434,0,4709,278.33
434,0,790,278.33
434,0,791,278.33
434,0,792,278.33
434,0,793,278.33
434,0,794,278.33
498,0,106462,287.5
498,0,116,287.5
498,0,117,287.5
498,0,118,287.5
498,0,119,287.5
498,0,120,287.5
498,0,121,287.5
498,0,126,287.5
498,0,127,287.5
498,0,129,287.5
498,0,130,287.5
498,0,131,287.5
498,0,155,287.5
498,0,158,287.5
498,0,159,287.5
498,0,160,287.5
498,0,161,287.5
498,0,162,287.5
498,0,163,287.5
498,0,164,287.5
498,0,1836,287.5
498,0,1837,287.5
498,0,1838,287.5
498,0,1839,287.5
498,0,1840,287.5
498,0,1841,287.5
498,0,1842,287.5
498,0,1843,287.5
498,0,1844,287.5
498,0,3315,287.5
498,0,399,287.5
498,0,400,287.5
498,0,401,287.5
498,0,402,287.5
498,0,4537,287.5
498,0,4541,287.5
498,0,4607,287.5
498,0,4608,287.5
498,0,4609,287.5
498,0,4610,287.5
498,0,4611,287.5
498,0,4612,287.5
498,0,4613,287.5
498,0,4614,287.5
498,0,4615,287.5
498,0,4616,287.5
498,0,4617,287.5
498,0,4618,287.5
498,0,4619,287.5
498,0,4620,287.5
498,0,4621,287.5
498,0,4622,287.5
498,0,4623,287.5
498,0,4624,287.5
498,0,4625,287.5
498,0,4687,287.5
498,0,4688,287.5
498,0,4689,287.5
498,0,4690,287.5
498,0,4705,287.5
498,0,5297,287.5
498,0,5298,287.5
498,0,5299,287.5
498,0,5300,287.5
498,0,5301,287.5
498,0,5302,287.5
498,0,5303,287.5
498,0,5304,287.5
498,0,5305,287.5
498,0,5306,287.5
498,0,5307,287.5
498,0,5308,287.5
498,0,5309,287.5
498,0,5310,287.5
498,0,5311,287.5
498,0,5312,287.5
498,0,5313,287.5
498,0,5314,287.5
498,0,5315,287.5
498,0,5316,287.5
498,0,5317,287.5
498,0,5318,287.5
498,0,5319,287.5
498,0,5320,287.5
498,0,5321,287.5
498,0,5323,287.5
498,0,790,287.5
498,0,792,287.5
498,0,793,287.5
498,0,794,287.5
920,0,106462,290.0
920,0,117,290.0
920,0,118,290.0
920,0,119,290.0
920,0,120,290.0
920,0,121,290.0
920,0,126,290.0
920,0,127,290.0
920,0,129,290.0
920,0,130,290.0
920,0,131,290.0
920,0,1967,290.0
920,0,1968,290.0
920,0,1969,290.0
920,0,1970,290.0
920,0,1971,290.0
920,0,1972,290.0
920,0,1973,290.0
920,0,1974,290.0
920,0,1975,290.0
920,0,1976,290.0
920,0,1977,290.0
920,0,1978,290.0
920,0,200,290.0
920,0,201,290.0
920,0,202,290.0
920,0,203,290.0
920,0,204,290.0
920,0,205,290.0
920,0,206,290.0
920,0,207,290.0
920,0,277,290.0
920,0,278,290.0
920,0,281,290.0
920,0,282,290.0
920,0,3315,290.0
920,0,399,290.0
920,0,400,290.0
920,0,401,290.0
920,0,402,290.0
920,0,790,290.0
920,0,791,290.0
920,0,792,290.0
920,0,793,290.0
920,0,794,290.0
920,0,8166,290.0
920,0,8167,290.0
920,0,8170,290.0
920,0,8171,290.0
920,0,8172,290.0
920,0,8173,290.0
920,0,8174,290.0
920,0,8175,290.0
920,0,8176,290.0
920,0,8177,290.0
920,0,8180,290.0
920,0,8181,290.0
920,0,8182,290.0
920,0,8183,290.0
920,0,8184,290.0
920,0,8185,290.0
920,0,8196,290.0
920,0,8199,290.0
980,1,149,290.0
980,1,150,290.0
980,1,151,290.0
980,1,152,290.0
980,1,1976,290.0
980,1,1979,290.0
980,1,1980,290.0
980,1,1981,290.0
980,1,1982,290.0
980,1,1983,290.0
980,1,1984,290.0
980,1,1985,290.0
980,1,1986,290.0
980,1,1987,290.0
980,1,1988,290.0
980,1,1989,290.0
980,1,218,290.0
980,1,219,290.0
980,1,220,290.0
980,1,221,290.0
980,1,222,290.0
980,1,223,290.0
980,1,224,290.0
980,1,225,290.0
980,1,283,290.0
980,1,284,290.0
980,1,285,290.0
980,1,287,290.0
980,1,288,290.0
980,1,289,290.0
980,1,290,290.0
980,1,291,290.0
980,1,292,290.0
980,1,293,290.0
980,1,3179,290.0
980,1,3855,290.0
980,1,40,290.0
980,1,4533,290.0
980,1,557,290.0
980,1,698,290.0
980,1,699,290.0
980,1,700,290.0
980,1,701,290.0
980,1,702,290.0
980,1,703,290.0
980,1,704,290.0
980,1,705,290.0
980,1,726,290.0
980,1,734,290.0
980,1,735,290.0
980,1,736,290.0
980,1,737,290.0
980,1,738,290.0
980,1,739,290.0
980,1,740,290.0
980,1,741,290.0
980,1,744,290.0
980,1,745,290.0
980,1,746,290.0
980,1,747,290.0
980,1,748,290.0
980,1,749,290.0
980,1,750,290.0
980,1,751,290.0
980,1,752,290.0
980,1,753,290.0
980,1,754,290.0
980,1,755,290.0
980,1,756,290.0
980,1,757,290.0
980,1,758,290.0
980,1,759,290.0
980,1,761,290.0
980,1,763,290.0
980,1,766,290.0
980,1,767,290.0
980,1,768,290.0
980,1,769,290.0
980,1,770,290.0
980,1,771,290.0
170,0,102,292.5
170,0,103,292.5
170,0,106815,292.5
170,0,106816,292.5
170,0,1204,292.5
170,0,1321,292.5
170,0,1322,292.5
170,0,1371,292.5
170,0,1372,292.5
170,0,1373,292.5
170,0,1378,292.5
170,0,1383,292.5
170,0,1398,292.5
170,0,1399,292.5
170,0,1417,292.5
170,0,1422,292.5
170,0,1423,292.5
170,0,1447,292.5
170,0,1568,292.5
170,0,1575,292.5
170,0,1576,292.5
170,0,1578,292.5
170,0,1581,292.5
170,0,1632,292.5
170,0,1635,292.5
170,0,2025,292.5
170,0,2026,292.5
170,0,2027,292.5
170,0,2028,292.5
170,0,2029,292.5
170,0,2030,292.5
170,0,2031,292.5
170,0,2032,292.5
170,0,2033,292.5
170,0,2034,292.5
170,0,2035,292.5
170,0,2036,292.5
170,0,2037,292.5
170,0,2038,292.5
170,0,2039,292.5
170,0,2040,292.5
170,0,2041,292.5
170,0,2042,292.5
170,0,2043,292.5
170,0,2044,292.5
170,0,2045,292.5
170,0,2046,292.5
170,0,2047,292.5
170,0,2048,292.5
170,0,2049,292.5
170,0,2050,292.5
170,0,2051,292.5
170,0,2052,292.5
170,0,2053,292.5
170,0,2054,292.5
170,0,2055,292.5
170,0,2057,292.5
170,0,2058,292.5
170,0,2059,292.5
170,0,2060,292.5
170,0,2061,292.5
170,0,2063,292.5
170,0,2730,292.5
170,0,2738,292.5
170,0,2892,292.5
170,0,319,292.5
170,0,320,292.5
170,0,321,292.5
170,0,3372,292.5
170,0,349,292.5
170,0,9235,292.5
451,1,106465,292.5
451,1,106466,292.5
451,1,106467,292.5
451,1,106468,292.5
451,1,106469,292.5
451,1,106470,292.5
451,1,106471,292.5
451,1,106472,292.5
451,1,106473,292.5
451,1,106474,292.5
451,1,124,292.5
451,1,125,292.5
451,1,130,292.5
451,1,131,292.5
451,1,144,292.5
451,1,146,292.5
451,1,147,292.5
451,1,149,292.5
451,1,150,292.5
451,1,151,292.5
451,1,152,292.5
451,1,153,292.5
451,1,155,292.5
451,1,159,292.5
451,1,160,292.5
451,1,165,292.5
451,1,166,292.5
451,1,167,292.5
451,1,168,292.5
451,1,170,292.5
451,1,171,292.5
451,1,172,292.5
451,1,1912,292.5
451,1,1914,292.5
451,1,3315,292.5
451,1,373,292.5
451,1,4509,292.5
451,1,4533,292.5
451,1,4541,292.5
451,1,4626,292.5
451,1,4627,292.5
451,1,4628,292.5
451,1,4629,292.5
451,1,4630,292.5
451,1,4631,292.5
451,1,4632,292.5
451,1,4633,292.5
451,1,4634,292.5
451,1,4635,292.5
451,1,4636,292.5
451,1,4637,292.5
451,1,4638,292.5
451,1,4639,292.5
451,1,4640,292.5
451,1,4641,292.5
451,1,4642,292.5
451,1,4643,292.5
451,1,4688,292.5
451,1,4693,292.5
451,1,4694,292.5
451,1,4695,292.5
451,1,4705,292.5
451,1,4907,292.5
451,1,4945,292.5
451,1,4951,292.5
451,1,4953,292.5
451,1,4954,292.5
451,1,4955,292.5
451,1,4956,292.5
451,1,4957,292.5
451,1,4958,292.5
451,1,4959,292.5
451,1,4960,292.5
451,1,4961,292.5
451,1,4963,292.5
451,1,4964,292.5
451,1,4965,292.5
451,1,4966,292.5
451,1,4967,292.5
451,1,4969,292.5
451,1,4970,292.5
451,1,4977,292.5
451,1,4978,292.5
451,1,4979,292.5
451,1,4980,292.5
451,1,4981,292.5
451,1,4982,292.5
451,1,5011,292.5
451,1,795,292.5
451,1,796,292.5
451,1,797,292.5
451,1,798,292.5
451,1,799,292.5
979,0,117,293.33
979,0,118,293.33
979,0,119,293.33
979,0,120,293.33
979,0,121,293.33
979,0,1967,293.33
979,0,1968,293.33
979,0,1969,293.33
979,0,1970,293.33
979,0,1971,293.33
979,0,1972,293.33
979,0,1973,293.33
979,0,1974,293.33
979,0,1975,293.33
979,0,1976,293.33
979,0,1977,293.33
979,0,1978,293.33
979,0,200,293.33
979,0,201,293.33
979,0,202,293.33
979,0,203,293.33
979,0,204,293.33
979,0,205,293.33
979,0,206,293.33
979,0,207,293.33
979,0,215,293.33
979,0,216,293.33
979,0,217,293.33
979,0,2303,293.33
979,0,275,293.33
979,0,276,293.33
979,0,277,293.33
979,0,278,293.33
979,0,281,293.33
979,0,282,293.33
979,0,35,293.33
979,0,40,293.33
979,0,698,293.33
979,0,699,293.33
979,0,700,293.33
979,0,701,293.33
979,0,702,293.33
979,0,703,293.33
979,0,704,293.33
979,0,705,293.33
979,0,706,293.33
979,0,707,293.33
979,0,708,293.33
979,0,709,293.33
979,0,710,293.33
979,0,711,293.33
979,0,712,293.33
979,0,713,293.33
979,0,714,293.33
979,0,715,293.33
979,0,716,293.33
979,0,717,293.33
979,0,718,293.33
979,0,719,293.33
979,0,720,293.33
979,0,721,293.33
979,0,722,293.33
979,0,723,293.33
979,0,725,293.33
979,0,726,293.33
979,0,727,293.33
979,0,728,293.33
979,0,729,293.33
979,0,730,293.33
979,0,731,293.33
979,0,732,293.33
979,0,761,293.33
979,0,762,293.33
979,0,763,293.33
979,0,764,293.33
979,0,765,293.33
979,0,8202,293.33
979,0,8605,293.33
948,1,1749,295.0
948,1,1750,295.0
948,1,1752,295.0
948,1,1753,295.0
948,1,1754,295.0
948,1,1756,295.0
948,1,3391,295.0
948,1,3429,295.0
948,1,3431,295.0
948,1,3432,295.0
948,1,3433,295.0
948,1,3434,295.0
948,1,3435,295.0
948,1,3436,295.0
948,1,3437,295.0
948,1,3438,295.0
948,1,3439,295.0
948,1,3440,295.0
948,1,3441,295.0
948,1,3442,295.0
948,1,3443,295.0
948,1,3669,295.0
948,1,3671,295.0
948,1,3714,295.0
948,1,3715,295.0
948,1,3716,295.0
948,1,3717,295.0
948,1,3718,295.0
948,1,3720,295.0
948,1,3721,295.0
948,1,3722,295.0
948,1,3723,295.0
948,1,3724,295.0
948,1,3725,295.0
948,1,3726,295.0
948,1,3727,295.0
948,1,3728,295.0
948,1,3729,295.0
948,1,3730,295.0
948,1,3731,295.0
948,1,3732,295.0
948,1,3733,295.0
948,1,3734,295.0
948,1,3735,295.0
948,1,3736,295.0
948,1,3738,295.0
948,1,3747,295.0
948,1,3748,295.0
948,1,3749,295.0
948,1,3750,295.0
948,1,3752,295.0
948,1,3757,295.0
948,1,3758,295.0
948,1,3759,295.0
948,1,8303,295.0
948,1,8304,295.0
948,1,8305,295.0
948,1,8306,295.0
948,1,8307,295.0
948,1,8308,295.0
948,1,8309,295.0
948,1,8310,295.0
948,1,8311,295.0
948,1,8312,295.0
948,1,8313,295.0
948,1,8314,295.0
948,1,8315,295.0
948,1,8316,295.0
948,1,8317,295.0
948,1,8318,295.0
524,0,136,300.0
524,0,137,300.0
524,0,138,300.0
524,0,139,300.0
524,0,140,300.0
524,0,3926,300.0
524,0,3927,300.0
524,0,3928,300.0
524,0,3929,300.0
524,0,3930,300.0
524,0,3931,300.0
524,0,3932,300.0
524,0,3933,300.0
524,0,3934,300.0
524,0,3935,300.0
524,0,3936,300.0
524,0,3937,300.0
524,0,3938,300.0
524,0,3939,300.0
524,0,3940,300.0
524,0,3941,300.0
524,0,3942,300.0
524,0,3943,300.0
524,0,3944,300.0
524,0,4351,300.0
524,0,5406,300.0
524,0,5407,300.0
524,0,5408,300.0
524,0,5409,300.0
524,0,5410,300.0
524,0,5411,300.0
524,0,5412,300.0
524,0,5413,300.0
524,0,5414,300.0
524,0,5415,300.0
524,0,5416,300.0
524,0,5417,300.0
524,0,5418,300.0
524,0,5419,300.0
524,0,5420,300.0
524,0,5421,300.0
524,0,5422,300.0
524,0,5423,300.0
524,0,5424,300.0
524,0,5468,300.0
524,0,5469,300.0
524,0,5470,300.0
524,0,5471,300.0
524,0,5472,300.0
524,0,5473,300.0
524,0,5474,300.0
524,0,5475,300.0
524,0,5476,300.0
524,0,5477,300.0
524,0,5478,300.0
524,0,5480,300.0
524,0,5481,300.0
524,0,5482,300.0
524,0,5484,300.0
524,0,5485,300.0
524,0,5486,300.0
524,0,5487,300.0
524,0,5488,300.0
524,0,5489,300.0
524,0,5490,300.0
524,0,5491,300.0
524,0,5492,300.0
524,0,5493,300.0
524,0,5494,300.0
524,0,5495,300.0
524,0,5496,300.0
524,0,5497,300.0
524,0,5498,300.0
524,0,5499,300.0
524,0,5500,300.0
524,0,5501,300.0
524,0,5502,300.0
524,0,5503,300.0
524,0,5528,300.0
524,0,8077,300.0
524,0,9297,300.0
748,0,2104,300.0
748,0,2116,300.0
748,0,248,300.0
748,0,6952,300.0
748,0,6956,300.0
748,0,6957,300.0
748,0,6958,300.0
748,0,6977,300.0
748,0,6979,300.0
748,0,6980,300.0
748,0,7047,300.0
748,0,7188,300.0
748,0,7189,300.0
748,0,7190,300.0
748,0,7191,300.0
748,0,7192,300.0
748,0,7193,300.0
748,0,7194,300.0
748,0,7195,300.0
748,0,7196,300.0
748,0,7197,300.0
748,0,7198,300.0
748,0,7199,300.0
748,0,7200,300.0
748,0,7201,300.0
748,0,7202,300.0
748,0,777,300.0
748,0,835,300.0
748,0,836,300.0
748,0,837,300.0
748,0,838,300.0
748,0,839,300.0
748,0,840,300.0
748,0,841,300.0
748,0,842,300.0
748,0,843,300.0
748,0,844,300.0
748,0,845,300.0
748,0,846,300.0
748,0,847,300.0
748,0,848,300.0
748,0,849,300.0
748,0,850,300.0
748,0,851,300.0
748,0,852,300.0
748,0,853,300.0
748,0,854,300.0
748,0,855,300.0
748,0,856,300.0
748,0,857,300.0
748,0,858,300.0
748,0,859,300.0
748,0,860,300.0
748,0,862,300.0
748,0,865,300.0
748,0,931,300.0
748,0,932,300.0
748,0,933,300.0
748,0,934,300.0
748,0,935,300.0
748,0,936,300.0
748,0,937,300.0
748,0,938,300.0
749,1,2115,300.0
749,1,2116,300.0
749,1,248,300.0
749,1,6087,300.0
749,1,6897,300.0
749,1,6960,300.0
749,1,6961,300.0
749,1,6962,300.0
749,1,6963,300.0
749,1,6964,300.0
749,1,6965,300.0
749,1,6966,300.0
749,1,6967,300.0
749,1,6968,300.0
749,1,6969,300.0
749,1,6970,300.0
749,1,6971,300.0
749,1,6972,300.0
749,1,6973,300.0
749,1,6978,300.0
749,1,6979,300.0
749,1,6980,300.0
749,1,6981,300.0
749,1,7089,300.0
749,1,7203,300.0
749,1,7204,300.0
749,1,7205,300.0
749,1,7206,300.0
749,1,777,300.0
749,1,863,300.0
749,1,887,300.0
749,1,888,300.0
749,1,889,300.0
749,1,890,300.0
749,1,892,300.0
749,1,893,300.0
749,1,894,300.0
749,1,895,300.0
749,1,896,300.0
749,1,897,300.0
749,1,898,300.0
749,1,899,300.0
749,1,900,300.0
749,1,901,300.0
749,1,903,300.0
749,1,904,300.0
749,1,905,300.0
749,1,906,300.0
749,1,907,300.0
749,1,908,300.0
749,1,909,300.0
749,1,910,300.0
749,1,911,300.0
749,1,912,300.0
749,1,913,300.0
749,1,914,300.0
749,1,915,300.0
749,1,916,300.0
749,1,937,300.0
749,1,938,300.0
749,1,960,300.0
749,1,961,300.0
749,1,962,300.0
171,1,106,310.0
171,1,107,310.0
171,1,1204,310.0
171,1,1318,310.0
171,1,1323,310.0
171,1,1324,310.0
171,1,1325,310.0
171,1,1370,310.0
171,1,1378,310.0
171,1,1379,310.0
171,1,1380,310.0
171,1,1381,310.0
171,1,1382,310.0
171,1,1383,310.0
171,1,1400,310.0
171,1,1401,310.0
171,1,1422,310.0
171,1,1574,310.0
171,1,1575,310.0
171,1,1576,310.0
171,1,1577,310.0
171,1,1578,310.0
171,1,1581,310.0
171,1,1582,310.0
171,1,1583,310.0
171,1,2056,310.0
171,1,2065,310.0
171,1,2066,310.0
171,1,2067,310.0
171,1,2068,310.0
171,1,2069,310.0
171,1,2070,310.0
171,1,2071,310.0
171,1,2074,310.0
171,1,2075,310.0
171,1,2076,310.0
171,1,2077,310.0
171,1,2078,310.0
171,1,2079,310.0
171,1,2080,310.0
171,1,2081,310.0
171,1,2082,310.0
171,1,2083,310.0
171,1,2084,310.0
171,1,2085,310.0
171,1,2086,310.0
171,1,2087,310.0
171,1,2088,310.0
171,1,2089,310.0
171,1,2090,310.0
171,1,2091,310.0
171,1,2092,310.0
171,1,2093,310.0
171,1,2094,310.0
171,1,2095,310.0
171,1,2096,310.0
171,1,2097,310.0
171,1,2098,310.0
171,1,2099,310.0
171,1,2100,310.0
171,1,2101,310.0
171,1,2102,310.0
171,1,2103,310.0
171,1,2738,310.0
171,1,2752,310.0
171,1,3008,310.0
171,1,349,310.0
171,1,3857,310.0
171,1,4568,310.0
171,1,458,310.0
714,0,105,310.0
714,0,1204,310.0
714,0,1638,310.0
714,0,1643,310.0
714,0,1724,310.0
714,0,1728,310.0
714,0,1748,310.0
714,0,2230,310.0
714,0,304,310.0
714,0,6087,310.0
714,0,6478,310.0
714,0,6936,310.0
714,0,6952,310.0
714,0,6953,310.0
714,0,6954,310.0
714,0,6956,310.0
714,0,6957,310.0
714,0,6958,310.0
714,0,6959,310.0
714,0,6960,310.0
714,0,6961,310.0
714,0,6962,310.0
714,0,6963,310.0
714,0,6964,310.0
714,0,6965,310.0
714,0,6966,310.0
714,0,6967,310.0
714,0,6968,310.0
714,0,6969,310.0
714,0,6970,310.0
714,0,6971,310.0
714,0,6972,310.0
714,0,6973,310.0
714,0,6974,310.0
714,0,6975,310.0
714,0,7047,310.0
714,0,7089,310.0
714,0,7188,310.0
714,0,736,310.0
714,0,737,310.0
714,0,738,310.0
714,0,739,310.0
714,0,887,310.0
714,0,889,310.0
714,0,892,310.0
714,0,893,310.0
714,0,894,310.0
714,0,895,310.0
714,0,896,310.0
714,0,897,310.0
714,0,898,310.0
714,0,899,310.0
714,0,900,310.0
714,0,901,310.0
714,0,903,310.0
714,0,904,310.0
714,0,905,310.0
714,0,906,310.0
714,0,907,310.0
714,0,908,310.0
714,0,909,310.0
714,0,910,310.0
714,0,911,310.0
714,0,912,310.0
714,0,913,310.0
714,0,914,310.0
714,0,915,310.0
714,0,916,310.0
714,0,937,310.0
714,0,938,310.0
714,0,945,310.0
714,0,950,310.0
714,0,951,310.0
714,0,954,310.0
714,0,956,310.0
714,0,957,310.0
714,0,958,310.0
714,0,959,310.0
714,0,960,310.0
714,0,962,310.0
396,0,3552,315.0
396,0,3553,315.0
396,0,3554,315.0
396,0,3555,315.0
396,0,3588,315.0
396,0,3590,315.0
396,0,3874,315.0
396,0,3876,315.0
396,0,3877,315.0
396,0,3878,315.0
396,0,3879,315.0
396,0,3880,315.0
396,0,3881,315.0
396,0,3882,315.0
396,0,3883,315.0
396,0,3884,315.0
396,0,3885,315.0
396,0,3886,315.0
396,0,3887,315.0
396,0,3888,315.0
396,0,3889,315.0
396,0,3890,315.0
396,0,3891,315.0
396,0,3892,315.0
396,0,3893,315.0
396,0,3894,315.0
396,0,3895,315.0
396,0,3896,315.0
396,0,3897,315.0
396,0,3898,315.0
396,0,3899,315.0
396,0,4072,315.0
396,0,4073,315.0
396,0,4074,315.0
396,0,4075,315.0
396,0,4076,315.0
396,0,4077,315.0
396,0,4078,315.0
396,0,4079,315.0
396,0,4080,315.0
396,0,4081,315.0
396,0,4082,315.0
396,0,4083,315.0
396,0,4084,315.0
396,0,4085,315.0
396,0,4086,315.0
396,0,4087,315.0
396,0,4088,315.0
396,0,4089,315.0
396,0,4090,315.0
396,0,4091,315.0
396,0,4092,315.0
396,0,4093,315.0
396,0,4094,315.0
396,0,4095,315.0
396,0,4096,315.0
396,0,4097,315.0
396,0,4098,315.0
396,0,4100,315.0
396,0,4101,315.0
396,0,4102,315.0
396,0,419,315.0
396,0,420,315.0
396,0,421,315.0
396,0,4216,315.0
396,0,4217,315.0
396,0,4218,315.0
396,0,4219,315.0
396,0,422,315.0
396,0,4220,315.0
396,0,4221,315.0
396,0,4222,315.0
396,0,4223,315.0
396,0,4224,315.0
396,0,4225,315.0
396,0,4226,315.0
396,0,4227,315.0
396,0,4228,315.0
396,0,4229,315.0
396,0,423,315.0
396,0,4230,315.0
396,0,4231,315.0
396,0,4232,315.0
396,0,4233,315.0
396,0,4234,315.0
396,0,4235,315.0
396,0,4236,315.0
396,0,4237,315.0
396,0,4238,315.0
396,0,4239,315.0
396,0,424,315.0
396,0,4240,315.0
396,0,4241,315.0
396,0,4242,315.0
396,0,4243,315.0
396,0,4244,315.0
396,0,4245,315.0
396,0,4246,315.0
396,0,4247,315.0
396,0,426,315.0
396,0,427,315.0
396,0,4347,315.0
396,0,4351,315.0
396,0,4356,315.0
455,1,130,315.0
455,1,131,315.0
455,1,144,315.0
455,1,145,315.0
455,1,149,315.0
455,1,150,315.0
455,1,151,315.0
455,1,152,315.0
455,1,153,315.0
455,1,155,315.0
455,1,160,315.0
455,1,165,315.0
455,1,166,315.0
455,1,167,315.0
455,1,168,315.0
455,1,169,315.0
455,1,170,315.0
455,1,171,315.0
455,1,172,315.0
455,1,1912,315.0
455,1,1914,315.0
455,1,3315,315.0
455,1,373,315.0
455,1,394,315.0
455,1,445,315.0
455,1,446,315.0
455,1,447,315.0
455,1,448,315.0
455,1,449,315.0
455,1,4533,315.0
455,1,4541,315.0
455,1,4626,315.0
455,1,4627,315.0
455,1,4628,315.0
455,1,4629,315.0
455,1,4630,315.0
455,1,4631,315.0
455,1,4632,315.0
455,1,4633,315.0
455,1,4634,315.0
455,1,4635,315.0
455,1,4636,315.0
455,1,4637,315.0
455,1,4638,315.0
455,1,4639,315.0
455,1,4640,315.0
455,1,4641,315.0
455,1,4642,315.0
455,1,4643,315.0
455,1,4688,315.0
455,1,4693,315.0
455,1,4694,315.0
455,1,4695,315.0
455,1,4705,315.0
455,1,4907,315.0
455,1,4908,315.0
455,1,4909,315.0
455,1,4910,315.0
455,1,4945,315.0
455,1,4951,315.0
455,1,4953,315.0
455,1,4954,315.0
455,1,4955,315.0
455,1,4956,315.0
455,1,4957,315.0
455,1,4958,315.0
455,1,4959,315.0
455,1,4960,315.0
455,1,4961,315.0
455,1,4985,315.0
455,1,4991,315.0
455,1,4992,315.0
455,1,4999,315.0
455,1,5000,315.0
455,1,5001,315.0
455,1,5002,315.0
455,1,5003,315.0
455,1,5004,315.0
455,1,5005,315.0
455,1,5006,315.0
455,1,5007,315.0
455,1,5008,315.0
455,1,5009,315.0
455,1,795,315.0
455,1,796,315.0
455,1,797,315.0
455,1,798,315.0
455,1,799,315.0
657,1,4728,315.0
657,1,4794,315.0
657,1,4795,315.0
657,1,5151,315.0
657,1,5172,315.0
657,1,6052,315.0
657,1,6054,315.0
657,1,6055,315.0
657,1,6061,315.0
657,1,6069,315.0
657,1,6078,315.0
657,1,6081,315.0
657,1,6082,315.0
657,1,6083,315.0
657,1,6084,315.0
657,1,6085,315.0
657,1,6086,315.0
657,1,6087,315.0
657,1,6088,315.0
657,1,6089,315.0
657,1,6090,315.0
657,1,6091,315.0
657,1,6092,315.0
657,1,6093,315.0
657,1,6094,315.0
657,1,6098,315.0
657,1,6099,315.0
657,1,6100,315.0
657,1,6101,315.0
657,1,6102,315.0
657,1,6103,315.0
657,1,6104,315.0
657,1,6105,315.0
657,1,6106,315.0
657,1,6159,315.0
657,1,6160,315.0
657,1,6516,315.0
657,1,6590,315.0
657,1,6591,315.0
657,1,6592,315.0
657,1,6593,315.0
657,1,6594,315.0
657,1,6595,315.0
657,1,6625,315.0
657,1,6626,315.0
657,1,6627,315.0
657,1,6628,315.0
657,1,6629,315.0
657,1,6630,315.0
657,1,6632,315.0
657,1,6633,315.0
657,1,6634,315.0
657,1,6635,315.0
657,1,6636,315.0
657,1,6637,315.0
657,1,6638,315.0
657,1,6639,315.0
657,1,6640,315.0
657,1,6641,315.0
657,1,6642,315.0
657,1,6643,315.0
657,1,6644,315.0
657,1,6645,315.0
657,1,6646,315.0
657,1,6893,315.0
657,1,761,315.0
657,1,763,315.0
657,1,771,315.0
450,0,106465,320.0
450,0,106466,320.0
450,0,106467,320.0
450,0,106468,320.0
450,0,106469,320.0
450,0,106470,320.0
450,0,106471,320.0
450,0,106472,320.0
450,0,106473,320.0
450,0,106474,320.0
450,0,114,320.0
450,0,115,320.0
450,0,116,320.0
450,0,117,320.0
450,0,118,320.0
450,0,119,320.0
450,0,120,320.0
450,0,121,320.0
450,0,122,320.0
450,0,123,320.0
450,0,124,320.0
450,0,125,320.0
450,0,126,320.0
450,0,127,320.0
450,0,129,320.0
450,0,130,320.0
450,0,131,320.0
450,0,158,320.0
450,0,159,320.0
450,0,160,320.0
450,0,161,320.0
450,0,162,320.0
450,0,163,320.0
450,0,164,320.0
450,0,1836,320.0
450,0,1912,320.0
450,0,3315,320.0
450,0,4537,320.0
450,0,4607,320.0
450,0,4608,320.0
450,0,4609,320.0
450,0,4610,320.0
450,0,4611,320.0
450,0,4612,320.0
450,0,4613,320.0
450,0,4614,320.0
450,0,4615,320.0
450,0,4616,320.0
450,0,4617,320.0
450,0,4618,320.0
450,0,4619,320.0
450,0,4620,320.0
450,0,4621,320.0
450,0,4622,320.0
450,0,4623,320.0
450,0,4624,320.0
450,0,4625,320.0
450,0,4687,320.0
450,0,4688,320.0
450,0,4689,320.0
450,0,4690,320.0
450,0,4692,320.0
450,0,4906,320.0
450,0,4942,320.0
450,0,4943,320.0
450,0,4944,320.0
450,0,4945,320.0
450,0,4946,320.0
450,0,4947,320.0
450,0,4948,320.0
450,0,4949,320.0
450,0,4950,320.0
450,0,4951,320.0
450,0,4952,320.0
450,0,4962,320.0
450,0,4963,320.0
450,0,4964,320.0
450,0,4965,320.0
450,0,4966,320.0
450,0,4967,320.0
450,0,4969,320.0
450,0,4970,320.0
450,0,4971,320.0
450,0,4972,320.0
450,0,4973,320.0
450,0,4974,320.0
450,0,4981,320.0
450,0,5010,320.0
450,0,790,320.0
450,0,791,320.0
450,0,792,320.0
450,0,793,320.0
450,0,794,320.0
397,1,3556,327.5
397,1,3557,327.5
397,1,3558,327.5
397,1,3559,327.5
397,1,3593,327.5
397,1,3889,327.5
397,1,3890,327.5
397,1,3900,327.5
397,1,3901,327.5
397,1,3902,327.5
397,1,3903,327.5
397,1,3904,327.5
397,1,3907,327.5
397,1,3908,327.5
397,1,3909,327.5
397,1,3910,327.5
397,1,3911,327.5
397,1,3912,327.5
397,1,3915,327.5
397,1,3916,327.5
397,1,3917,327.5
397,1,3919,327.5
397,1,3920,327.5
397,1,3921,327.5
397,1,3922,327.5
397,1,3923,327.5
397,1,3944,327.5
397,1,4103,327.5
397,1,4104,327.5
397,1,4105,327.5
397,1,4106,327.5
397,1,4107,327.5
397,1,4108,327.5
397,1,4109,327.5
397,1,4110,327.5
397,1,4111,327.5
397,1,4112,327.5
397,1,4113,327.5
397,1,4115,327.5
397,1,4116,327.5
397,1,4117,327.5
397,1,4118,327.5
397,1,4119,327.5
397,1,4120,327.5
397,1,4121,327.5
397,1,4122,327.5
397,1,4123,327.5
397,1,4124,327.5
397,1,4125,327.5
397,1,4126,327.5
397,1,4127,327.5
397,1,4128,327.5
397,1,4130,327.5
397,1,4131,327.5
397,1,4132,327.5
397,1,419,327.5
397,1,4216,327.5
397,1,4245,327.5
397,1,4248,327.5
397,1,4249,327.5
397,1,4250,327.5
397,1,4251,327.5
397,1,4252,327.5
397,1,4253,327.5
397,1,4254,327.5
397,1,4255,327.5
397,1,4256,327.5
397,1,4257,327.5
397,1,4258,327.5
397,1,4259,327.5
397,1,426,327.5
397,1,4260,327.5
397,1,4261,327.5
397,1,4262,327.5
397,1,4263,327.5
397,1,4264,327.5
397,1,4265,327.5
397,1,4266,327.5
397,1,4267,327.5
397,1,4268,327.5
397,1,4269,327.5
397,1,427,327.5
397,1,4270,327.5
397,1,4271,327.5
397,1,4272,327.5
397,1,4273,327.5
397,1,4274,327.5
397,1,4275,327.5
397,1,4276,327.5
397,1,4277,327.5
397,1,428,327.5
397,1,429,327.5
397,1,430,327.5
397,1,431,327.5
397,1,432,327.5
397,1,4323,327.5
397,1,4338,327.5
397,1,4352,327.5
397,1,4392,327.5
397,1,4399,327.5
397,1,4400,327.5
397,1,4409,327.5
397,1,4410,327.5
397,1,4414,327.5
435,1,130,378.33
435,1,131,378.33
435,1,144,378.33
435,1,145,378.33
435,1,149,378.33
435,1,150,378.33
435,1,151,378.33
435,1,152,378.33
435,1,153,378.33
435,1,155,378.33
435,1,160,378.33
435,1,165,378.33
435,1,166,378.33
435,1,167,378.33
435,1,168,378.33
435,1,169,378.33
435,1,170,378.33
435,1,171,378.33
435,1,172,378.33
435,1,1914,378.33
435,1,3315,378.33
435,1,373,378.33
435,1,394,378.33
435,1,445,378.33
435,1,446,378.33
435,1,447,378.33
435,1,448,378.33
435,1,449,378.33
435,1,4533,378.33
435,1,4541,378.33
435,1,4626,378.33
435,1,4627,378.33
435,1,4628,378.33
435,1,4629,378.33
435,1,4630,378.33
435,1,4631,378.33
435,1,4632,378.33
435,1,4633,378.33
435,1,4634,378.33
435,1,4635,378.33
435,1,4636,378.33
435,1,4637,378.33
435,1,4638,378.33
435,1,4639,378.33
435,1,4640,378.33
435,1,4641,378.33
435,1,4642,378.33
435,1,4643,378.33
435,1,4651,378.33
435,1,4652,378.33
435,1,4653,378.33
435,1,4688,378.33
435,1,4693,378.33
435,1,4694,378.33
435,1,4695,378.33
435,1,4696,378.33
435,1,4697,378.33
435,1,4698,378.33
435,1,4699,378.33
435,1,4700,378.33
435,1,4705,378.33
435,1,4706,378.33
435,1,4707,378.33
435,1,4711,378.33
435,1,4712,378.33
435,1,795,378.33
435,1,796,378.33
435,1,797,378.33
435,1,798,378.33
435,1,799,378.33
1147,1,106822,420.0
1147,1,107,420.0
1147,1,117,420.0
1147,1,118,420.0
1147,1,119,420.0
1147,1,120,420.0
1147,1,121,420.0
1147,1,1639,420.0
1147,1,1957,420.0
1147,1,1959,420.0
1147,1,1960,420.0
1147,1,1961,420.0
1147,1,1976,420.0
1147,1,1979,420.0
1147,1,1980,420.0
1147,1,1981,420.0
1147,1,1982,420.0
1147,1,1983,420.0
1147,1,1984,420.0
1147,1,1985,420.0
1147,1,1986,420.0
1147,1,1987,420.0
1147,1,1988,420.0
1147,1,1989,420.0
1147,1,201,420.0
1147,1,202,420.0
1147,1,204,420.0
1147,1,205,420.0
1147,1,206,420.0
1147,1,207,420.0
1147,1,225,420.0
1147,1,283,420.0
1147,1,284,420.0
1147,1,287,420.0
1147,1,288,420.0
1147,1,3167,420.0
1147,1,3168,420.0
1147,1,3173,420.0
1147,1,3174,420.0
1147,1,3175,420.0
1147,1,3176,420.0
1147,1,3178,420.0
1147,1,3179,420.0
1147,1,319,420.0
1147,1,331,420.0
1147,1,3838,420.0
1147,1,461,420.0
1147,1,491,420.0
1147,1,8605,420.0
1143,1,1702,438.33
1143,1,3529,438.33
1143,1,409,438.33
1143,1,413,438.33
1143,1,415,438.33
1143,1,419,438.33
1143,1,433,438.33
1143,1,435,438.33
1143,1,436,438.33
1143,1,437,438.33
1143,1,438,438.33
1143,1,439,438.33
1143,1,440,438.33
1143,1,461,438.33
1143,1,462,438.33
1143,1,463,438.33
1143,1,464,438.33
1143,1,467,438.33
1141,1,3315,440.0
1141,1,403,440.0
1141,1,408,440.0
1141,1,409,440.0
1141,1,413,440.0
1141,1,415,440.0
1141,1,419,440.0
1141,1,435,440.0
1141,1,436,440.0
1141,1,437,440.0
1141,1,438,440.0
1141,1,439,440.0
1141,1,440,440.0
1141,1,441,440.0
1141,1,442,440.0
1141,1,443,440.0
1141,1,444,440.0
1141,1,466,440.0
715,1,105,485.0
715,1,1204,485.0
715,1,1638,485.0
715,1,1643,485.0
715,1,1724,485.0
715,1,1728,485.0
715,1,1748,485.0
715,1,304,485.0
715,1,319,485.0
715,1,320,485.0
715,1,321,485.0
715,1,6087,485.0
715,1,6936,485.0
715,1,6956,485.0
715,1,6957,485.0
715,1,6958,485.0
715,1,6960,485.0
715,1,6961,485.0
715,1,6962,485.0
715,1,6963,485.0
715,1,6964,485.0
715,1,6965,485.0
715,1,6966,485.0
715,1,6967,485.0
715,1,6968,485.0
715,1,6969,485.0
715,1,6970,485.0
715,1,6971,485.0
715,1,6972,485.0
715,1,6973,485.0
715,1,6975,485.0
715,1,6977,485.0
715,1,6978,485.0
715,1,6979,485.0
715,1,6980,485.0
715,1,6981,485.0
715,1,7047,485.0
715,1,7089,485.0
715,1,736,485.0
715,1,737,485.0
715,1,738,485.0
715,1,739,485.0
715,1,864,485.0
715,1,887,485.0
715,1,889,485.0
715,1,890,485.0
715,1,892,485.0
715,1,893,485.0
715,1,894,485.0
715,1,895,485.0
715,1,896,485.0
715,1,897,485.0
715,1,898,485.0
715,1,899,485.0
715,1,900,485.0
715,1,901,485.0
715,1,903,485.0
715,1,904,485.0
715,1,905,485.0
715,1,906,485.0
715,1,907,485.0
715,1,908,485.0
715,1,909,485.0
715,1,910,485.0
715,1,911,485.0
715,1,912,485.0
715,1,913,485.0
715,1,914,485.0
715,1,915,485.0
715,1,916,485.0
715,1,937,485.0
715,1,938,485.0
715,1,945,485.0
715,1,950,485.0
715,1,951,485.0
715,1,954,485.0
715,1,956,485.0
715,1,957,485.0
715,1,958,485.0
715,1,959,485.0
715,1,960,485.0
715,1,962,485.0
449,1,106463,510.0
449,1,106733,510.0
449,1,106734,510.0
449,1,106735,510.0
449,1,106736,510.0
449,1,106737,510.0
449,1,106738,510.0
449,1,106739,510.0
449,1,106740,510.0
449,1,106741,510.0
449,1,106742,510.0
449,1,106743,510.0
449,1,130,510.0
449,1,131,510.0
449,1,144,510.0
449,1,149,510.0
449,1,150,510.0
449,1,151,510.0
449,1,152,510.0
449,1,153,510.0
449,1,155,510.0
449,1,160,510.0
449,1,165,510.0
449,1,166,510.0
449,1,167,510.0
449,1,168,510.0
449,1,169,510.0
449,1,170,510.0
449,1,171,510.0
449,1,172,510.0
449,1,1912,510.0
449,1,1914,510.0
449,1,3315,510.0
449,1,373,510.0
449,1,445,510.0
449,1,446,510.0
449,1,447,510.0
449,1,448,510.0
449,1,449,510.0
449,1,4509,510.0
449,1,4533,510.0
449,1,4541,510.0
449,1,4626,510.0
449,1,4627,510.0
449,1,4628,510.0
449,1,4629,510.0
449,1,4630,510.0
449,1,4631,510.0
449,1,4632,510.0
449,1,4633,510.0
449,1,4634,510.0
449,1,4635,510.0
449,1,4636,510.0
449,1,4637,510.0
449,1,4638,510.0
449,1,4639,510.0
449,1,4640,510.0
449,1,4641,510.0
449,1,4642,510.0
449,1,4643,510.0
449,1,4688,510.0
449,1,4692,510.0
449,1,4693,510.0
449,1,4694,510.0
449,1,4695,510.0
449,1,4872,510.0
449,1,4899,510.0
449,1,4907,510.0
449,1,4908,510.0
449,1,4909,510.0
449,1,4910,510.0
449,1,4911,510.0
449,1,4912,510.0
449,1,4913,510.0
449,1,4914,510.0
449,1,4915,510.0
449,1,4916,510.0
449,1,4917,510.0
449,1,4918,510.0
449,1,4919,510.0
449,1,4920,510.0
449,1,4921,510.0
449,1,4922,510.0
449,1,4923,510.0
449,1,4924,510.0
449,1,4925,510.0
449,1,4926,510.0
449,1,4927,510.0
449,1,4928,510.0
449,1,4929,510.0
449,1,4930,510.0
449,1,4931,510.0
449,1,4932,510.0
449,1,4933,510.0
449,1,4934,510.0
449,1,4935,510.0
449,1,4936,510.0
449,1,4937,510.0
449,1,4938,510.0
449,1,4939,510.0
449,1,4940,510.0
449,1,4941,510.0
449,1,4945,510.0
449,1,4951,510.0
449,1,4953,510.0
449,1,4954,510.0
449,1,4955,510.0
449,1,4956,510.0
449,1,4957,510.0
449,1,4958,510.0
449,1,4959,510.0
449,1,4960,510.0
449,1,4961,510.0
449,1,795,510.0
449,1,796,510.0
449,1,797,510.0
449,1,798,510.0
449,1,799,510.0
125,1,106,545.0
125,1,107,545.0
125,1,1204,545.0
125,1,1318,545.0
125,1,1323,545.0
125,1,1324,545.0
125,1,1325,545.0
125,1,1370,545.0
125,1,1378,545.0
125,1,1379,545.0
125,1,1380,545.0
125,1,1381,545.0
125,1,1382,545.0
125,1,1383,545.0
125,1,1400,545.0
125,1,1401,545.0
125,1,1422,545.0
125,1,1451,545.0
125,1,1452,545.0
125,1,1453,545.0
125,1,1454,545.0
125,1,1455,545.0
125,1,1456,545.0
125,1,1457,545.0
125,1,1458,545.0
125,1,1460,545.0
125,1,1461,545.0
125,1,1462,545.0
125,1,1463,545.0
125,1,1464,545.0
125,1,1465,545.0
125,1,1466,545.0
125,1,1467,545.0
125,1,1468,545.0
125,1,1469,545.0
125,1,1470,545.0
125,1,1471,545.0
125,1,1472,545.0
125,1,1473,545.0
125,1,1476,545.0
125,1,1477,545.0
125,1,1479,545.0
125,1,1481,545.0
125,1,1485,545.0
125,1,1486,545.0
125,1,1487,545.0
125,1,1488,545.0
125,1,1489,545.0
125,1,1490,545.0
125,1,1491,545.0
125,1,1492,545.0
125,1,1504,545.0
125,1,1527,545.0
125,1,1528,545.0
125,1,1529,545.0
125,1,1530,545.0
125,1,1531,545.0
125,1,1532,545.0
125,1,1533,545.0
125,1,1534,545.0
125,1,1535,545.0
125,1,1536,545.0
125,1,1537,545.0
125,1,1538,545.0
125,1,1539,545.0
125,1,1540,545.0
125,1,1541,545.0
125,1,1542,545.0
125,1,1543,545.0
125,1,1544,545.0
125,1,1545,545.0
125,1,1546,545.0
125,1,1547,545.0
125,1,1549,545.0
125,1,1550,545.0
125,1,1551,545.0
125,1,1552,545.0
125,1,1553,545.0
125,1,1554,545.0
125,1,1555,545.0
125,1,1556,545.0
125,1,1557,545.0
125,1,1558,545.0
125,1,1559,545.0
125,1,1560,545.0
125,1,1561,545.0
125,1,1562,545.0
125,1,1563,545.0
125,1,1564,545.0
125,1,1565,545.0
125,1,1574,545.0
125,1,1575,545.0
125,1,1576,545.0
125,1,1577,545.0
125,1,1578,545.0
125,1,1581,545.0
125,1,1582,545.0
125,1,1583,545.0
125,1,1636,545.0
125,1,2738,545.0
125,1,3008,545.0
125,1,349,545.0
125,1,3857,545.0
125,1,4568,545.0
125,1,458,545.0
448,0,106462,570.0
448,0,106733,570.0
448,0,106734,570.0
448,0,106735,570.0
448,0,106736,570.0
448,0,106737,570.0
448,0,106738,570.0
448,0,106739,570.0
448,0,106740,570.0
448,0,106741,570.0
448,0,106742,570.0
448,0,106743,570.0
448,0,114,570.0
448,0,115,570.0
448,0,116,570.0
448,0,117,570.0
448,0,118,570.0
448,0,119,570.0
448,0,120,570.0
448,0,121,570.0
448,0,126,570.0
448,0,127,570.0
448,0,129,570.0
448,0,130,570.0
448,0,131,570.0
448,0,158,570.0
448,0,159,570.0
448,0,160,570.0
448,0,161,570.0
448,0,162,570.0
448,0,163,570.0
448,0,164,570.0
448,0,1836,570.0
448,0,1912,570.0
448,0,3315,570.0
448,0,399,570.0
448,0,400,570.0
448,0,401,570.0
448,0,402,570.0
448,0,4537,570.0
448,0,4607,570.0
448,0,4608,570.0
448,0,4609,570.0
448,0,4610,570.0
448,0,4611,570.0
448,0,4612,570.0
448,0,4613,570.0
448,0,4614,570.0
448,0,4615,570.0
448,0,4616,570.0
448,0,4617,570.0
448,0,4618,570.0
448,0,4619,570.0
448,0,4620,570.0
448,0,4621,570.0
448,0,4622,570.0
448,0,4623,570.0
448,0,4624,570.0
448,0,4625,570.0
448,0,4687,570.0
448,0,4688,570.0
448,0,4689,570.0
448,0,4690,570.0
448,0,4692,570.0
448,0,4871,570.0
448,0,4872,570.0
448,0,4873,570.0
448,0,4874,570.0
448,0,4875,570.0
448,0,4876,570.0
448,0,4877,570.0
448,0,4878,570.0
448,0,4879,570.0
448,0,4880,570.0
448,0,4881,570.0
448,0,4882,570.0
448,0,4883,570.0
448,0,4884,570.0
448,0,4885,570.0
448,0,4886,570.0
448,0,4887,570.0
448,0,4888,570.0
448,0,4889,570.0
448,0,4890,570.0
448,0,4891,570.0
448,0,4892,570.0
448,0,4893,570.0
448,0,4894,570.0
448,0,4895,570.0
448,0,4896,570.0
448,0,4897,570.0
448,0,4898,570.0
448,0,4899,570.0
448,0,4900,570.0
448,0,4901,570.0
448,0,4902,570.0
448,0,4903,570.0
448,0,4904,570.0
448,0,4905,570.0
448,0,4906,570.0
448,0,4930,570.0
448,0,4942,570.0
448,0,4943,570.0
448,0,4944,570.0
448,0,4945,570.0
448,0,4946,570.0
448,0,4947,570.0
448,0,4948,570.0
448,0,4949,570.0
448,0,4950,570.0
448,0,4951,570.0
448,0,4952,570.0
448,0,790,570.0
448,0,791,570.0
448,0,792,570.0
448,0,793,570.0
448,0,794,570.0
713,1,1052,620.0
713,1,1053,620.0
713,1,2139,620.0
713,1,2185,620.0
713,1,2186,620.0
713,1,2187,620.0
713,1,2188,620.0
713,1,2189,620.0
713,1,2190,620.0
713,1,2191,620.0
713,1,2192,620.0
713,1,2193,620.0
713,1,2194,620.0
713,1,2195,620.0
713,1,2196,620.0
713,1,2197,620.0
713,1,2198,620.0
713,1,2199,620.0
713,1,2200,620.0
713,1,2201,620.0
713,1,2202,620.0
713,1,2203,620.0
713,1,3846,620.0
713,1,3847,620.0
713,1,3848,620.0
713,1,5894,620.0
713,1,5898,620.0
713,1,5902,620.0
713,1,5903,620.0
713,1,5904,620.0
713,1,5905,620.0
713,1,5906,620.0
713,1,5907,620.0
713,1,5908,620.0
713,1,594,620.0
713,1,6526,620.0
713,1,6527,620.0
713,1,6674,620.0
713,1,6675,620.0
713,1,6677,620.0
713,1,6678,620.0
713,1,6680,620.0
713,1,6681,620.0
713,1,6683,620.0
713,1,6684,620.0
713,1,6686,620.0
713,1,6687,620.0
713,1,6728,620.0
713,1,6729,620.0
713,1,6734,620.0
713,1,6745,620.0
713,1,6754,620.0
713,1,6755,620.0
713,1,6768,620.0
713,1,6941,620.0
713,1,6943,620.0
713,1,6944,620.0
713,1,6945,620.0
713,1,6949,620.0
713,1,698,620.0
713,1,699,620.0
713,1,700,620.0
713,1,701,620.0
713,1,702,620.0
713,1,703,620.0
713,1,704,620.0
713,1,705,620.0
713,1,7207,620.0
713,1,761,620.0
713,1,763,620.0
713,1,769,620.0
713,1,770,620.0
713,1,771,620.0
713,1,7735,620.0
713,1,861,620.0
713,1,994,620.0
713,1,995,620.0
424,0,10,640.0
424,0,102,640.0
424,0,103,640.0
424,0,105,640.0
424,0,106,640.0
424,0,1068,640.0
424,0,107,640.0
424,0,1071,640.0
424,0,11,640.0
424,0,12,640.0
424,0,1204,640.0
424,0,13,640.0
424,0,1319,640.0
424,0,1323,640.0
424,0,1324,640.0
424,0,1369,640.0
424,0,1370,640.0
424,0,1371,640.0
424,0,1372,640.0
424,0,1373,640.0
424,0,1374,640.0
424,0,1375,640.0
424,0,1382,640.0
424,0,1398,640.0
424,0,1399,640.0
424,0,14,640.0
424,0,15,640.0
424,0,16,640.0
424,0,1634,640.0
424,0,1635,640.0
424,0,17,640.0
424,0,19,640.0
424,0,20,640.0
424,0,2159,640.0
424,0,22,640.0
424,0,23,640.0
424,0,2332,640.0
424,0,2333,640.0
424,0,2335,640.0
424,0,24,640.0
424,0,25,640.0
424,0,26,640.0
424,0,27,640.0
424,0,28,640.0
424,0,2878,640.0
424,0,2879,640.0
424,0,29,640.0
424,0,30,640.0
424,0,31,640.0
424,0,32,640.0
424,0,33,640.0
424,0,34,640.0
424,0,35,640.0
424,0,3855,640.0
424,0,53,640.0
424,0,6293,640.0
424,0,6467,640.0
424,0,68,640.0
424,0,69,640.0
424,0,70,640.0
424,0,72,640.0
424,0,73,640.0
424,0,75,640.0
424,0,76,640.0
424,0,77,640.0
424,0,78,640.0
424,0,79,640.0
424,0,8,640.0
424,0,9,640.0
1146,0,106,645.0
1146,0,106822,645.0
1146,0,107,645.0
1146,0,149,645.0
1146,0,150,645.0
1146,0,152,645.0
1146,0,1962,645.0
1146,0,1963,645.0
1146,0,1967,645.0
1146,0,1968,645.0
1146,0,1969,645.0
1146,0,1970,645.0
1146,0,1971,645.0
1146,0,1972,645.0
1146,0,1973,645.0
1146,0,1974,645.0
1146,0,1975,645.0
1146,0,1976,645.0
1146,0,1977,645.0
1146,0,1978,645.0
1146,0,200,645.0
1146,0,218,645.0
1146,0,219,645.0
1146,0,220,645.0
1146,0,221,645.0
1146,0,222,645.0
1146,0,223,645.0
1146,0,224,645.0
1146,0,277,645.0
1146,0,278,645.0
1146,0,281,645.0
1146,0,282,645.0
1146,0,285,645.0
1146,0,3100,645.0
1146,0,3165,645.0
1146,0,3166,645.0
1146,0,3167,645.0
1146,0,3168,645.0
1146,0,3169,645.0
1146,0,3170,645.0
1146,0,3171,645.0
1146,0,3172,645.0
1146,0,325,645.0
1146,0,326,645.0
1146,0,343,645.0
1146,0,344,645.0
1146,0,4533,645.0
1146,0,4542,645.0
1146,0,462,645.0
1146,0,5033,645.0
1146,0,8202,645.0
1142,0,1639,647.5
1142,0,1640,647.5
1142,0,1641,647.5
1142,0,320,647.5
1142,0,3525,647.5
1142,0,409,647.5
1142,0,410,647.5
1142,0,411,647.5
1142,0,412,647.5
1142,0,413,647.5
1142,0,414,647.5
1142,0,415,647.5
1142,0,416,647.5
1142,0,418,647.5
1142,0,419,647.5
1142,0,454,647.5
