stop_id,stop_name,stop_lat,stop_lon,scheduled_visits,routes_serving_stop
3315,Swargate,18.4995088397893,73.8584601403615,2519,96
107,Pune Station Moledina Stand,18.5274938375007,73.8732022472692,2101,79
130,St Colony,18.4932285024995,73.8576937146796,1893,79
319,Income Tax Office,18.5254,73.876701,1814,69
131,Bhapkar Petrol Pump,18.4908503835404,73.8575702958251,1785,76
419,Hadapsar Gadital,18.4999055922654,73.9390011901801,1748,54
134,Padmawati,18.4753402506293,73.8561648624824,1656,46
135,Shankar Maharaj Math,18.4686723800469,73.8575696716721,1656,46
320,Gpo,18.5235372065769,73.8755569587879,1628,59
40,Shivaji Maharaj Putla,18.5264,73.8526,1589,55
137,Bharati Vidyapeeth Gate,18.4566105334252,73.8586110239416,1501,45
1204,Gadital,18.5271,73.864403,1489,60
138,Katraj Sarpodyan,18.4535523224478,73.8583588964252,1480,46
139,More Bag,18.4494915854237,73.8581657854962,1480,46
133,Natubaug,18.4804739018485,73.8570982593015,1439,40
136,Balaji Nagar Corner Satara Road,18.4642838079631,73.8582569800788,1423,43
427,Ganga Nagar Saswad Road,18.4876106324221,73.9519908990609,1337,33
321,Collector Kacheri,18.524080816588,73.8729659231108,1316,55
349,Ambedkar Bhavan,18.525101,73.868103,1286,47
129,Lakshminarayan,18.497346707866,73.8581541486989,1253,54
415,Vaiduwadi,18.5040514042841,73.920989109254,1225,37
141,Katraj,18.4475001859253,73.8585365855281,1218,39
413,Kalubai Mandir Ramtekdi,18.5065,73.906403,1213,38
409,Mahatma Gandhi Stand,18.5064959425107,73.8821983536475,1202,45
1318,Yerawada,18.5450232512468,73.8855484127998,1179,35
426,Bhekrai Nagar,18.4837,73.953903,1178,31
761,Alandi,18.6748133205203,73.8971222018015,1155,46
1322,Alankar Talkies,18.528601,73.876297,1124,37
1323,Ruby Hall,18.533199,73.878098,1121,35
385,Ma Na Pa Nava Pul,18.5236101373176,73.8541913946321,1119,37
3855,Modern High School,18.5245640534088,73.8493252220292,1101,41
34,Simla Office,18.5309347437694,73.8472001263323,1072,36
1324,Guruprasad Bungalow,18.535999,73.880302,1064,34
1325,Bundgarden,18.5406671519994,73.8834536075592,1062,33
105,Ambedkar Bhavan,18.5250037706112,73.8685980712328,1028,45
53,Sangvi Phata Brt,18.5727897383879,73.8069617504696,1028,28
172,Lakshminarayan,18.497362,73.857895,1017,40
106816,Wadia College,18.5348765690014,73.8815699375542,1009,33
763,Dehu Phata,18.6712839229014,73.8918489219395,992,38
106,Sassoon Hospital,18.5244902995156,73.8715493193963,967,36
140,Katraj,18.4472118313262,73.8587666146566,949,30
106815,Bundgarden,18.5412443319978,73.8854430247292,946,31
5844,Nigdi Pawale Chowk,18.6597700497971,73.7770637869835,916,35
41,Simla Office,18.53026288785,73.8492364359007,914,29
1702,Bhaji Mandai Hadpsar,18.50115,73.934311,912,28
433,Krishna Chhaya Hotel,18.5007942388809,73.9376294899151,912,28
1746,Nigdi,18.6603188601381,73.7761624937502,900,35
454,Hadapsargaon,18.5016130354099,73.9331501589456,898,26
35,Coep Hostel Jm Road,18.5263,73.850502,890,30
702,Balaji Mandir Alandi Road,18.6461179921219,73.88050859196,889,39
435,Hadapsargaon,18.501301,73.933296,885,27
594,Dange Chowk,18.6151962196655,73.7655652011387,885,32
701,Sankalp Garden Alandi Road,18.6499758292212,73.8818282334256,885,38
213,Shivaji Nagar,18.5310135811649,73.8497865522881,882,26
1370,Ramwadi Metro Station,18.5572110925839,73.9086797833443,879,33
24,Bremen Chowk,18.559099,73.815697,875,21
1277,Swargate,18.49954,73.858118,873,32
705,Magzine,18.6328739269515,73.8748712884203,863,32
1751,Akashwani,18.4994929369908,73.9478474406216,862,27
19,Rakshak Chowk,18.5812070389975,73.7987509515855,848,20
700,Vadmukhwadi Phata,18.6547382819008,73.8846445535461,845,36
20,Aundh Hospital,18.5769,73.8032,828,18
599,Jagtap Dairy,18.5932557874399,73.7846029738621,825,16
698,Charholi Phata,18.660801,73.886497,822,35
703,Thorya Paduka Temple,18.6403425695057,73.8770739589535,822,37
274,Coep Hostel Shivaji Road,18.528299,73.851997,821,31
1749,Hadapsar Gadital Solapur Road,18.5009,73.939301,813,25
699,Choviswadi Phata,18.6579707776998,73.8859802868906,813,35
142,Aranyeshwar Corner,18.4844850380001,73.8574659457722,800,22
429,Satyapuram,18.4912316841455,73.9491240658792,772,21
132,Aranyeshwar Corner,18.4845888252429,73.8576710430034,770,22
704,Mauli Nagar Alandi Road,18.636999,73.874802,768,33
1041,Krushna Mandir Nigdi,18.6634826509104,73.773589428159,763,29
30,Pune Vidhyapeeth Gate Pashan Road,18.5411375849498,73.8305088112896,753,24
438,Fatima Nagar,18.5064516468377,73.9017635677385,749,26
428,Ibm,18.4894115655851,73.9506110303718,747,20
3857,Kumbharwada,18.5246912152188,73.8588202308751,745,32
418,Tupe Hospital,18.5012071981433,73.9359489221914,743,24
598,Shivraj Nagar,18.6000848749794,73.7800114326076,743,16
436,Magarpatta Dawakhana,18.502701,73.926598,735,26
103,Kumbharwada,18.524799,73.8592,734,34
344,Shaniwarwada,18.519699,73.8545,734,31
730,Wakdewadi,18.5394922830951,73.8509693743436,732,28
937,Cirt,18.614,73.824402,729,24
938,Nashik Phata Bhosari Road,18.6099013887698,73.8230763927942,729,24
437,Ramtekdi,18.5063767726796,73.9121919844128,728,24
1371,Ramwadi Jakat Naka,18.5547343555914,73.9053297430515,726,23
42,Mhasoba Gate,18.5321466292251,73.8426677417863,726,24
43,Pumping Station,18.5348365615311,73.8387182687947,726,24
44,Mafatlal Bungalow,18.5366,73.836304,726,24
45,Rangehills Corner,18.537701,73.8349,726,24
443,Ghorpade Peth,18.4999500718619,73.8639503857684,724,18
444,Swargate Depot,18.500299,73.861298,724,18
343,Dakshinmukhi Maruti,18.5177873549971,73.8539758272126,723,30
422,Gondhale Nagar,18.4935705851358,73.947449609938,723,19
5033,Appa Balwant Chowk,18.5149199056391,73.8537481427193,723,30
430,Gondhale Nagar,18.493799,73.947098,722,19
461,Gpo,18.5234424821491,73.8764146865427,709,31
416,Magarpatta Dawakhana,18.5025699512419,73.9267224146412,705,24
31,E Square,18.537701,73.835297,701,24
32,Pumping Station,18.5348230061512,73.8389444484077,701,24
33,Mhasoba Gate,18.5325048386198,73.8423355768853,701,24
736,Labour Office,18.5345892797703,73.8515058159828,700,29
424,Ibm,18.4891661609271,73.950690442735,698,18
431,Satavwadi,18.496901,73.9431,697,18
432,Glyding Center,18.498301,73.9412,697,18
595,Laxman Nagar,18.611401,73.768501,697,14
596,16 Number Santosh Nagar,18.6078,73.771896,697,14
412,Fatima Nagar,18.5065480509878,73.9020097001433,695,24
731,Labour Office,18.5343909188687,73.8517794013024,695,27
738,Mariaai Gate Navin St Stand,18.5434,73.851501,692,28
739,Poultry Farm Mumbai Road,18.547899,73.851501,691,27
217,Deccan Gymkhana,18.5166778939267,73.8430032134056,686,41
1398,Tata Guardroom,18.562901,73.928703,685,24
1380,Shastri Nagar Nagar Road,18.5518610603569,73.8956978917122,683,24
403,Swargate Police Line,18.500601,73.859901,681,17
442,St Vibhagiya Karyalaya,18.5003685275056,73.8661419784748,678,17
423,Satyapuram,18.4914516833997,73.9490693727219,673,17
414,Ramtekdi,18.5061930617225,73.9121378506466,666,21
597,Kalewadi Phata,18.6044513283389,73.7761703260868,664,14
737,Wakdewadi,18.539101,73.850601,663,28
439,Bhairoba Nala Police Chowky,18.5067223822691,73.896894454218,661,25
440,Racecourse,18.5063306940418,73.890435397625,661,25
1383,Viman Nagar Corner,18.5611217991527,73.9194971323013,657,25
52,Aundhgaon,18.5657446822165,73.8121476876079,656,21
729,Mariaai Gate Navin St Stand,18.5430422951922,73.8516640663147,649,24
1399,5 Wa Mile,18.5621388731264,73.9233648777008,648,22
22,Aundhgaon,18.5664652339579,73.8119429477036,648,23
420,Glyding Center,18.498301,73.941002,648,16
421,Satavwadi,18.496799,73.943001,648,16
406,St Vibhagiya Karyalaya,18.500401,73.866501,646,16
51,Bodygate,18.563296071624,73.8131725709371,646,20
1376,Jahangir Hospital,18.5313238441104,73.8761097678659,645,17
18,Wakad Phata,18.587799,73.789299,645,13
118,Nal Stop,18.5088613865128,73.8319284097747,644,48
410,Racecourse,18.5064375212755,73.8903576135636,644,24
411,Bhairoba Nala Police Chowky,18.5068552120791,73.8967835856414,644,24
1372,Shastri Nagar Nagar Road,18.551751718517,73.8958963751793,643,22
2230,Sassoon Hospital,18.5250498110138,73.8715439172408,643,26
4509,Sarasbaug,18.503571,73.853628,643,21
152,Sndt Mahila Vidhyapith,18.507299,73.8284,642,47
6467,Sawarkar Bhavan,18.5222465745251,73.8501734332568,641,25
117,Sndt Mahila Vidhyapith,18.507299,73.828903,633,45
327,Vasant Talkies,18.5183095726825,73.8562166670321,629,23
1044,Bajaj Auto,18.6538044351171,73.7824818334148,627,21
1045,Akurdi Chowk,18.6509460544626,73.7849300098315,627,21
734,Lokmangal,18.5299810627171,73.8507038857139,626,25
1025,Chaphekar Chowk,18.6296037685139,73.7811032121684,625,22
23,Bodygate,18.5632396001316,73.8133028155348,623,20
2192,Bhosari Gavhane Vasti,18.6204992438522,73.849006033998,622,20
993,Chinchwadgaon,18.627678,73.782166,612,26
404,Swargate Depot,18.500099,73.861198,610,16
405,Ghorpade Peth,18.4998191776182,73.8638106014751,610,16
408,Golibar Maidan,18.5021143455742,73.8759377426509,608,19
1369,Viman Nagar Corner,18.5608266876027,73.9176128026465,607,23
119,Sonal Hall,18.5104791172392,73.8350477395528,603,46
120,Garware College,18.5124,73.838997,603,46
121,Deccan Corner,18.5132284698104,73.8409556524129,602,45
1381,Ramwadi Jakat Naka,18.5549530352251,73.9051258988334,600,23
939,Kasarwadi,18.602697386656,73.825957775116,599,20
943,Dapodi,18.5809,73.834602,599,20
1382,Vadgaon Sheri Phata,18.5588098096008,73.912364455487,593,19
4533,Deccan Corner,18.5131,73.840401,593,45
149,Garware College,18.5125646396371,73.83905236661,592,44
150,Sonal Hall,18.5104992272604,73.8348296365059,592,44
1031,Empire Estate,18.6343,73.799004,590,23
46,Pune Vidhyapeeth Gate Aundh Road,18.5435660651316,73.8270950651353,590,15
1375,Yerawada,18.5452317716002,73.8856020569801,589,22
957,Phugewadi Jakat Naka,18.5898,73.831596,588,22
959,Kasarwadi,18.6026084140884,73.8256251811981,588,22
126,Hirabaug,18.503952417865,73.8553816479548,585,34
1743,Akurdi Chowk,18.650801,73.784599,585,19
1744,Bajaj Auto,18.6537105071578,73.7821224489643,585,19
994,Chaphekar Chowk,18.630199,73.780098,585,19
3354,Shivaji Maharaj Putla,18.5261696089911,73.8529409992861,583,25
788,Shahu Chowk,18.5093498115767,73.8579511642456,582,19
887,Landewadi,18.6197894249684,73.8407716155052,581,23
1742,Kalbhor Nagar,18.645901,73.789101,580,18
735,Patil Estate,18.5316188477002,73.8537186902183,577,24
865,Landewadi,18.6198148431398,73.8408654928208,574,21
732,Patil Estate,18.531401,73.854301,573,23
1378,Gunjan Corner,18.5458318224621,73.8892086152332,567,20
1379,Wadia Bungalow,18.5485400909487,73.8922673463822,564,21
1043,Pradhikaran Corner,18.6586,73.778,563,18
462,Westend,18.5187038464161,73.8781282391844,563,23
954,Bopodi,18.5702650778849,73.8378050923348,563,20
381,Bhikardas Maruti,18.5082,73.853699,561,18
382,Shanipar,18.5121713525364,73.8538181835903,561,18
387,Kasba Peth Police Chowky,18.5205,73.855904,559,19
39,Ma Na Pa Dengle Pul Nadikhathi,18.5236320444055,73.8552944375313,556,16
238,Abhiruchi,18.4639127119955,73.8155292623128,554,18
941,Phugewadi Jakat Naka,18.5898,73.831902,554,18
942,Phugewadi,18.5863,73.833199,554,18
1758,Shewalewadi Depot,18.4954746568572,73.9713656902313,553,13
771,St Stand Alandi,18.6728085440219,73.8926884531975,551,20
958,Atlas Capco,18.5958488256302,73.8287842316952,551,21
762,St Stand Alandi,18.6724985388378,73.892591893673,550,20
862,Atlas Company,18.6186913564123,73.8503336906433,550,19
888,Shitalbaug,18.6176714666416,73.8435403566609,550,20
995,Walhekarwadi Corner,18.630551155795,73.7772032802608,546,19
1047,Jayshree Talkies,18.6422,73.792297,543,17
956,Phugewadi,18.5846,73.833504,543,20
289,Goodluck Chowk,18.5173029572134,73.8416104570871,540,22
388,Gadikhana Shivaji Road,18.5123255584075,73.8577419966683,540,18
391,Gokul Bhavan,18.5017496949883,73.858653947275,540,18
789,Shivaji Maratha High School,18.5057776163902,73.8586077167081,540,18
955,Dapodi,18.580999,73.834396,539,18
47,Bal Kalyan Sanstha,18.548201,73.8237,533,14
48,Gol Market Aundh Road,18.5511,73.821602,533,14
6296,Kasturba Gandhi Vasahat,18.555,73.818802,533,14
1024,Walhekarwadi Corner,18.6306375679046,73.7770745210791,532,18
3842,Datta Nagar Chinchwad Road,18.6231878301758,73.7742494693129,532,18
7736,Pudumjee Paper Mill,18.620501,73.771004,532,18
1373,Wadia Bungalow,18.5483570035448,73.8923773169518,529,19
1582,Panmala Wagholi,18.5793468481962,73.9741498231888,529,18
7915,Birla Hospital,18.6262371061243,73.7758245827505,528,17
3848,Birla Hospital,18.6259957932077,73.7757307238435,527,17
304,Khadki Station,18.5630008389371,73.8414302554427,526,19
945,Gopi Chal,18.567259669948,73.8390952791384,526,19
950,Raja Bungalow,18.552,73.849503,526,19
951,Khadki Post,18.5559269985679,73.8473698496819,526,19
1400,5 Wa Mile,18.5623473726516,73.9232441782951,525,22
1056,Pradhikaran Corner,18.6583545054237,73.7780310606229,524,16
3844,Thergaon Phata / Dange Chowk,18.617201,73.767403,524,16
62,It Park Road,18.5882038459798,73.737475267955,524,23
3846,Pudumjee Paper Mill,18.620501,73.770798,523,16
3847,Datta Nagar Chinchwad Road,18.623199,73.774002,523,16
7735,Thergaon Phata,18.6174209431529,73.7674427295975,523,16
264,Khadki Station,18.5629219367712,73.8417184720897,522,17
6,Infosys Phase 1,18.5863675892385,73.7334590834709,522,22
947,Khadki Post,18.556101,73.847397,522,17
948,Raja Bungalow,18.5521433143496,73.8495397567749,522,17
953,Gopi Chal,18.5673461978307,73.8388752937317,522,17
1635,Chandan Nagar,18.5631679760585,73.9330751494891,521,19
248,Pimplegurav,18.5930126539084,73.8190997477793,517,28
7,Siemens,18.5903398996957,73.7328943582305,517,22
26,Kasturba Gandhi Vasahat,18.555099,73.819,515,14
27,Gol Market Aundh Road,18.551201,73.8218,515,14
28,Bal Kalyan Sanstha,18.5483,73.823898,515,14
29,Rajbhavan,18.544701,73.8265,515,14
6052,Talwade,18.6966780078057,73.7916961745144,510,10
962,Philips Company Bhosari,18.6206510989394,73.8365739583969,510,18
1033,Pimpri Maha Nagarpalika,18.627199,73.805099,509,24
5424,Gujarwadi Pmt Bus Stand,18.4406339243371,73.8600848838702,508,18
225,Karve Nagar,18.4892399300422,73.8147193542468,505,29
934,Philips Company Bhosari,18.6205367176228,73.8366624712944,504,16
1800,Mauli Garden,18.4485,73.868401,502,10
6038,Yamuna Nagar Corner,18.6637672609857,73.7863893824269,502,16
291,Dyneshwar Paduka Chowk,18.5264885125279,73.8419655437044,501,23
8,Mezza Nine,18.5939574369641,73.7343968360648,497,21
25,Sindh Colony Aundh Road,18.5562433364166,73.818174462138,495,13
145,Hirabaag,18.5036746726109,73.8537065671646,494,29
5894,Bhoir Nagar,18.6427,73.7836,492,15
1821,Ad Camp Chowk,18.512501,73.868698,489,14
1822,Nana Peth,18.5146992013179,73.8685827735156,489,14
944,Bopodi,18.5703922055909,73.8378882408142,485,16
952,Factory Hospital,18.558399,73.845398,485,16
288,Galinde Path,18.4842,73.810303,483,28
124,Sp College,18.5075,73.850899,482,27
728,Poultry Farm Mumbai Road,18.5474,73.851898,481,16
125,Madiwale Colony,18.505899,73.852997,480,26
290,Fergusson College,18.5227390694741,73.8409239126729,480,22
215,Balgandharv,18.5217343149885,73.8472473481107,479,22
216,Natraj Talkies,18.5181525286138,73.8443175116017,479,22
50,Sindh Colony Aundh Road,18.559099,73.815804,479,12
946,Factory Hospital,18.5585,73.845497,477,15
2738,Wagholi,18.580448,73.982407,476,17
1783,Ramoshigate,18.5098,73.868301,471,13
100,Tcs Company,18.5812006570683,73.6877843425088,469,20
464,Juna Pulgate,18.5082332276057,73.879451751709,469,17
93,Wipro Company Circle,18.5967886096052,73.7186604337957,469,20
98,Gangaramwadi Circul,18.5838544219131,73.6946253759001,469,20
463,Bombay Garage,18.512899,73.879898,467,17
91,Bank Of Maharashtra Hinjawadi,18.5939376653089,73.7318442237212,466,19
92,Tata Johnson,18.5944630955819,73.7275547767723,466,19
94,Emcure Hinjawadi Road,18.595773444758,73.7125793312667,466,19
95,Infosys Phase 2,18.5935968068589,73.7082052249703,466,19
96,Power House Hinjawadi,18.589001,73.705299,466,19
769,Kate Colony Alandi Road,18.6663364329455,73.8889816403389,465,19
770,Kalewadi Pump,18.6681863586941,73.8903120160103,465,19
1575,Kharadi Bypass,18.5623143178781,73.9375591278076,464,17
4568,Wagholi Kesnand Phata,18.5815892196178,73.9865697880876,463,19
749,Rd Colony,18.577,73.876404,463,13
751,Pathan Baba Darga,18.582899,73.875,463,13
752,Mhaske Vasti,18.5865061558222,73.8751789927483,463,13
753,Parade Ground Alandi Road,18.5908068462355,73.8743183069274,463,13
754,Ganesh Nagar Alandi Road /  Ganesh Nagar Bopkhel,18.5973766659212,73.8732022534902,463,13
764,Kalewadi Pump,18.6680669273565,73.8902959227562,463,19
765,Kate Colony Alandi Road,18.666201,73.889198,463,19
99,Tech Mahindra,18.5827860955409,73.6903855444094,463,19
711,Ganesh Nagar Alandi Road,18.5973563287029,73.8733631792207,462,13
712,Parade Ground Alandi Road,18.591,73.874397,462,13
713,Mhaske Vasti,18.5864095479645,73.875302374363,462,13
714,Pathan Baba Darga,18.582701,73.875198,462,13
715,Kalas,18.5799621130142,73.8763591647148,462,13
716,Rd Colony,18.5769,73.876602,462,13
1327,Netaji High School,18.5522042627153,73.8894341547624,461,12
460,Collector Kacheri,18.5245463595529,73.8729754015701,461,19
1767,Agrawal Colony,18.499901,73.944801,459,15
3755,15 Number,18.4991,73.950897,459,15
6307,Nigdi Bhakti Shakti Stand,18.6653688701971,73.7718516664962,459,12
1040,Nigdi Bhakti Shakti,18.6660836184525,73.7711275384367,458,21
287,Tapodham,18.481899,73.807701,458,25
97,Tata Motors,18.5868,73.700302,458,17
1071,Power House Hinjawadi,18.5889797303948,73.7050162807947,454,21
70,Tech Mahindra,18.5828782462313,73.690040122205,454,21
73,Tata Motors,18.5868505263367,73.7001246273791,454,21
75,Infosys Phase 2,18.5932289043914,73.7077209407582,454,21
76,Emcure Hinjawadi Road,18.5959639436859,73.7128470060139,454,21
78,Tata Johnson,18.5944855120567,73.7280275181345,454,21
79,Bank Of Maharashtra Hinjawadi,18.5940411600763,73.7319616222326,454,21
1423,Sai Satyam Society,18.5741850476956,73.9590831878871,452,14
77,Wipro Company Circle,18.5967568238656,73.717780294276,451,20
1316,Netaji High School,18.5523136041877,73.8896227373413,450,12
1819,Sonavane Hospital,18.5056,73.868401,450,13
1820,Ramoshigate,18.511101,73.868401,450,13
284,Dnyanesh Society,18.4779,73.798203,450,23
3179,Warje Gaon,18.4806,73.806099,450,24
69,Tcs Company,18.581006189797,73.6876487872195,448,20
322,Zilla Parishad,18.5234018116251,73.8692531129908,447,16
932,Century Enka Colony,18.6159,73.847397,445,16
72,Dlf Company,18.5847126462746,73.6959188150942,443,18
1422,Talera Godown,18.5760957599695,73.9641302565327,442,15
1576,Janakbaba Darga,18.564729762772,73.9435071050906,442,15
1581,Soyrik Mangal Karyalay,18.5769849225454,73.9686432480812,442,15
1823,Power House Rastapeth,18.5187,73.868301,440,12
755,Wireless Colony,18.5993240227677,73.8730520009995,439,12
756,Ait College,18.6066559383909,73.8733583855246,439,12
757,Dighi,18.6134066721398,73.8728293723916,439,12
758,Parande Nagar,18.6179770996296,73.874055147171,439,12
759,Datta Nagar Alandi Road,18.6220338350185,73.8741409778595,439,12
940,Atlas Capco,18.5959480498673,73.8290128111839,439,16
1578,Khandve Nagar,18.5719953102253,73.9551530870451,438,14
1750,Agrawal Colony,18.5000455699747,73.944650888443,438,14
1752,15 Number,18.499201,73.951302,438,14
283,Ganpati Matha,18.4757736675863,73.7958663336999,437,22
706,Datta Nagar Alandi Road,18.6224,73.874298,437,12
707,Parande Nagar,18.618,73.874199,437,12
708,Dighi,18.6131613627285,73.8729976869243,437,12
709,Ait College,18.6069285705177,73.8734266242302,437,12
710,Wireless Colony,18.5993240227677,73.873156607151,437,12
748,Vishrantwadi Alandi Road,18.5742,73.877197,437,11
961,Midc Bhosari,18.6208,73.830101,435,15
1048,Chinchwad Station Brt,18.639799,73.794403,434,15
935,Midc Bhosari,18.620899,73.8302,432,15
1328,Vikrikar Karyalay,18.554899,73.890099,430,11
1780,Power House Rastapeth,18.5186,73.8685,429,12
1781,Nana Peth,18.5149,73.868698,429,12
1782,Ad Camp Chowk,18.512501,73.868797,429,12
1784,Sonavane Hospital,18.505699,73.868599,429,12
151,Nal Stop,18.5098,73.833298,422,34
377,Parvati Jalshuddhikaran Kendra,18.4980081329109,73.8412007691113,422,20
2139,Century Enka Company,18.625999,73.835899,421,12
1634,Kharadi Bypass,18.5624694210681,73.9377656579018,420,17
1315,Vikrikar Karyalay,18.555099,73.890404,419,11
889,Atlas Company,18.618601,73.849998,419,15
1641,Juna Pulgate,18.5078412647626,73.8794578471507,418,15
960,Bhosari Police Station,18.618299,73.827103,418,14
5898,Skf Company,18.633801,73.781601,417,13
1058,Nigdi Bhakti Shakti,18.6659363168919,73.7709551046032,415,15
1321,Jehangir Hospital,18.5313696998806,73.8763082027435,415,18
15,Mankar Chowk,18.5895975486413,73.7742313874127,415,12
6941,Morya Nagar,18.6306317811377,73.7810957986192,411,14
863,Century Enka Colony,18.6159,73.8452,408,12
936,Bhosari Police Station,18.6182030534103,73.8272728570686,408,12
380,Parvati Payatha,18.4993430592132,73.8525205351072,407,15
7304,Annapurna,18.662701,73.783798,406,12
1242,Upper Depot,18.4610450969899,73.8706265126975,405,16
1329,Yerwada Post Office,18.559999,73.891602,403,10
393,Parvati Payatha,18.499201,73.852402,401,15
204,Kothrud Stand,18.4991,73.813797,400,25
205,Karve Putala,18.502199,73.816597,400,25
206,Maruti Mandir Karve Road / Maruti Mandir Kothrud,18.503599,73.820297,400,25
207,Paud Phata Karve Road,18.5054,73.824203,400,25
1052,Jayshree Talkies,18.641899,73.792198,399,14
2159,Rakshak Nagar,18.5525883377596,73.9374431334444,399,10
201,Vadacha Stop,18.4918,73.8153,398,24
202,Vandevi Karve Road,18.4933360201795,73.8149160186086,398,24
7308,Annapurna,18.662701,73.783302,398,12
750,Kalas,18.580099,73.876099,398,12
1032,Finolex Morwadi,18.6306883885157,73.8019895553589,397,16
1051,Chinchwad Station Brt,18.63946703583,73.7942460179329,397,13
1314,Yerwada Post Office,18.5597,73.891701,394,10
1583,Satav High School,18.5807655133951,73.9790233969689,394,13
71,Gangaramwadi Circul,18.5842441972854,73.6935639249919,394,19
194,Rajaram Pul,18.4873739093999,73.8286957696764,392,17
218,Paud Phata Karve Road,18.5056,73.824203,391,25
219,Maruti Mandir Karve Road,18.5036191132045,73.820119450371,391,25
220,Karve Putala,18.5023,73.816299,391,25
221,Kothrud Stand,18.4998,73.813599,391,25
222,Gandhi Bhavan Phata,18.495899,73.813301,391,25
102,Ma Na Pa Shramik Bhavan,18.5246702742467,73.8562472758476,390,20
223,Vandevi Karve Road,18.4929563260812,73.8151050366655,389,24
224,Vadacha Stop,18.4916,73.815102,389,24
1568,Satav High School,18.5806485629535,73.9791414141655,384,13
160,Vanaj Company,18.507099,73.803902,384,35
1263,Datta Nagar Katraj Road,18.450443170258,73.8502210728989,382,12
7088,Bhosari Terminal,18.6244919482154,73.8513736810292,382,10
2193,Agnishamak Kendra Landewadi,18.6202801207089,73.8463691174809,378,13
1639,Westend,18.5187671687209,73.8782580729744,377,14
1966,Kem Hospital,18.5201,73.867699,377,11
1640,Bombay Garage,18.5130705696819,73.879972755296,376,14
1737,Pimpri Maha Nagarpalika,18.627111,73.804695,376,15
8605,Warje Malwadi,18.4802882729266,73.8011399386981,376,21
3758,Shewalewadi Market,18.4977868619406,73.9613557282644,374,14
1761,Stud Farm,18.4966727209094,73.9680236577988,373,13
1763,Laxmi Colony,18.4982472341373,73.9569595456123,373,13
1764,Vitthal Nagar,18.498720348346,73.9536979794502,373,13
144,Nehru Stadium,18.500799,73.856499,371,24
441,Mira Society,18.501801,73.870499,371,10
458,Ma Na Pa Shramik Bhavan,18.5246943951794,73.8561079370266,371,17
1401,Tata Guardroom,18.5624668783953,73.9279729127884,370,16
3304,Vitthalwadi Sinhagad Road,18.4849289030601,73.8279660876627,370,17
2892,Ramwadi Metro Station,18.5566237160529,73.908084332943,369,12
1330,Nagpur Chal,18.563999,73.893402,368,9
1331,Guardroom,18.568421714296,73.8972052931786,368,9
1332,Sanjay Park,18.572201,73.899498,368,9
2178,509 Visharantwadi Road / 509,18.574982808036,73.8994167758263,368,9
3212,Gadital,18.527135035501,73.8645232413355,368,16
191,Anand Nagar Sinhagad Road,18.4786346579567,73.8241060878371,366,16
192,Hingne,18.481701,73.826202,366,16
1954,Kem Hospital,18.5201,73.867897,365,11
1577,Aaple Ghar,18.5674987537704,73.9476469159126,364,12
231,Hingne,18.481346454636,73.8261821493141,364,16
232,Anand Nagar Sinhagad Road,18.4784947423302,73.8243002180758,364,16
1574,Chandan Nagar,18.5633968909218,73.9330141022787,363,15
1053,Kalbhor Nagar,18.6457,73.789001,362,13
5123,Sant Tukaram Maharaj Krida Sankul Dehugaon,18.7188596958186,73.778278880263,361,6
5124,Abhang English Medium School Dehugaon,18.7206752623015,73.7769873663798,361,6
5125,Sant Tukaram Maharaj Society Dehugaon,18.7228439956024,73.7753708209993,361,6
5127,Four S School Dehu,18.724001,73.771797,361,6
5128,Bhairavanath Chowk Dehugaon,18.7244,73.768898,361,6
5129,Abhang Nagari Dehugaon,18.7229,73.768204,361,6
1310,509 Visharantwadi Road,18.5751195996069,73.8994449666337,360,9
1311,Sanjay Park,18.5723,73.899696,360,9
1312,Guardroom,18.5684395124614,73.89728307724,360,9
1313,Nagpur Chal,18.563299,73.893303,360,9
229,Rajaram Pul,18.487301,73.828903,360,15
230,Vitthalwadi Sinhagad Road,18.4848783827514,73.8281262793045,360,15
394,Dandekar Pul,18.5008505361914,73.8480830464116,359,18
2142,Bhosari Pmt Chowk,18.622499,73.851097,358,14
2143,Maharashtra Chowk,18.6242655065366,73.8562533259392,358,14
2144,Shastri Chowk,18.624599,73.859001,358,14
2145,Durvankur Mangal Karyalay,18.625953220363,73.8622829318047,358,14
2146,Banacha Odha,18.627199,73.864899,358,14
2147,Phuge Vasti Bhosari Road,18.6289702213902,73.8681408762932,358,14
2148,Ganesh Nagar Bhosari,18.6305994305114,73.8709008693695,358,14
2149,Gajanan Maharaj Mandir Alandi Road,18.6319795440375,73.8727542757988,358,14
746,Mental Hospital,18.5664206094149,73.8786417702292,357,10
6424,Kate Patil Chowk,18.5991587052468,73.8073693013282,355,10
1632,Aaple Ghar,18.5673690812304,73.9477917551994,354,12
1753,Vitthal Nagar,18.4988322675674,73.953660428524,353,12
1754,Laxmi Colony,18.4984,73.957199,353,12
1756,Stud Farm,18.4967973599515,73.9679512381554,353,12
1762,Shewalewadi Market,18.4976520282732,73.9608863916528,352,11
285,Warje Malwadi,18.4802984191694,73.8009656292994,352,20
695,Tapkir Nagar Rahatni,18.612553,73.784386,352,14
179,Dhayarigaon,18.447599,73.810402,350,8
2185,Gajanan Maharaj Mandir Alandi Road,18.6318905867092,73.8727328181267,350,14
2186,Ganesh Nagar Bhosari,18.6305028475669,73.8708740472794,350,14
2187,Phuge Vasti Bhosari Road,18.6290411047249,73.8684069354918,350,14
2188,Banacha Odha,18.6271249515599,73.864860534668,350,14
2189,Durvankur Mangal Karyalay,18.6259862628648,73.8624733686447,350,14
2190,Shastri Chowk,18.6245425569519,73.859107196331,350,14
2191,Maharashtra Chowk,18.6242731316326,73.8568568229675,350,14
861,Bhosari Pmt Chowk,18.622299,73.851402,350,14
5994,Bhumkar Vasti,18.6043,73.750702,348,13
622,Vitthalwadi Jakat Naka,18.491130014308,73.8331273198128,348,16
591,Kala Khadak Vasahat,18.6073,73.756104,347,14
592,Pandit Automotive,18.6105622984102,73.7597329220396,347,14
593,Ganesh Nagar Dange Chowk,18.6129359234905,73.7629285402154,347,14
603,Bhumkar Chowk,18.6059409610694,73.7527222178877,347,12
747,Sathe Biscuit Brt,18.5705532610353,73.8788062074043,346,12
1326,Neeta Park,18.547001,73.888802,345,9
621,Jaidev Nagar,18.489401,73.831001,344,15
623,P.L. Deshpande Udyan,18.4933416347636,73.8352776909915,344,15
600,Ganesh Nagar Dange Chowk,18.6131061901522,73.7628849628658,343,12
601,Pandit Automotive,18.6104672137768,73.7595266184128,343,12
7920,Kala Khadak Vasahat,18.6073461208136,73.7559454839942,343,12
624,P.L. Deshpande Udyan,18.4936157168358,73.8357319284468,342,15
101,Hinjawadi Maan Phase 3,18.5768982092061,73.6883610391785,341,13
1374,Gunjan Corner,18.546301,73.889603,341,11
200,Karve Nagar,18.4892940544261,73.8144645274506,340,24
718,Sathe Biscuit Brt,18.5704066095133,73.8790208440036,340,10
949,Ma Na Pa Main Stand,18.5229408192276,73.8536595982643,339,13
1249,Vasant Baug,18.486565,73.858227,338,14
625,Vitthalwadi Jakat Naka,18.491000547838,73.8331741256662,338,14
626,Jaidev Nagar,18.4891523649665,73.8309009679899,338,14
127,Swargate Corner,18.500799,73.858398,337,22
1317,Neeta Park,18.5471687607733,73.8889333737256,333,9
3038,Sainath Nagar,18.538984,73.934349,333,7
188,Indian Hume Pipe,18.4704,73.820396,332,14
189,Manikbaug,18.473301,73.821602,332,14
190,Ganesh Park Sinhagad Road,18.4751834558995,73.8224598830995,332,14
396,Ganeshmala,18.4948538201876,73.837158806192,330,13
68,Hinjawadi Maan Phase 3,18.5765,73.688202,330,15
203,Gandhi Bhavan Phata,18.494935318591,73.8132916143046,329,21
234,Manikbaug,18.4734,73.8218,329,14
235,Indian Hume Pipe,18.4704633807977,73.8206204824493,329,14
236,Fun Time,18.468901,73.819901,329,14
627,Ganesh Park Sinhagad Road,18.4757985276955,73.8229143660548,329,14
8062,Vadgaon Budruk Phata,18.4675736075957,73.8187615319291,329,14
187,Fun Time,18.4686303230247,73.8194686372894,328,13
973,Nashik Phata,18.6081881751871,73.8213282823563,328,15
61,Shivaji Chowk Hinjawadi,18.5909986500419,73.7388652469588,326,12
1757,Shewalewadi,18.4965,73.9702,325,9
58,Savtamali Mandir,18.5915466163527,73.7538469249503,325,13
744,Home Gaurd,18.5561863608639,73.875133395195,325,11
6260,Nigdi Tilak Chowk,18.6596201178022,73.7780830264092,323,9
4728,Talegaon Nagarparishad,18.7255,73.680702,322,18
59,Hinjawadi Jakat Naka,18.5908364325155,73.7497451188643,322,12
60,D Mart Hinjawadi,18.5910912480018,73.7443039107486,322,12
331,Kulkarni Petrol Pump,18.5131655202663,73.8446858504771,321,16
1050,Finolex Morwadi,18.6304544766472,73.8019084988755,320,13
1566,Kesnand Phata Wagholi,18.581139836285,73.9873475129912,318,11
607,Hinjawadigaon,18.5945397146881,73.7395226734769,318,12
608,Shivaji Chowk  Dange Chowk Road,18.591999,73.739098,318,12
392,Swargate Natraj Stand,18.5005,73.857697,317,11
6263,Nigdi Tilak Chowk,18.6596429888706,73.7779542803764,316,9
1760,Shewalewadi,18.4963725697486,73.9700540900231,312,10
1037,Ha,18.620928075968,73.8100516084604,311,11
1038,Kharalwadi,18.6231597619994,73.808136411597,311,11
1034,Kharalwadi,18.623391142065,73.8083302974701,310,11
1035,Ha,18.6197792577763,73.8113451004028,310,11
399,Ganjavewadi,18.509501,73.843697,310,21
400,Dharmvir Sambhaji Manapa Shala,18.5086,73.844002,310,21
447,Lokmanya Nagar,18.5053488175742,73.8447537343433,310,20
972,Vallabh Nagar Brt,18.614401,73.816101,310,11
10,D Mart Hinjawadi,18.591215012959,73.7444394660379,306,13
11,Hinjawadi Jakat Naka,18.5909715481262,73.7496009463289,306,13
9,Shivaji Chowk Hinjawadi,18.5912712494071,73.7391915604882,306,13
12,Savtamali Mandir,18.5920049773499,73.7545876918852,305,13
590,Bhumkar Chowk,18.6055596570045,73.7524911041205,303,12
1567,Wagholi,18.5807,73.982101,302,9
6530,Premlok Park,18.6377787150988,73.7825207372796,302,8
7909,Police Ayuktalay Pimpri Chinchwad,18.6395561399244,73.782992771879,302,8
7910,Indira Nagar Chinchwad,18.6410274024793,73.7832810922545,302,8
7912,Jai Ganesh Vision,18.648001,73.785202,302,8
974,Nashik Phata,18.608264434813,73.8209313154221,301,13
1827,Pune Station Depot,18.5273768505566,73.876335075977,300,17
2175,Rakshak Nagar,18.5522983596789,73.9372587098788,300,8
277,Galinde Path,18.4846,73.810303,300,22
401,Lokmanya Nagar,18.5042,73.8452,300,20
448,Dharmvir Sambhaji Manapa Shala,18.5079389520104,73.8440581160349,300,19
449,Ganjavewadi,18.5098762282729,73.8434235035835,300,19
1252,Police Ground,18.531,73.844299,299,10
5892,Akurdi Corner,18.6493,73.785301,297,8
5993,Indus Chams School,18.6039480023877,73.7493528773072,296,11
186,Vadgaon Budruk Phata,18.4674363192383,73.8183830248834,295,10
3295,Dhayari Phata,18.461269,73.813042,295,10
2151,Ekta Nagar,18.5735,73.884598,294,7
2152,Kasturba Gandhi General Hospital,18.5739,73.888199,294,7
2153,Renuka Bungalow,18.5742,73.891098,294,7
2154,Gandhi Acid Company,18.574499,73.893097,294,7
2155,Kekan Gas,18.5748,73.8955,294,7
1426,Janakbaba Darga,18.5655,73.943901,293,11
806,Bopodi Khadki Road,18.5712388742125,73.8385158777237,293,11
1807,Gokul Nagar Katraj Kondhwa Road,18.4498733171616,73.8756376504898,292,7
1976,Kondhwagate,18.4546082001155,73.7670128675124,291,22
6605,Talegaon Railway Station,18.7318,73.674698,291,16
777,Srushti Chowk,18.596614018571,73.8172191804484,290,16
745,Phule Nagar,18.5598173927092,73.8763538002968,287,9
282,Ganpati Matha,18.4757555874834,73.7957570117546,286,20
8202,Warje Malwadi / Warjegaon,18.4807,73.806,285,21
931,Bhosari Terminal,18.624901,73.851601,285,9
407,Mira Society,18.5016,73.870697,283,10
278,Tapodham,18.481899,73.807404,282,21
717,Vishrantwadi Alandi Road,18.5747922680602,73.8770760685698,282,7
720,Phule Nagar,18.5597004279016,73.8764423131943,281,9
768,Ambedkar Society,18.552999,73.873703,281,8
7939,Dhayari Phata,18.4610425528096,73.8131690338345,281,9
1340,Lohegaon,18.595699,73.9245,280,8
3045,Khandve Nagar,18.572109,73.955124,280,10
722,Ambedkar Society,18.552799,73.873703,280,8
2229,Kendriya Vidyalaya Sangamvadi,18.5453512893266,73.8764449954033,279,8
719,Mental Hospital,18.5662350780314,73.8786524534226,279,9
1255,Datta Nagar Katraj Road,18.450701,73.850304,276,8
1570,Soyrik Mangal Karyalay,18.5770942481364,73.9685681462288,276,9
1571,Talera Godown,18.5762018441698,73.9642363786698,276,9
1036,Vallabh Nagar Brt,18.612499,73.8172,274,10
379,Dandekar Pul,18.500958607288,73.8481474457259,274,11
795,Marketyard Depot,18.4835845769886,73.8714703838758,274,23
1801,Rajas Society Corner,18.448015775687,73.8636466063172,273,7
281,Dnyanesh Society,18.478001,73.798103,273,19
1804,Rajas Society Corner,18.4485959713514,73.864490433371,272,7
794,Marketyard Depot,18.4836636737834,73.8715314678097,271,23
1010,Mukai Chowk,18.6603373226414,73.7317961454392,269,8
2332,Patil Vasti,18.549196,73.942696,268,10
2333,Kharadi Gaon,18.5483518382359,73.9459813117871,268,10
7273,Pimpri Road,18.6270830029874,73.8063239998674,268,13
1266,St Colony,18.493299,73.857903,267,10
3089,Kondhwa Khurd,18.47301811168,73.8890996575356,267,8
3830,Bhapkar Petrol Pump,18.4901824644934,73.8576641547321,267,10
395,Panmala,18.5005,73.844902,267,13
1798,Paramount Garden,18.4495908946154,73.872247338295,266,6
1799,Sundarban,18.4488403096315,73.8697019219399,266,6
3008,Sai Satyam Society,18.5741932826188,73.95887196064,266,10
378,Panmala,18.500559527501,73.8447545486242,266,11
1803,Katraj Kondhwa Road,18.4475,73.858398,265,6
1805,Sundarban,18.4492,73.870201,265,6
1806,Paramount Garden,18.449699,73.8722,265,6
1085,Radha Hotel,18.5695575167609,73.7652546695474,264,9
89,Digambar Marble Kaveri Hotel,18.5813243191714,73.7609723408837,264,9
90,Wakad Bridge,18.591499,73.757103,264,9
1303,Lohegaon,18.5958,73.924698,263,8
4387,Hadapsar Gadital,18.5002420011973,73.9394258637586,263,7
6470,Nisarg Nirmiti Society,18.599199,73.774803,263,10
1638,Rto Pune,18.529645445272,73.8624384999275,260,8
2134,Yashwant Nagar Telco Road,18.6409,73.822403,260,9
2303,Sapras Post,18.552608558833,73.8651796991322,260,9
3115,Talab Company,18.461201,73.890602,259,6
4541,More Vidyalay,18.510201,73.8209,259,25
2107,Deccan College,18.548201,73.872002,258,7
2109,Sadal Baba Darga,18.5446,73.877701,258,7
2110,Yerawada Deecan College Road,18.545099,73.882896,258,7
7459,Canbay Phata,18.7005948222851,73.7881375306023,258,5
82,Balewadi Stadium,18.5750490018054,73.7637749521829,257,9
153,Paud Phata Paud Road,18.5068934746866,73.8238482663768,256,24
165,Anand Nagar Kothrud,18.509707773366,73.8144250198808,256,24
166,Jai Bhavani Nagar,18.5095259223062,73.8125105373134,256,24
167,Pratik Nagar,18.5082834225672,73.8093522874793,256,24
2201,Yashwant Nagar Telco Road,18.6409,73.822601,256,9
57,Wakad,18.5923292044507,73.7616216345304,256,9
3113,Khadi Machine Katraj Kondhwa Road,18.4521402349368,73.8912741893935,255,6
5845,Nigdi Pawale Chowk,18.6595856417558,73.7768652114738,255,16
1959,Common Wealth,18.514299,73.8517,254,13
1960,Gokhale Hall,18.514,73.849197,254,13
1961,Vijay Talkies,18.5137,73.846001,254,13
1962,Kulkarni Petrol Pump,18.5128713017722,73.8448005907307,254,14
108,Ma Na Pa Dengle Pul Nadikathi,18.5236219969565,73.8550657020796,252,6
5992,Vinode Nagar Vakad,18.6033,73.746002,252,9
6100,Canbay Phata,18.701099,73.7883,252,5
916,Chakan Talegaon Chowk,18.7553969964131,73.8589908303575,252,11
168,Vanaj Corner,18.5075,73.807503,251,22
3118,Khadi Machin,18.4516006934332,73.8913321595945,251,6
766,Sapras Post,18.552644171004,73.8648015711229,251,10
1387,Columbia Hospital,18.5415928005194,73.9350324869156,250,5
1963,Chitrashala,18.5131,73.846901,250,13
2173,Columbia Hospital,18.5414758233039,73.9348500967026,250,5
3165,Sadashiv Peth Haud,18.513495606681,73.8506501913071,250,13
741,Holkar Pul Corner,18.55434276578,73.862489517888,250,9
170,Bharati Nagar,18.5078297582396,73.797021812966,249,21
2111,Yerawada Deecan College Road,18.5444409185124,73.8821983337402,249,7
2112,Sadal Baba Darga,18.5443,73.877899,249,7
2114,Deccan College,18.5481,73.872002,249,7
6087,Moshigaon,18.676399,73.849602,249,9
7787,Suskhind Phata By Pass Highway / Suskhind Phata,18.5479666264853,73.7732591011087,248,5
8061,Swargate Corner,18.5017625734748,73.8577303430628,248,12
849,Moshigaon,18.6772,73.849899,248,7
171,Kothrud Depot,18.507999,73.795197,247,20
8042,Shanipar Stand,18.5128,73.852898,247,6
1254,Maruti Mandir Santosh Nagar,18.4491914311923,73.8541370630264,246,9
169,Kachara Depot Kothrud,18.507601,73.799698,246,20
2942,Karanje Nagar / Marathe Colony Karanje Nagar,18.6901088848909,74.1368713896059,246,4
6474,Rose Land  Nisarg Nirmiti Society,18.596701,73.794403,246,8
1796,Shatrunjay Mandir,18.4500945956766,73.8787107299152,245,7
2119,Kendriya Vidyalaya Sangamvadi,18.5453538321768,73.8761767745018,245,7
116,Paud Phata Paud Road,18.5073373630217,73.8233479962636,244,22
162,Pratik Nagar,18.5081232293962,73.809401859695,244,22
163,Jai Bhavani Nagar,18.5093878841169,73.8127552298625,244,22
164,Anand Nagar Kothrud,18.5095964479373,73.8145841280936,244,22
2194,Swami Samarth Mandir Landewadi,18.6195670389151,73.8422079371178,244,11
467,Mg Road Pune Camp,18.5156444830717,73.8796777559026,244,8
5797,Agnishamak Kendra Landewadi,18.6203,73.846603,244,7
1339,Panyachi Taki Lohgaon,18.5934718754637,73.9224422499253,243,9
6014,Megapolis Phase 3,18.5769264795462,73.682341570363,243,10
721,Home Gaurd,18.5560007388131,73.8751494884491,243,7
7627,Hinjawadi Maan Phase 3 Circule,18.5773961633281,73.6870925376147,243,10
114,Ideal Colony,18.510099,73.817101,241,21
115,More Vidyalay,18.510401,73.819603,241,21
159,Kachara Depot Kothrud,18.507299,73.799896,240,20
5932,Dehuroad Bazar,18.6812,73.730797,240,18
7302,Aajanta Nagar,18.6628,73.789299,240,10
13,Wakad,18.5925072189163,73.7618053697926,239,9
161,Vanaj Corner,18.507299,73.807297,239,20
1797,Gokul Nagar Katraj Kondhwa Road,18.4499750910439,73.8756215572357,239,5
1802,Katraj Kondhwa Road,18.4475,73.859703,239,5
4537,Kothrud Depot,18.507799,73.794701,239,20
146,Maharashtra Mandal,18.5093124998218,73.8479080816747,238,13
147,Sahitya Parishad,18.510982435016,73.8455644435294,238,13
158,Bharati Nagar,18.5077081343137,73.7970781273797,237,19
376,Ganeshmala,18.496099,73.8386,237,11
4065,Sarang Society,18.490101,73.849899,237,10
466,Tupe Hospital,18.500999,73.935997,237,6
122,Sahitya Parishad,18.511086432086,73.8455229791752,236,13
123,Maharashtra Mandal,18.5095810522086,73.8474968354638,236,13
351,Ma Na Pa Main Gate,18.523001,73.854202,233,8
4057,Lakshmi Nagar Corner,18.492599,73.8507,233,8
6478,Optonica Company,18.6182360158091,73.8428739552654,233,7
1808,Shatrunjay Mandir,18.4506874264774,73.8785720262463,232,5
2132,Telco Company,18.644899,73.8181,232,7
2133,Telco Hostel,18.643101,73.820602,232,7
2199,Ganesh Nagar Telco Road,18.634399,73.828499,232,8
2124,Aajanta Nagar,18.6627853071889,73.7896810586067,230,8
2202,Telco Hostel,18.643499,73.819801,230,7
2203,Telco Company,18.6446847026179,73.8181391358376,230,7
7587,Mount Vert Society Wakad,18.5899608563415,73.7694819031568,230,9
780,Manajibaug,18.569799,73.841698,229,9
782,Khadki Bazar,18.5663037286683,73.8486143946648,229,9
783,Power House Khadki,18.56458999702,73.8508298993111,229,9
2135,Gavali Matha,18.637199,73.825996,228,7
2137,Power House Indrayni Nagar,18.6323277475307,73.8303646445274,228,7
2138,Indrayani Nagar Corner,18.629601,73.832901,228,7
3555,Suiba Mangal Karyalay,18.4819621517939,73.9545428752899,228,8
3849,Chinchwadgaon Aundh Road / Chinchwadgaon,18.6279752407541,73.7825455233875,228,6
2150,Ambedkar Chowk Vishrantwadi,18.5728,73.878998,227,5
781,Alegaonkar Shala,18.5680002479977,73.8453548487062,227,8
884,C Kshetriya Karyalay,18.631701,73.826202,227,9
2141,Landewadi Telco Road,18.6208569850531,73.8407608866692,226,6
2197,Indrayani Nagar Corner,18.6294,73.832703,226,7
2198,Power House Indrayni Nagar,18.632175249903,73.830284178257,226,7
2200,Gavali Matha,18.636999,73.825897,226,7
88,Balewadi Stadium,18.574699,73.763496,226,8
2195,Landewadi Telco Road,18.620679058786,73.8408520817757,224,6
2210,Ambedkar Nagar,18.6616,73.792,224,9
2179,Kekan Gas,18.574699,73.8955,223,5
2180,Gandhi Acid Company,18.574301,73.892998,223,5
2181,Renuka Bungalow,18.573999,73.891098,223,5
2182,Kasturba Gandhi General Hospital,18.5737,73.888298,223,5
2183,Ekta Nagar,18.5734,73.884598,223,5
2184,Ambedkar Chowk Vishrantwadi,18.5726576068811,73.8790628314018,223,5
7320,Ganesh Nagar Telco Road,18.6345459227995,73.8281196513607,222,6
6059,Chikhali,18.6836608631058,73.8143189766375,221,9
6129,Bhaji Mandai Chikhli,18.6858129755126,73.8101126030073,221,9
6130,Patil Nagar Chikhli,18.6842319447393,73.8127774236849,221,9
174,Dsk Vishwa,18.4433,73.799103,220,8
2196,Electronic Sadan,18.6225066060678,73.8391461968422,219,6
294,Ma Na Pa Congress Bhavan,18.5222,73.852303,219,12
796,Godown Gultekdi,18.4878205845138,73.8705334067345,219,19
804,Alegaonkar Shala,18.568199,73.8451,219,10
2056,Lonikand,18.620899,74.025002,218,12
7305,Lic Corner,18.6615436942563,73.7805367066226,218,7
4056,Shivdarshan,18.4925,73.853203,217,6
4438,Gandhi Training College,18.4855,73.849998,217,6
4442,Power House Padmawati,18.476801,73.852898,217,6
6159,Patil Nagar Chikhli,18.6841372801667,73.8126546935565,217,9
6160,Bhaji Mandai Chikhli,18.6856796049704,73.8102554431288,217,9
6516,Chikhli,18.6836786157757,73.8139940572053,217,9
802,Power House Khadki,18.5644654076326,73.8508808612824,217,9
803,Khadki Bazar,18.5665,73.848198,217,9
805,Manajibaug,18.569901,73.8414,217,9
2157,Pathare Vasti,18.558348,73.93821,216,4
2158,Shankar Nagar,18.5559727683496,73.9378595352173,216,4
2160,Thite Vasti,18.545315688256,73.9359068870545,216,4
2162,Kirtanebaug,18.5233459179531,73.932224214077,216,4
2163,Bapusaheb Magar Vasti,18.5183101983955,73.9327794313431,216,4
2164,Mega City,18.5141721502013,73.9325460791588,216,4
2165,Magarpatta Ma Na Pa Shala,18.5117737151296,73.9324602484703,216,4
2166,Tilekar Vasti,18.5077,73.929298,216,4
3018,Mundhwa Gaon,18.532526,73.932922,216,4
3557,Bhosale Garden Saswad Road,18.479099,73.956001,216,7
3558,Power House Fursungi,18.4763630023429,73.95726531744,216,7
3559,Navlakha Godown,18.4676497582434,73.961419405088,216,7
1197,Pimple Nilakh,18.5716914344448,73.7940752725263,215,6
2167,Tilekar Vasti,18.5077,73.9291,215,4
2168,Magarpatta Ma Na Pa Shala,18.5117,73.932297,215,4
2169,Mega City,18.514,73.932404,215,4
2170,Bapusaheb Magar Vasti,18.5182186385634,73.9326801896095,215,4
2171,Kirtanebaug,18.5233662640716,73.9321383833885,215,4
2174,Thite Vasti,18.5455165793989,73.9357781410217,215,4
2176,Shankar Nagar,18.5556382744284,73.9376570166026,215,4
2177,Pathare Vasti,18.558702,73.93811,215,4
3037,Mundhwa Gaon,18.532511,73.932808,215,4
3553,Power House Fursungi,18.4763858979197,73.9571821689606,215,7
3554,Bhosale Garden Saswad Road,18.479401,73.955704,215,7
992,Kalika Mata Mandir,18.6283804794053,73.7849629977239,215,9
1251,Pushp Mangal Karyalay,18.486413,73.858317,214,12
446,Prakash Cloth Store,18.5038224810805,73.845160322151,213,16
80,Wakad Pul,18.5907821955897,73.7578940885293,213,7
1891,Girme Park,18.5519118375032,73.7717020930728,212,8
3531,Smashan Bhumi Thosar Nagar,18.453899,73.886002,212,4
3532,Thosar Nagar,18.4536,73.888397,212,4
2121,Lic Corner,18.6616192894851,73.7804656346582,211,7
3578,Thosar Nagar,18.453501,73.888298,211,4
3579,Smashan Bhumi Thosar Nagar,18.4538,73.8862,211,4
1704,Magarpatta Dawakhana,18.503594366038,73.927398938675,210,3
14,Mount Vert Society Wakad,18.5901706802127,73.7696468962989,209,7
1643,Engineering College,18.5294102382009,73.8585620248573,209,7
5130,Dehugaon,18.719999,73.766296,209,6
6290,Dhangarbaba Kalewadi,18.611,73.783401,209,10
5899,Elpro Company,18.632999,73.785301,208,5
5901,Lokmanya Hospital,18.6369026197779,73.7898015975952,208,5
6289,Mm School,18.6142398940136,73.7853357143258,207,9
6299,Rahatani Phata,18.6073900174772,73.7802254546662,207,9
6444,Mm School,18.6142704051894,73.7850976939162,207,9
6446,Rahatani Phata,18.6073492993647,73.7804634750758,207,9
7047,Chakan Ambethan Chowk,18.762959,73.860924,207,10
6471,Sai Chowk Wakad Road,18.5931,73.786003,206,6
6477,Kalpataru Society Brt,18.6019,73.816101,206,6
2105,Methodist Church,18.5589095625302,73.8541907428958,205,8
6300,Dhangarbaba Kalewadi,18.6110911665259,73.7832556756987,205,8
784,Ammunition Factory Road,18.5618,73.852798,205,8
1863,Girme Park,18.5514820986738,73.7723290420079,204,8
2550,Shaniwarwada Stand,18.5216501448677,73.8558543572099,204,10
6476,Govind Yashada Chowk,18.5974593841342,73.8034902526176,204,5
1637,Engineering College,18.5296,73.858704,203,5
3530,Hill View Society,18.4529,73.883698,203,3
3556,Suiba Mangal Karyalay,18.4818,73.954697,203,6
5131,Dehugaon Gram Panchayat,18.7173,73.767799,203,5
5812,Jijamata Hospital,18.6192,73.800797,203,13
6897,Chakan Ambethan Chowk,18.762899,73.861198,203,8
793,Godown Gultekdi,18.4877,73.870499,203,21
2140,Electronic Sadan,18.622999,73.838501,202,6
3552,Navlakha Godown,18.4699,73.960602,202,6
3580,Hill View Society,18.4527,73.883598,202,3
5805,Jijamata Hospital,18.618999,73.801003,202,13
6949,Pawar Vasti Ravet Road /  Pawar Vasti Jambhe Road,18.6244230697879,73.7576760945503,202,6
890,Bhosari Chakan Road,18.6237856467513,73.8511712360487,202,7
492,Pune Vidhyapeeth Gate Baner Road,18.5423912161645,73.8265318177443,201,8
5991,Vinode Corner Vakad,18.6022,73.743797,201,9
606,Hinjawadi Jakat Naka,18.598,73.742401,199,10
5172,Dehugaon Gram Panchayat,18.7174134828068,73.7677377225706,198,5
4429,Wondercity,18.4496,73.853302,197,5
4430,Trimurti Garden,18.4524,73.843697,197,5
4431,Abhinav Collage Ambegaon,18.454399,73.836998,197,5
4432,Ambegaon Budruk,18.4535446895736,73.8396626676611,197,5
7775,Bhandarkar Institute,18.5186,73.833199,197,6
81,Digambar Marble Kaveri Hotel,18.581499,73.7612,197,6
984,Kundan Hotel Pimpri,18.6257949968494,73.8054113999458,196,13
985,Gokul Hotel,18.624599,73.803299,196,13
4763,Bu Bhandari Showroom,18.6021329661423,73.7531511418867,195,5
587,Sant Tukaram Mangal Karyalay,18.599199,73.743797,195,9
588,Draupada Mangal Karyalay,18.5996620453587,73.7444819344133,195,9
9280,Sai Sayaji Hotel,18.5993747857802,73.7542355503252,195,5
1275,Bharati Vidyapeeth Gate,18.4569412850917,73.8583267279907,194,7
521,Panyachi Taki Navi Sangvi,18.5753464723248,73.8151163461558,194,12
7763,Dange Chowk,18.616039,73.766136,194,4
2441,Kalyani Forge Nagar Road,18.6570178870814,74.0828034281731,193,8
589,Bhumkar Vasti,18.6029,73.749603,193,9
604,Draupada Mangal Karyalay,18.600901,73.7463,193,9
605,Sant Tukaram Mangal Karyalay,18.5992578481138,73.7441343547113,193,9
1241,Upper Indira Nagar,18.4611,73.8675,192,11
240,Garmal,18.457399,73.811897,192,5
243,Ganesh Nagar Dhayari,18.4506,73.811096,192,5
5151,Dehugaon,18.7199,73.765999,192,4
5556,Raykar Nagar,18.4539530456426,73.811675687266,192,5
5809,Pimprigaon,18.612,73.804298,192,14
6734,Tathwade,18.6294,73.753799,192,5
785,Methodist Church,18.5589655024901,73.8540190825666,192,8
801,Ammunition Factory Road,18.5616,73.852699,192,8
4425,Ambegaon Budruk,18.453699,73.840103,191,5
4426,Abhinav Collage Ambegaon,18.454901,73.8367,191,5
4427,Trimurti Garden,18.4526,73.843803,191,5
4428,Wondercity,18.4498,73.853401,191,5
4761,Bu Bhandari Showroom,18.601999,73.7537,191,5
586,Hinjawadi Jakat Naka,18.5981123233413,73.7423381308624,191,9
9279,Sai Sayaji Hotel,18.5996121261054,73.7545807484014,191,5
1079,Radha Hotel,18.568138,73.766449,190,6
504,Br Gholap Vidyalay,18.5751255717243,73.808293043829,190,10
505,Navi Sangvi,18.5762043071857,73.8118654904034,190,10
6527,Jai Ganesh Vision,18.6477196046225,73.7850232382905,190,7
6943,Premlok Park,18.6371593047274,73.7822659195338,190,7
6944,Police Ayuktalay Pimpri Chinchwad,18.6398349324873,73.7829324340102,190,7
6945,Indira Nagar Chinchwad,18.6408,73.783096,190,7
928,Badway Company,18.7496748469794,73.8062864542008,190,5
1447,Panmala Wagholi,18.579294747402,73.9743657502188,189,6
5126,Abhang Hospital Dehugaon,18.723553,73.77375,189,4
986,Bhat Nagar,18.6250991985538,73.7978052882574,189,13
180,Ganesh Nagar Dhayari,18.4505,73.810997,188,5
183,Garmal,18.457199,73.811798,188,5
5564,Raykar Nagar,18.4537488211297,73.8115328908888,188,5
6216,Lic,18.662001,73.781197,188,5
6217,Lic,18.6619313198751,73.7812916209156,187,5
1711,Mg Road Pune Camp,18.5156,73.878799,186,8
4848,Sutarwadi,18.5404,73.779602,186,5
1436,Gunjan Corner,18.5457504489818,73.8881146286868,185,9
253,Shitaladevi Chowk Pimplegurav,18.5821790024234,73.8293695876788,185,7
493,Chavan Nagar Baner Road,18.5453,73.822403,185,7
494,Sakal Nagar Baner Road,18.5463658349643,73.8193266027021,185,7
495,Abhiman Shree Baner Road,18.5471999877591,73.8166278686819,185,7
496,Sindh Colony Baner Road,18.5482272369171,73.8140052585136,185,7
497,National Society Baner Road,18.5494,73.811096,185,7
310,Chhajed Petrol Pump,18.5730347276362,73.8346970066568,184,8
6163,Karachi Chowk,18.6214041078888,73.8010393755834,184,12
6164,Lal Mandir,18.6224,73.799301,184,12
933,Optonica Company,18.6184015996809,73.8428804753879,184,6
1432,Vadgaon Sheri Phata,18.5590062906799,73.9123476712998,183,8
1950,Rojri School,18.4917480610592,73.7893671170609,182,5
1953,Krushna Plaza Popular Nagar,18.4840836468053,73.7999931510625,182,5
477,Navi Sangvi,18.5761992222495,73.811967420174,182,10
478,Br Gholap Vidyalay,18.5751461258896,73.8083955626694,182,10
4851,Bitwise,18.556999,73.769897,182,6
5154,Puna Gate Parmar Complex,18.6681,73.768997,182,13
5155,Kohima Line,18.6734450839345,73.7640121552873,182,13
5156,B Sub Depot,18.6754,73.759399,182,13
5158,Garden City,18.6779197425722,73.7469425718569,182,13
5159,Cisv Dehu Road,18.678258357978,73.744768164845,182,13
520,Panyachi Taki Navi Sangvi,18.5753,73.815201,182,10
6575,Kendriya Vidyalay Dehu Road,18.6768868632421,73.7522004766124,182,13
7886,Runwal Project,18.4878485492852,73.7945625159669,182,5
8349,Rmd College,18.489799,73.791801,182,5
6320,Shagun Chowk,18.621868631477,73.8018581402661,181,12
2279,Moze Shale Dhanori Road,18.5974450989301,73.920854996312,180,5
2280,Sathe Vasti,18.5973411553074,73.9149105548859,180,5
2281,Torana Garden,18.5971199878037,73.9094200730324,180,5
3889,Mile Dagad Kramank 21 Diveghat,18.4144,73.995102,180,8
3890,Mile Dagad Kramank 19 Diveghat,18.415501,73.989502,180,8
4852,Yashoda Niwas,18.5637,73.767502,180,5
5144,Cisv Dehu Road,18.6783727087053,73.7447105039256,180,13
5145,Garden City,18.677999,73.747002,180,13
5149,Puna Gate Parmar Complex,18.668301,73.769096,180,13
5900,More Prekshagruha,18.634001,73.787201,180,4
6566,Kendriya Vidyalay Dehu Road,18.6769929096778,73.7521842623881,180,13
6567,B Sub Depot,18.6755788526738,73.759037332719,180,13
6568,Kohima Line,18.6734387334919,73.7641476344553,180,13
106812,Mahatma Gandhi Stand,18.5055879085499,73.8833131666129,179,7
2284,Torana Garden,18.5970742290677,73.9094790816307,179,5
2285,Sathe Vasti,18.597401,73.914803,179,5
2286,Moze Shale Dhanori Road,18.5975,73.920998,179,5
4738,Poona Poultry,18.700199,73.692703,179,10
6045,Jain Mandir Dehugaon,18.715501191918,73.7707887603081,179,3
6046,Talyacha Matha,18.714199,73.773003,179,3
6047,Zilla Parishad Shala Vitthalwadi,18.7113,73.775299,179,3
6048,Vitthalwadi Dehu,18.7098182969074,73.7770275916256,179,3
6049,Talwade Jakat Naka,18.7074239239347,73.7800081799573,179,3
6050,Devi Indrayani Society,18.704599,73.783501,179,3
3024,Magarpatta Dawakhana,18.503117,73.92762,178,2
485,National Society Baner Road,18.549601,73.810997,178,7
486,Sindh Colony Baner Road,18.548,73.814796,178,7
487,Abhiman Shree Baner Road,18.547199,73.816902,178,7
488,Sakal Nagar Baner Road,18.546499,73.819397,178,7
489,Chavan Nagar Baner Road,18.545,73.823196,178,7
6080,Talekar Vasti Moshi Road,18.6738,73.886497,178,3
619,Khandoba Mandir Dhayri,18.4557251335204,73.811753371383,177,4
7734,Dange Chowk,18.616301,73.765999,177,4
4812,Bitwise,18.557199,73.770302,176,6
4832,Shrushti Hotel,18.4566,73.830498,176,4
4833,Krushnai Mangal Karyalay,18.458799,73.825203,176,4
4834,Navale Bridge Vadgaon,18.4599,73.823196,176,4
4836,Daulat Nagar Mumbai Pune Bypass / Daulat Nagar Bypass Highway,18.4731283123584,73.8106302667174,176,4
4839,Futira Complex,18.498501,73.789101,176,4
4840,Vedant Colony,18.5067986194273,73.7902940326883,176,4
4842,Paranjpe Scheme Dagade Vasti,18.508833408334,73.7752793149367,176,4
4843,Nisarga Society,18.5159,73.768799,176,4
4845,Dsk Toyota,18.525101,73.771797,176,4
4846,Hra Reliance,18.5275362965468,73.7766810614063,176,4
4847,Pashan Tale,18.537399,73.780998,176,4
4849,Sayli Restaurant,18.5425,73.776802,176,4
5379,Borade Nagar,18.4822213436792,73.8943922511681,176,2
6054,Shelar Vasti Talawade,18.6898,73.801102,176,4
6055,Omkar Lawns,18.688801,73.803497,176,4
6061,Jadhav Chowk Chikhali,18.682301,73.824097,176,4
6069,Saste Vasti,18.676001,73.857903,176,4
6101,Devi Indrayani Society,18.704,73.783798,176,3
6102,Talwade Jakat Naka,18.7070912054104,73.780303283434,176,3
6103,Vitthalwadi Dehu,18.7099,73.776802,176,3
6104,Zilla Parishad Shala Vitthalwadi,18.711201,73.7752,176,3
6105,Talyacha Matha,18.7143,73.772797,176,3
6106,Jain Mandir Dehugaon,18.7157,73.7705,176,3
6445,Shree Nagar,18.609699,73.782501,176,7
6456,Shree Nagar,18.6089,73.781601,176,7
7784,Cipla Center Warje,18.4868793026057,73.7966251658148,176,5
7789,Warjegaon,18.4798284350167,73.8045215396307,176,4
7936,Krushna Plaza Popular Nagar,18.4842947852776,73.8003588170037,176,5
7938,Vadgaon Budruk Highway,18.4636192054225,73.8190993666649,176,4
2115,Nashik Phata Pul,18.6064,73.821899,175,7
4688,Oskar Company,18.5112,73.684799,175,24
1027,Elpro Company,18.632401,73.785004,174,4
1826,Sadhu Vasvani Chowk,18.5248921306859,73.8758888497971,174,8
4811,Yashoda Niwas,18.5639,73.767998,174,5
4813,Renault Showroom,18.5547808671114,73.7711193576904,174,5
6076,Tapkir Nagar Moshi Road,18.6741730264365,73.8859668452955,174,3
567,Balewadi Phata,18.5637483012441,73.7823817455377,173,8
875,Ha Corner,18.6285,73.815598,173,8
876,Kamgar Nagar,18.628901,73.812599,173,8
877,Mahindra Company,18.6284491762532,73.807415664196,173,8
5152,Abhang Hospital Dehugaon,18.7237,73.773598,172,2
1235,Kothari,18.478201,73.8619,170,7
1236,Bibvewadi,18.4764,73.862396,170,7
1237,Bharat Jyoti,18.471701,73.863602,170,7
1238,Lower Indira Nagar,18.4687,73.864197,170,7
1239,Chintamani Nagar,18.4657,73.8647,170,7
1240,State Bank Colony,18.4634087037264,73.8650214672089,170,7
1944,Runwal Project,18.4881,73.794899,170,4
2104,Nashik Phata Pul,18.6063,73.821999,170,7
4352,Saswad,18.345215,74.031654,170,9
4542,Nal Stop,18.509075,73.832016,170,10
4815,Sayli Restaurant,18.5436,73.7761,170,4
4816,Sutarwadi,18.5406,73.7799,170,4
4817,Pashan Tale,18.537001,73.781303,170,4
4818,Hra Reliance,18.5273348143768,73.7768754834279,170,4
4819,Dsk Toyota,18.524599,73.771896,170,4
4820,Nisarga Society,18.5156,73.769203,170,4
4821,Paranjpe Scheme Dagade Vasti,18.5114,73.771896,170,4
4822,Hotel V Wine,18.5084,73.779602,170,4
4825,Futira Complex,18.498199,73.789497,170,4
4827,R M D Collage,18.4902,73.791901,170,4
4828,Daulat Nagar Mumbai Pune Bypass / Daulat Nagar Bypass Highway,18.4732237102788,73.8108649718402,170,4
4829,Vadgaon Budruk Highway,18.463357741178,73.819544605472,170,4
4830,Krushnai Mangal Karyalay,18.4589,73.825401,170,4
4831,Balaji Furniture,18.4569,73.830597,170,4
7933,Rojri School,18.4924340145505,73.7893534136002,170,4
7937,Warjegaon,18.4800910895259,73.804762258028,170,4
912,Alandi Phata,18.732401,73.8564,170,8
913,Gavte Vasti Petrol Pump,18.7381,73.857803,170,8
914,Vijay Oil Mill,18.7413818902567,73.8590713449318,170,8
915,Balaji Petrol Pump,18.7477,73.859703,170,8
6209,National Vajan Kata,18.689199,73.790703,169,3
6210,Jyotiba Nagar Talawade Road,18.686001,73.7892,169,3
6212,Ganesh Nagar Talawade Road,18.678101,73.788002,169,3
6213,Huma Bekari,18.6756011061512,73.7875331318124,169,3
6214,Tower Line,18.672501,73.786903,169,3
6215,Rupee Nagar Corner,18.6685459711988,73.785724634633,169,3
7445,Pandurang Krupa Hotel,18.6821,73.788307,169,3
1243,State Bank Colony,18.463301,73.864899,168,7
1244,Chintamani Nagar,18.4657,73.864502,168,7
1245,Lower Indira Nagar,18.4685885053879,73.8640800118446,168,7
1246,Bharat Jyoti,18.4722289491512,73.863116245943,168,7
1247,Bibvewadi,18.4753,73.862297,168,7
1248,Kothari,18.4781,73.861702,168,7
4351,Saswad,18.3452059105205,74.0315068427687,167,9
7089,Dhawde Vasti,18.6295268484158,73.8510954380036,167,8
893,Sadguru Nagar,18.6355,73.8498,167,8
1276,Balaji Nagar Corner Satara Road,18.4653090902148,73.8579716286692,166,5
836,Balaji Petrol Pump,18.7484,73.860001,166,6
837,Vijay Oil Mill,18.741199,73.8592,166,6
838,Gavte Vasti Petrol Pump,18.7377,73.857803,166,6
839,Alandi Phata,18.7314,73.8563,166,6
4794,Jijamata Chowk,18.7215,73.684303,165,9
4795,Khandge Petrol Pump,18.724001,73.682098,165,9
557,Ma Na Pa Daphale Garage,18.5233001393522,73.8529796543343,165,5
6218,Rupee Nagar Corner,18.6685910242164,73.7856388013147,165,3
6220,Huma Bekari,18.6753965883794,73.7874117467332,165,3
6222,Pandurang Krupa Hotel,18.6823015430225,73.7882573045783,165,3
6223,Jyotiba Nagar Talawade Road / Jyotiba Nagar,18.686001,73.789001,165,3
6224,National Vajan Kata,18.689199,73.790497,165,3
6646,Talegaon Dhabhade Maruti Mandir,18.7204918621914,73.6831147190839,165,9
740,Mula Road,18.5502641551827,73.8554191589356,165,8
7452,Tower Line,18.672232,73.786613,165,3
7454,Ganesh Nagar Talawade Road,18.678717,73.787735,165,3
727,Mula Road,18.5503989263483,73.8555371761322,164,8
546,Balewadi Phata,18.563499,73.783096,163,6
858,Sadguru Nagar,18.635401,73.849998,163,6
860,Dhawde Vasti,18.6293260561511,73.851355612278,163,6
892,Bhosari Depot,18.632401,73.849899,162,7
894,E Kshetriya Karyalay,18.6416,73.850601,162,7
895,Panjarpol,18.6437,73.850502,162,7
896,Vakhar Mahamandal Bhosari,18.6468982867741,73.8504973053932,162,7
897,Gandharva Nagari,18.650299,73.850197,162,7
898,Sainath Hospital Moshi,18.655701,73.848801,162,7
899,Moshi Jakat Naka,18.6609,73.848396,162,7
900,Borate Vasti Nasik Road,18.665899,73.848602,162,7
901,Bankar Vasti,18.6707,73.848297,162,7
903,Nageshwar Vidyalay Moshi,18.6816155036394,73.8479036092758,162,7
904,Moshi Toll Naka,18.6860210850731,73.8466812168645,162,7
905,Chimbli Phata,18.6959,73.847504,162,7
906,Gaikwad Vasti Nasik Road,18.7066,73.848099,162,7
907,Barge Vasti,18.7106122186695,73.8485392928124,162,7
908,Kuruli Phata,18.7153,73.848297,162,7
909,Sandesh Model Colony,18.7197,73.850403,162,7
910,Kalyani Forge Chakan Road,18.7232,73.852402,162,7
911,Spicer India Company,18.726601,73.854103,162,7
155,Ideal Colony,18.5109146420363,73.8187191602498,161,21
2125,Ambedkar Nagar,18.6613683896879,73.7921771698411,161,5
1660,Atlas Capco,18.596527,73.828857,160,4
535,Kolekar Nagar,18.572701,73.754097,160,4
566,Banergaon Odha,18.561501,73.7855,160,7
7141,Yamunanagar Chakan Road,18.76951,73.849312,160,4
7260,Ordinance Factory,18.678436,73.737823,160,11
797,Shivaji Maharaj Putla Marketyard,18.4892298344087,73.8678672909737,160,17
798,Bhaji Market Market Yard,18.4895,73.864197,160,17
799,Bank Of Baroda Marketyard,18.4894154495333,73.8594899265258,160,17
2123,Yamuna Nagar,18.6645499362303,73.7867700251541,159,3
3211,Kalubai Mandir Ramtekdi,18.506384,73.906525,159,8
840,Spicer India Company,18.7264,73.854202,159,5
841,Kalyani Forge Chakan Road,18.7244,73.853302,159,5
842,Sandesh Model Colony,18.7194,73.850502,159,5
843,Kuruli Phata,18.7150653187438,73.8484301828157,159,5
844,Barge Vasti,18.7107341605435,73.848646581173,159,5
845,Gaikwad Vasti Nasik Road,18.7064,73.848198,159,5
846,Chimbli Phata,18.696199,73.847801,159,5
847,Moshi Toll Naka,18.686399,73.846802,159,5
848,Nageshwar Vidyalay Moshi,18.681601,73.848,159,5
850,Bankar Vasti,18.671,73.848396,159,5
851,Borate Vasti Nasik Road,18.665701,73.848801,159,5
852,Moshi Jakat Naka,18.6609,73.848503,159,5
853,Sainath Hospital Moshi,18.655899,73.848999,159,5
854,Gandharva Nagari,18.650499,73.850304,159,5
855,Vakhar Mahamandal Bhosari,18.6467610504784,73.8505858182907,159,5
856,Panjarpol,18.6437,73.850601,159,5
857,E Kshetriya Karyalay,18.6415,73.8507,159,5
859,Bhosari Depot,18.631201,73.850403,159,5
8691,Pawar Mala,18.4760068485325,73.9696195721626,159,2
8693,Navde Vasti,18.479,73.963402,159,2
2008,Gokhale Nagar Police Line,18.523701,73.824997,158,6
2009,Gokhale Nagar Vasahat,18.525,73.827003,158,6
292,Police Line Modern College Road,18.5264297696072,73.8441875543344,158,11
558,Someshwarwadi Phata,18.5509201987591,73.8050991575653,158,6
559,Green Park,18.552,73.803802,158,6
560,Trimurti Bungalow,18.5546,73.800797,158,6
561,Mahabaleshwar Hotel,18.5548660574946,73.7987271031655,158,6
562,Ambedkar Nagar Baner,18.555099,73.7957,158,6
563,Kundan Garden,18.5562,73.794502,158,6
564,Kapil Malhar Society,18.559,73.790901,158,6
565,Banergaon,18.559799,73.789001,158,6
7781,Ved Bhavan,18.4690234609641,73.8142890141556,158,3
4729,Khandge Petrol Pump,18.7241,73.682098,157,9
4730,Jijamata Chowk,18.72163032824,73.684417635749,157,9
6603,Talegaon Dhabhade Maruti Mandir,18.7199,73.6828,157,9
725,Holkar Pul Corner,18.5567,73.859703,157,6
879,Kamgar Nagar,18.6290319806834,73.8126654992165,157,8
880,Ha Corner,18.628615144791,73.8155944801709,157,8
982,Mahindra Company,18.6284898430991,73.8075256347656,157,8
983,Pimpri Road,18.6269515292016,73.806289157448,157,8
2209,Thermax Company Chowk,18.6601766694898,73.7941722427212,156,5
3167,Ganesh Peth,18.5161,73.862198,156,9
3593,Uruli Devachi Phata,18.459499,73.965401,156,6
4392,Mantarwadi,18.466024,73.962204,156,6
6542,Magzine Bhosari Road,18.632799,73.873802,156,6
7259,Ordinance Factory,18.678595,73.737732,156,11
2126,Thermax Company Chowk,18.660702674577,73.7936693429947,155,5
1335,Kalwad,18.5854,73.905403,154,5
1336,Khese Park,18.5877,73.912804,154,5
1337,Officers Mess,18.5891,73.913803,154,5
1338,Kendriya Vidyalay Lohgaon,18.5928,73.919098,154,5
2106,Holkar Water Works,18.5555,73.861702,154,6
3588,Uruli Devachi Phata,18.459499,73.965202,154,6
3590,Mantarwadi,18.4659,73.962097,154,6
3899,Hotel Shree Pure Veg / Shree Pure Veg,18.462601,73.963699,154,6
790,Bank Of Baroda Marketyard,18.489401,73.860397,154,17
792,Shivaji Maharaj Putla Marketyard,18.4891560653669,73.8682106137276,154,17
1304,Panyachi Taki Lohgaon,18.5937172466266,73.9236117881983,153,5
779,Bopodi Khadki Road,18.5713278630852,73.8384729623795,153,7
1642,Rto Pune,18.5297726031475,73.8625913858414,152,4
1979,Nda 10 No. Gate,18.4493445787184,73.7631062990202,152,12
1980,Damini Lawns,18.4517,73.766098,152,12
6447,Datta Nagar Rahatni,18.6059,73.782898,152,5
6448,Nakhate Vasti,18.6049,73.786598,152,5
6449,Ram Nagar Rahatni,18.6032140338785,73.7925394552152,152,5
6450,Rahatnigaon,18.6029,73.795601,152,5
6452,Rahatnigaon,18.602818141348,73.7958258337831,152,5
6453,Ram Nagar Rahatni,18.603201,73.792397,152,5
6454,Nakhate Vasti,18.6047,73.786697,152,5
6455,Datta Nagar Rahatni,18.605801,73.782799,152,5
1402,Sunita Nagar,18.559799,73.928101,151,6
2518,Lakshminarayan,18.496874,73.857239,151,3
548,Banergaon,18.5599,73.7892,151,6
549,Kapil Malhar Society,18.558901,73.791603,151,6
550,Kundan Garden,18.556601,73.794403,151,6
551,Ambedkar Nagar Baner,18.555099,73.796204,151,6
552,Mahabaleshwar Hotel,18.5549873640425,73.7986984848976,151,6
553,Trimurti Bungalow,18.5546,73.8013,151,6
554,Green Park,18.5519321801428,73.8040548969007,151,6
555,Someshwarwadi Phata,18.5511,73.805099,151,6
726,Pachwad,18.5541209936614,73.8591910173351,151,6
498,Baner Phata,18.5504,73.8097,150,7
5856,Akurdi Railway Station,18.6489841325097,73.7653505696963,150,7
6094,Moi Phata,18.6824,73.819298,150,5
835,Chakan Talegaon Chowk,18.7560573387806,73.8589535224602,150,6
1007,Ravet Chowk,18.6444763291224,73.7445225520604,149,7
1148,Vishrantwadi,18.5739700510585,73.8776493468422,149,5
547,Banergaon Odha,18.5616,73.785896,149,5
6543,Magzine Bhosari Road,18.6329593602982,73.8741798738349,149,5
6979,Zilla Parishad Shal Thigalsthal,18.8587,73.889099,149,5
6980,Rahul Petrol Pump,18.8615,73.891197,149,5
791,Bhaji Market Market Yard,18.489401,73.863899,149,15
1030,Chinchwad Station,18.6383,73.794296,148,5
1981,Kondhwa Dhawde,18.4560763204335,73.7688320875168,148,11
1982,Bhim Nagar Nda Road,18.4580939019649,73.770851790905,148,11
1983,Uttam Nagar,18.4604727349716,73.7723994255066,148,11
1984,Ahire Gate,18.4642660785403,73.7735769152641,148,11
1985,Ingale Colony,18.4655,73.776901,148,11
1986,Deshmukhwadi,18.466777119001,73.7789976596832,148,11
1987,Shivane,18.466299,73.782898,148,11
1988,Shinde Pul,18.469299,73.787003,148,11
106564,Balaji Nagar,18.4615395064925,73.8580111266079,147,6
1320,Wadia College,18.5355,73.880203,147,4
2296,Dimond Water Park,18.5893,73.956703,147,6
484,Baner Phata,18.550699,73.809502,147,8
5833,Akurdi Railway Station,18.6490196909009,73.7652613842742,147,7
822,Midc Phata Chakan Road,18.7547,73.805496,147,4
9296,Upper Indira Nagar,18.460923815527,73.8674474019549,146,3
1334,Burma Shell,18.577999,73.903297,145,4
6480,Kokane Chowk / Sindhupark Ganesh Mandir,18.5968505358097,73.7915202184194,145,4
723,Deccan College Corner,18.549999,73.871902,145,6
733,Ma Na Pa Daphale Garage,18.5234507779695,73.8528670041855,145,5
106563,Balaji Nagar,18.4615191531075,73.8581503416232,144,6
1257,Ram Nagari,18.4489420046148,73.8427001684473,144,6
1258,Ambegaon Budruk Narhe Road,18.4489979805183,73.8385212872605,144,6
1259,Bhumkar Nagar,18.4492829484718,73.8344496857248,144,6
4781,Central Restaurant,18.687401,73.719803,144,9
4782,Krushna Mandir Dehu Road,18.6891,73.717796,144,9
4783,Indrayani Darshan,18.693701,73.712196,144,9
4784,Bhegdewadi Phata,18.696699,73.708397,144,9
4785,Shankarwadi,18.697701,73.702797,144,9
4787,Somatne Phata,18.7025968087757,73.6879143379952,144,9
5270,Dhankawadi,18.4655,73.850098,144,6
1186,Bremen Chowk,18.561001,73.814301,143,6
1968,Shinde Pul,18.4694,73.787003,143,11
1969,Shivane,18.4663751515463,73.783104121685,143,11
1970,Deshmukhwadi,18.4668432654667,73.7792739272118,143,11
1971,Ingale Colony,18.4654719930574,73.7767633795738,143,11
1972,Ahire Gate,18.464199,73.773499,143,11
1973,Uttam Nagar,18.4604880001813,73.7723377346993,143,11
1974,Bhim Nagar Nda Road,18.4580328405767,73.7707793712616,143,11
1975,Kondhwa Dhawde,18.4559821829337,73.7685370445252,143,11
2116,Kalpataru Society,18.6012,73.817596,143,10
325,Phadke Haud,18.518999,73.860298,142,9
326,Jijamatabaug,18.5187038462609,73.8570865949359,142,9
329,Kesari Wada,18.5163,73.849503,142,8
4504,Sheti Mahamandal,18.524599,73.829498,142,5
4505,Ramoshiwadi,18.5277,73.829697,142,5
5887,Exide Battery,18.646799,73.804703,142,4
5888,Sanghvi College,18.6457,73.803001,142,4
1253,Santosh Nagar Katraj,18.4480541003069,73.8566502928734,141,6
767,Deccan College Corner,18.5499259634802,73.871755162145,141,5
1305,Kendriya Vidyalay Lohgaon,18.5926,73.918701,140,5
1306,Officers Mess,18.5891,73.913902,140,5
1307,Khese Park,18.587299,73.912598,140,5
1308,Kalwad,18.5854,73.905701,140,5
1788,Vakhar Mahamandal Marketyard,18.49,73.870102,140,8
2287,Smashan Bhumi Lohagaon,18.5944,73.927101,140,5
2288,Shubham Mangal Karyalay,18.5959353389995,73.9312773942948,140,5
2289,Indrayani Vihar,18.5952,73.934303,140,5
2290,Sant Nagar Wagholi Road,18.5942803759837,73.9377656579018,140,5
2291,Karmbhumi Wagholi Road,18.593201,73.942001,140,5
2292,Datta Mandir Dadachi Vasti,18.5928846655923,73.9431099186022,140,5
2293,Dadachi Padal,18.5925811988993,73.9441942200489,140,5
2294,Pawar Vasti Dadachi Padal,18.5908153242893,73.9507555961609,140,5
2295,Yojana Poltry Farm,18.589701,73.9552,140,5
5822,Tulsi Chemical,18.6256151705765,73.8341358304024,140,5
5823,Power House Midc,18.6323074145681,73.827942609787,140,5
5824,Abhi Chemical,18.6298115154138,73.8302117586136,140,5
5906,Sanghvi College,18.645901,73.803001,140,4
5907,Exide Battery,18.647301,73.805099,140,4
867,Tulsi Chemical,18.6255185847222,73.8341572880745,140,5
868,Jayanand Khira,18.6278925456208,73.8319578766823,140,5
869,Abhi Chemical,18.6299,73.8302,140,5
870,Power House Midc,18.6323963716007,73.827937245369,140,5
873,Ganesh Mandir Nehru Nagar,18.6301152171911,73.8211620116952,140,5
882,Ganesh Mandir Nehru Nagar,18.6300365638007,73.8210645271864,140,5
883,Jyoti English School,18.6306731384336,73.8240963220596,140,5
885,Jayanand Khira,18.6279789631919,73.8319686055184,140,5
981,Jyoti English School,18.6305892638107,73.8240319490433,140,5
1828,Pune Station Jayprakash Stand,18.5271403332293,73.8739739382285,139,7
1977,Damini Lawns,18.4517,73.765999,139,10
1978,Nda 10 No. Gate,18.4493121937455,73.7630050265639,139,10
3109,Yewalewadi,18.437201,73.896103,139,6
4479,Ramoshiwadi,18.528,73.829903,139,5
4480,Sheti Mahamandal,18.524599,73.829697,139,5
4737,Somatne Phata,18.7035266573916,73.6871587203676,139,9
4739,Shankarwadi,18.6978,73.702797,139,9
4740,Bhegdewadi Phata,18.696899,73.708397,139,9
4741,Indrayani Darshan,18.6916313234402,73.7148332790014,139,9
4742,Krushna Mandir Dehu Road,18.6893548037345,73.7176279626744,139,9
4743,Central Restaurant,18.6873,73.7201,139,9
534,Sutar Vasti,18.568501,73.750801,139,3
7791,Vinode Nagar Vakad,18.6014262661232,73.7437635552461,139,4
1397,Sunita Nagar,18.5597,73.928001,138,4
2335,It Tower,18.549999,73.940201,138,6
3121,Yewalewadi,18.437099,73.896103,138,6
1789,Gangadham Corner,18.4807282908749,73.8723171072274,137,6
1815,Vakhar Mahamandal Marketyard,18.49,73.869904,137,8
208,Goodluck Chowk,18.5177004014337,73.8405308813291,137,6
3850,Sangvi Vasantdada Putala,18.5752218675506,73.8257080264047,137,10
537,Mhalungegaon,18.5743889753257,73.7555337339222,137,3
830,Sara City Mns Chowk,18.7579,73.839699,137,4
831,Kharabwadi,18.7575556049478,73.8415257483023,137,4
1006,Ravet Pumping Station,18.6432646527796,73.7495865705699,136,5
1008,Bhondve Vasti Ravet,18.653,73.737801,136,5
3236,Abc Farm,18.481701,73.900597,136,3
3279,Kedari Nagar,18.4852169754011,73.900419265252,136,3
3312,Dandekar Pul Sinhagad Road,18.501246786768,73.8461428771214,136,4
5798,Swami Samarth Mandir Landewadi,18.6196432181425,73.842386818141,136,3
991,Darshan Hall,18.629007,73.786186,136,6
3088,Shital Petrol Pamp Kondhwa,18.4697,73.888901,135,4
3090,Kondhwa Shala,18.476801,73.889801,135,4
3092,Kamela Kondhwa Road,18.4825724084008,73.891082392787,135,4
311,Buddha Vihar Dapodi,18.5762964831249,73.8305598390759,135,6
312,Shivaji Maharaj Putla Dapodi,18.579051847632,73.8294017795566,135,6
313,Dapodi Mantri Niketan,18.58,73.830101,135,6
314,Raviraj Hotel,18.5832,73.824303,135,6
315,Ramkrushna Mangal Karyalay,18.585522207895,73.8218986709183,135,6
316,Pooja Hospital,18.5889,73.82,135,6
317,Suvarnpark,18.5912396305039,73.8195392309799,135,6
4470,Padmawati Stand,18.4765,73.855301,134,4
4788,Gruhaprakalp,18.708401,73.682297,134,7
4789,Talegaon Khind,18.7122,73.678802,134,7
4790,Vipraj Company,18.7136,73.677002,134,7
4791,Sant Tukaram Nagar Kamshet Road,18.7155,73.675499,134,7
4792,Bhandari Hospital,18.7181,73.679901,134,7
4796,Bsnl Office Talegaon,18.7278520671712,73.6783691714758,134,7
4798,Eagle Company,18.7323,73.671501,134,7
4799,Mhalaskar Petrol Pump,18.732599,73.667603,134,7
4801,Paisa Fund,18.7313,73.661301,134,7
4802,Swaraj Nagari,18.7292,73.658501,134,7
4803,Vadgaonmawal Phata,18.728201,73.654701,134,7
1011,Bhondve Vasti Ravet,18.653251073716,73.7377285139959,133,5
1013,Ravet Pumping Station,18.6434718135537,73.7493753222845,133,5
1309,Burma Shell,18.577999,73.903099,133,4
1747,Pune Station Sassoon Road,18.5264701339524,73.8726671526569,133,2
1748,Pune Station Sassoon Road,18.5264498008503,73.8726041168004,133,4
1777,Pune Station Jayprakash Stand,18.5271250740357,73.8746386943482,133,8
249,Suvarnpark,18.5911295843779,73.8195630794,133,6
250,Pooja Hospital,18.5888,73.820099,133,6
251,Ramkrushna Mangal Karyalay,18.586,73.821503,133,6
252,Raviraj Hotel,18.5834312655434,73.824238461174,133,6
254,Dapodi Mantri Niketan,18.58,73.830299,133,6
255,Shivaji Maharaj Putla Dapodi,18.5791,73.829803,133,6
256,Buddha Vihar Dapodi,18.5762219464547,73.8306599728286,133,6
258,Chhajed Petrol Pump,18.5730096557799,73.834811479728,133,6
6482,Ma Na Pa Shala Wakad,18.5944,73.773697,133,5
1015,Walhekarwadi Phata,18.62949,73.77607,132,3
1157,Dagadikhan,18.5759297998663,73.8804736733437,132,4
1158,Amaba Nagari,18.579901,73.881699,132,4
1159,Om Chaitnya Nagari,18.5835,73.883904,132,4
1161,Telephone Exchange Bhairav Nagar,18.5865824253143,73.8861358165741,132,4
1162,Shivani Medical Bhairav Nagar,18.587601,73.887001,132,4
1163,Bhairav Nagar Dhanori Road,18.5896,73.888397,132,4
1164,Gokul Nagar Dhanori Road,18.5916846921536,73.8903029836823,132,4
1165,Gurudev Datta Nagar,18.5935,73.892502,132,4
1166,Dhanori Shala,18.595501,73.894699,132,4
1167,Dhanorigaon,18.596701,73.897102,132,4
1168,Madhav Nagar Dhanori,18.5973,73.901199,132,4
1169,Kamalpark Vishrantwadi,18.5974301304725,73.9043667912483,132,4
1170,Kamalpark Vishrantwadi,18.5975343587232,73.90466183424,132,4
1171,Madhav Nagar Dhanori,18.5973,73.900902,132,4
1172,Dhanorigaon,18.596756459034,73.8970229029656,132,4
1173,Dhanori Shala,18.595501,73.894501,132,4
1174,Gurudev Datta Nagar,18.593599,73.892403,132,4
1175,Gokul Nagar Dhanori Road,18.5919491640523,73.890432715416,132,4
1176,Bhairav Nagar Dhanori Road,18.5897043573806,73.8883566856384,132,4
1177,Shivani Medical Bhairav Nagar,18.5877137508765,73.8869538903237,132,4
1179,Bhairav Nagar Lane No 7,18.584801,73.884598,132,4
1180,Om Chaitnya Nagari,18.582701,73.883102,132,4
1181,Amaba Nagari,18.579901,73.881599,132,4
1182,Dagadikhan,18.5760213288393,73.8804548978806,132,4
2243,Telephone Exchange Bhairav Nagar,18.586599,73.886002,132,4
2282,Vishrantwadi Dhanori Road,18.573799,73.879097,132,4
2340,Jakat Naka Dhanori,18.597099,73.9067,132,4
2342,Bhairav Nagar Lane No. 7,18.5846,73.884598,132,4
3103,Kamela Kondhwa Road,18.4826232949063,73.8912109943225,132,4
3105,Kondhwa Shala,18.476999,73.889999,132,4
3107,Shital Petrol Pamp Kondhwa,18.4691475503855,73.8890328817957,132,4
6161,Map Engineering Chikhli,18.6875318772416,73.8077046518365,132,7
6162,Nageshwar Vidyalaya Chikhli,18.6910025367509,73.8080855675933,132,7
6935,Vishrantwadi Dhanori Road,18.5737269157166,73.879015830944,132,4
1267,Natubaug,18.4802042490683,73.857323569901,131,4
1268,Padmawati,18.475248747322,73.8563820719719,131,4
1269,Shankar Maharaj Math,18.469122679354,73.8576776334091,131,4
1270,Katraj Sarpodyan,18.453699,73.858597,131,4
1271,More Bag,18.4498,73.858299,131,4
3087,Kondhwa Police Station,18.465,73.889603,131,3
3114,Ramdas Maral,18.4573,73.890701,131,3
6687,Punawale Pul / Punawala Phata / Punawale Corner,18.6342142671375,73.7406320065694,131,3
1026,Darshan Hall,18.6290825200648,73.7861418325306,130,6
2331,It Tower,18.549801,73.940201,130,4
6127,Nageshwar Vidyalaya Chikhli,18.6908907394861,73.8081613446,130,7
6128,Map Engineering Chikhli,18.6875948154741,73.8077482291862,130,7
7589,Ma Na Pa Shala Wakad,18.5944,73.773598,130,5
1265,Santosh Nagar Katraj,18.448,73.856697,129,4
3361,Na Ta Wadi,18.5348,73.848701,129,4
4720,Vadgaonmawal Phata,18.7285,73.6549,129,7
4721,Swaraj Nagari,18.7293,73.6586,129,7
4722,Paisa Fund,18.7314,73.661201,129,7
4724,Mhalaskar Petrol Pump,18.7328,73.667397,129,7
4725,Eagle Company,18.732599,73.671303,129,7
4727,Bsnl Office Talegaon,18.7279150238859,73.6783873506781,129,7
4732,Bhandari Hospital,18.7181,73.680099,129,7
4733,Sant Tukaram Nagar Kamshet Road,18.716801,73.678101,129,7
4734,Vipraj Company,18.715401,73.675697,129,7
4735,Talegaon Khind,18.7124,73.679001,129,7
4736,Gruhaprakalp,18.707899,73.682999,129,7
106813,Shivraj Nagar,18.5998501619882,73.7803542053424,128,2
1957,City Post,18.5158,73.8573,128,9
2023,Kusalkar Putala,18.5291,73.827301,128,4
293,Sawarkar Bhavan,18.5221346998668,73.8500319355547,128,5
3108,Kondhwa Police Station,18.4652844970682,73.8896880561602,128,3
3117,Ramdas Maral,18.4578,73.8909,128,3
5732,Simla Office Police Chowky,18.5293986788712,73.8498818719319,128,3
6034,Kasturi Market,18.6642533542001,73.7952558788313,128,7
2065,Bakori Phata,18.5895,73.9972,127,8
3166,Vishrambaugwada,18.5136685579106,73.8523399829865,127,10
4804,Midc Phata,18.731199,73.649498,127,6
6657,Avinash Mangal Karyalay,18.616301,73.7883,127,7
6658,Kalewadi,18.616699,73.789703,127,7
6659,Vijay Nagar Kalewadi,18.618401,73.791702,127,7
6660,Lucky Bakery,18.619499,73.796303,127,7
2011,Kusalkar Putala,18.5291469848019,73.8274624943733,126,4
5361,Chakradhar Shala,18.4471,73.848999,126,4
5565,Lokmat,18.4577644351124,73.8066324565339,126,8
6040,Kasturi Market,18.6642025144074,73.7951297992288,126,7
6669,Lucky Bakery,18.6193236437096,73.7965332460299,126,7
6671,Kalewadi,18.6166,73.789703,126,7
6672,Avinash Mangal Karyalay,18.616199,73.7883,126,7
7732,Vijay Nagar / Vijay Nagar Kalewadi,18.6184301922162,73.792121684725,126,7
1190,Rakshak Society Pimplenilakh,18.5792092967757,73.7960028588498,125,2
1685,Vaiduwadi,18.504214482135,73.92105281353,125,6
5153,Bhakti Shakti Garden,18.6647684997645,73.7720191901638,125,9
874,Nehru Nagar Corner,18.6296672474581,73.8197545455253,125,2
881,Nehru Nagar Corner,18.6296132651559,73.819292485714,125,2
5803,Morwadi Chowk,18.6308,73.803101,124,10
507,Krushna Bazar Chowk,18.5817008302555,73.8155615509377,123,7
6462,Pradhikaran Police Chowky,18.6499960595332,73.7663699379816,123,4
1260,Narhegaon,18.4478,73.829803,122,5
1739,Empire Estate,18.6336620186231,73.799183276399,122,5
472,Katepuram Chowk,18.5856677691832,73.8162222845017,122,8
6015,Megapolis Phase Splender,18.5773351570759,73.6857131097245,122,5
1028,More Prekshagruha,18.6341,73.787498,121,4
106880,Deccan Gymkhana,18.5153343967635,73.8421413442756,121,5
1417,Wagholi Kesnand Phata,18.5813941844399,73.9863605284482,121,7
506,Sai Chowk Navi Sangvi,18.5783717023223,73.8158887864253,121,6
508,Katepuram Chowk,18.5858,73.8162,121,6
6414,Megapolis Phase Splender,18.5772296432244,73.6856105158871,121,5
6473,Kokane Chowk,18.5967583521213,73.7912949181217,121,4
812,Endurance Systems Chakan Mahalunge,18.7412292058596,73.8069328481648,121,3
1012,Ravet Chowk,18.6446872398759,73.7440350783231,120,3
347,Apollo Talkies,18.5196894460585,73.8648884003928,120,10
473,Krushna Bazar Chowk,18.5819401328333,73.8155966989766,120,7
7129,Telephone Exchange Vasuli Road,18.7736,73.8423,120,3
7140,Saidarshan Society,18.7689,73.850899,120,3
2066,Jadhav Vasti Nagar Road,18.5937,73.999901,119,7
2067,Gade Vasti,18.5973716609815,74.0033805370331,119,7
2068,Vitthalwadi Nagar Road,18.601601,74.009903,119,7
2069,Rajashri Housing,18.6052,74.013901,119,7
2070,12 Wa Mile Vithai Pump,18.6093142733346,74.0154585242272,119,7
2071,Jagtap Dairy Lonikand,18.615101,74.018898,119,7
2752,Tulapur Phata,18.6268643489359,74.0336379170013,119,7
324,Apollo Talkies,18.519501,73.864601,119,10
6475,Vishvashanti Colony Pk Chowk,18.5980478554537,73.79882056091,119,3
1429,Tata Guardroom,18.5624745063361,73.9278790354729,118,4
474,Sai Chowk Navi Sangvi,18.5789145565947,73.8160658354833,118,6
9299,Cipla Center Warje,18.486226384619,73.796572173994,118,2
930,Endurance Systems Chakan Mahalunge,18.7413968371751,73.8067746057223,118,3
4549,Mauli Nagar Alandi Road,18.638901,73.875397,117,5
4551,Choviswadi Phata,18.657499,73.885498,117,5
2226,Charholi Phata,18.6617521097276,73.8867527662301,116,5
6975,Century Enka Colony,18.6157679538209,73.8474910658567,116,6
3178,Sonya Maruti Chowk,18.5159702391787,73.8601121401469,115,6
3320,Ganeshmala,18.4960248569661,73.8382915269441,115,5
346,Phadke Haud,18.5189,73.860298,115,10
6683,Punawale Corner,18.6391461840189,73.7501364128988,115,5
1188,Ganesh Mandir Pimplenilakh,18.5741,73.795403,114,3
5574,Khadakwasla Dharan,18.4388120902024,73.7731960231755,114,6
6883,Bhosari Chakan Road,18.624001,73.851601,114,3
7866,Gorhe Budruk,18.4214162417088,73.7568372409128,114,6
7868,Hp Petrol Pump Sinhagad Road,18.4142513446131,73.7628728758316,114,6
2055,Tulapur Phata,18.6268656971798,74.0338531136513,113,7
2057,Jagtap Dairy Lonikand,18.616899,74.020401,113,7
2058,12 Wa Mile Vithai Pump,18.6092227621734,74.0155282616615,113,7
2060,Vitthalwadi Nagar Road,18.6014,74.010101,113,7
2061,Gade Vasti,18.5972623484787,74.0034046769142,113,7
2127,Kamalnayan Bajaj School,18.658623700719,73.7973464280221,113,3
2128,Bird Valley,18.6566233633578,73.8003440503708,113,3
2129,Hdfc Bank Telco Road,18.654699,73.803398,113,3
2130,Bhola Hotel,18.6522809118368,73.8069838285446,113,3
2131,Ksb Chowk,18.6506,73.809799,113,3
2204,Ksb Chowk,18.65,73.809898,113,3
2205,Bhola Hotel,18.6519784930676,73.8070267438889,113,3
2206,Hdfc Bank Telco Road,18.6544,73.803398,113,3
2207,Bird Valley,18.6568476393766,73.7997042922399,113,3
2208,Kamalnayan Bajaj School,18.6584604712137,73.7972398305946,113,3
3372,Jadhav Vasti Nagar Road,18.5937160069343,74.0000545978546,113,7
5271,Gulab Nagar,18.4654668254021,73.854742184107,113,5
5886,Ksb Chowk,18.649599,73.809303,113,3
5889,Mohan Nagar Chinchwad,18.6422,73.796997,113,3
5890,Midc Office Chinchwad,18.6415,73.795799,113,3
5891,Gavali Wada,18.6407473390282,73.7948730086157,113,3
5902,Chinchwad Station,18.640776,73.793686,113,4
2221,Dehu Phata,18.6708976833743,73.8915833830834,112,4
3240,Jambhulkar Nagar,18.494801,73.900002,112,2
3241,Shiwarkar Garden,18.4981,73.900299,112,2
3242,Parmar Nagar,18.5022177917129,73.9007806777954,112,2
3249,Shiwarkar Garden,18.498425009886,73.900427081937,112,2
3250,Jambhulkar Nagar,18.494843546153,73.9000999408795,112,2
3251,Jagtap Chowk,18.4916944466167,73.9001320003297,112,2
3276,Parmar Nagar,18.503029188556,73.9008021354675,112,2
3278,Jagtap Chowk,18.4927808897085,73.8999518752098,112,2
373,Shinde Farm,18.508101,73.789398,112,14
7309,Yamuna Nagar,18.6640658488976,73.787073086945,112,3
7783,Chandani Chowk Bypass Highway,18.5075,73.787598,112,2
106603,Parvati Jalshuddhikaran Kendra,18.4981920426807,73.8412368799211,111,4
244,Savitri Garden Mangal Karyalay,18.447001,73.807602,111,4
245,Chavan Mala,18.447001,73.804001,111,4
2455,Shikrapur Phata,18.6923809199291,74.1322714090347,111,5
246,Chavan Nagar Dsk,18.4468514829504,73.8016074923745,111,4
247,Ganesh Mandir Dsk,18.4470459344398,73.7998852107502,111,4
4805,Deccan Poultry Farm,18.7339,73.646698,111,4
4806,Vadgaonmawal Corner,18.735701,73.644501,111,4
4807,Matoshree Hospital,18.737101,73.639,111,4
4808,English Medium School,18.738001,73.635902,111,4
4809,Bhegde Lawns,18.739799,73.6334,111,4
4810,Vadgaon Mawal,18.7439,73.630798,111,4
5903,Gavali Wada,18.6408464241558,73.7945712219696,111,3
5904,Midc Office Chinchwad,18.6415294463259,73.7957500567763,111,3
5905,Mohan Nagar Chinchwad,18.6422632786334,73.7969322436869,111,3
5908,Ksb Chowk,18.650101,73.809097,111,3
175,Ganesh Mandir Dsk,18.4471236259336,73.7999408494525,109,4
176,Chavan Nagar Dsk,18.4468809260548,73.8016805006003,109,4
177,Chavan Mala,18.4470366669457,73.8038432712127,109,4
178,Savitri Garden Mangal Karyalay,18.4471,73.807404,109,4
2517,Mitra Mandal Sabhagruha,18.4979547164786,73.8539439439774,109,3
3222,Undrigaon,18.4506696956502,73.9160987734795,109,4
4066,Parvati Darshan,18.4944,73.854301,109,3
4471,Yashvant Nagar Padmavati,18.4783,73.852402,109,3
4472,Date Stop,18.480101,73.850403,109,3
4473,Dnyaneshwar Society,18.4825,73.849899,109,3
4713,Vadgaon Mawal,18.7439,73.630898,109,4
4714,Bhegde Lawns,18.740801,73.632698,109,4
4715,English Medium School,18.7383,73.635902,109,4
4716,Matoshree Hospital,18.737301,73.639099,109,4
4717,Vadgaonmawal Corner,18.7358,73.644798,109,4
4718,Deccan Poultry Farm,18.7339,73.647102,109,4
4719,Midc Phata,18.7314757101918,73.6493914681865,109,4
926,Mhalunge Phata Chakan,18.755099920873,73.8087514042854,109,3
1694,Ganga Nagar Saswad Road,18.4876267236225,73.9518621530282,108,5
2074,Jagtap Vasti Lonikand,18.6307036384413,74.0391558408737,108,6
2075,Walke Vasti,18.6399,74.048698,108,6
2076,Perne Phata,18.641199,74.050598,108,6
2302,Holkar Pul Corner,18.5552378268862,73.8611430272217,108,4
4055,Parvati Darshan,18.4941104148583,73.8543167868092,108,3
4440,Date Stop,18.4802,73.850304,108,3
450,Bhekrai Nagar,18.4835857242067,73.9538672978179,108,5
4532,Poultry Farm Mumbai Road,18.545752,73.85273,108,4
4625,Shinde Farm,18.5083603220714,73.7900050530113,108,14
4626,Chandani Chowk Paud Road,18.506901,73.783501,108,13
6359,Dnyaneshwar Society,18.482607,73.849937,108,3
6361,Yashvant Nagar Padmavati / Yashvant Nagar,18.478369,73.852539,108,3
823,Mhalunge Phata Chakan,18.7549729313588,73.8086092472077,108,3
1233,Esi Hospital,18.486099,73.858597,107,6
1250,Esi Hospital,18.486099,73.858398,107,6
2433,Shikrapur Phata,18.6922615055639,74.1322553157807,107,5
6479,Vishvashanti Colony Pk Chowk,18.5982156911954,73.7991034984589,107,4
3111,Shingad Collage Kondhwa Road,18.4426619447641,73.8939744447349,106,4
3112,Angraj Nagar,18.445499,73.893204,106,4
4627,Mile Dagad Kramank 8 Bavdhan Ghat,18.507,73.780403,106,12
4628,Rajwade Bungalow,18.507,73.776497,106,12
4629,Dagade Vasti,18.507,73.7687,106,12
4630,Bhagwat Vasti,18.5047,73.765099,106,12
4631,Deshmukh Vasti,18.503599,73.762299,106,12
4632,Daulat Garden,18.5013847981298,73.7576580126501,106,12
4633,Bhugaon,18.500999,73.750504,106,12
4634,Chutke Vasti,18.501101,73.744202,106,12
4635,Matalwadi Bhugaon,18.500401,73.740997,106,12
2389,Koregaon Bhima,18.6461714415048,74.0595781803131,105,5
2880,Dhole Patil Collage,18.554701,73.9617,105,3
2881,Dhole Patil Collage Chowk,18.5516,73.960602,105,3
2882,Marvel Zephyr Society,18.5516,73.959099,105,3
2883,Eon Phase 2,18.5525,73.955902,105,3
2884,Gera Society,18.5598326489049,73.9550819993019,105,3
2885,Sakore Nagar Courner,18.5638475441698,73.953115940094,105,3
2886,Tulja Bhawani Nagar,18.563801,73.949402,105,3
2887,Mio Plaza Chowk,18.5595,73.949898,105,3
2888,Forest Counti,18.5576916719559,73.9497202634812,105,3
2889,Eon Chowk,18.5539,73.950104,105,3
2890,World Trade Center,18.5529,73.9478,105,3
2891,Kharadi Police Chowki,18.549,73.947403,105,3
345,Jijamatabaug,18.5185187397531,73.8567125844026,105,9
54,Vishal Nagar,18.5882,73.784203,105,4
6481,Shivar Chowk,18.5963656233351,73.7891827008757,105,3
6880,Hp Petrol Pump Talegaon Dabhade Road,18.7484,73.790497,105,3
6881,Om Logistic Company,18.7516,73.794197,105,3
6882,Bajaj Company,18.7547,73.802597,105,3
6895,Samarth Vidyalay Talegaon Dhabhade,18.7328023334499,73.6641534663266,105,3
820,Lumax Company Gate No. 2,18.753599,73.798203,105,3
3582,Oswal Mala,18.451799,73.956497,104,2
3583,Khandoba Mandir Devachi Uruli,18.453501,73.956596,104,2
3900,Hotel Shree Pure Veg,18.4625,73.963997,104,5
3901,Bhadale Vasti Saswad Road,18.455,73.967499,104,5
3902,Datta Nagar Saswadroad,18.4500164418744,73.9699099390396,104,5
3907,Vadkinala,18.427299,73.981499,104,5
3908,Sakal Office Vadaki,18.424801,73.982399,104,5
3910,Zende Vasti,18.4144535969235,74.0064878590832,104,5
3912,Kalewadi Saswad Road,18.397699,74.013397,104,5
3915,Katoba High School Dive,18.386101,74.015198,104,5
3917,Pawarwadi,18.3720267156559,74.0189219022921,104,5
3919,Kirloskar Company Saswad,18.361799,74.026001,104,5
3921,Waghere College,18.357901,74.028603,104,5
3922,St Stand Saswad,18.3499800175592,74.028744876825,104,5
3923,Police Chowky Saswad,18.3473,74.029099,104,5
4399,Metachem Company,18.435835,73.977737,104,5
4400,Hotel Vijay,18.431227,73.97998,104,5
4409,Dhumewadi,18.391478,74.014244,104,5
4410,Iti Saswad Road,18.389004,74.014717,104,5
4414,Jakat Naka Saswad,18.365923,74.022301,104,5
4536,Vanaj Company,18.5069944689116,73.8042426580147,104,6
4786,Poona Poultry,18.698799,73.697403,104,8
3119,Angraj Nagar,18.446699,73.893097,103,4
3120,Shingad Collage Kondhwa Road,18.442499,73.894096,103,4
3539,Undrigaon,18.450695138989,73.9158573746681,103,2
5933,Bank Of India Dehuroad,18.676201,73.732597,103,5
6451,Mahadev Mandir Pimple Saudagar,18.601801,73.799103,103,2
6885,Suzlon Company,18.7427992804375,73.8010051846504,103,3
6886,Harman Company,18.7425376630299,73.7949675319942,103,3
6887,Reliable Company,18.7438127264913,73.7925589084625,103,3
2052,Perne Phata,18.6412283022608,74.0508207678795,102,6
2053,Walke Vasti,18.638,74.047302,102,6
2054,Jagtap Vasti Lonikand,18.6297200153593,74.03829485178,102,6
2059,Rajashri Housing,18.6031,74.011902,102,6
2063,Bakuri Phata,18.588301,73.996399,102,6
2244,Jakat Naka Dhanori,18.5973,73.906303,102,3
2270,Yojana Poltry Farm,18.589624931423,73.9548847884772,102,4
2271,Pawar Vasti Dadachi Padal,18.5907,73.950996,102,4
2272,Dadachi Padal,18.5926,73.944,102,4
2273,Datta Mandir Dadachi Vasti,18.5928440654674,73.9429705752229,102,4
2274,Karmbhumi Wagholi Road,18.593217733675,73.9415770769119,102,4
2275,Sant Nagar Wagholi Road,18.5942651226377,73.9375752210617,102,4
2276,Indrayani Vihar,18.5951,73.934402,102,4
2277,Shubham Mangal Karyalay,18.5958717845686,73.9311942458153,102,4
2278,Smashan Bhumi Lohagaon,18.5943159668346,73.9270314574242,102,4
2573,Malwadi Manjari,18.5213163882103,73.9824941754341,102,3
2574,Manjari Budruk,18.522499,73.984299,102,3
3874,Police Chowky Saswad,18.347401,74.0289,102,5
3878,Kirloskar Company Saswad,18.361401,74.026199,102,5
3880,Pawarwadi,18.3724,74.0186,102,5
3881,Divegaon,18.383301,74.015404,102,5
3882,Katoba High School Dive,18.3861109071694,74.0150112441782,102,5
3883,Iti Saswad Road,18.389,74.014503,102,5
3884,Dhumewadi,18.391399,74.014,102,5
3885,Kalewadi Saswad Road,18.397499,74.013199,102,5
3886,Jadhav Vasti,18.407499,74.011597,102,5
3887,Zende Vasti,18.4146037400035,74.0061652853611,102,5
3891,Sakal Office Vadaki,18.4251,73.982201,102,5
3892,Vadkinala,18.4275,73.9813,102,5
3893,Vijay Hotel,18.430901,73.980003,102,5
3894,Metachem Company,18.4363,73.977303,102,5
3897,Datta Nagar Saswadroad,18.4501404859229,73.9698046445847,102,5
3898,Bhadale Vasti Saswad Road,18.454599,73.967598,102,5
4356,St Stand Saswad,18.350071667125,74.0286462655394,102,5
4615,Matalwadi Bhugaon,18.500601,73.740997,102,12
4616,Chutke Vasti,18.501301,73.744499,102,12
4617,Bhugaon,18.501101,73.750504,102,12
4618,Daulat Garden,18.5012,73.757004,102,12
4619,Deshmukh Vasti,18.5037,73.7621,102,12
4620,Bhagwat Vasti,18.504801,73.764999,102,12
4621,Dagade Vasti,18.507099,73.7687,102,12
4622,Rajwade Bungalow,18.507299,73.776398,102,12
4623,Mile Dagad Kramank 8 Bavdhan Ghat,18.507601,73.778297,102,12
5937,Gurudwara,18.682899,73.729599,102,8
5938,Judson High School,18.685699,73.723801,102,8
5939,Dehuroad Police Lane,18.686199,73.722397,102,8
6697,Ingwale Chowk Cornar,18.5755766913246,73.7890175304827,102,3
6698,Petrol Pump Pimple Nilakh,18.5773363255066,73.7874221869017,102,3
6699,Neeta Park Pimple Nilakh,18.5791,73.785797,102,3
6700,Nandanvan Chowk,18.581499,73.783997,102,3
6701,Nandgude Shala,18.582399,73.783401,102,3
6702,Chondhe English Medium School,18.5863,73.780998,102,3
1150,Ganesh Mandir Pimplenilakh,18.5741421255325,73.7953648143407,101,3
1914,Ghotawade Phata,18.512885189179,73.6780446767807,101,14
2521,Manjari Budruk,18.522499,73.984398,101,3
2522,Malwadi Manjari,18.521299,73.982399,101,3
3110,Ganesh Mandir Kondhwa Hospital,18.4405,73.894798,101,6
6472,Shivar Chowk,18.5962118033015,73.78927452906,101,3
1261,Narhegaon,18.447901,73.829498,100,3
1319,Bundgarden,18.5402221268499,73.8832846283913,100,4
3176,Chacha Halwai,18.5153598974157,73.8676686365703,100,5
568,Prabhavi Tech Park,18.5641331492557,73.7793028369407,100,6
2386,Koregaon Bhima,18.6460926573817,74.0594494342804,99,5
2445,Bafna Industries,18.6471956315459,74.0674477815628,99,4
2446,Farshi Odha Vadagaon Phata,18.6501309318812,74.0719404816628,99,4
2447,Seco Company,18.6539683473408,74.0778172017781,99,4
2448,Gupta Steel Kalpesh Wajan Kata,18.6624688030484,74.0910404920578,99,4
2449,Rsb,18.6646,74.0933,99,4
2450,Jai Aambika Kala Kendr,18.668204146422,74.0979284048899,99,4
2451,Sanaswadi Nagar Road,18.6709281760006,74.1010478138924,99,4
2452,Enfield Company,18.6775,74.107697,99,4
2454,Jakate Vasti Bajrangvadi,18.6885215066623,74.1256999969483,99,4
2976,B U Bhandari L & T,18.6832086352759,74.1142362356186,99,4
5848,Durga Tekadi Appughar,18.6615857683619,73.7655276007509,99,7
6974,Bhosari Terminal,18.624249,73.851646,99,3
7778,Bal Shikshan Mandal,18.5178116756306,73.8395572341971,99,3
7779,Pawar Quarters,18.5181435913349,73.8361857106144,99,3
1816,P & T Colony,18.493,73.8694,98,6
1817,Dayas Plot,18.4958,73.8694,98,6
3012,Kharadi Bypass,18.561478,73.938675,98,1
3017,Sainath Nagar,18.5388616142811,73.9344960451126,98,1
5936,Bank Of India Dehuroad,18.676201,73.732697,98,4
7776,Pawar Quarters,18.518101,73.836502,98,3
7777,Bal Shikshan Mandal,18.5179,73.839302,98,3
7782,Suskhind Phata By Pass Highway / Suskhind Phata,18.548445,73.773422,98,3
8501,Ideal Colony,18.5107798941311,73.8184891654289,98,4
106482,Cirt,18.6139326792836,73.8245848638463,97,2
106483,Nashik Phata Bhosari Road,18.6096571582967,73.823254897999,97,2
106822,Nana Peth,18.5153775546422,73.8660711783551,97,6
1939,Mhatre Pul,18.5044281392544,73.8387894630432,97,4
1940,Rajendra Nagar,18.5048502863806,73.8433324820691,97,4
4762,Balewadi Depot,18.572901,73.765503,97,2
5810,Ashok Talkies,18.615,73.803902,97,7
5811,Jayhind High School,18.616899,73.801399,97,7
5843,Vahtuk Nagari,18.662588234219,73.7689761438279,97,7
5929,Dehuroad Police Lane,18.6864430497838,73.7218818933397,97,8
5930,Judson High School,18.685801,73.7239,97,8
5931,Gurudwara,18.6831,73.729698,97,8
6282,Ksb Chowk,18.651199,73.8097,97,8
7786,Chandani Chowk Bypass Highway,18.5072920871599,73.7830771207692,97,3
7892,Patil Nagar / Patil Nagar Bavadhan,18.5191564757905,73.768734813391,97,3
8046,Mukbadhir Shikshan Kendr Bhandarkar Road,18.5189517365092,73.8312444196035,97,2
8047,Symbiosis College Senapati Bapat Road,18.5208799942285,73.8290396359039,97,2
3079,Kalpataru Society Koregaonpark,18.5394,73.897102,96,2
569,Kalamkar Vasti,18.564301,73.7761,96,4
570,Rajyoag Society,18.565201,73.7733,96,4
8044,Symbiosis College Senapati Bapat Road,18.5211140607251,73.8290986576512,96,2
8045,Mukbadhir Shikshan Kendr Bhandarkar Road,18.5189707841778,73.8314931846279,96,2
8049,Maharashtra Housing Board Janwadi,18.531401,73.820999,96,2
1989,Dhangar Baba Nda Road,18.4710333376049,73.7899276614189,95,11
2232,Pride World City Lohegaon,18.622801,73.916,95,2
2235,Ajinkya D.Y.Patil Vidhyapeeth Lohgaon,18.619101,73.910896,95,2
2238,Park Spring Society,18.6109029995045,73.9114531874657,95,2
2239,Pride Ashiyana Society,18.6062715032619,73.910251557827,95,2
2240,Archied Hospital,18.6000942843145,73.9090445637703,95,2
2241,Jagatguru Chowk,18.5972,73.908699,95,2
2269,Dimond Water Park,18.5890713317279,73.9571017026901,95,3
543,Rajyoag Society,18.5652991184222,73.7732958897747,95,4
544,Kalamkar Vasti,18.5644854682224,73.775634898111,95,4
545,Prabhavi Tech Park,18.564236888012,73.7789785809472,95,4
5806,Jayhind High School,18.6171,73.801102,95,7
5807,Ashok Talkies,18.615499,73.804497,95,7
6696,Ingwale Chowk,18.5735524923754,73.789886696178,95,3
1836,Ghotawade Phata,18.5129589481538,73.6779373884201,94,14
1990,Mandai Stand,18.5134396518339,73.8559636473656,94,3
2434,Jakate Vasti Bajrangvadi,18.6885113435093,74.1258984804154,94,4
2435,B U Bhandari L & T,18.6828783220549,74.1140297055245,94,4
2436,Enfield Company,18.678101,74.109001,94,4
2437,Sanaswadi Nagar Road,18.6709561276473,74.1012194752693,94,4
2438,Jai Aambika Kala Kendr,18.6679525780504,74.0978077054024,94,4
2439,Rsb,18.665199,74.094597,94,4
2440,Gupta Steel Kalpesh Wajan Kata,18.6623087087144,74.0910109877587,94,4
2442,Seco Company,18.6540445865816,74.0781202912331,94,4
2443,Farshi Odha Vadagaon Phata,18.6502910377041,74.0723320841789,94,4
2444,Bafna Industries,18.647301,74.068001,94,4
3042,Kharadi Bypass,18.561558,73.938522,94,1
6347,Nigdi Bhakti Shakti Stand,18.6651934271138,73.7716315307526,94,3
1029,Lokmanya Hospital,18.636801,73.790001,93,3
1645,Krushna Mandir Nigdi,18.6625,73.7743,93,6
17,Vishal Nagar,18.588301,73.784203,93,4
3438,Loni Station,18.4893,74.021599,93,7
4444,Daulat Nagar Dhankawadi Road,18.464399,73.8563,93,4
5420,Bhilarewadi,18.4224,73.860199,93,10
1915,Rajendra Nagar,18.5049,73.843002,92,4
1916,Mhatre Pul,18.50411528406,73.8388940691948,92,4
3427,Manjari Farm,18.4954593948397,73.9764350652695,92,7
3510,Kale Colony,18.4948997865926,73.9326533675194,92,4
3512,Bhaji Market Hadapsar,18.5014,73.935204,92,4
3513,Bhaji Market Hadapsar Rd Inn,18.501101,73.934998,92,4
3514,Canol,18.4958,73.932899,92,4
3515,Kale Colony,18.4946,73.932701,92,4
4469,Daulat Nagar Dhankawadi Road,18.464399,73.856201,92,4
4624,Chandani Chowk Paud Road,18.507758920319,73.7819831187339,92,12
55,Apple Hospital Vishal Nagar / Apple Hospital,18.588543296717,73.7802105160895,92,3
3903,Jalindarbaug Wadki,18.446199,73.972,91,4
3904,10 Wa Mile Wadki,18.443399,73.973503,91,4
3909,Zende Wadi,18.4138935401105,74.0070610688367,91,4
3911,Jadhav Vasti,18.407,74.011902,91,4
3916,Divegaon,18.3832,74.015701,91,4
3920,Hivarkar Mala,18.359501,74.028297,91,4
4693,Lavle Phata,18.5109,73.695198,91,12
4694,Pirangut,18.510201,73.689301,91,12
4695,Coca Cola Company,18.512199,73.680901,91,12
6689,Nandgude Shala,18.5825,73.783401,91,3
6690,Nandanvan Chowk,18.581699,73.783997,91,3
6691,Neeta Park Pimple Nilakh,18.579201,73.786003,91,3
6692,Petrol Pump Pimple Nilakh,18.5772931154143,73.7876018889179,91,3
6693,Ingwale Chowk Cornar,18.5755475541477,73.7891492380462,91,3
6765,Dairy Farm / Dairy Farm Raghunandan Mangal Karyalay,18.6210755797535,73.7607230918806,91,2
7207,Dairy Farm Ravet Road / Dairy Farm Raghunandan Mangal Karyalay,18.6209573756316,73.7605896276566,91,2
1192,Rakshak Society Pimplenilakh,18.5791344083256,73.7960222110835,90,4
1778,State Bank,18.5231221113435,73.8706701993942,90,5
1779,Employment Office,18.52,73.869598,90,5
1785,Apsara Talkies,18.500099,73.869499,90,5
1818,Apsara Talkies,18.499901,73.869301,90,5
1824,Employment Office,18.5201,73.870102,90,5
1825,State Bank,18.523001,73.870598,90,5
500,Anand Park Iti Road,18.5564,73.809303,90,5
6950,Yamuna Nagar,18.6675,73.7864,90,1
106484,Kalewadi Phata,18.6031201292981,73.7769760725185,89,2
3429,Rambaug Shewalvadi Depot,18.4962516644017,73.9717892452045,89,6
3431,Fursungigaon Phata Solapur Road,18.4946,73.983597,89,6
3432,Kuran Farm,18.494101,73.987198,89,6
3433,Kawdipat,18.493099,73.994003,89,6
3434,Kawdi Rasta,18.4923,74.000504,89,6
3435,Wak Vasti Solapur Road,18.491199,74.008202,89,6
3436,Fuel Depot,18.490601,74.012497,89,6
3437,Kadam Vasti Loni,18.489599,74.019302,89,6
3439,Lonigaon Phata,18.489,74.027496,89,6
3876,Waghere College,18.3578240033725,74.0284846552144,89,4
3877,Hivarkar Mala,18.3594,74.028099,89,4
3879,Jakat Naka Saswad,18.364401,74.023399,89,4
3888,Zende Wadi,18.4138016184067,74.0069780807743,89,4
3895,10 Wa Mile Wadki,18.443199,73.973503,89,4
3896,Jalindarbaug Wadki,18.4464,73.971802,89,4
4723,Samarth Vidyalay Talegaon Dhabhade,18.7327858372948,73.6639804388622,89,6
6053,Ganesh Nagar Shelar Vasti,18.6915,73.799103,89,2
6056,Rustic Paradise,18.6873,73.807404,89,2
6060,Moi Phata,18.6826,73.819397,89,2
6062,Jadhavwadi Phata Chikhali,18.681101,73.829498,89,2
6063,Laxmi Chowk Shivroad,18.680099,73.834297,89,2
6064,Borate Vasti Chikhali Road,18.67965139968,73.8377997279167,89,2
6065,Modern College Moshi,18.679501,73.841301,89,2
6066,Anant Nagar,18.679399,73.844803,89,2
6067,Nageshwar Vidyalay Phata,18.679199,73.848396,89,2
6068,Alhat Vasti,18.6763,73.853699,89,2
6070,Hawaldar Vasti,18.6779,73.8638,89,2
6071,Dudulgaon,18.6793,73.866699,89,2
6072,Aarambh Society Moshi Road,18.6782,73.871201,89,2
6073,Dhayarkar Vasti,18.6777,73.874298,89,2
6074,Wahile Nagar Moshi Road,18.6756924140304,73.8804626578607,89,2
6077,Gajanan Maharaj Mandir Moshi Road,18.673,73.888603,89,2
6951,Yamuna Nagar,18.6674748093632,73.7862657630699,89,1
3168,Alpana Talkies,18.5161,73.863503,88,5
3252,Kedari Nagar Corner,18.489401,73.900101,88,1
3273,Abc Farm,18.481598378066,73.9006868004799,88,1
3274,Kedari Nagar,18.485399,73.900497,88,1
499,Sanewadi,18.5534941175496,73.8094547258058,88,5
501,Iti Aundh,18.5595,73.808998,88,5
502,Police Workshop,18.5613650692924,73.8101598493278,88,5
503,Police Line Aundh,18.5616382835225,73.8134488323141,88,5
5378,Indira Vasahat Kondhwa,18.481701,73.897903,88,1
5380,Nibm Corner,18.4818499355807,73.8912645425865,88,1
5381,Nibm Corner,18.4818855544765,73.8911736103155,88,1
5382,Indira Vasahat Kondhwa,18.4824095895784,73.893474902052,88,1
5383,Kedari Nagar Corner,18.4893,73.900002,88,1
7788,Vedbhavan,18.503799,73.792603,88,2
3317,Dandekar Pul Sinhagad Road,18.5011482658217,73.8461596139725,87,4
5847,Vahtuk Nagari,18.6623487815029,73.7690183971667,87,5
6078,Gajanan Maharaj Mandir Moshi Road,18.672501,73.889198,87,2
6081,Wahile Nagar Moshi Road,18.6754,73.880898,87,2
6082,Dhayarkar Vasti,18.6773954903621,73.8742545615833,87,2
6083,Aarambh Society Moshi Road,18.6778980377751,73.8712603327137,87,2
6084,Dudulgaon,18.6790465923793,73.8674570181859,87,2
6085,Hawaldar Vasti,18.6775653282128,73.8637714052802,87,2
6086,Alhat Vasti,18.676201,73.855103,87,2
6088,Nageshwar Vidyalay Phata,18.6791,73.848602,87,2
6089,Anant Nagar,18.6791673262914,73.8445773808206,87,2
6090,Modern College Moshi,18.6792245160092,73.8413940852308,87,2
6091,Borate Vasti Chikhali Road,18.6794798978775,73.8383080052101,87,2
6092,Laxmi Chowk Shivroad,18.680099,73.833298,87,2
6093,Jadhavwadi Phata Chikhali,18.681,73.8293,87,2
6098,Rustic Paradise,18.687201,73.807404,87,2
6099,Ganesh Nagar Shelar Vasti,18.6915,73.798798,87,2
6912,Kalewadi Phata Corner,18.6028117840767,73.7766614635206,87,5
966,Nehru Nagar Corner,18.6291697661892,73.819523171468,87,10
257,Kinara Hotel Bopodi,18.5751,73.832001,86,5
3484,Annasaheb Magar College,18.504,73.954201,86,2
3485,Mahadev Nagar Manjari,18.5069894613216,73.9544168114662,86,2
3486,Ganesh Mandir Manjri Rd,18.5083406696955,73.9575261563497,86,2
3487,Dhere Bungalow,18.5107,73.9627,86,2
3488,Gopal Patti,18.512199,73.967102,86,2
3489,Railway Crossing Manjri,18.513,73.969803,86,2
3490,Rangicha Odha,18.5171377191803,73.9762473106384,86,2
3491,Belhekar Vasti,18.5186764375444,73.9785432815552,86,2
3819,Ghule Vasti Manjari Road,18.507864,73.95607,86,2
4477,Bahiratwadi,18.5343,73.830299,86,5
469,Ambedkar Nagar Pimplegurav,18.590799,73.816597,86,6
470,Ram Nagar Pimple Gurav,18.5886466917199,73.8128364498703,86,6
471,Gajanan Maharaj Nagar Pimplegurav,18.5864450608962,73.8137376637828,86,6
491,Ganpati Chowk Laxmi Road,18.5149311916394,73.8548889436307,86,8
5034,Chakankarmala,18.566401,73.782402,86,3
7060,Krushna Nagar / Krushna Nagar Police Vasahat,18.6662047383689,73.7957682201999,86,5
7904,Bhumkar Chowk,18.605801,73.752701,86,3
1068,Gangaramwadi Circul,18.5837982863841,73.6941707300637,85,7
2499,Shikrapur St Stand,18.6919439136799,74.1349589824677,85,2
2509,Kshitej Vihar,18.6861,74.139297,85,2
2510,Laxmi Mandir,18.6817069757176,74.1419005393982,85,2
2511,Bhairoba Nagar,18.6752656962837,74.1447812318802,85,2
2512,Iti Talegaon Dhamdhere,18.671,74.1465,85,2
2513,St Stand Grampanchayat Talegaon,18.6678051943091,74.1492336988449,85,2
2514,Godown Talegaon Dhamdhere,18.6658,74.153702,85,2
2515,Talegaon Dhamdhere Bazar,18.6668243275078,74.1566821932793,85,2
3476,Belhekar Vasti,18.5186,73.9785,85,2
3477,Rangicha Odha,18.5171936727402,73.9764431118965,85,2
3478,Railway Crossing Manjri,18.513399,73.970802,85,2
3479,Gopal Patti,18.5121,73.967102,85,2
3480,Dhere Bungalow,18.5107,73.962898,85,2
3481,Ganesh Mandir Manjri Road,18.5082573759975,73.9576267405027,85,2
3482,Mahadev Nagar Manjari,18.506901,73.9543,85,2
3483,Annasaheb Magar College,18.5035175507753,73.9540010690689,85,2
3816,Ghule Vasti Manjari Road,18.507734725764,73.9561696363724,85,2
5842,Durga Tekadi Appughar,18.6618,73.765404,85,5
968,Ycm Hospital,18.6222300002367,73.8181823641266,85,9
1838,Sangam Metal Company,18.518,73.674301,84,13
196,Vitthal Mandir Shreeman Society,18.4909,73.822998,84,6
3418,Lonigaon Phata,18.4887668690641,74.0273916721344,84,6
3420,Kadam Vasti Loni,18.489401,74.019302,84,6
3421,Fuel Depot,18.490101,74.014801,84,6
3422,Wak Vasti Solapur Road,18.490999,74.007896,84,6
3423,Kawdi Rasta,18.491899,74.001099,84,6
3424,Kawdipat,18.493,73.993698,84,6
3425,Kuran Farm,18.4937,73.9888,84,6
3426,Fursungigaon Phata Solapur Road,18.4944470113091,73.9837038516998,84,6
3428,Rambaug Shewalvadi Depot,18.4961314310472,73.971773423102,84,6
4687,Coca Cola Company,18.5123,73.681,84,12
4689,Pirangut,18.510201,73.6894,84,12
4690,Lavle Phata,18.511101,73.695,84,12
479,Police Line Aundh,18.5616178957799,73.8135442263218,84,5
480,Police Workshop,18.5613469980014,73.8103046467,84,5
481,Iti Aundh,18.559299,73.809196,84,5
483,Sanewadi,18.5535370382557,73.8095563522995,84,5
5865,Akurdi Police Chowky,18.6500747832303,73.7678462481591,84,3
6694,Ingwale Chowk,18.5716964517224,73.7906271473823,84,3
106808,Shitaladevi Chowk Pimplegurav,18.5822196804817,73.8296968138389,83,5
106834,Kalewadi Phata,18.603220973386,73.7768726904936,83,1
2327,Sangarsh Nagar,18.559,73.931297,83,3
2328,Bidi Kamgar Vasahat Kharadi,18.5570153007091,73.9324682950974,83,3
2329,Saibaba Mandir Kharadi,18.5553930158921,73.934023976326,83,3
2330,Yashwant Nagar Kharadi,18.5537859724701,73.9356735348702,83,3
2336,Yashwant Nagar Kharadi,18.5537630872488,73.9357995986939,83,3
2337,Saibaba Mandir Kharadi,18.5552811336122,73.9342251420021,83,3
2338,Bidi Kamgar Vasahat Kharadi,18.5571805795671,73.9323744177818,83,3
2339,Sangarsh Nagar,18.559299,73.931297,83,3
2363,Mundhwagaon,18.5327251860996,73.9343029260636,83,3
2364,Mundhwa Chowk,18.5331308230527,73.9331207575615,83,3
2559,Tadi Gutta,18.5327,73.917801,83,3
2560,Kachare Vasti,18.533899,73.923103,83,3
2561,Diamond Meter Company,18.5343273415055,73.9274176955223,83,3
2562,Shinde Vasti Mundhwa,18.5323360889486,73.9357244968414,83,3
4443,Padmawati Stand,18.4765,73.8554,83,2
571,D Mart Balewadi,18.5662273706468,73.7706935782922,83,3
86,Sadanand Hotel,18.568399,73.766998,83,3
1786,Dayas Plot,18.495899,73.869202,82,4
1787,P &Amp; T Colony,18.4930250061528,73.869152105894,82,4
482,Anand Park Iti Road,18.5564,73.809097,82,5
4945,Balkawade Vasti Paud Road,18.52,73.641197,82,14
4951,Kasar Amboli,18.513599,73.663902,82,14
5032,Chakankarmala,18.5665,73.7826,82,3
6201,Suvarna Fabricators,18.7477,73.806396,82,2
106667,Balaji Paradise Society,18.4423197568543,73.8136741307175,81,1
2361,Mundhwa Chowk,18.5328974810566,73.9329571165137,81,3
2362,Mundhwagaon,18.5327,73.933998,81,3
2533,Shinde Vasti Mundhwa,18.5322114758707,73.935826420784,81,3
2534,Diamond Meter Company,18.534201,73.927597,81,3
2535,Kachare Vasti,18.533701,73.923302,81,3
2536,Tadi Gutta,18.5326,73.9179,81,3
323,15 August Chowk,18.5222938586779,73.8663947282855,81,5
3363,Juna Motor Stand,18.509199,73.872704,81,2
3391,Theur Phata,18.4888,74.051399,81,5
3440,Rama Krushi Rasayan Karkhana,18.488899,74.032997,81,5
3441,Malyacha Mala,18.488899,74.041702,81,5
3442,Borkar Vasti,18.4888,74.045998,81,5
3443,Tamhane Vasti,18.4888,74.048698,81,5
348,15 August Chowk,18.5223724856208,73.8664376556053,81,5
3759,Manjari Farm,18.4956532223531,73.9764512009989,81,5
542,D Mart Balewadi,18.5668806237351,73.7691599907397,81,3
6259,Tharmax Chowk Sai Garden,18.6613074009924,73.7940386802583,81,4
628,Khandoba Mandir,18.4545045972139,73.8117507759695,81,1
629,Saipuram Corner Dhayari,18.4467635536128,73.8145843108859,81,1
630,Benkarvasti Dhayari,18.4457455214058,73.8154941505247,81,1
631,Shivshankar Mitra Mandal Chowk,18.4431,73.815903,81,1
632,Chavan Shala,18.442301,73.8144,81,1
633,Dhayareshwar Mandir,18.442301,73.812798,81,1
6483,Pimple Saudagar- Mahadev Mandir / Pimple Saudagar,18.6020383938667,73.798825208097,81,3
6956,Rajguru Nagar S T Stand,18.8526794624667,73.887772620819,81,5
6957,Rajguru Mahavidyalay,18.8504236000209,73.8873924328125,81,5
6958,Kadus Phata,18.8461812827777,73.8829459896414,81,5
84,Sadanand Hotel,18.568501,73.767097,81,3
929,Savarna Fabricators,18.747601,73.806503,81,2
106478,Hanuman Apartment,18.7804585537404,73.8153475224143,80,2
106479,Ghate Settlement,18.7745449320783,73.8136103277967,80,2
2024,Gokhale Nagar Shala,18.5263698217237,73.8269206881523,80,3
3419,Loni Station,18.4891,74.021698,80,5
3621,Fursungi,18.473499,73.974899,80,1
4692,Vanalika Society Pirangut,18.511101,73.697601,80,11
529,Bajirao Padale Chowk Mhalunge,18.5651,73.735703,80,2
530,River Hills Society,18.565701,73.737396,80,2
531,Waghjainagar Mhalunge,18.5662467486294,73.7398582588645,80,2
532,Green Hill Colony,18.5681,73.744797,80,2
533,Hotel Vithai,18.5683936664129,73.7477177672266,80,2
536,Shahid Sopan Padalenagar,18.5735557050189,73.7549361693203,80,2
538,Surymukhi Ganesh Mandir,18.5734201239195,73.7568747937406,80,2
539,Shitala Devi Nagar,18.5723847749513,73.7586158568158,80,2
540,Mhalunge Stadium Gate,18.5712524614909,73.7607422297156,80,2
541,Mhalunge Corner,18.5696755568796,73.7646890204982,80,2
572,Mhalunge Corner,18.569401,73.7649,80,2
573,Mhalunge Stadium Gate,18.5712343335616,73.760643017921,80,2
574,Shitala Devi Nagar,18.5723,73.758598,80,2
575,Surymukhi Ganesh Mandir,18.5733276843193,73.7569081816924,80,2
577,Shahid Sopan Padalenagar,18.573601,73.755096,80,2
579,Hotel Vithai,18.568399,73.747398,80,2
580,Green Hill Colony,18.568060915948,73.7449556456246,80,2
581,Waghjainagar Mhalunge,18.566099,73.7397,80,2
582,River Hills Society,18.565399,73.737,80,2
583,Bajirao Padale Chowk Mhalunge,18.5646,73.735603,80,2
6193,Dwarka City Mahalunge Gaon,18.770599,73.811501,80,2
6197,Shivkrupa Hospital,18.759701,73.809998,80,2
6198,Green Court Society,18.7575,73.809402,80,2
6673,Pimple Saudagar,18.600901,73.802803,80,3
6960,Shiroli Toll Naka,18.8376735717867,73.8798647987483,80,5
6961,Bhandari Company,18.8319,73.877098,80,5
6962,Shiroli,18.8286,73.876602,80,5
6963,Ghat Vitbhatti,18.824499,73.875801,80,5
6964,Breaks India Company,18.816601,73.874298,80,5
6965,Khadi Machine Shiroli,18.810499,73.873901,80,5
6966,Kad Vasti Waki,18.809099,73.873596,80,5
6967,Bham School,18.8039,73.8722,80,5
6968,Bham,18.8002,73.869797,80,5
6969,Rohkal Phata,18.7931,73.867302,80,5
6970,Waki Khurd,18.7843,73.872101,80,5
6971,Protacto Company Ekata Nagar,18.7756,73.870003,80,5
6972,Bhagyalaxmi Mangal Karyalay,18.771999,73.868103,80,5
6973,Chakan Market Yard,18.767099,73.864601,80,5
7122,Ambethan Gaon,18.7817,73.818604,80,2
7123,Zilla Parishad Shala Ambethan Gaon,18.780899,73.821503,80,2
7124,Padwal Vasti,18.7792,73.825401,80,2
7125,Mahindra Cif Company,18.778099,73.827698,80,2
7126,Davane Mala Phata,18.777599,73.8312,80,2
7127,Shramsaphalya Society,18.7785,73.833603,80,2
7128,Shri Jyotiba Mandir Biradwadi,18.777901,73.836502,80,2
7130,Om Medical,18.770901,73.846802,80,2
7131,Davadmala,18.7703258388492,73.8476547837663,80,2
7134,Zilla Parishad School Chitraimla,18.7679,73.853104,80,2
7135,Shivam Residency,18.765499,73.857597,80,2
7136,Bhimashankar Colony,18.763901,73.860397,80,2
7137,Bhimashankar Colony,18.763901,73.860199,80,2
7138,Shivam Residency,18.7654,73.857597,80,2
7139,Zilla Parishad School Chitraimla,18.7679,73.852898,80,2
7142,Davadmala,18.7703449252829,73.8475039601326,80,2
7143,Om Medical,18.7708,73.846703,80,2
7145,Shri Jyotiba Mandir Biradwadi,18.777901,73.836403,80,2
7146,Shramsaphalya Society,18.7784,73.833603,80,2
7147,Davane Mala Phata,18.7775,73.8312,80,2
7148,Mahindra Cif Company,18.778099,73.827599,80,2
7149,Padwal Vasti,18.778999,73.825302,80,2
7150,Zilla Parishad Shala Ambethan Gaon,18.780899,73.821404,80,2
7151,Ambethan Gaon,18.7817,73.818398,80,2
8692,Jay Bhavani Godown,18.477699,73.965698,80,1
8694,Jai Ganesh Mandir,18.4807481012212,73.9613013721126,80,1
8695,Harpale Vasti Fursungi,18.4818,73.959503,80,1
8696,Shivshankar Mangal Karyalay,18.4834,73.957298,80,1
8697,Shiv Shambho Chowk,18.4851,73.955101,80,1
8698,Shivshakti Chowk,18.485701,73.954201,80,1
1153,Bremen Chowk,18.5611,73.8144,79,3
1256,Vitthal Heritage Society,18.4491557306939,73.8461387757932,79,4
16,Apple Hospital Vishal Nagar / Apple Hospital,18.588699,73.780502,79,3
2876,Pune Station Ambedkar Putala,18.5268675444307,73.8728300817333,79,2
2877,Pune Station Ambedkar Putala,18.5268510743631,73.8728830060528,79,2
3631,Fursungi,18.4734,73.974899,79,1
4499,Rakshalekha Society,18.4986,73.8386,79,3
4500,Dattawadi Mhasoba Chowk,18.5014,73.839104,79,3
4841,Chandani Chowk,18.5074344935591,73.781834666978,79,1
614,Dhayareshwar Mandir,18.4424,73.812599,79,1
615,Chavan Shala,18.4424,73.8144,79,1
616,Shivshankar Mitra Mandal Chowk,18.443199,73.815804,79,1
617,Benkarvasti  Dhayari,18.4457,73.815399,79,1
618,Saipuram Corner Dhayari,18.4467228086382,73.8145265336702,79,1
6202,Radha Swami Satsang,18.7326174651072,73.7992570831952,79,2
6203,Mahindra Company Gate Number 1,18.7278,73.797096,79,2
6204,Mahindra Company Gate Number 3,18.725,73.795998,79,2
6205,Subhashwadi,18.7225,73.796303,79,2
6206,Jambkar Vasti,18.7158251637052,73.7973500141771,79,2
6207,Indrayani Pul Talawade Road,18.7121601170882,73.7978063720956,79,2
6208,Fujitsu Company,18.7046793016239,73.7914910273254,79,2
6977,Kanda Lasun Sanshodhan Kendra,18.8438,73.881798,79,4
7110,Bhamchandra Vidhyalay Vasuli,18.794201,73.767197,79,2
7111,Das Company,18.7926807423071,73.7686906029636,79,2
7166,Vasuli Phata,18.7873,73.771599,79,2
7428,Bhomboli Phata,18.7868366077912,73.7764240945973,79,2
7790,Patil Nagar Bavadhan,18.5220971415404,73.7695562734317,79,1
8699,Shivshakti Chowk,18.485901,73.954002,79,1
8700,Shiv Shambho Chowk,18.4851,73.955399,79,1
8701,Shivshankar Mangal Karyalay,18.4835,73.957298,79,1
8702,Harpale Vasti Fursungi,18.481701,73.959702,79,1
8703,Jai Ganesh Mandir,18.4807,73.961403,79,1
8704,Jay Bhavani Godown,18.4778,73.965698,79,1
2010,Gokhale Nagar Shala,18.5264740933913,73.8269904255867,78,3
3289,Manaji Nagar,18.4534735288291,73.8244852423668,78,2
3347,Bhargaon Industries,18.454399,73.820396,78,2
3350,Datta Mandir Narhe Road,18.4594,73.815002,78,2
6264,Tharmax Chowk Sai Garden,18.6615081384891,73.7940884401256,78,4
967,Mahesh Nagar,18.625799,73.819199,78,8
996,Chinchwade Nagar Corner,18.6313041208928,73.773916888544,78,4
1023,Chinchwade Nagar Corner,18.6314260779451,73.7736620629089,77,4
5849,Mukbadhir Shala,18.6604,73.764503,77,4
6430,Navin Manapa Shala,18.591299,73.817497,77,3
6432,Sudarshan Nagar,18.598499,73.811996,77,3
7051,Bhairavnagar Pimplegurav,18.5970869355848,73.8142753992878,77,3
7189,Shiroli Toll Naka,18.8374,73.879898,77,3
7190,Bhandari Company,18.832199,73.877403,77,3
7191,Shiroli,18.8288,73.876801,77,3
7192,Ghat Vitbhatti,18.8221,73.875397,77,3
7193,Breaks India Company,18.815701,73.874397,77,3
7194,Khadi Machine Shiroli,18.810101,73.874001,77,3
7195,Kad Vasti Waki,18.806999,73.873299,77,3
7196,Bham School,18.8036,73.872398,77,3
7197,Bham,18.7997,73.869797,77,3
7198,Rohkal Phata,18.792999,73.8675,77,3
7199,Waki Khurd,18.7841,73.872398,77,3
7200,Protacto Company Ekata Nagar,18.775801,73.8703,77,3
7201,Bhagyalaxmi Mangal Karyalay,18.7719,73.868301,77,3
7202,Chakan Market Yard,18.767,73.864799,77,3
7217,Vadmukhwadi Phata,18.654499,73.884102,77,3
106833,Yamuna Nagar,18.6644533725967,73.786598031688,76,2
2498,Shikrapur St Stand,18.6920099728247,74.1351279616356,76,2
2500,Talegaon Dhamdhere Bazar,18.6668980196268,74.1567546129227,76,2
2501,Godown Talegaon Dhamdhere,18.6658459959291,74.1536888480187,76,2
2502,St Stand Grampanchayat Talegaon,18.6678051943866,74.1493302583695,76,2
2503,Iti Talegaon Dhamdhere,18.6710882622758,74.1465300321579,76,2
2504,Bhairoba Nagar,18.6751310238445,74.1449046134949,76,2
2505,Laxmi Mandir,18.6816256672061,74.1420292854309,76,2
2506,Kshitej Vihar,18.686399,74.139198,76,2
2941,Karanje Nagar,18.6899317805463,74.1370565172535,76,2
3390,Theur Phata,18.4886,74.051201,76,5
3414,Tamhane Vasti,18.488701,74.048103,76,5
3415,Borkar Vasti,18.4886,74.045601,76,5
3416,Malyacha Mala,18.488701,74.041603,76,5
3417,Rama Krushi Rasayan Karkhana,18.4888,74.0326,76,5
6225,Fujitsu Company,18.7064853532649,73.7912633444344,76,2
6226,Indrayani Pul Talawade Road,18.712299,73.797699,76,2
6227,Jambkar Vasti,18.7158175341998,73.7972266141539,76,2
6228,Subhashwadi,18.722601,73.796097,76,2
6229,Mahindra Company Gate Number 3,18.7253,73.795799,76,2
6230,Mahindra Company Gate Number 1,18.7279,73.796997,76,2
6326,Sudarshan Nagar,18.598499,73.812103,76,3
6327,Bhairav Nagar Pimplegurav,18.597099,73.814499,76,3
6427,Navin Manapa Shala,18.591101,73.817596,76,3
6952,Rajguru Nagar Low Collage,18.867483,73.89537,76,3
7162,Das Company,18.7924,73.768997,76,2
7163,Bhamchandra Vidhyalay Vasuli,18.794106,73.767097,76,2
7188,Rajguru Nagar,18.8561575457297,73.8876633017357,76,3
7203,Kanda Lasun Sanshodhan Kendra,18.843901,73.881798,76,3
7204,Kadus Phata,18.8462771068201,73.8829694543682,76,3
7205,Rajguru Mahavidyalay,18.8502522048887,73.8873556385641,76,3
7206,Rajguru Nagar S T Stand,18.8529117620701,73.8877196386442,76,3
7449,Yamuna Nagar Corner,18.6640061297874,73.7863944887211,76,2
7465,Radha Swami Satsang,18.7326701967752,73.7991330132772,76,2
7478,Bhomboli Phata /  Bhamboligaoan Phata,18.7867393735369,73.7764052376107,76,2
7479,Vasuli Phata,18.7873857880483,73.7715062472749,76,2
3854,Pune Vidhyapeeth Gate Aundh Road,18.5425266847421,73.8266913605965,75,2
5841,Mukbadhir Shala,18.660299,73.764297,75,4
6531,Skf Company,18.6343,73.781898,75,2
6978,Rajguru Nagar,18.8563892383606,73.8876337842876,75,3
6981,Rajguru Nagar Low Collage,18.867599,73.895203,75,3
3100,Lal Deoul,18.5202075121615,73.8732156157494,74,5
4485,Dattawadi Mhasoba Chowk,18.501301,73.839302,74,3
4486,Rakshalekha Society,18.4986,73.838799,74,3
6695,Sindh Colony Aundh Road,18.556499,73.817802,74,3
8892,Ganlaxmi Colony,18.6748953563731,73.8050338704802,74,5
2301,Pachwad,18.5540860019197,73.8588979340619,73,4
5035,Ira Bekri,18.569799,73.781197,73,2
5036,Laxmi Mata Mandir Balewadi,18.5734,73.780701,73,2
5037,Balewadigaon,18.576099,73.779602,73,2
5038,Baburao Genuji Balwadkar Shala,18.5749,73.777298,73,2
5039,Dasara Chowk,18.5737,73.7761,73,2
5040,Sai Chowk Balewadi,18.574499,73.771202,73,2
5041,Moze Vidhyalay Balewadi,18.5750812738517,73.7677672373889,73,2
5042,Mitcon,18.5749,73.7659,73,2
522,Pwd Colony Navi Sangvi,18.5755608803788,73.8172265960263,73,6
5425,Gujarwadi Phata,18.438299,73.860703,73,6
5808,Pimpri Nagar Ma Na Pa Shala,18.613501,73.804901,73,5
5837,Ganesh Talav,18.6546,73.762703,73,6
997,Munjaba Vasahat,18.6315,73.771004,73,3
998,Chinchwade Farm,18.633101,73.7677,73,3
1021,Chinchwade Farm,18.6332,73.767899,72,3
1022,Munjaba Vasahat,18.631599,73.771301,72,3
4550,Thorlya Paduka Mandir,18.6413,73.877197,72,3
5269,Gulab Nagar,18.466101,73.8536,72,3
5773,Morwadi Chowk,18.6287999287397,73.8026312863572,72,5
584,Shivaji Chowk Dange Chowk Road,18.5921041607598,73.7390381541123,72,7
585,Hinjawadigaon,18.5945871419279,73.7394878228869,72,7
1814,Gangadham Corner,18.4808351341535,73.8722688315906,71,3
328,Appa Balwant Chowk,18.5163949805955,73.8531071455806,71,4
330,Mati Ganpati,18.515862952766,73.8470664805777,71,4
340,Sambaji Pul Police Chowky,18.5134080533528,73.8443788833573,71,4
341,Mati Ganpati,18.5158765095327,73.8469505448682,71,4
3838,Gandhi Bhavan Phata,18.494759,73.813362,71,4
4527,Magzine,18.632999,73.875099,71,3
980,Nehru Nagar Corner,18.6292,73.819397,71,10
3717,Naigaon Phata,18.488501,74.070801,70,5
3724,Rajendra Pipe Company,18.4879,74.106102,70,5
4636,Tangde Bandhumala,18.4993,73.738297,70,11
4637,Mile Dagad Kramank 18 Bhukum,18.500099,73.730598,70,11
4638,Shell Petrol Pump,18.500601,73.725998,70,11
4639,Muktai Lawns,18.499599,73.723198,70,11
4640,Bhukum,18.498501,73.719803,70,11
4641,Bandal Farm,18.4981,73.7145,70,11
4642,Bhukum Ashram,18.498501,73.712601,70,11
4643,Mile Dagad Kramank 21 Pirangutghat,18.5042,73.707298,70,11
4750,Centosa Park,18.6539,73.733299,70,3
4823,Chandani Chowk Bypass Highway,18.507401,73.783401,70,3
1110,Shanti Nagar,18.5681,73.879402,69,2
1187,Rakshak Chowk,18.5810737805098,73.7985992431641,69,2
1196,Aundh Hospital,18.5767464399587,73.8032501972011,69,2
1388,Raghoba Patil Nagar,18.5399,73.933098,69,2
1394,Karhar Company,18.5534,73.928703,69,2
1409,Sainath Nagar,18.5409732299764,73.9316573258958,69,2
1967,Dhangar Baba,18.4717354096335,73.790997236375,69,8
2354,Yerawada Jail,18.562099,73.889,69,2
4800,Samarth Vidyalay,18.7324364548797,73.6632825708193,69,5
528,Chandramani Nagar,18.5749159913161,73.8236135218072,69,4
6306,Sane Chowk,18.6705,73.798698,69,4
7054,Shree Hospital,18.682301,73.812897,69,4
7055,Keshav Nagar Chikhali Road,18.6786756915036,73.809293883031,69,4
7056,Newale Vasti,18.6761428426227,73.8074290904483,69,4
7057,Aishwaryam Courtyard Society,18.6756340595072,73.8061138569362,69,4
7059,Sane Vasti,18.6738,73.803398,69,4
866,Philips Company Bhosari,18.6211289575055,73.8380840420723,69,4
917,Sherya Lawns,18.7552037836007,73.8537086219228,69,2
918,Ranubaimala,18.756001,73.848801,69,2
919,Sanjivani Hospital,18.7573737740301,73.8422878300939,69,2
920,Pancharatna Complex,18.7582567681805,73.8376300090956,69,2
921,Ibp Pump,18.7592575021635,73.8292166590691,69,2
922,Kores Company,18.7599380678535,73.8259465179562,69,2
923,Kalyan Hotel,18.7594581403345,73.8228598237038,69,2
924,Lumax Company,18.7586,73.817596,69,2
925,Maharashtra Vajan Kata,18.756001,73.811096,69,2
978,Ycm Hospital,18.6220639594729,73.8179621863065,69,9
3141,Metro Green Society,18.449718112071,73.8843923807144,68,4
3143,Aanant Tilekar Chowk,18.446501,73.885696,68,4
3150,Manapa Shala Yevlewadi,18.435499,73.892502,68,4
3151,Kamthe Madhamik Vidhyalay,18.4361,73.894897,68,4
5024,Mitcon,18.5751,73.765999,68,2
5025,Moze Vidhyalay Balewadi,18.5752091101075,73.7677899927741,68,2
5026,Sai Chowk Balewadi,18.574699,73.771202,68,2
5027,Dasara Chowk,18.5737406378344,73.7755850958213,68,2
5028,Baburao Genuji Balwadkar Shala,18.575001,73.777199,68,2
5029,Balewadigaon,18.5762,73.779701,68,2
5030,Laxmi Mata Mandir Balewadi,18.5735,73.7808,68,2
5031,Ira Bekri,18.569799,73.781303,68,2
525,Chandramani Nagar,18.5748009384924,73.8236705075721,68,6
5423,Gujarwadi Phata,18.4382,73.860603,68,6
6341,Chintamani Pravesh Dwar,18.637699,73.7677,68,2
6342,Railway Quarters,18.6439127086865,73.7691485776614,68,2
6461,Sambhaji Chowk Aakurdi,18.6492,73.769203,68,2
8096,Dhangar Baba Nda Road,18.4711223787866,73.7899732589722,68,2
824,Maharashtra Vajan Kata,18.756201,73.811401,68,2
825,Lumax Company,18.7587140001743,73.8181954622269,68,2
826,Kalyan Hotel,18.759587666193,73.8229161500931,68,2
827,Kores Company,18.7599813223682,73.826317191124,68,2
828,Ibp Pump,18.7592498829878,73.8291013240814,68,2
829,Pancharatna Complex,18.7589,73.835297,68,2
832,Sanjivani Hospital,18.7577,73.841103,68,2
833,Ranubaimala,18.7571187564997,73.843929479687,68,2
834,Sherya Lawns,18.755501,73.851799,68,2
886,Philips Company Bhosari,18.621201,73.837997,68,4
3075,Keshav Nagar Pul,18.5322,73.937401,67,2
3076,Ganpati Mandir Keshav Nagar,18.5329337214629,73.9392033219338,67,2
3077,Pawar Vasti Keshav Nagar,18.5336864811454,73.9411479234696,67,2
3078,Keshav Nagar,18.5348,73.944504,67,2
3729,Uruli Kanchan,18.4875051550398,74.1306218504906,67,5
3752,Khorawade Vasti,18.4883,74.078003,67,5
4050,Vishrantwadi Brt Stand,18.573,73.8806,67,2
6313,Railway Quarters,18.64388725225,73.7692941578473,67,2
6314,Chintamani Pravesh Dwar,18.6374,73.767998,67,2
6497,Bhosale Petrol Pump Chikhli,18.6622629548889,73.8133299298143,67,3
6498,Rto Chikhali / Purna Nagar,18.65856613145,73.8124555244159,67,3
7661,Radha Hotel,18.569573346021,73.7659278882314,67,3
813,Sigma Square,18.7431436933683,73.8047568437291,67,2
817,Hp Chwok Talegaon Dabhade Road,18.7463,73.788902,67,2
8608,Khandoba Mandir Katraj Kondhwa Road,18.4534,73.873497,67,2
1084,Baner Phata,18.5501,73.8088,66,2
3705,Chaudhary Vasti Solapur Road,18.4881,74.088997,66,5
4607,Mile Dagad Kramank 21 Pirangutghat,18.5044,73.707397,66,11
4608,Bhukum Ashram,18.4986,73.712898,66,11
4609,Bandal Farm,18.498199,73.714699,66,11
4610,Bhukum,18.498501,73.719398,66,11
4611,Muktai Lawns,18.499701,73.723198,66,11
4612,Shell Petrol Pump,18.500601,73.7257,66,11
4613,Mile Dagad Kramank 18 Bhukum,18.5,73.731003,66,11
4614,Tangde Bandhumala,18.499399,73.738197,66,11
6275,Sane Chowk,18.6703,73.7985,66,4
6729,Mahadev Corner Ravet / Mahadev Corner,18.6514475916964,73.7338346663671,66,3
7066,Sane Vasti,18.6740179876181,73.8035232626677,66,4
7068,Aishwaryam Courtyard Society,18.6756,73.805901,66,4
7069,Newale Vasti,18.6761,73.807198,66,4
7070,Keshav Nagar Chikhali Road,18.678487030053,73.8092288716773,66,4
7071,Shree Hospital,18.680799,73.8116,66,4
1145,Kalas,18.5798,73.876297,65,1
1262,Vitthal Heritage Society,18.4492,73.846001,65,2
2554,Madhur Milan Mangal Karyalay,18.538099,73.8853,65,2
2555,Bhairoba Pumping Station,18.539301,73.9021,65,2
2556,Kalyani Nagar Pul,18.5389,73.904701,65,2
2557,Gulmohar City,18.535801,73.911201,65,2
2558,Dhole Patil Farm,18.533501,73.915497,65,2
3055,Keshav Nagar,18.5347367788107,73.9445382356644,65,2
3056,Pawar Vasti Keshav Nagar,18.533701,73.941299,65,2
3057,Ganpati Mandir Keshav Nagar,18.532905747144,73.9392784237862,65,2
3058,Keshav Nagar Pul,18.5322,73.9375,65,2
445,Ambil Odha Colony,18.5042779116432,73.8510404896186,65,11
6041,Krushna Nagar Corner,18.6670949537039,73.7960712467037,65,4
6879,Hp Chwok Talegaon Dabhade Road,18.745899,73.788399,65,2
519,Pwd Colony Navi Sangvi,18.5755,73.817299,64,4
5370,Jambhulwadi,18.4284,73.838303,64,2
5371,Jambhulakar Vasti,18.431801,73.8423,64,2
5372,Pimplekar Vasti,18.4331,73.844002,64,2
5373,Datta Mandir Jambhulwadi Road,18.435801,73.845497,64,2
5374,Lipane Vasti,18.438601,73.846703,64,2
5375,Ambegaon Phata,18.4408,73.847198,64,2
5376,Shani Nagar,18.441799,73.847504,64,2
5377,Telco Colony,18.4447,73.848602,64,2
5549,Kirkatwadi Phata,18.4464962664008,73.7888608016066,64,4
5550,Cwprs Gate Number 1,18.4496,73.790604,64,4
5552,Nanded Phata,18.454746,73.796555,64,4
5553,Mate Pat,18.457418,73.804367,64,4
636,Jadhav Nagar Shingad Road,18.4533,73.794899,64,4
6468,Moi Phata,18.682199,73.818497,64,3
665,Nanded City,18.4570735855799,73.801538990018,64,4
668,Lagad Mala,18.4582163550293,73.8082653476832,64,4
1652,Empire Estate,18.634438,73.799019,63,3
1832,Kumar Park,18.480801,73.865799,63,1
1833,Zhala Complex,18.4806,73.867798,63,1
2537,Dhole Patil Farm,18.532801,73.916397,63,2
2538,Gulmohar City,18.5355,73.911301,63,2
2539,Kalyani Nagar Pul,18.5389,73.904099,63,2
2540,Bhairoba Pumping Station,18.539101,73.901802,63,2
2549,Madhur Milan Mangal Karyalay,18.5382,73.885597,63,2
3698,Uruli Kanchan,18.4874,74.130699,63,5
3714,Kalbhor Vasti,18.4886,74.057999,63,4
3715,Tendulkar Vasti,18.4886,74.061096,63,4
3716,Kunjirwadi Phata,18.488501,74.067596,63,4
3718,Robbi Farm,18.4884,74.074699,63,4
3720,Badade Vasti,18.4883,74.083801,63,4
3721,Poultry Farm Sorthapwadi,18.4882357293298,74.0859657648592,63,4
3723,Sortapwadi,18.4881,74.0989,63,4
3725,Inamdar Vasti Solapur Road,18.4879,74.112099,63,4
3726,Bhosale Vasti Uruli Kanchan,18.487801,74.117203,63,4
3727,Prayag Dham Phata,18.487801,74.119499,63,4
3728,Sanasbaug,18.4877,74.126404,63,4
5286,Vallabh Nagar St Stand,18.6163376481389,73.8170541914953,63,6
6144,Vallabh Nagar,18.6132364392802,73.8170903552957,63,6
8713,Shree Cantrol Chowk,18.444799,73.821503,63,4
8714,Dran Enginiaring,18.443199,73.821999,63,4
8715,Nalanda Gurukul,18.4394,73.823502,63,4
8716,Mauli Mangal Karyalay Narhe,18.4387,73.8255,63,4
8717,Dnyaneshwari Park,18.438801,73.826897,63,4
8718,Abhinav Collage Narhe,18.438101,73.828102,63,4
969,Sant Tukaram Nagar,18.6207082916237,73.817832707264,63,6
970,Amar Smruti Vallabh Nagar,18.618099,73.817398,63,6
106832,Bank Of India Dehuroad,18.6785815723313,73.7331418203697,62,7
1403,Sundrabai School,18.5573128028331,73.9282089471817,62,2
1840,Kanda Engineering Company,18.5252,73.669701,62,10
3985,K J Collage,18.424299,73.901901,62,3
4002,Mauli Nagar Saswad Road,18.3736,73.967102,62,3
4048,Sharda Lawns Saswad,18.3510785676922,74.0143266662101,62,3
5362,Telco Colony,18.4447,73.848396,62,2
5363,Shani Nagar,18.441999,73.847397,62,2
5364,Ambegaon Phata,18.4405,73.846703,62,2
5365,Lipane Vasti,18.4382,73.846497,62,2
5366,Datta Mandir Jambhulwadi Road,18.4359,73.845398,62,2
5367,Pimplekar Vasti,18.4328,73.843803,62,2
5368,Jambhulakar Vasti,18.432199,73.842102,62,2
5369,Jambhulwadi,18.428499,73.838402,62,2
5568,Cwprs Gate Number 1,18.4512,73.791702,62,4
5569,Kirkatwadi Phata,18.4466559764223,73.7890016346736,62,4
6514,Kudalwadi,18.673599,73.815903,62,3
6598,Dehu Phata Chakan Road,18.7391119668534,73.7549661767517,62,4
671,Lagad Mala,18.4581822414251,73.8084028144157,62,4
673,Nanded City,18.4569,73.801399,62,4
674,Nanded Phata,18.4541960269552,73.7953531996665,62,4
7050,Govind Yashda Chowk / Pk Chowk,18.5972794902171,73.8035861606559,62,3
7803,Jadhavwadi Khadakwasla Road,18.4531,73.794098,62,4
7941,Mate Pat,18.4573305535444,73.8043491324679,62,4
979,Mahesh Nagar,18.625999,73.819099,62,8
1396,Sundrabai School,18.5576,73.928101,61,2
1830,Zhala Complex,18.480801,73.867798,61,1
1831,Kumar Park,18.4809,73.8657,61,1
2519,Golibar Maidan,18.5022176702679,73.8760274368417,61,3
3533,Hanuman Mandir Pisoli,18.4511302194997,73.8983184099198,61,1
3534,Dagade Farm,18.4501,73.901398,61,1
3535,Bharat Petrol Pump,18.4491,73.9048,61,1
3536,Matoshree Garden,18.4492423183819,73.9063757658005,61,1
3538,Ambekar Hotel,18.450001,73.910896,61,1
3540,Shivparvati Garden,18.451401,73.919998,61,1
3541,Mayuri Wajankata,18.4533,73.926598,61,1
3542,Mayuri Mangal Karyalay,18.4541,73.93,61,1
3543,Handewadi Chowk,18.455412268789,73.9327016472817,61,1
3544,Sundar Society,18.456699,73.936096,61,1
3545,Samrudhi Hotel,18.457399,73.940002,61,1
3546,Green Park Hotel,18.4573,73.942001,61,1
3547,Dongar Matha Jambhle Wasti,18.457701,73.946297,61,1
3548,Pawan Khind Adarshnagar Phata,18.461399,73.949997,61,1
3549,Lucky Wajankata,18.4645,73.953003,61,1
3550,Kachara Depot Devachi Urali,18.4665176210039,73.9560180902481,61,1
3551,Saswad Road Corner,18.4653,73.962303,61,1
3760,Balaji Park Pisoli,18.4494916649347,73.9081916213036,61,1
402,Ambil Odha Colony,18.5044,73.8498,61,11
456,Kalubai Mandir Ramtekdi,18.506483,73.907494,61,3
5981,Motherson Company,18.6138,73.711197,61,4
5983,Rajmudra Chowk,18.612123106065,73.7170849225554,61,4
7065,Krushna Nagar,18.6662359058434,73.7956917496302,61,3
7067,Ganlaxmi Coloni,18.6751461903717,73.8052500452502,61,3
1078,Digambar Marble Kaveri Hotel,18.581354,73.761414,60,3
1127,Mental Corner,18.5674,73.8797,60,3
1912,Sangam Metal Company,18.513201,73.675499,60,11
3560,Saswad Road Corner,18.465099,73.962097,60,1
3561,Kachara Depot Devachi Urali,18.4664285775874,73.9563345909119,60,1
3562,Lucky Wajankata,18.4645,73.953102,60,1
3563,Pawan Khind Adarshnagar Phata,18.461201,73.950104,60,1
3564,Dongar Matha Jambhle Wasti,18.4576,73.946404,60,1
3565,Green Park Hotel,18.457199,73.941803,60,1
3566,Samrudhi Hotel,18.457508729435,73.9399436116219,60,1
3567,Sundar Society,18.4566,73.936302,60,1
3568,Handewadi Chowk,18.4553741049054,73.9328303933144,60,1
3569,Mayuri Mangal Karyalay,18.453899,73.929901,60,1
3570,Mayuri Wajankata,18.4531402261069,73.9264038205147,60,1
3571,Shivparvati Garden,18.4519,73.9216,60,1
3572,Ambekar Hotel,18.4497562772894,73.9107316732407,60,1
3573,Balaji Park Pisoli,18.4493975238248,73.9081406593323,60,1
3574,Matoshree Garden,18.4491,73.906303,60,1
3575,Bharat Petrol Pump,18.448999,73.904602,60,1
3576,Dagade Farm,18.4500870421594,73.9012876152992,60,1
3577,Hanuman Mandir Pisoli,18.451036079288,73.8985008001328,60,1
5440,Kodhanpur Phata,18.349001,73.851898,60,5
6000,Alard College,18.6101,73.719803,60,4
6002,Marunjigaon,18.612801,73.713997,60,4
6511,Kudalwadi,18.672199,73.815804,60,3
6588,Sudumbare Gaon Split,18.7418,73.763,60,3
6599,Kunjari Lawns,18.739799,73.758102,60,3
6925,Maruti Mandir Wagholi Road,18.585899,73.968903,60,2
7704,Shinde Nagar Marunji,18.6049909866542,73.7270996763477,60,4
106464,Baner Phata,18.5501952075427,73.8089383165258,59,1
1142,Mental Corner,18.5673594193431,73.8793015847112,59,2
5562,Raykar Vasti Khandoba Mandir / Khondaba Mandir,18.4546058275627,73.8117179169368,59,2
8098,Dhangar Baba Nda Road,18.474173,73.79406,59,1
3177,Alpana Talkies,18.5161432673093,73.8635838031769,58,3
3699,Sanasbaug,18.487499,74.126297,58,4
3700,Prayag Dham Phata,18.4876,74.120003,58,4
3701,Bhosale Vasti Uruli Kanchan,18.4877,74.1157,58,4
3702,Inamdar Vasti Solapur Road,18.4877,74.111397,58,4
3704,Sortapwadi,18.4879,74.098602,58,4
3706,Poultry Farm Sorthapwadi,18.4881,74.083702,58,4
3707,Badade Vasti,18.488199,74.080299,58,4
3709,Robbi Farm,18.488199,74.073097,58,4
3711,Kunjirwadi Phata,18.4884,74.067596,58,4
3712,Tendulkar Vasti,18.4884,74.061203,58,4
3713,Kalbhor Vasti,18.4884,74.057602,58,4
3947,Kodit Naka,18.34661378742,74.0265950534272,58,2
3949,Kodit Gaon Phata,18.3542,74.008698,58,2
3950,Prathmik Shala Hivare,18.357599,73.998199,58,2
3951,Hivregaon,18.359699,73.996101,58,2
3952,Dalvi Farm,18.3605,73.995201,58,2
3953,Bargane Mala,18.3624,73.992203,58,2
3954,Ramwadi Saswad Road,18.3649652749947,73.986519381699,58,2
3955,Shendkar Mala,18.3675,73.978897,58,2
3956,Chambli,18.3699,73.974602,58,2
3957,Chambli Ganesh Nagar,18.371401,73.971397,58,2
3958,Shreenath Wadi,18.372801,73.969101,58,2
3960,Jadhav Mala,18.374701,73.964897,58,2
3961,Bopdev Gaon,18.381701,73.956398,58,2
3962,Kaniphnath Gad Phata,18.3832,73.954399,58,2
3963,Kaniphnath Mangal Karyalay,18.385799,73.950203,58,2
3964,Manikgad Dhaba,18.3866,73.948097,58,2
3965,Sai Baba Mandir Bhivri,18.388599,73.941902,58,2
3966,Gaykwad Vasti Bhivri,18.389799,73.936501,58,2
3967,Bhivrigaon,18.390699,73.931396,58,2
3968,Malwadi Bhivri,18.3908,73.927399,58,2
3969,Green Park Hotel,18.391899,73.923103,58,2
3970,Divya Ashram,18.3937,73.9198,58,2
3971,Askarwadi Phata,18.3962,73.915199,58,2
3972,Talab Company Askarwadi,18.402901,73.911598,58,2
3973,Bopdev Mandir,18.408701,73.906403,58,2
3974,Mile Dagad Kramank 17 Bopdev Ghat,18.413601,73.9039,58,2
3975,Mile Dagad Kramank 19 Bopdev Ghat,18.417999,73.902397,58,2
3977,Kanchan Hotel,18.428463857285,73.8995736837387,58,2
3978,Shankarao Yevle Nagar,18.433306282475,73.8975325226784,58,2
3983,Shankarao Yevle Nagar,18.4338,73.8974,58,2
3984,Kanchan Hotel,18.4284613125444,73.8996595144272,58,2
3986,Mile Dagad Kramank 19 Bopdev Ghat,18.416599,73.903198,58,2
3987,Mile Dagad Kramank 17 Bopdev Ghat,18.413601,73.904099,58,2
3988,Bopdev Mandir,18.409,73.906303,58,2
3989,Talab Company Askarwadi,18.3949839208539,73.9160275516171,58,2
3990,Askarwadi Phata,18.3958941122004,73.9154711023827,58,2
3991,Divya Ashram,18.3937,73.919899,58,2
3992,Green Park Hotel,18.3918,73.923103,58,2
3993,Malwadi Bhivri,18.3909,73.927498,58,2
3994,Bhivrigaon,18.3906,73.932297,58,2
3995,Gaykwad Vasti Bhivri,18.3899,73.936302,58,2
3996,Sai Baba Mandir Bhivri,18.389,73.941002,58,2
3997,Manikgad Dhaba,18.3866,73.948196,58,2
3998,Kaniphnath Mangal Karyalay,18.385599,73.950798,58,2
3999,Kaniphnath Gad Phata,18.3834,73.9543,58,2
4000,Bopdev Gaon,18.3815,73.956703,58,2
4001,Jadhav Mala,18.375,73.964401,58,2
4003,Shreenath Wadi,18.3731,73.968597,58,2
4004,Chambli Ganesh Nagar,18.371099,73.971901,58,2
4005,Chambli,18.369801,73.975502,58,2
4006,Shendkar Mala,18.3675,73.979103,58,2
4007,Ramwadi Saswad Road,18.365101,73.986397,58,2
4008,Bargane Mala,18.3624,73.992302,58,2
4009,Dalvi Farm,18.3605,73.9953,58,2
4010,Hivregaon,18.3598,73.996101,58,2
4011,Prathmik Shala Hivare,18.3577,73.998299,58,2
4012,Kodit Gaon Phata,18.3543,74.008598,58,2
4049,Kodit Jakat Naka,18.3466863300644,74.0264595926677,58,2
5541,Iat Gate Khadakwasla,18.426001,73.766502,58,3
5542,Childrens School,18.427074,73.767113,58,3
5543,Mes Canteen Iat,18.4315505223431,73.7694630844195,58,3
5546,Laman Vasti,18.441999,73.777802,58,3
5547,Mukai Nagar Sinhagad Road,18.444201,73.782997,58,3
5548,Kolhewadi,18.4447292183746,73.7850131819791,58,3
6285,Link Road Empire Estate,18.629101,73.793701,58,2
6286,Vijay Nagar Kalewadi,18.623199,73.791702,58,2
6288,Adarsh Nagar,18.6173,73.787399,58,2
7249,Samir Lawns Ravet,18.650299,73.734398,58,4
7258,Mukai Chowk,18.6605311536857,73.7316331164308,58,6
7792,Ved Bhavan,18.504389,73.792351,58,2
7824,Kondhana Hotal,18.4281546657168,73.7558025860173,58,3
7851,Donajegaon Phata,18.412384,73.766586,58,3
7856,Sant Dharmaji Samadhi,18.425606,73.753853,58,3
7872,12 Mavala Hotel,18.4132263530315,73.7648342484056,58,3
7874,Gorhe Budruk Shala,18.4183129016147,73.7575433317786,58,3
7876,Khadakwaslagaon,18.440599,73.776703,58,3
106517,Chondhe English Medium School,18.5865450497831,73.7809459555698,57,1
3834,Vishrantwadi,18.5748622430428,73.8769399536943,57,3
6332,Pimple Saudagar Chowk,18.6005741312772,73.803120102514,57,2
276,Ma Na Pa Congress Bhavan,18.5223394018188,73.8522199508458,56,6
4705,Vanalika Society Pirangut / Mile Dagad Karmank 22 Piranguthat,18.5111404465704,73.6979372917737,56,11
5545,Khadakwaslagaon,18.440399,73.7761,56,3
5570,Kolhewadi,18.4447006177267,73.7851392405431,56,3
5576,Childrens School,18.427299,73.767403,56,3
5577,Iat Gate Khadakwasla,18.4256,73.766197,56,3
6324,Pimple Saudagar Chowk,18.6005886928862,73.8032575703281,56,2
6518,Utkarsh Chowk,18.5944,73.763496,56,2
7701,Laxmi Chowk Marunji Road,18.59927139729,73.7347314953849,56,3
7837,Mes Canteen Iat,18.4316491251832,73.7695958471912,56,3
7838,Kondhana Hotal,18.4280459115422,73.7556041025502,56,3
7839,Sant Dharmaji Samadhi,18.425699,73.753899,56,3
7864,Mukai Nagar Sinhagad Road,18.444201,73.783302,56,3
7865,Laman Vasti,18.442101,73.778,56,3
7867,Gorhe Budruk Shala,18.4181214074697,73.7577250547265,56,3
7957,Donajegaon Phata,18.41218,73.766869,56,3
7964,12 Mavala Hotel,18.4133567879399,73.764712251287,56,3
8680,Papde Vasti Corner,18.482599,73.945099,56,2
8681,Gajanan Mandir,18.4851,73.945503,56,2
8684,Pragati Vidyalay,18.4858,73.941498,56,2
1208,Ruby Hall,18.532997299267,73.8781562447548,55,2
182,Khondaba Mandir,18.4567769230602,73.8117960677482,55,2
3722,Chaudhary Vasti Solapur Road,18.488199,74.088997,55,3
4907,Paud St Stand,18.523701,73.618896,55,8
5990,Hinjawadi Petrol Pump,18.594101,73.7351,55,3
6312,Sambhaji Chowk Aakurdi,18.6490538986195,73.7707633332648,55,2
106707,Kalewadi Phata,18.6044513283389,73.7759227673529,54,2
1412,Anand Park Vadgaon Sheri Road,18.552799,73.925201,54,2
143,Lakshminarayan,18.5035,73.853699,54,4
3851,Makan Hospital,18.5759819142546,73.8191557614287,54,3
3948,Sharda Lawns,18.350401,74.015404,54,1
3959,Mauli Nagar,18.373699,73.966797,54,1
3976,K J Collage Yewalewadi,18.4244,73.901901,54,1
3979,Ganesh Mandir Yewalewadi,18.438999,73.8955,54,1
3982,Ganesh Mandir Yewalewadi,18.438801,73.895401,54,1
527,Makan Hospital,18.5760492792613,73.8192348905393,54,4
6739,Dange Chowk,18.6154402405446,73.7651896819229,54,2
8164,Khorawade Vasti,18.488199,74.075203,54,3
106831,Bank Of India Dehuroad,18.6789220575791,73.7330131271693,53,6
106876,Shivaji Nagar,18.532498689704,73.8482726189788,53,1
2878,Rakshak Nagar Phase 1,18.5573010314642,73.9380446576053,53,3
2879,Radisson Hotel,18.553499,73.937599,53,3
4112,Kamthe Petrol Pump,18.3210990797437,74.0728423658972,53,4
4119,Nulunj Phata,18.3016,74.101097,53,4
4120,Shivparvati Lawns,18.298401,74.105797,53,4
4123,Sakurdi Phata,18.290899,74.125,53,4
4124,Belsar Phata,18.289801,74.127502,53,4
4125,Hotel Mauli Dhaba,18.288401,74.131798,53,4
4126,Mseb Power House Jejuri Road,18.286501,74.137299,53,4
4323,Janki Hotel,18.2809884101301,74.1537022695829,53,4
4338,Khalad Phata,18.316469,74.079102,53,4
6044,Gharkul Vasahat Chikhali,18.6658,73.805901,53,4
800,Surgeon Quarters,18.5548768309706,73.8562694191933,53,3
871,C Kshetriya Karyalay,18.6315,73.826202,53,1
3581,Dhangar Vasti,18.4494204229995,73.9558973908425,52,1
3584,Uruli Devachi,18.4562,73.9562,52,1
3585,Bhaji Mandai Devachi Uruli,18.4559160323594,73.9586788415909,52,1
3586,Raut Vasti,18.456499,73.961197,52,1
3587,Bahiratwadi Devachi Urali,18.456699,73.963203,52,1
3592,Shree Pure Veg,18.4625,73.963997,52,1
3594,Bahiratwadi Devachi Urali,18.4567174711556,73.9632627367973,52,1
3595,Raut Vasti,18.4564,73.960899,52,1
3596,Bhaji Mandai Devachi Uruli,18.4558397045749,73.9586681127548,52,1
3597,Uruli Devachi,18.455999,73.956398,52,1
3598,Dhangar Vasti,18.4492626731448,73.9558839797974,52,1
362,Pashan Naka,18.5379749015224,73.7975379925527,52,6
5015,Maharashtra Housing Board Samta Nagar,18.561701,73.896599,52,2
5406,Kodhanpur Phata,18.3487,73.851601,52,5
6030,Gharkul Vasahat Chikhali,18.6651,73.805901,52,4
6458,Darshan Bari Society,18.6182744867918,73.7841401374085,52,1
6459,Moraya Raj Park,18.622,73.7826,52,1
6460,Keshav Nagar Ma Na Pa Shala,18.625099,73.782501,52,1
7262,Mahadev Corner Ravet / Mahadev Corner,18.6516126407982,73.7342450154187,52,3
7647,Ravet Phata,18.647661,73.735672,52,3
778,Kinara Hotel,18.5745885043995,73.8323916667926,52,2
786,Surgeon Quarters,18.5549785425333,73.8562828302384,52,3
3173,Sarbatwala Chowk,18.514999,73.876602,51,3
3174,Sachapir Street,18.5164535573137,73.8738808035851,51,3
3175,Quarter Gate,18.516399,73.871498,51,3
3703,Rajendra Pipe Company,18.487801,74.109001,51,3
3710,Naigaon Phata,18.4883,74.070801,51,3
4102,Jejuri Naka,18.344,74.032898,51,4
5866,Sambhaji Chowk,18.6492,73.770203,51,1
6316,Kalika Mata Mandir,18.628393,73.784599,51,3
6441,Keshav Nagar Ma Na Pa Shala,18.625,73.7826,51,1
6442,Moraya Raj Park,18.622,73.7827,51,1
6443,Darshan Bari Society,18.6182,73.784401,51,1
1689,Glyding Center,18.49595768937,73.9442698043798,50,2
1690,Satavwadi,18.4947446220863,73.9459678530693,50,2
1699,Satavwadi,18.4948234762354,73.9456781744957,50,2
1700,Glyding Center,18.49588,73.94416,50,2
1872,Pashan Naka,18.5380469697134,73.7976834684881,50,6
2118,Kendriya Vidyalaya Sangamvadi,18.546801,73.874397,50,1
3218,Gurukrupa Colony,18.4403,73.918404,50,3
3798,Sant Namdev Vidyalay,18.4923325383268,73.8661070893353,50,3
3799,Maharshi Nagar,18.4921,73.862701,50,3
3800,Mukund Nagar,18.4944,73.862,50,3
3801,Ahireshwarwadi,18.4965537602653,73.8613930331457,50,3
3820,Giridhar Bhavan,18.4928330126962,73.868476215535,50,3
4133,Gramin Rugnalay Jejuri,18.2756,74.163902,50,3
4135,Hotel Sai Sagar,18.2696,74.167702,50,3
4753,Bharat Petrol Pump / Bharat Petrol Pump Ravet,18.6395,73.739098,50,2
1108,Mhasoba Mandir Ammunition Factory Road,18.5693089943834,73.8669956201926,49,2
1113,Bopkhel Phata,18.5973308277342,73.8726159995522,49,2
1114,Ganesh Nagar Bopkhel,18.5938481221921,73.8639915305761,49,2
1123,Jeevan Nagar Hospital,18.587799,73.861702,49,2
1128,Shanti Nagar,18.567301,73.8787,49,2
1439,Alankar Talkies,18.5285,73.876099,49,1
1728,Dapodi,18.580956,73.834312,49,4
2874,Radisson Hotel,18.5534,73.937302,49,1
2875,Rakshak Nagar Phase 1,18.5570297236118,73.9378313260013,49,1
2982,Vrundavan,18.5545081267657,73.9152270555496,49,1
2983,Sainikwadi,18.5536283187389,73.916734457016,49,1
2984,Match Well Company,18.549601,73.918602,49,1
2985,Datta Mandir Wadgaonsheri,18.5470143558602,73.9212244749069,49,1
2986,Vadgaon Sheri,18.5431262129237,73.9233300089836,49,1
3082,Kasturba Gandhi Shala,18.5396,73.888496,49,1
5426,Mangdewadi Petrol Pump,18.4363,73.860603,49,5
5427,Mangdewadi Phata,18.4284,73.8573,49,5
5428,Stage Kramank 6,18.421,73.858498,49,5
5429,Stage Kramank 7,18.4177,73.856903,49,5
5430,Waghjai Mandir,18.412701,73.858299,49,5
5431,Dak Bungalow,18.4053,73.856102,49,5
5432,Ghat Utar Valan,18.4009,73.857101,49,5
5433,Gogalwadi Phata,18.384899,73.856102,49,5
5434,Shindewadi Satara Road,18.3785,73.855301,49,5
5435,Sasewadi Phata,18.372601,73.855301,49,5
5436,Om Company,18.369101,73.854103,49,5
5437,Velu Phata,18.364201,73.853798,49,5
5438,Grand Hotel,18.3594,73.853699,49,5
5439,Shivapurbaug,18.355,73.853104,49,5
5441,Khed Shivapur,18.341801,73.8535,49,5
5978,Vitbhatti Nere Dhamale Nagar,18.6194,73.699501,49,2
5979,Iims Institute,18.618299,73.704201,49,2
5980,Kolte Patil Main Gate,18.6171,73.7089,49,2
5982,Marunjigaon,18.612801,73.714302,49,2
5984,Alard College,18.6101,73.7201,49,2
5985,Santkrupa Fabrication,18.608299,73.721497,49,2
5986,Shinde Nagar Marunji,18.605101,73.726997,49,2
5987,Guru Krupa Hospital,18.604799,73.728302,49,2
5988,Swaraj Dream City,18.6031,73.730904,49,2
5989,Laxmi Chowk Marunji Road,18.600201,73.734497,49,2
106462,Dandekar Pul Shashtri Road,18.5032097015399,73.8454574836366,48,9
1882,Marado Company,18.5385796337781,73.8076403570558,48,5
199,Kakade Mangal Karyale,18.4907458305543,73.8181257711554,48,4
275,Manapa Mangala Tolkies,18.5235843427305,73.8544636094825,48,4
2893,Kharadi Police Chowki,18.549101,73.947098,48,1
2894,World Trade Center,18.5529,73.947502,48,1
2895,Eon Chowk,18.5539512546103,73.9497309923172,48,1
2896,Forest Counti,18.5577552404667,73.9496719837189,48,1
2897,Mio Plaza Chowk,18.5596699153299,73.9497363567352,48,1
2898,Tulja Bhawani Nagar,18.5638475441698,73.9494439959526,48,1
2899,Sakore Nagar Courner,18.5639060250846,73.953295648098,48,1
2900,Gera Society,18.5599,73.9552,48,1
2901,Eon Phase 2,18.552401,73.956001,48,1
2902,Marvel Zephyr Society,18.5516983192591,73.9591187238693,48,1
2903,Dhole Patil Collage Chowk,18.551701,73.960503,48,1
2904,Dhole Patil Collage,18.5546,73.961502,48,1
3265,Bhangire Nagar Mahamadwadi,18.471001,73.915298,48,2
3266,Imperial Blue Tower,18.4715,73.9132,48,2
3267,Shankarao Ghule Chowk,18.4723,73.910202,48,2
3268,Ilina Tower Gate No 2,18.4757,73.908997,48,2
3269,Sainik Vihar Nagar,18.4774,73.908302,48,2
3270,Surya Society,18.4778,73.906898,48,2
3271,Siddharth Nagar,18.477699,73.904602,48,2
3505,Wadkarmala,18.4798023924242,73.9275625348091,48,2
3506,Harihareshwar Mandir,18.482599,73.929398,48,2
3507,Sayyad Nagar,18.484699,73.930099,48,2
3508,Chintamani Nagar Sasane Nagar,18.487301,73.931801,48,2
3509,Shivaji Maharaj Putla Sasane Nagar,18.492901,73.932198,48,2
3511,Canol,18.497499,73.933197,48,2
353,Wireless Office,18.541901,73.828201,48,5
354,Loyala High School,18.541401,73.823799,48,5
355,Abhiman Shree Pashan Road,18.5399,73.8172,48,5
356,Ncl Colony,18.5397211542169,73.8146576285362,48,5
357,Ncl Gate,18.5396,73.813004,48,5
358,Panchwati,18.5389,73.809097,48,5
360,Imd Colony,18.5377350506725,73.804524242878,48,5
361,Ardl Gate,18.537901,73.802002,48,5
4754,Lotus Business School,18.6335113139381,73.7413903702684,48,2
4906,Paud St Stand,18.5242678685451,73.6185479847869,48,7
5996,Swaraj Dream City,18.6031117481888,73.7308023856842,48,2
5997,Guru Krupa Hospital,18.604773635947,73.7281885769439,48,2
5999,Santkrupa Fabrication,18.607901,73.721901,48,2
6001,Rajmudra Chowk,18.612011256837,73.7172203280893,48,2
6003,Motherson Company,18.6138,73.711098,48,2
6004,Kolte Patil Main Gate,18.6171,73.708702,48,2
6005,Iims Institute,18.6182,73.704002,48,2
6006,Vitbhatti Nere Dhamale Nagar,18.619301,73.699303,48,2
7325,Lonavala Railway Station,18.7528756462717,73.4081132142433,48,2
7335,Vaaksai,18.7619,73.452301,48,2
7407,Versoli Gaon,18.7589,73.434097,48,2
7611,Mankar Chowk / Mankar Chowk Corner,18.5905954132329,73.7733905109419,48,5
7671,Lotus Business School,18.6333919753653,73.7409759965883,48,2
8048,Niljyoti Society,18.532801,73.821198,48,1
8050,Janwadi,18.5303,73.823402,48,1
8051,Janwadi Corner,18.529301,73.823601,48,1
8052,Janwadi Corner,18.5292,73.8237,48,1
8053,Janwadi,18.530399,73.823303,48,1
8054,Niljyoti Society,18.532801,73.821098,48,1
8724,Gujarwadi,18.426701,73.875702,48,2
8728,Khopde Nagar,18.436899,73.867798,48,2
8733,Jadhav Nagar Gujarwadi Rd Inn,18.4389,73.8629,48,2
975,Vallabh Nagar St Stand,18.6161202784249,73.8169495669352,48,6
976,Amar Smruti Vallabh Nagar,18.618,73.8172,48,6
977,Sant Tukaram Nagar,18.6207146482263,73.8177287525987,48,6
3080,Kasturba Gandhi Shala,18.539499,73.888397,47,1
3091,Uco Bank,18.4804,73.890999,47,3
3093,Lulla Nagar,18.485399,73.889297,47,3
3281,Lohegaon Airport,18.577999,73.907898,47,3
3516,Shivaji Maharaj Putla Sasane Nagar,18.4935,73.932503,47,2
3517,Sasane Nagar,18.491579202777,73.9320686932903,47,2
3518,Chintamani Nagar Sasane Nagar,18.487499,73.9319,47,2
3519,Ganga Village,18.483601,73.931602,47,2
3802,Ahireshwarwadi,18.4965,73.861504,47,3
3803,Mukund Nagar,18.494202533395,73.8619470729194,47,3
3804,Maharshi Nagar,18.492001,73.862396,47,3
3805,Sant Namdev Vidyalay,18.492201,73.864998,47,3
3806,Giridhar Bhavan,18.4928521303213,73.8687846090865,47,3
6293,Wakad Phata,18.5870263055847,73.7904756304897,47,2
1873,Ardl Gate,18.5379639243035,73.8022819161415,46,5
1874,Imd Colony,18.5378367722896,73.8048273324967,46,5
1875,Marado Company,18.5386084932571,73.8074898680415,46,5
1876,Panchwati,18.5392,73.809601,46,5
1877,Ncl Gate,18.5397,73.812798,46,5
1878,Ncl Colony,18.539801,73.814499,46,5
1879,Abhiman Shree Pashan Road,18.5400441165431,73.8172620534897,46,5
1880,Loyala High School,18.5415,73.823601,46,5
1881,Wireless Office,18.541901,73.827103,46,5
2977,Vadgaon Sheri,18.5432050446169,73.9232388138771,46,1
2978,Datta Mandir Wadgaonsheri,18.5469,73.921204,46,1
2979,Match Well Company,18.5497,73.918503,46,1
2980,Sainikwadi,18.553602890614,73.9166110754013,46,1
2981,Vrundavan,18.554399,73.915199,46,1
2988,Kailas Market,18.567836919028,73.9148139953613,46,3
3169,Chacha Halwai,18.5153345642355,73.8690178902666,46,3
3170,Quarter Gate,18.5163162159402,73.8714480400086,46,3
3171,Sachapir Street,18.5165,73.874001,46,3
3172,Batliwala Haud,18.5172,73.877899,46,3
3219,Ghule Vasti Undri Road,18.4438,73.918098,46,2
3221,Austriniya Classic,18.447001,73.917099,46,2
3223,Atur Nagar,18.4533,73.914902,46,2
3224,Punekar Vasti,18.4554885966859,73.9134326577187,46,2
3225,Hole Vasti Undri,18.459,73.912102,46,2
3226,Kad Vasti Undri,18.4622,73.913696,46,2
3264,Vadachi Wadi,18.4387,73.918404,46,2
4771,Bharat Petrol Pump / Bharat Petrol Pump Ravet,18.6394,73.738602,46,2
5132,Parndwal Chowk,18.714701,73.765198,46,4
5761,Jagtap Dairy,18.5957059784262,73.7828882418405,46,2
6292,Kalewadi Phata,18.6045,73.778,46,4
6682,Punawale Pul / Punawala Phata / Punawale Corner,18.634701,73.740997,46,2
7271,Ganesh Lawns Kiwale,18.653,73.726303,46,2
106839,Vakhar Mahamandal Bhosari,18.6475742215635,73.8510470594039,45,2
106886,Vighnharta Colony,18.6499478741952,73.8674665927306,45,2
1658,Nashik Phata,18.6082288470332,73.8213980197907,45,2
1661,Phugewadi Jakat Naka,18.589865,73.831932,45,2
1662,Phugewadi,18.586262,73.833305,45,2
1667,Factory Hospital,18.559259,73.844559,45,2
1721,Poultry Farm Mumbai Road,18.547937,73.851601,45,2
1729,Phugewadi,18.584597,73.833374,45,2
1733,Nashik Phata,18.608486,73.820732,45,2
1841,Bhare Phata,18.531,73.669899,45,8
3030,Hadapsargaon,18.5017164589074,73.9307054650894,45,2
3217,Vadachi Wadi,18.4345,73.917702,45,2
3258,Kad Vasti Undri,18.4622918203187,73.913848400116,45,2
3259,Hole Vasti Undri,18.4587910179402,73.9121773838997,45,2
3260,Punekar Vasti,18.4556030885454,73.9134487509728,45,2
3261,Atur Nagar,18.4534,73.914902,45,2
3262,Austriniya Classic,18.4473,73.917198,45,2
3263,Ghule Vasti Undri Road,18.444,73.918098,45,2
4506,Shivaji Housing Society,18.530001,73.829903,45,3
4507,Mseb Office Chaturshringi,18.5374216278907,73.8301721822242,45,3
4508,Chatuhshrungi Paytha,18.540501,73.830002,45,3
5273,Symbiosis College,18.5219452573271,73.8291361822795,45,3
5846,Krushna Mandir Nigdi,18.6622248580901,73.7681079489381,45,3
6172,Kasarsai Karkhana Phata,18.6292548098932,73.6755172434032,45,1
6173,Kasarsai Gaon,18.6271299556244,73.6791544199636,45,1
6174,Kondhe Vasti,18.6234,73.686699,45,1
6175,Sharwari Complex Neregaon,18.6222217425893,73.6893042956889,45,1
6176,Dattawadi Kasarsai,18.6215774773589,73.691244371008,45,1
6183,Chandkhed,18.6472,73.651001,45,1
6184,Bob International School,18.6415,73.657501,45,1
6185,Vasundhara Wear House,18.637899,73.662498,45,1
6186,Pachane Phata,18.6353,73.668098,45,1
6187,Bhagwant Lawns,18.632099,73.672401,45,1
6806,Jaywant Nagar,18.6479,73.854797,45,2
8657,Shivaji Maharaj Putala Sasane Nagar,18.4931547014459,73.9323731016603,45,2
8658,Sasane Nagar Corner,18.4909245835695,73.9338912082947,45,2
8659,Binavat Township,18.490999,73.936699,45,2
8660,Nirmal Township,18.4896336677831,73.9375980395618,45,2
8661,Ganesh Mandir Sasane Nagar,18.487499,73.939301,45,2
8662,Mahadev Mandir Kaleborate Nagar,18.4848,73.939499,45,2
1705,Vaiduwadi,18.503839,73.922279,44,2
3102,Lulla Nagar,18.4856,73.889503,44,3
3104,Uco Bank,18.480101,73.891098,44,3
5407,Khed Shivapur,18.3417,73.853401,44,5
5408,Shivapurbaug,18.3552,73.852798,44,5
5409,Grand Hotel,18.3596,73.853302,44,5
5410,Velu Phata,18.364401,73.8535,44,5
5411,Om Company,18.369301,73.8536,44,5
5412,Sasewadi Phata,18.3729,73.855003,44,5
5413,Shindewadi Satara Road,18.379299,73.855103,44,5
5414,Gogalwadi Phata,18.385,73.855698,44,5
5415,Ghat Utar Valan,18.400999,73.857002,44,5
5416,Dak Bungalow,18.4051,73.856003,44,5
5417,Waghjai Mandir,18.4125,73.8582,44,5
5418,Stage Kramank 7,18.417801,73.856796,44,5
5419,Stage Kramank 6,18.421,73.858299,44,5
5421,Mangdewadi Phata,18.428101,73.8573,44,5
5422,Mangdewadi Petrol Pump,18.436199,73.860397,44,5
6177,Dattawadi Kasarsai,18.6213861017745,73.6913919589498,44,1
6178,Sharwari Complex Neregaon,18.6219575897852,73.6900126934052,44,1
6179,Kondhe Vasti,18.6234,73.6866,44,1
6180,Kasarsai Gaon,18.627399,73.678902,44,1
6181,Kasarsai Karkhana Phata,18.628901,73.675903,44,1
6188,Bhagwant Lawns,18.632,73.672401,44,1
6189,Pachane Phata,18.635201,73.668098,44,1
6190,Vasundhara Wear House,18.637699,73.662697,44,1
6191,Bob International School,18.6413,73.657501,44,1
6192,Chandkhed,18.6471,73.650902,44,1
656,Vadgaon Budruk Stand,18.467501,73.821899,44,5
6728,Ravet Phata,18.647522,73.735588,44,2
7220,Insurance Company Balewadi,18.570499,73.765602,44,2
7684,Wakad Bridge,18.5916650590671,73.7575403029764,44,2
8651,Mahadev Mandir Kaleborate Nagar,18.485001,73.9394,44,2
8652,Ganesh Mandir Sasane Nagar,18.4876,73.939201,44,2
8653,Nirmal Township,18.4895,73.937599,44,2
8654,Binavat Township,18.4909,73.9366,44,2
8655,Sasane Nagar Corner,18.4908813903225,73.9335177060872,44,2
8656,Sasane Nagar,18.4914,73.931999,44,2
1059,Neilsoft Company Infosys Phase 3,18.5882778655349,73.6758989778982,43,8
1064,Capgemini Company,18.5975749536728,73.6923730823261,43,8
106659,Kalewadi Phata,18.6045589327888,73.7778452272784,43,2
211,Police Ground,18.530701,73.848,43,2
3122,Defence Colony,18.4822442139336,73.8775113251232,43,2
3123,Mount Carmel School,18.4841,73.885101,43,2
3287,Shree Industries,18.451099,73.829498,43,1
3288,Jk Industries,18.4531631249378,73.8280633091927,43,1
3348,Dhayareshwar Industries,18.4568,73.819298,43,1
3349,Surbhi,18.4561,73.819801,43,1
3351,Gokul Nagar Narhe Road,18.4604880294436,73.8126600606043,43,1
4475,Chatuhshrungi Paytha,18.5404,73.830101,43,3
4476,Mseb Office Chaturshringi,18.5375169899887,73.8303015928922,43,3
4478,Shivaji Housing Society,18.5303,73.830101,43,3
4493,Bharati Vidyapeeth,18.457199,73.851501,43,1
4494,Bharati Vidyapeeth Shala,18.4575,73.852997,43,1
4495,Rajaram Gas Agency,18.4544962519476,73.8539161905281,43,1
4496,Katraj Dairy,18.4543,73.857803,43,1
4501,Film Institute,18.5125202491471,73.8288827279914,43,2
4502,Law College,18.516199,73.829002,43,2
4503,Bhandarkar Road,18.5192307599211,73.8303069757187,43,2
5272,Symbiosis College,18.5218143057926,73.8292294133683,43,3
6039,Prashant Society,18.6619587789239,73.7942895663549,43,2
6042,Spine Road Chowk,18.6675,73.797096,43,2
6043,Shivtej Nagar,18.6665,73.800499,43,2
6771,Bhakti Shakti Stand,18.6649151785664,73.7722586371461,43,1
1004,Walhekarwadi Phata,18.6432,73.753304,42,4
1005,Nano Home Ravet,18.643101,73.751198,42,4
106826,Mamurdi Gaon,18.67171582087,73.726259435063,42,1
1883,Kokate Aali,18.539278669699,73.7938624620438,42,5
1884,Datta Mandir Pashan Road,18.5410943750523,73.792813718319,42,5
1885,Balaji Chowk,18.5422,73.790703,42,5
1886,Vishwakarma,18.5429685492729,73.7880018353462,42,5
1887,Sai Chowk Sus Road,18.543301,73.785797,42,5
1952,Cipla Center Atul Nagar,18.4849399039549,73.7988099320058,42,1
197,Shreeman Society,18.491501,73.821999,42,3
198,Shipra Society,18.4920677630135,73.8203278543205,42,3
226,Shipra Society,18.4925417013604,73.8183618011613,42,3
227,Shreeman Society,18.4921,73.820396,42,3
3362,Chudaman Talim,18.5084,73.874802,42,1
3649,Vaddhara Bandhara,18.4657,73.917,42,1
3650,Telephone Exchange,18.4666168408429,73.9193925261498,42,1
3651,Mohammadwadi Shala,18.468201,73.920197,42,1
3652,Mohammadwadigaon,18.4699165039084,73.9214605093002,42,1
3653,Desai Hospital,18.473101,73.923599,42,1
3654,Tarawade Vasti,18.4758,73.924698,42,1
3655,Dada Gujar Shala,18.477523041054,73.9252638816834,42,1
3811,Gadikhana Ganjpeth Road,18.5121,73.857803,42,1
3812,Shitaladevi Chowk Guruwarpeth,18.508699,73.8601,42,1
3813,Ganj Peth Police Chowky,18.5089,73.862396,42,1
4744,Church,18.683701,73.721802,42,1
4745,Indira Nagar,18.679899,73.723198,42,1
4746,D Mart Kivale,18.6768,73.724503,42,1
4748,Lekha Pharm,18.667999,73.7276,42,1
4749,Kivle Phata,18.6601556322636,73.7313503156309,42,1
4756,Sai Cng Pump,18.630501,73.742699,42,1
4758,Jspm Collage Punavale,18.620199,73.746696,42,1
4759,Dy Patil Collage Punavale,18.614599,73.748901,42,1
4760,Indira Collage Punavale,18.6089,73.751099,42,1
4764,Indira Collage Punavale,18.608999,73.750702,42,1
4765,Dy Patil Collage Punavale,18.614599,73.748497,42,1
4774,Centosa Park,18.653,73.7332,42,1
4775,Kivle Phata,18.6602058704114,73.7303759013019,42,1
4776,Lekha Pharm,18.6677036173871,73.7273959828651,42,1
4777,Mamurdi Gaon,18.6714,73.725998,42,1
4778,D Mart Kivale,18.6765,73.724098,42,1
4779,Indira Nagar,18.678801,73.723297,42,1
4780,Church,18.683599,73.721603,42,1
4824,Vedant Colony,18.5070656238653,73.7904451226353,42,1
4953,Shindewadi Paud Road,18.513399,73.671402,42,7
4954,Cable Company,18.5147,73.659401,42,7
4955,Sutarwadi Paud Road,18.515499,73.655998,42,7
4956,Datta Mandir Paud Road,18.514799,73.651901,42,7
4957,Sanakta Company,18.518299,73.647499,42,7
4958,Sant Company,18.5175,73.644096,42,7
4959,Forest Office Paud,18.519899,73.631599,42,7
4960,Manik Press Road,18.519899,73.628304,42,7
4961,Vitthalwadi Phata Paud Road,18.5207,73.625099,42,7
5858,Dharmaraj Chowk,18.6495,73.761902,42,4
5860,Bhondve Corner Ojas Hospital,18.6437,73.755501,42,4
6031,Shivtej Nagar,18.666,73.800102,42,2
6032,Spine Road Chowk,18.6669704979065,73.7971159579107,42,2
6033,Krushna Nagar Corner,18.6670588967392,73.7961684577145,42,2
6035,Prashant Society,18.6618455600335,73.7943070572539,42,2
7652,Maruti Suzuki Service Center,18.623749,73.745155,42,1
7667,Jspm Collage Punavale / Jspm College Tathawade,18.619202,73.746582,42,1
7668,Maruti Suzuki Service Center,18.623634,73.744942,42,1
7669,Sai Cng Pump,18.62818,73.743156,42,1
8284,Rajiv Gandhi Nagar Upper,18.459999,73.869202,42,2
8285,Sukhsagar Nagar,18.4568,73.869499,42,2
8877,Hemraj Telar,18.672199,73.781502,42,2
8886,Sanjay Hotel,18.669399,73.780403,42,2
927,Midc Phata Chakan,18.753901,73.805702,42,1
1014,Nano Home Ravet,18.6432207988738,73.7513829596768,41,4
106675,63 Avenue Society,18.5687886140712,73.7907253838536,41,2
106676,Shahid Ashok Kamthe Udyan,18.5670591921598,73.7908054871804,41,2
106677,Mngl Gas Pump Pimplenilakh,18.5668777875606,73.7925108661981,41,2
106678,Smashan Bhumi Pimplenilakh,18.5677563240232,73.7939278863733,41,2
106679,Samarth Colony,18.5696530886149,73.7940835043134,41,2
1724,Factory Hospital,18.559219,73.844337,41,3
3656,Shriram Chowk,18.4814174190811,73.9313182868056,41,1
3657,Hp Gas,18.480801,73.929604,41,1
3658,Wadkarmala,18.4798227437176,73.9276430010796,41,1
3659,Dada Gujar Shala,18.4774,73.925301,41,1
3660,Tarawade Vasti,18.4757066611749,73.9247462153435,41,1
3661,Desai Hospital,18.473,73.923698,41,1
3662,Mohammadwadigaon,18.469801,73.921501,41,1
3663,Mohammadwadi Shala,18.4680237211815,73.9200469851494,41,1
3664,Telephone Exchange,18.4665888559212,73.9194649457932,41,1
3665,Vaddhara Bandhara,18.465599,73.917,41,1
3666,Gurukrupa Colony,18.4396,73.917503,41,1
4448,Shivshankar Society,18.459999,73.850899,41,2
4453,Prerna Shala Aambegaon Pathar,18.4627,73.844002,41,2
4482,Bhandarkar Road,18.5192727057826,73.8303981918636,41,2
4483,Law College,18.516199,73.829201,41,2
4484,Film Institute,18.5127454146618,73.8289109056499,41,2
4488,Katraj Dairy,18.454399,73.857803,41,1
4489,Rajaram Gas Agency,18.4548,73.853699,41,1
4490,Chandrabhaga Corner,18.454,73.851303,41,1
4491,Icchapurti Ganesh Mandir,18.455601,73.850899,41,1
4492,Bharati Vidyapeeth,18.4573,73.851402,41,1
5829,Bhondve Corner Ojas Hospital,18.6439,73.755501,41,4
5831,Dharmaraj Chowk,18.649599,73.761597,41,4
8282,Rajiv Gandhi Nagar Upper,18.460199,73.869301,41,2
8283,Sukhsagar Nagar,18.4568,73.8694,41,2
9298,Walhekarwadi Phata,18.6433816952524,73.7532649272082,41,4
106830,Bijali Nagar Corner,18.6453581047843,73.7695664391783,40,1
1867,Sai Chowk Sus Road,18.5434719757934,73.7858099422574,40,5
1868,Vishwakarma,18.5431880121481,73.7878554951264,40,5
1869,Balaji Chowk,18.542101,73.791199,40,5
1870,Datta Mandir Pashan Road,18.5412800133078,73.7927412986756,40,5
1871,Kokate Aali,18.5394846540498,73.7939241528511,40,5
2991,Bekar Company,18.5638042396176,73.9180695314176,40,2
2992,Green Oaks Company,18.5650043675772,73.9181874323831,40,2
2998,Datta Mandir Viman Nagar,18.5651,73.913902,40,2
2999,Corporation Bank,18.565001,73.907097,40,2
3000,Konark Puram,18.568399,73.906998,40,2
3001,Gangapuram Mhada,18.5683,73.910797,40,2
3002,Konark Campus,18.5707761308445,73.9111769199371,40,2
3003,Mhada Colony Viman Nagar,18.5732169604172,73.9118179678917,40,2
3126,Mount Carmel School,18.484301,73.885101,40,2
3127,Defence Colony,18.4822734250437,73.8774421646232,40,2
3140,Iscon Mandir,18.4502828769252,73.8792256732897,40,3
3284,Rohan Mithila Tower,18.5748,73.911301,40,2
3285,Symbiosis College Vimannagar,18.575199,73.908401,40,2
4103,Shashkiy Vishramgruh Saswad,18.3417,74.036102,40,3
4104,Virphata,18.336599,74.036697,40,3
4105,Girme Cement Company,18.335501,74.0392,40,3
4107,Tuti Reshim Kendra,18.3347,74.0448,40,3
4108,Boravkemala,18.3361,74.048897,40,3
4109,Akshay Industries,18.330601,74.058098,40,3
4111,Mauli Garden Ghote Mala,18.323799,74.07,40,3
4113,Raskar Mala,18.319099,74.075401,40,3
4115,Sent Joseph High School Jejuri Road,18.314850492922,74.0817372435152,40,3
4117,Shivrigaon Phata,18.3102129304591,74.0909070304636,40,3
4121,Takrarwadi Phata,18.2957,74.111603,40,3
4122,Bhonglemala,18.293699,74.117897,40,3
4128,Lawthaleshwar,18.282,74.151001,40,3
4130,Kadepathar Phata,18.2801,74.156097,40,3
4131,Jejuri St Stand,18.2790095611256,74.1589969396591,40,3
4132,Jejuri Nagar Parishad,18.2782,74.161102,40,3
4942,Vitthalwadi Phata Paud Road,18.521,73.624901,40,7
4943,Manik Press Road,18.5201,73.628403,40,7
4944,Forest Office  Paud,18.52,73.6315,40,7
4946,Sant Company,18.5177,73.644203,40,7
4947,Sanakta Company,18.5186,73.647598,40,7
4948,Datta Mandir Paud Road,18.5149,73.651802,40,7
4949,Sutarwadi Paud Road,18.515499,73.656097,40,7
4950,Cable Company,18.514799,73.659798,40,7
4952,Shindewadi Paud Road,18.5135,73.671303,40,7
5560,Bhumkar Complex,18.446501,73.826302,40,3
5877,Big India,18.657101,73.765198,40,1
5878,Sindhu Nagar A Ward Office,18.656,73.769798,40,1
5879,Lokmanya Hospital Pradhikaran,18.6553,73.773804,40,1
5880,Aashoka Bungalow,18.6514181003834,73.7753283924913,40,1
5881,Trimurti Hall,18.649599,73.7761,40,1
5882,Ganga Nagar Pradhikaran,18.647301,73.776703,40,1
5883,Shakuntala Society,18.6446,73.776199,40,1
5884,Jiveshwar Society,18.644501,73.773003,40,1
6194,Bhangrevasti,18.7689,73.810997,40,1
6195,Tathastu Sai Park,18.7651,73.810997,40,1
6196,Y Junction Mhada Colony,18.7623,73.810799,40,1
6199,Midc Phata Chakan,18.754101,73.805603,40,1
6233,Y Junction Mhada Colony,18.7623,73.810699,40,1
6234,Tathastu Sai Park,18.7651,73.810898,40,1
6235,Bhangrevasti,18.7691,73.810898,40,1
6591,Yelwadi,18.733801,73.7575,40,4
6592,Digambara Chowk Yelwadi,18.7321,73.758102,40,4
6593,Dehu Multi Specialty Hospital,18.7278,73.759804,40,4
6594,Vatsalya Vrudhashram Sangurdi,18.725401,73.760696,40,4
6595,Corner Hotel Sangurdi,18.7222,73.7621,40,4
7113,Savardari Gaon Phata,18.7876,73.774101,40,1
7115,Shelugaon Phata,18.787901,73.781197,40,1
7116,Mhalunge Phata,18.790701,73.7938,40,1
7117,Varale Gaon,18.7918,73.795998,40,1
7118,Patilwada Hotel,18.7908708992624,73.8013216616461,40,1
7119,Koregaon Khurd Phata,18.7903,73.805,40,1
7120,Sakshi Enter Prizes,18.7880345887699,73.8082082950919,40,1
7121,Hp Petrol Pump Ambethan Gaon,18.7845,73.814102,40,1
7133,Saidarshan Society,18.7689,73.851097,40,1
7144,Telephone Exchange,18.7736,73.842003,40,1
7152,Hp Petrol Pump Ambethan Gaon,18.784401,73.814102,40,1
7153,Sakshi Enter Prizes,18.7879234581198,73.8082853724414,40,1
7154,Koregaon Khurd Phata,18.7903,73.804802,40,1
7155,Patilwada Hotel,18.7908455318714,73.8010058545453,40,1
7156,Varale Gaon,18.7918,73.795898,40,1
7157,Mhalunge Phata,18.7906,73.793701,40,1
7158,Shelugaon Phata,18.787701,73.781097,40,1
7160,Savardari Gaon Phata,18.7875,73.773903,40,1
3366,Chudaman Talim,18.508101,73.875702,39,1
3814,Kashiwadi,18.507355724624,73.8711181282997,39,1
3837,Ramoshigate,18.50979491716,73.8681596517563,39,1
5867,Prachi Apartment,18.645599,73.770302,39,1
5868,Jiveshwar Society,18.6446872733711,73.7727963345855,39,1
5869,Shakuntala Society,18.6448,73.776299,39,1
5870,Ganga Nagar Pradhikaran,18.6472,73.776497,39,1
5871,Trimurti Hall,18.6495,73.775902,39,1
5872,Aashoka Banglow,18.6515706312075,73.7751567258548,39,1
5873,Lokmanya Hospital Pradhikaran,18.655199,73.773697,39,1
5874,Sindhu Nagar A Ward Office,18.6558,73.770103,39,1
5875,Big India,18.657101,73.765099,39,1
6505,Shahu Nagar,18.6558101520205,73.8115408937716,39,2
6508,Pawar Vasti Chikhali,18.663401,73.814201,39,2
6513,Kudalwadi Corner,18.670601,73.815399,39,2
6515,Jadhavwadi Phata Kudalwadi Road,18.681299,73.817299,39,2
7429,Philips Company Vasoli Road,18.783388,73.776939,39,1
7430,Marshal Company Savardari,18.780001,73.776604,39,1
7431,Air Liquide Company,18.7715201258127,73.7754960555377,39,1
7432,Savardari Phata,18.766141268081,73.7748114197143,39,1
7433,Bridgestone Company,18.763496183388,73.7751728348876,39,1
7434,Hyndai Corner,18.7596,73.776398,39,1
7435,Hyndai Gate,18.7572,73.776199,39,1
7436,Hyndai Chowk,18.7547,73.776604,39,1
7437,Ksh Company,18.7523,73.780098,39,1
7438,Dsv Company,18.750999,73.782303,39,1
7997,Surajya Residency,18.409401,73.764198,39,2
7998,Paygude Wadi,18.4072,73.760201,39,2
7999,Poultry Farm Venkteshwara,18.406601,73.756104,39,2
8000,Gorhe Khurd,18.406,73.751999,39,2
8001,Zalanwadi,18.4054573129725,73.7490031861645,39,2
8002,Matalwadi Khanapur,18.4034,73.742798,39,2
8003,Bhalchandra Collage,18.4027,73.7379,39,2
8004,Zilla Parishad Shala Khanapur,18.4011,73.734497,39,2
8005,Khanapur,18.3993,73.732903,39,2
8006,Manerwadi Phata Khanapur,18.3964,73.726997,39,2
106828,Bhumkar Chowk,18.6054173032679,73.7518102668226,38,1
1671,Mariaai Gate Navin St Stand,18.542957,73.851791,38,2
1955,Dagadi Nagoba,18.5186,73.861603,38,5
4072,Jejuri Nagar Parishad,18.278099,74.161102,38,3
4073,Jejuri St Stand,18.2789987778543,74.1588440537453,38,3
4074,Kadepathar Phata,18.2800831184422,74.1559747652537,38,3
4076,Lawthaleshwar,18.282,74.150703,38,3
4082,Bhonglemala,18.2936,74.1175,38,3
4083,Takrarwadi Phata,18.2955,74.111504,38,3
4087,Shivrigaon Phata,18.3102,74.0905,38,3
4089,Sent Joseph High School Jejuri Road,18.3147199499904,74.0814147111684,38,3
4091,Raskar Mala,18.3190015297771,74.0751933128945,38,3
4093,Mauli Garden Ghote Mala,18.3237,74.069901,38,3
4095,Akshay Industries,18.3305,74.057899,38,3
4096,Boravkemala,18.3358,74.0485,38,3
4097,Tuti Reshim Kendra,18.3347,74.045303,38,3
4100,Virphata,18.336599,74.0364,38,3
4101,Shashkiy Vishramgruh Saswad,18.341801,74.036003,38,3
4347,Girme Cement Company,18.3355159769785,74.0391069069954,38,3
5505,Hotel Sagar,18.3379,73.853203,38,4
5506,Shivray Mangal Karyalay,18.3326,73.852798,38,4
5507,Bormal,18.327999,73.852402,38,4
5508,Pulachiwadi,18.322399,73.856598,38,4
5509,Shiwre Phata,18.3176,73.859901,38,4
5510,Universal Company,18.3159804345957,73.862115951802,38,4
5511,Pravin Masala Company,18.3146478931362,73.8638063265931,38,4
5512,Varvegaon,18.304001,73.870399,38,4
5513,Varave Khurd,18.301399,73.873199,38,4
5514,Shivaneri Mangal Karyalay,18.2966,73.872902,38,4
5515,Kalubai Mandir Warve,18.294399,73.8722,38,4
5517,Kelwade Phata,18.273701,73.878899,38,4
5518,Pasalkar Vasti,18.266199,73.881897,38,4
5520,Cheladi Phata,18.259001,73.885498,38,4
6496,Pawar Vasti Chikhali,18.6693,73.815201,38,2
6499,Shahu Nagar,18.6560083716226,73.8114503869684,38,2
6512,Kudalwadi Corner,18.6705,73.815399,38,2
7662,Balewadi Stadium Radha Chowk,18.570838609759,73.7647658954672,38,1
7985,Manerwadi Phata Khanapur,18.3965,73.727097,38,2
7986,Khanapur,18.3993,73.732803,38,2
7987,Zilla Parishad Shala Khanapur,18.4011,73.734398,38,2
7988,Bhalchandra Collage,18.4028,73.737801,38,2
7989,Matalwadi Khanapur,18.4035,73.742599,38,2
7991,Gorhe Khurd,18.405899,73.751602,38,2
7992,Poultry Farm Venkteshwara,18.406799,73.756302,38,2
7993,Paygude Wadi,18.407301,73.760399,38,2
7994,Surajya Residency,18.4098,73.764297,38,2
8024,Zalnewadi,18.4054766038437,73.7485072161062,38,2
1677,Gpo,18.524307,73.876434,37,1
1680,Juna Pulgate,18.5077,73.879204,37,1
1683,Fatima Nagar,18.506701,73.8993,37,1
1713,Gpo,18.5186410801209,73.8782665606757,37,1
1731,Atlas Capco,18.595701,73.828117,37,1
1734,Vallabh Nagar Brt,18.6159969118649,73.8142571899265,37,1
1842,Bhumkar Vasti Bhare,18.535,73.669701,37,8
1843,Alpha Paper Mill,18.542601,73.669403,37,8
1844,Hanuman Chowk Ghotavade,18.5453969824769,73.6688393705412,37,8
2989,Green Oaks Company,18.566299,73.918503,37,2
2990,Bekar Company,18.5646,73.918297,37,2
2995,Mhada Colony Viman Nagar,18.5731152599601,73.9118555188179,37,2
2996,Konark Campus,18.5708295245204,73.9112520217896,37,2
2997,Gangapuram Mhada,18.5683,73.911003,37,2
3283,Rohan Mithila Tower,18.5749,73.9114,37,2
4134,Kolvihre Phata,18.2717,74.166397,37,2
4136,Mseb Jejuri Midc,18.2636495677424,74.1714212210928,37,2
5850,Durgesh Mandir,18.6572,73.761497,37,3
5851,Vedant Dairy,18.6558,73.760002,37,3
5852,Samarth Aapartment,18.6542,73.760597,37,3
5853,Patidar Bhavan,18.6539,73.764603,37,3
5854,Hegdewar Bhavan,18.652201,73.766098,37,3
5855,Akurdi Police Chowky,18.650594761481,73.7671992921215,37,3
5857,Pcp College,18.6502,73.763199,37,3
5859,Dy Patil College Akurdi,18.6462,73.758598,37,3
5861,Sspms Collage Ravet,18.6464,73.742699,37,3
5862,Nivrutti Lowns,18.6495,73.740402,37,3
5863,Sile Style City Power,18.6555,73.735802,37,3
655,Goyal Ganga Society,18.4701453886435,73.8231468729143,37,4
7815,Golewadi,18.4014,73.768402,37,2
7818,Donajegaon,18.4093,73.7677,37,2
7854,Gatson Company,18.423401,73.754997,37,2
7870,Mandharewadi,18.3953254454848,73.7668077080139,37,2
7871,Sinhagad Hotel,18.401501,73.768501,37,2
8800,Symbiosis College Viman Nagar,18.5756018207204,73.9077812433243,37,2
106562,Gangadham Chowk,18.4807469460424,73.872548940919,36,1
106674,Jadhav Vasti Kesnand Road,18.5553276717629,74.0259173753657,36,2
106829,Thakur Vasti,18.6659906813492,73.9356690322088,36,2
1888,Pandav Nagar Pashan,18.544001,73.7826,36,4
1889,Abhinav College Sus Road,18.545099,73.778503,36,4
1890,Suskhind Phata Sus Road,18.5465667249495,73.7742877549397,36,4
1922,Alankar Police Chowky,18.4981,73.826698,36,2
1926,Sahwas Society,18.494301,73.819603,36,2
2865,Karandi Phata,18.7129951501212,74.05757188797,36,5
3380,Smashan Bhumi Theur,18.5284,74.036201,36,2
352,Pune Vidhyapeeth Gate Pashan Road,18.5418,73.827599,36,3
3831,Gagan Vihar,18.4813,73.875397,36,1
3832,Wardhman Pura,18.4809814807916,73.8734307203568,36,1
5075,Panyachi Taki Alandi,18.677099,73.899399,36,2
5076,Santoshi Mata Mandir Alandi,18.676701,73.901199,36,2
5077,Suiba Mangal Karyalay,18.6759,73.903801,36,2
5078,Nanashree Lawns,18.674999,73.9058,36,2
5079,Tanish Shrushti Society,18.6735,73.908401,36,2
5080,Thorave Vasti,18.672701,73.910896,36,2
5081,Dhanore Power House,18.670799,73.917297,36,2
5082,Petrol Pump Dhanore,18.6702,73.9189,36,2
5083,Polybond Company,18.6691,73.9207,36,2
5084,Alpha Cement Company,18.668301,73.922699,36,2
5085,Rashami Hitter Company,18.667299,73.925697,36,2
5086,Dhanore Phata,18.6667,73.928596,36,2
5087,Dattawadi Wajan Kata,18.665899,73.932404,36,2
5089,Solugaon,18.666,73.941498,36,2
5090,Zilla Parishad Shala Solugaon,18.6663,73.944901,36,2
5091,Vadgaon Shinde Phata,18.667801,73.952202,36,2
5092,Hotel Tiranga,18.668301,73.955101,36,2
5093,Ravin Cable,18.670401,73.959999,36,2
5094,Infro Company Vajan Kata,18.671499,73.964699,36,2
5095,Kamaljai Nagar,18.671801,73.966499,36,2
5097,Markalgaon,18.671,73.979301,36,2
5098,Panaychi Taki Markal,18.670401,73.981201,36,2
5488,Cheladi Phata,18.258699,73.885399,36,4
5490,Pasalkar Vasti,18.2659,73.881798,36,4
5491,Kelwade Phata,18.2733,73.8787,36,4
5493,Kalubai Mandir Warve,18.294001,73.871902,36,4
5494,Shivaneri Mangal Karyalay,18.2971,73.872803,36,4
5495,Varave Khurd,18.3013,73.872902,36,4
5496,Varvegaon,18.3036,73.870102,36,4
5497,Pravin Masala Company,18.3143766508493,73.8635287140154,36,4
5498,Universal Company,18.3156986021815,73.861835192244,36,4
5499,Shiwre Phata,18.3172,73.8601,36,4
5500,Pulachiwadi,18.322399,73.8564,36,4
5501,Bormal,18.3295,73.852203,36,4
5502,Shivray Mangal Karyalay,18.332899,73.852501,36,4
5503,Hotel Sagar,18.3374,73.852997,36,4
5826,Sile Style City Power,18.6555,73.736099,36,3
5827,Nivrutti Lowns,18.649799,73.740402,36,3
5828,Sspms Collage Ravet,18.6462,73.742996,36,3
5830,Dy Patil College Akurdi,18.646601,73.758904,36,3
5832,Pcp College,18.650299,73.763199,36,3
5835,Hegdewar Bhavan,18.652,73.766098,36,3
5836,Patidar Bhavan,18.6539,73.764397,36,3
5838,Samarth Aapartment,18.654301,73.760399,36,3
5839,Vedant Dairy,18.6558,73.759903,36,3
5840,Durgesh Mandir,18.657301,73.761497,36,3
691,Charholigaon,18.6535845302829,73.9078993110749,36,6
692,Mhasoba Chowk Charholi,18.6556582280111,73.901606850756,36,6
693,Dabhade Vasti Charholi,18.657101,73.899101,36,6
694,Vitbhatti Charholi,18.6584993560607,73.8968164151089,36,6
7253,Kiwalegaon,18.656799,73.720596,36,3
7473,Hyndai Corner,18.759899,73.776192,36,1
7476,Air Liquide Company,18.771109,73.775299,36,1
7481,Sigma Chwok,18.7430779114647,73.8067886708835,36,1
7482,Hp Chowk Manchar Road,18.7462383812241,73.7882995605469,36,1
7483,Dsv Company,18.751301,73.781502,36,1
7484,Ksh Company,18.7519,73.780403,36,1
7485,Hyndai Chowk,18.754601,73.776398,36,1
7486,Hyndai Gate,18.757401,73.776001,36,1
7488,Bridgestone Company,18.7637,73.775002,36,1
7489,Savardari Phata,18.766199,73.774696,36,1
7491,Marshal Company Savardari,18.7798,73.776299,36,1
7492,Philips Company Vasoli Road,18.783501,73.776802,36,1
7634,Shivaji Maharaj Vidhyalay Dehuroad,18.6791,73.725197,36,2
7635,Shitla Devi Chowk,18.677099,73.722801,36,2
7636,Janseva Hospital,18.6754,73.720703,36,2
7637,Mamurdi Gaon,18.674299,73.7183,36,2
7638,Gahunje Phata,18.6719204601656,73.7113000649753,36,2
1404,Ganesh Nagar Anand Park,18.5553,73.928497,35,1
1405,Raghuveer Nagar,18.5516,73.928902,35,1
1406,Aler Ware Housing,18.5488,73.929604,35,1
1407,Jog Enggineering,18.5468338097262,73.9302232861519,35,1
1408,Vishnu Udyog,18.543699,73.931198,35,1
1410,Gagan Honda Showroom,18.5403,73.934502,35,1
1527,Tikone Godown,18.5798,73.990898,35,4
1528,Bhartiya Sanskruti Darshan Trust,18.5774,74.001602,35,4
1529,Thube Vasti,18.5767,74.005203,35,4
1530,Jogeshwari Vidyalay Kesnand,18.576,74.0084,35,4
1531,Hipick Company,18.575001,74.012802,35,4
1532,Kesanandgaon,18.5734,74.021103,35,4
2355,Yerawada Press,18.5638805985686,73.8852640986443,35,1
2356,Bungalow Number 116,18.5648,73.880302,35,1
3152,Baupu Saheb Shelar Nagar,18.4355428840785,73.8910979539366,35,2
3153,Pansare Nagar,18.4354512799625,73.8903093752529,35,2
3154,Aantra Society,18.4364615466149,73.8897514343262,35,2
3155,Ashtvinayak Colony,18.4377,73.888199,35,2
3156,Shikshak Colony Kamthe Nagar,18.439199,73.887497,35,2
3157,Sai Krushn Society,18.4417617510742,73.88647377491,35,2
3158,Tilekar Steel,18.4478,73.885498,35,2
3338,Dhayareshwar Industries,18.456699,73.819298,35,1
3356,Gokul Nagar Narhe Road,18.4602818159205,73.8127720408583,35,1
3357,Surbhi,18.4568,73.819298,35,1
3359,Jk Industries,18.453199,73.828003,35,1
3360,Shree Industries,18.4510513452592,73.8293641805649,35,1
3757,Akashwani,18.4996297010098,73.947883604422,35,2
4070,Kolvihire Phata,18.271999,74.1661,35,2
4747,Mamurdi Gaon,18.6737,73.718102,35,2
5622,Shivanand Enclave Company,18.2836,73.875397,35,3
6308,Krushna Mandir Nigdi,18.662584,73.774391,35,2
642,Krushna Mandir Suncity,18.4751,73.816101,35,2
643,Star Garden,18.476299,73.817802,35,2
645,Shivpushpak Park,18.4785,73.820999,35,2
648,Suncity,18.474701,73.813499,35,2
6900,Takle Chowk Pimplenilakh,18.5676,73.790298,35,2
7630,Gahunje Phata,18.6717133969133,73.7113128034958,35,2
7631,Janseva Hospital,18.675501,73.720596,35,2
7632,Shitla Devi Chowk,18.677099,73.722603,35,2
7633,Shivaji Maharaj Vidhyalay Dehuroad,18.680099,73.726898,35,2
1390,Vishnu Udyog,18.5436,73.931099,34,1
1391,Jog Enggineering,18.5466202054334,73.9302313327789,34,1
1392,Aler Ware Housing,18.548599,73.929604,34,1
1393,Raghuveer Nagar,18.551399,73.928902,34,1
1395,Ganesh Nagar Anand Park,18.555099,73.928398,34,1
1813,Gangadham,18.4800109921932,73.872429728508,34,6
1864,Suskhind Phata Sus Road,18.5464980663735,73.7746461113366,34,4
1865,Abhinav College Sus Road,18.5452,73.778801,34,4
1866,Pandav Nagar Pashan,18.544201,73.7826,34,4
2352,Bungalow Number 116,18.565001,73.879303,34,1
2353,Yerawada Press,18.5639695914356,73.8851836323738,34,1
4053,Sangamwadi Luxury Parking,18.5329,73.859596,34,1
4054,Sangamwadi Phata Brt,18.536301,73.862297,34,1
641,Suncity,18.4748,73.814499,34,2
644,Shivpushpak Park,18.4786,73.820999,34,2
646,Star Garden,18.4765,73.817902,34,2
647,Krushna Mandir Suncity,18.4753,73.8162,34,2
6581,Siddhanta College Sudumbare,18.75968,73.755005,34,2
6582,Chhatrapati Shambhu Raje Chowk Sudumbare,18.756348,73.754395,34,2
6583,Sudumberegaon,18.755606,73.755447,34,2
6584,Panyachi Taki Sudumbare,18.7552459732515,73.7560996386933,34,2
6585,Ganesha  Mandir Sudumbare,18.754499,73.756599,34,2
6601,Ganesh Nagar Sudumbare,18.75,73.75,34,2
6602,Gade Vasti Sudumbare,18.747999,73.759003,34,2
6688,Chondhe Lawns,18.5859346493684,73.7812244999455,34,2
7263,Krushn Hotel Mukai Chowk,18.65971220042,73.7293319467727,34,3
7303,Yamuna Nagar,18.6637621701634,73.7874062823832,34,2
8179,Kudje Vasti / Kudjegaon,18.4232344159589,73.7387586136042,34,6
8606,Sai Palace Sukhsagar Nagar,18.4553613710085,73.8727623303152,34,1
8607,Khandoba Mandir Corner,18.455099,73.873199,34,1
3142,Tilekar Steel,18.4479726802796,73.8854357600212,33,2
3144,Sai Krushn Society,18.4419,73.886497,33,2
3145,Shikshak Colony Kamthe Nagar,18.440399,73.8871,33,2
3146,Ashtvinayak Colony,18.4391,73.887398,33,2
3147,Aantra Society,18.4363215966105,73.8900974392891,33,2
3148,Pansare Nagar,18.4349214614927,73.890399859013,33,2
3149,Baupu Saheb Shelar Nagar,18.4351817072307,73.8908819157365,33,2
3944,Jejuri Naka,18.3438,74.033401,33,4
4051,Sangamwadi Phata,18.5368755089691,73.8626939980873,33,1
4052,Sangamwadi Luxury Parking,18.532801,73.8591,33,1
5274,Zero Boys Bakery,18.632299,73.819801,33,3
5282,Zero Boys Bakery,18.632299,73.82,33,3
5621,Shivanand Enclave Company,18.283899,73.875099,33,3
5799,Annasaheb Magar Stadium,18.6359,73.820999,33,3
5819,Annasaheb Magar Stadium,18.6373,73.821404,33,3
654,Vadgaon Budruk Stand,18.4674,73.822098,33,3
6917,Takle Chowk,18.5676,73.790398,33,2
7288,Electronic Sadan,18.6233080228568,73.8386023834506,33,2
7322,Century Enka Company,18.6274939754193,73.8346596842717,33,2
8609,Khandoba Mandir Corner,18.455133715766,73.8733034377137,33,1
8610,Sai Palace Sukhsagar Nagar,18.4554727192225,73.8727945299723,33,1
1892,Ranware Vasti,18.5492037813461,73.7647604942322,32,3
1893,Tapkir Vasti Susgaon,18.552,73.760696,32,3
1894,Kohinoor Falcon Society,18.5528222477183,73.7579825520516,32,3
1895,Susgaon,18.553301,73.7537,32,3
1896,Shitole Vasti Susgaon Road,18.5536512039782,73.7493860721588,32,3
1897,Lupin Company Phata,18.556,73.737099,32,3
1898,Shinde Vasti Susgaon,18.5529,73.728699,32,3
1899,Dhamale Vasti Nandegaon,18.5539359978112,73.7239935994148,32,3
1900,Nandegaon Phata,18.5576,73.715897,32,3
1911,Power House Ghotawade,18.5237579248094,73.6700114607811,32,5
1913,Vimal Garden,18.5152556316198,73.6768028140068,32,5
2001,Sutarwadi Depot,18.541201,73.779404,32,4
2541,Mira Nagar,18.536501,73.899696,32,2
2542,Rashmi Apartment,18.5361,73.897202,32,2
2543,Kawdewadi,18.534201,73.897102,32,2
2544,Shahu Udyan,18.5329,73.896004,32,2
2545,Annadhanya Godam,18.533199,73.889999,32,2
2546,Sant Gadge Maharaj Shala,18.5331,73.889503,32,2
2547,Budhrani Hospital,18.5331,73.887497,32,2
4570,Iv Villa Lane No. 1,18.583128,74.004295,32,2
4571,Umang Premier Apartment,18.583895,74.000061,32,2
4572,Iv Villa Main Gate,18.584076,73.998688,32,2
4573,Iv Botanica,18.584166,73.998085,32,2
4574,Canvan&#39;S Residency Wagholi,18.5844188235555,73.9963470589284,32,2
4575,Chroma Mall Wagholi,18.586229,73.99427,32,2
6920,Kaspate Chowk,18.589701,73.778503,32,2
106821,Kailas Market,18.5651569256113,73.9159449365831,31,1
1092,Gangaramwadi,18.5872761992806,73.6924380641471,31,6
1094,Icz Company,18.593,73.690102,31,6
1095,K P It Circule,18.591999,73.687302,31,6
2018,Lakaki Bungalow,18.5283102801613,73.8420000672341,31,2
2019,Model Colony,18.5294318194122,73.8382288813591,31,2
2020,Deep Bungalow,18.529699,73.834702,31,2
2021,Municipal Dawakhana Gokhalenagar Road,18.5293275496262,73.8330119848251,31,2
2022,Vetalbaba Chowk,18.529057973787,73.8309600949288,31,2
2343,Ambedkar Bhavan Phule Nagar,18.552601,73.876404,31,1
2344,Ahilya Society,18.5527103637535,73.878376185894,31,1
2345,Bidi Kamgar Vasahat Yerwada,18.5534,73.8825,31,1
2346,Dr. Babasaheb Ambedkar Shashkiy Vastigruh,18.553308684308,73.8847300634101,31,1
2347,Dr. Babasaheb Ambedkar Shashkiy Vastigruh,18.5532,73.8848,31,1
2348,Bidi Kamgar Vasahat Yerwada,18.5532,73.882698,31,1
2349,Ahilya Society,18.552601,73.878403,31,1
2350,Ambedkar Bhavan Phule Nagar,18.552299,73.8759,31,1
3139,Vit College,18.457001,73.883003,31,4
3826,Gangadham Corner,18.4761,73.8739,31,4
6590,Dehu Phata Chakan Road,18.7391,73.755402,31,2
6625,Toll Naka Chakan Road,18.739,73.748001,31,2
6626,Bhandara Dongar Payatha,18.7388,73.739502,31,2
6628,Tolani Institute,18.7381,73.732803,31,2
6629,Soundarya Garden,18.7379,73.725998,31,2
6630,Indory Bypass,18.73801076532,73.7226826138758,31,2
6632,Hanuman Mandir Indori,18.734699,73.718903,31,2
6633,Indorigaon,18.733801,73.716301,31,2
6634,Indori Phata,18.735001,73.709396,31,2
6635,Koteshwar Wadi Phata,18.735701,73.704903,31,2
6636,Malwadi Talegaon Road,18.735399,73.697502,31,2
6637,Mauli Lawns,18.7348,73.693199,31,2
6638,Unique Hospital,18.734501,73.6894,31,2
6639,Manohar Nagar,18.734301,73.686699,31,2
6640,Parulekar Vidyaniketan,18.7342,73.684402,31,2
6641,Bhaji Mandai Talegaon Road,18.7339,73.681702,31,2
6642,Shubham Complex,18.7335,73.677902,31,2
6643,General Hospital Talegaon,18.7331933378783,73.6760437712076,31,2
6644,Talegaon Railway Station,18.7328,73.674599,31,2
6645,Shantai Recidency,18.7283513596419,73.6780125244598,31,2
6893,Sai Nagar Indori,18.7365419560103,73.7209432867978,31,2
696,Azad Nagar Charholi,18.6607,73.892403,31,5
697,Wagheshwarwadi Charholi,18.6612,73.889702,31,5
7101,Dy Patil College Pimpri,18.6206940378273,73.822294628556,31,5
8626,Pimpri Chowk Metro Station,18.629299,73.803299,31,4
106602,Dhayarigaon,18.44754090483,73.8102943984096,30,2
106838,Dehuroad Bazar,18.681102163326,73.7311785128076,30,2
1367,Somnath Nagar,18.556801,73.921402,30,2
1519,Kesanandgaon,18.573299,74.021103,30,4
1520,Hipick Company,18.5748,74.013,30,4
1521,Jogeshwari Vidyalay Kesnand,18.575899,74.0084,30,4
1522,Thube Vasti,18.576599,74.005203,30,4
1523,Bhartiya Sanskruti Darshan Trust,18.577299,74.001503,30,4
1524,Tikone Godown,18.579901,73.990501,30,4
1837,Vimal Garden,18.5152047641011,73.6769288778305,30,5
1839,Power House Ghotawade,18.5232950527627,73.6699283123016,30,5
1854,Nandegaon Phata,18.5577552405443,73.7157511711121,30,3
1855,Dhamale Vasti Nandegaon,18.5541,73.723602,30,3
1856,Shinde Vasti Susgaon,18.552999,73.728798,30,3
1857,Lupin Company Phata,18.556,73.737198,30,3
1858,Shitole Vasti Susgaon Road,18.553699,73.749496,30,3
1859,Susgaon,18.5532925886689,73.7539930113522,30,3
1860,Kohinoor Falcon Society,18.552799,73.758202,30,3
1861,Tapkir Vasti Susgaon,18.5520212587039,73.7608122825623,30,3
1862,Ranware Vasti,18.5492851532584,73.7647417187691,30,3
2012,Vetalbaba Chowk,18.5291,73.830803,30,2
2013,Municipal Dawakhana Gokhalenagar Road,18.5293784129444,73.8329422473908,30,2
2014,Deep Bungalow,18.5298,73.834999,30,2
2015,Model Colony,18.5294,73.838501,30,2
2016,Lakaki Bungalow,18.5282568732655,73.8418391346932,30,2
259,Bhaurao Patil Chowk,18.5652183003927,73.8311725781871,30,2
260,Smile Up Dawakhana,18.5631431469448,73.8304567496165,30,2
2740,Lohegaon Phata,18.5831534552418,73.9787705967969,30,1
2741,Pune Public School,18.5846477140255,73.9731493592262,30,1
2745,Lohegaon Phata,18.5830320583452,73.9790468774744,30,1
307,Dr Sayyad Dawakhana,18.5625456217771,73.8302171718175,30,2
3333,Abhiruchi,18.4640799753523,73.8154360654113,30,2
6924,Suyog School,18.5868,73.965401,30,1
6931,Pune Public School,18.5846985608602,73.9731252193451,30,1
6933,Suyog School,18.586901,73.965302,30,1
6934,Jakat Naka Dhanori Road,18.597099,73.907303,30,1
7252,Katlevasti,18.654499,73.722801,30,2
7254,Manapa Shala Kiwle,18.6577,73.722198,30,2
7255,Aaple Ghar Vrudhashram,18.658327242429,73.7243737874214,30,2
7256,Kotwal Nagar,18.6592401524495,73.7275623639773,30,2
8807,Lohgaon Airport,18.5781670812298,73.907942222752,30,1
106819,Mauli Garden,18.4482066830967,73.867992109463,29,2
261,Dr Sayyad Dawakhana,18.5626371579332,73.8303029947133,29,2
308,Smile Up Dawakhana,18.5635984799064,73.8305049573614,29,2
309,Bhaurao Patil Chowk,18.5654030726482,73.8311010325995,29,2
5912,Chintamani Wear House,18.8011,73.6996,29,4
6283,C K Goal School,18.6436,73.800499,29,1
6284,Auto Cluster,18.6388,73.801003,29,1
6287,Jyotiba Garden,18.620006752383,73.7892826519509,29,1
6302,Jyotiba Garden,18.6199171565535,73.789469008937,29,1
6303,Auto Cluster,18.639,73.800903,29,1
6304,C K Goal School,18.643499,73.8004,29,1
7370,Vadgaon Wireless,18.745199,73.629204,29,2
7371,Borhade Vasti Kamshet Road,18.747299,73.625702,29,2
7372,Jambhulgaon Phata,18.748699,73.621902,29,2
7373,Bramhanwadi,18.7491,73.620399,29,2
7374,Sainagar Kamshet Road,18.7512,73.612602,29,2
7375,Mohitewadi Kamshet Road,18.7528,73.608597,29,2
7376,Sate,18.753799,73.6054,29,2
7377,Nisarg Hotel,18.755699,73.6007,29,2
7378,Kanhe Phata,18.757,73.5942,29,2
7641,Virbaba Chowk Sai Nagar,18.683201,73.714302,29,1
7642,Sai Nagar Mamurdi,18.681,73.712196,29,1
7643,Saikunj Society,18.6777,73.712097,29,1
7644,Saikunj Society,18.677601,73.711899,29,1
7645,Sai Nagar Mamurdi,18.680901,73.711998,29,1
7646,Virbaba Chowk Sai Nagar,18.6835,73.714401,29,1
7764,Jadhavwadi Phata Chikhali,18.681499,73.817398,29,1
2829,Karnadi Gaon Kaman,18.7264156609204,74.0616998076439,28,4
3160,Iscon Mandir,18.4508680740828,73.8800571958217,28,1
3756,Hadapsar Gadital Solapur Road,18.5009086170245,73.9389712154903,28,3
5597,Saraswati Vidyalay Ambavane,18.267099,73.802902,28,4
5614,Malegaon,18.247601,73.871902,28,4
5698,Talekar Vasti,18.266721,73.799249,28,4
6517,Wakad Shala,18.5935,73.7631,28,1
6519,Datta Mandir Wakad Road,18.5963,73.763603,28,1
6520,Janoba Chowk,18.5982,73.763603,28,1
6521,Postal Colony,18.6007,73.763901,28,1
6522,Arya Medical Samrat Chowk,18.603701,73.764603,28,1
6523,Wakad Police Station,18.607401,73.7649,28,1
6524,Shiv Colony Mangal Nagar,18.6103,73.765297,28,1
6525,Dange Chowk Wakad Road,18.6133381828631,73.7659507146208,28,1
6533,Dange Chowk Wakad Road,18.6145,73.765999,28,1
6534,Wakad Phata Wakad Road,18.613281573974,73.7659909398667,28,1
6535,Shiv Colony Mangal Nagar,18.6103,73.765404,28,1
6536,Wakad Police Station,18.607599,73.765099,28,1
6537,Arya Medical Samrat Chowk,18.604,73.7649,28,1
6538,Postal Colony,18.600201,73.764,28,1
6539,Janoba Chowk,18.598101,73.763802,28,1
6540,Datta Mandir Wakad Road,18.5961,73.763802,28,1
6541,Wakad Shala,18.593599,73.763298,28,1
6604,Shantai Recidency,18.7283634161287,73.6779280151524,28,2
6606,General Hospital Talegaon,18.7332,73.675201,28,2
6607,Shubham Complex,18.733601,73.678101,28,2
6608,Bhaji Mandai Talegaon Road,18.7341,73.682297,28,2
6609,Parulekar Vidyaniketan,18.734301,73.684502,28,2
6610,Manohar Nagar,18.734501,73.686996,28,2
6611,Unique Hospital,18.734699,73.690201,28,2
6612,Mauli Lawns,18.735001,73.693604,28,2
6613,Malwadi Talegaon Road,18.735201,73.6968,28,2
6614,Koteshwar Wadi Phata,18.7358,73.704498,28,2
6615,Indori Phata,18.735201,73.709801,28,2
6616,Indorigaon,18.7349,73.713997,28,2
6617,Hanuman Mandir Indori,18.736401,73.715401,28,2
6618,Sai Nagar Indory,18.7376030520549,73.720579801455,28,2
6619,Indory Bypass,18.738052623748,73.7225794001096,28,2
6620,Soundarya Garden,18.7379,73.726196,28,2
6621,Tolani Institute,18.738199,73.733002,28,2
6622,Bhandara Dongar,18.738899,73.737,28,2
6623,Bhandara Dongar Payatha,18.7389240046528,73.7402515397655,28,2
6624,Toll Naka Chakan Road,18.739201,73.747803,28,2
6797,Priyanka Sahakari Gruh Sanstha,18.6527,73.839996,28,2
6798,Sevadharma Hospital,18.6549,73.839996,28,2
6799,Sant Nagar Rto Office,18.6555515903493,73.8436060379094,28,2
6831,Spine Mall / Spine Mall Chowk,18.650499,73.839699,28,2
7266,Manapa Shala Kiwle,18.6576443213317,73.7222984433174,28,2
7268,Katlevasti,18.654499,73.7229,28,2
7269,Jk Towers Kiwale,18.651199,73.7313,28,2
7275,Kotwal Nagar,18.6592204841044,73.7277239558938,28,2
8181,Dhumal Tali,18.432699,73.742699,28,6
8183,Peacock Garden,18.4389,73.75,28,6
8184,Khadakwasla Dharan Stores,18.443001,73.759804,28,6
8679,Saswad Road Railway Station,18.4802,73.944397,28,1
8682,Tukai Mata Mandir Corner,18.4872,73.945099,28,1
8683,Dream Villa,18.4871183731356,73.9430871632171,28,1
8685,Mantri Market Hadapsar,18.4995608685396,73.9396726743241,28,1
8686,Mantri Market Hadapsar,18.4995900634669,73.9395103546574,28,1
8687,Dream Villa,18.4872189514338,73.9438194194271,28,1
8688,Tukai Mata Mandir Corner,18.4872,73.944504,28,1
8689,Saswad Road Railway Station,18.480301,73.944397,28,1
106841,Bhandar City,18.7388520371012,73.73801277383,27,1
1413,Rahul Video,18.5550166843731,73.9255723357201,27,1
1414,Shram Safalya,18.557501,73.926201,27,1
1415,Shram Safalya,18.5574,73.9263,27,1
1416,Rahul Video,18.5549861708088,73.9256232976914,27,1
4106,Jagtap Vasti,18.334801,74.0411,27,2
4110,Purandar Petrol Pump,18.328199,74.064201,27,2
4116,Kadbane Vasti,18.3123,74.086098,27,2
4118,Walunj Phata,18.305901,74.0952,27,2
4127,Malharnagri,18.285101,74.141602,27,2
4977,Chinmay Hotel,18.524099,73.607803,27,4
4978,Paud Shashkiy Vishram Gruh,18.5242,73.603104,27,4
5011,Tahshildar Kacheri Paud,18.5243,73.616402,27,4
5020,Maharashtra Housing Board Corner,18.5588,73.8927,27,1
5021,M 23,18.558201,73.897301,27,1
5022,Shanti Rakshak Society,18.5579865505455,73.8953514912613,27,1
5023,Moze Vidyalay Samta Nagar,18.5595,73.8974,27,1
5519,Pawarwadi Cheladi,18.2630508743501,73.8834000080853,27,3
6589,Kunjari Lawns,18.739901,73.758698,27,1
6834,Shashkiy Vishram Gruh Bhosari /  Sant Nagar,18.647499,73.845703,27,2
6884,Midc Phata Chakan Road,18.754601,73.806,27,1
6888,Poona Pressing Company,18.7424678366681,73.7856978178024,27,1
6889,Khalumbre,18.7416,73.777298,27,1
6890,Sai Niwas Khalumbre,18.7423,73.774002,27,1
6891,Sadumbre Gaon,18.742201,73.7687,27,1
7361,Kanhe Phata,18.7572,73.5942,27,2
7362,Nisarg Hotel,18.7558,73.6007,27,2
7363,Sate,18.754,73.605202,27,2
7364,Mohitewadi Kamshet Road,18.753,73.6082,27,2
7365,Sainagar Kamshet Road,18.751301,73.612801,27,2
7366,Bramhanwadi,18.7493,73.620399,27,2
7367,Jambhulgaon Phata,18.748899,73.621902,27,2
7368,Borade Vasti Kamshet Road,18.747499,73.625801,27,2
7369,Vadgaon Wireless,18.7453,73.629501,27,2
85,Baner Depot,18.5667,73.768997,27,2
1061,Yash Technology,18.5907,73.683098,26,5
1811,Oswal Bandhu Estate,18.4681941742451,73.8761821389198,26,4
1812,Aaimata Mandir,18.4710613220345,73.8752192258835,26,4
4278,Nira,18.102959,74.210472,26,2
4279,Buva Saheb Chowk Nira,18.103018,74.214859,26,2
4280,Chhatrapati Shivaji Maharaj Chowk Nira,18.106493,74.215981,26,2
4281,Krishnai Hotel Nira,18.111113,74.204178,26,2
4282,Pimpre Khurd,18.114889,74.201584,26,2
4283,Thopte Vasti,18.124289,74.19458,26,2
4284,Nandan Dudh Dairy,18.12752,74.19194,26,2
4285,Saraswati Lawns Thopte Wadi,18.130653,74.189957,26,2
4286,Jejuri Mandaki Phata,18.134087,74.186943,26,2
4287,Rakh Gulunche Phata,18.13633,74.185356,26,2
4288,Sanket Mangal Karyalay Pisurti,18.140978,74.181671,26,2
4289,Railway Gate Pisurti,18.143827,74.17952,26,2
4290,Viroba Vasti,18.148054,74.176491,26,2
4291,Pisurti Phata,18.153822,74.172813,26,2
4292,Bolhai Basti Pisurti,18.159718,74.170166,26,2
4293,Hp Petrol Pump Kamathwadi,18.163677,74.168617,26,2
4294,Kamath Wadi,18.166656,74.167763,26,2
4295,Sukal Wadi Phata,18.173647,74.165344,26,2
4296,Malwadi Valhe,18.184444,74.157074,26,2
4297,Railway Station Valhe,18.182688,74.158836,26,2
4298,St Stand Valhegaon,18.187429,74.154907,26,2
4299,Panyachi Taki Valhe,18.187551,74.154938,26,2
4300,Wagdar Wadi Phata,18.190142,74.155197,26,2
4301,Vitbhatti Valhe,18.197428,74.157478,26,2
4302,Patar Mala,18.1980410673482,74.1579615754219,26,2
4303,Ramsingh Dhaba,18.200602,74.158432,26,2
4304,Daundj Gaon,18.206701,74.160286,26,2
4305,Patangrao Kadam Vidyalaya Daundaj,18.216042,74.163139,26,2
4306,Kadam Vasti Daundaj,18.220293,74.16433,26,2
4307,Bhairavnath Nagar,18.224663,74.165962,26,2
4308,Jagtap Mala Daundj,18.228283,74.167236,26,2
4309,Balajichi Wadi Phata,18.230869,74.168076,26,2
4310,Malhargarh Hotel Bhorwadi,18.234755,74.169518,26,2
4311,Daundaj Khind,18.239157,74.171661,26,2
4312,Bhorwadi,18.245722,74.178452,26,2
4314,Surya Lawns,18.259138,74.174156,26,2
4315,Midc Jejuri,18.261101,74.172966,26,2
4334,Walunj Phata,18.306026,74.095024,26,2
4336,Kadbane Vasti,18.312763,74.08519,26,2
4342,Purandar Petrol Pump,18.327435,74.065269,26,2
4346,Jagtap Vasti,18.334229,74.042984,26,2
4973,Paud Shashkiy Vishram Gruh,18.5242,73.607697,26,4
4974,Chinmay Hotel,18.5231,73.613602,26,4
5010,Tahshildar Kacheri Paud,18.5243,73.616501,26,4
5489,Pawarwadi Cheladi,18.263,73.883202,26,3
6774,Sant Nagar Rto Office,18.6554626496319,73.8442028307301,26,2
6775,Sevadharma Hospital,18.6549,73.840202,26,2
6776,Priyanka Sahakari Gruh Sanstha,18.653099,73.840202,26,2
6778,Sant Sai Chowk,18.650801,73.845299,26,2
6876,Sai Niwas Khalumbre,18.7421,73.766296,26,1
6877,Khalumbre,18.742399,73.774101,26,1
6878,Poona Pressing Company,18.74234972138,73.7852840903491,26,1
106731,Sangam Collection Tulsi Park,18.7423674051242,73.8957265114466,25,2
1115,Ganesh Nagar Gali No 4,18.5893865737514,73.8626772165299,25,1
1117,Ram Nagar Bopkhel,18.587601,73.859001,25,1
1119,Bopkhel,18.5868,73.854401,25,1
1121,Geet Govind Lawns,18.5875,73.8582,25,1
1129,Police Line Phule Nagar,18.5689607412736,73.8707533478737,25,1
1130,Mula House,18.573,73.867104,25,1
1131,Ordinance Club,18.5728990666689,73.8636643148935,25,1
1132,Arsenal Factory Gate,18.569599,73.856796,25,1
1133,Ammunition Factory Gate,18.5683,73.856697,25,1
1134,Ammunition Stores,18.567801,73.856499,25,1
1135,Vehicle Depot Khadki,18.5655,73.854897,25,1
1136,Trikonibaug,18.5637915263525,73.8533968237613,25,1
1183,Botanical Garden,18.5627,73.825798,25,1
1184,Spicer College Press,18.562799,73.820702,25,1
1185,Spicer College,18.562799,73.8181,25,1
1194,Mahaurja Pradhikaran Karyalay Pune,18.5627744620751,73.8218106337285,25,1
1195,Sangvi Phata Wakad Road,18.574045,73.805901,25,1
1790,Aaimata Mandir,18.4713,73.875198,25,4
1791,Oswal Bandhu Estate,18.4680847790148,73.8762706518173,25,4
2830,Karandi Phata,18.7129113162904,74.0580064058304,25,4
4075,Janki Hotel,18.281099,74.153,25,2
4077,Malharnagri,18.284901,74.141296,25,2
4078,Mseb Power House Jejuri Road,18.286301,74.137199,25,2
4079,Hotel Mauli Dhaba,18.2883,74.1315,25,2
4080,Belsar Phata,18.2897,74.127502,25,2
4081,Sakurdi Phata,18.2904,74.125603,25,2
4084,Shivparvati Lawns,18.2983,74.105499,25,2
4085,Nulunj Phata,18.3013,74.101196,25,2
4086,Walunj Phata,18.305599,74.095299,25,2
4088,Kadbane Vasti,18.312,74.086098,25,2
4090,Khalad Phata,18.3158,74.079697,25,2
4092,Kamthe Petrol Pump,18.320999,74.0728,25,2
4094,Purandar Petrol Pump,18.3283,74.063797,25,2
4098,Jagtap Vasti,18.334499,74.041199,25,2
5016,Moze Vidyalay Samta Nagar,18.5595,73.897598,25,1
5017,Shanti Rakshak Society,18.557899,73.895103,25,1
5018,M 23,18.558201,73.8974,25,1
5019,Maharashtra Housing Board Corner,18.5588,73.892601,25,1
6131,Jadhavwadi Phata Chikhali,18.68,73.819298,25,1
6132,Vadachi Talim,18.6762134858734,73.8221168675854,25,1
6133,Subhash Nagar,18.6714490741067,73.8242169977972,25,1
6134,Savtamali Mandir Chikhali,18.6688,73.824898,25,1
6135,Jadhavwadi Chikhali,18.665701,73.8255,25,1
6136,Cng Pump Corner,18.6639376105407,73.824388685472,25,1
6137,Raje Shivaji Phata,18.6615194796618,73.8251434025309,25,1
6138,Spine Road Breez,18.658899,73.826599,25,1
6139,Tata Material Gate,18.653601,73.825104,25,1
6140,Shabri Enterprises,18.650299,73.822899,25,1
6141,Maruti Suzuki Showroom,18.6474,73.822701,25,1
6149,Maruti Suzuki Showroom,18.647699,73.822601,25,1
6150,Shabri Enterprises,18.650801,73.822998,25,1
6151,Tata Material Gate,18.653799,73.824997,25,1
6152,Spine Road Breez,18.6591,73.8265,25,1
6153,Raje Shivaji Phata,18.6640621020549,73.8243296689843,25,1
6154,Cng Pump Corner,18.664597661104,73.8247011404691,25,1
6155,Jadhavwadi Chikhali,18.6657233937796,73.8253770624004,25,1
6156,Savtamali Mandir Chikhali,18.6689,73.824799,25,1
6157,Vadachi Talim,18.676421213407,73.8219565786414,25,1
6158,Jadhavwadi Phata Chikhali,18.680099,73.819199,25,1
6466,Subhash Nagar,18.6715602813813,73.8241512771019,25,1
6998,Sambhaji Nagar Shikrapur Road,18.7341,73.928299,25,2
7379,Saibaba Seva Dham,18.757299,73.5877,25,1
7380,Aahirwade,18.757099,73.583504,25,1
7381,Naygaon Dudh Sankalan Kendr,18.757601,73.576599,25,1
7382,Naygaon Maval,18.7584,73.573097,25,1
7383,Gurudatta Mangal Karyalay,18.7603,73.566597,25,1
7384,Kamal Hospital,18.761999,73.561203,25,1
7385,Kamshet,18.7612,73.557404,25,1
7386,Dhavde Colony,18.7596,73.553802,25,1
7387,Darga Khind,18.758301,73.550903,25,1
7388,Khamshet,18.761499,73.538803,25,1
7389,Gaikevasti,18.7593,73.5345,25,1
7390,Pathargaon,18.7561,73.527702,25,1
7391,Tajegaon Phata,18.7580606389001,73.5185873534751,25,1
7392,Mundhavare,18.7589641197935,73.517271733898,25,1
7393,Wet And Joy Water Park,18.759922883825,73.5159755544192,25,1
7394,Phangne,18.763901,73.510498,25,1
7395,Samudra Institute,18.7665,73.505898,25,1
7396,Takwegaon Phata,18.7672,73.502197,25,1
7397,Shilatne,18.7658,73.495499,25,1
7398,Grace Land Company,18.7642,73.488197,25,1
7399,Carla Phata,18.7624,73.480103,25,1
7400,Ekvira Vidya Mandir,18.7614,73.477203,25,1
7401,Ayurved Kendr Lonavala,18.759899,73.468498,25,1
7402,Suraj Dhaba,18.760599,73.4646,25,1
7403,Sheetal Dhaba,18.7617,73.452797,25,1
7405,Khadi Machine Vaaksai,18.761,73.446503,25,1
7406,Versoli Tolnaka,18.7591,73.4356,25,1
7408,Fast Food Hotel,18.759399,73.429901,25,1
7409,Purandhare College,18.7603940233444,73.4253872760068,25,1
7410,Mapero Garden,18.7603,73.419403,25,1
7411,Narayani Temple,18.7585044406601,73.4150674807666,25,1
7412,Pdcc Bank Lonavala,18.755699,73.409203,25,1
7413,St Stand Lonavala,18.753092229704,73.4084424034615,25,1
7743,Devi Link,18.629463,73.794395,25,3
8526,Kolwanphata,18.526199,73.618401,25,2
8531,Balkawade Vasti,18.5345,73.641296,25,2
8533,Dhamale Vasti Darawali Road,18.534599,73.6521,25,2
8535,Aquarius Engineers,18.534,73.661102,25,2
8851,Manik Colony,18.6306585292305,73.7906015499977,25,3
8852,Bakwoulf Colony,18.6303033587672,73.7920332428318,25,3
988,Gawade Petrol Pump,18.629994448379,73.7928538225945,25,3
1101,Trikonibaug,18.5637305026669,73.8532680701324,24,1
1102,Vehicle Depot Khadki,18.5655,73.854797,24,1
1103,Ammunition Stores,18.567801,73.8564,24,1
1104,Ammunition Factory Gate,18.568399,73.856598,24,1
1105,Arsenal Factory Gate,18.569901,73.856796,24,1
1106,Ordinance Club,18.5729651721071,73.863503389032,24,1
1107,Mula House,18.573099,73.866898,24,1
1109,Police Line Phule Nagar,18.5690395610358,73.8705173134804,24,1
1118,Geet Govind Lawns,18.5875,73.858299,24,1
1120,Bopkhel,18.586901,73.854401,24,1
1122,Ram Nagar Bopkhel,18.5877,73.8591,24,1
1124,Ganesh Nagar Gali No 4,18.5894374191719,73.8626530766487,24,1
1152,Sangvi Phata Wakad Road,18.5740889606362,73.8060772868854,24,1
1154,Spicer College,18.563,73.8181,24,1
1155,Spicer College Press,18.5629219367712,73.8205933953291,24,1
1156,Botanical Garden,18.562799,73.825798,24,1
1191,Mahaurja Pradhikaran Karyalay Pune,18.5628914247755,73.8220632567397,24,1
1274,Maruti Mandir Santosh Nagar,18.449699,73.851997,24,1
2864,Panyachi Taki Karandi,18.7276,74.052597,24,4
3234,Holkar Chowk,18.48008,73.902397,24,1
3235,Salunke Vihar,18.4811,73.905296,24,1
3238,Kedari Nagar Chowk,18.486601,73.900299,24,1
3253,Salunke Vihar,18.4811430236752,73.9051902294159,24,1
3272,Holkar Chowk,18.477501,73.902199,24,1
3275,Kedari Nagar Chowk,18.486601,73.9002,24,1
3852,Sangvi Phata Wakad Road,18.572599,73.807297,24,2
4137,Midc Jejuri,18.257299,74.175201,24,1
5133,Krushnkunj Society,18.713301,73.763298,24,2
5134,Malwadi Dehu,18.7113,73.761002,24,2
5135,Radha Krishna Lawns,18.7092,73.760696,24,2
5136,Zendemala,18.702101,73.760002,24,2
5137,Cod Depot,18.6994,73.759201,24,2
5138,Tukaram Park,18.698099,73.756897,24,2
5140,Chincholi,18.6897042415215,73.7495698100508,24,2
5141,Ashok Nagar Dehu,18.685801,73.747704,24,2
5143,Dehu Road Station,18.6787334506906,73.7418550886206,24,2
6560,Mahadev Mandir Paduka,18.693275,73.753113,24,2
7229,Mukai Chowk Corner,18.6611,73.731796,24,1
7230,Indraprabha,18.6678992150145,73.7279142954317,24,1
7231,Kulkarni Hospital,18.6689,73.728798,24,1
7232,Tc Colony Vikas Nagar,18.6698,73.7304,24,1
7233,Vikas Nagar,18.6723,73.7323,24,1
7234,Aabhivhila Hotel,18.6745,73.733597,24,1
7235,Shankar Mandir Dehuroad,18.6777,73.733101,24,1
7250,Jk Towers Kiwale,18.651199,73.731201,24,1
7257,Krushn Hotel Mukai Chowk,18.6597572641571,73.7293520699148,24,1
8725,Khalate Nagar Mamta Foundation,18.429701,73.873703,24,1
8726,Pawar Nagar,18.4312826791658,73.8727200533083,24,1
8727,Pawar Vasti Gujarwadi Road,18.4344418161756,73.8686431113844,24,1
8729,Narmada Nagar Nibalkar Vasti,18.438601,73.867203,24,1
8730,Sai Nisarg Society,18.4403807627915,73.8662143776959,24,1
8731,Kadam Banglow,18.440700739003,73.8648692380409,24,1
8732,Sugandhtara Society,18.4403,73.863998,24,1
8734,Kinara Hotel Katraj,18.444901,73.8592,24,1
8735,Kinara Hotel Katraj,18.4438,73.8592,24,1
8736,Gujarwadi New Bus Stop,18.4405,73.8601,24,1
8737,Sugandhtara Society,18.4405,73.864098,24,1
8738,Kadam Banglow,18.4407770650542,73.8648021959645,24,1
8739,Sai Nisarg Society,18.4403075846864,73.8664047961275,24,1
8740,Narmada Nagar Nibalkar Vasti,18.438499,73.867302,24,1
8741,Pawar Vasti Gujarwadi Road,18.4344386344096,73.8689140197545,24,1
8742,Pawar Nagar,18.4315403396819,73.8726094338822,24,1
8743,Khalate Nagar Mamta Foundation,18.4296,73.873596,24,1
1098,Exabier Company,18.5899967177183,73.6794716119766,23,4
1956,Sonya Maruti Chowk,18.516001,73.859802,23,4
4899,Jilha Parishad Shala Chale,18.551001,73.6007,23,4
4930,Dongargaon,18.5746,73.543404,23,4
5484,Harichandri,18.236099,73.906403,23,2
5485,Khutwad Vasti,18.2453,73.897797,23,2
5486,Kamthadi,18.2526,73.891998,23,2
5487,Degaon Phata,18.254601,73.890297,23,2
5521,Degaon Phata,18.255699,73.889603,23,2
5522,Kamthadi,18.252701,73.892197,23,2
5523,Khutwad Vasti,18.245399,73.898102,23,2
5524,Harichandri,18.2363,73.906502,23,2
5563,Bhumkar Complex,18.4464,73.826302,23,1
576,Mhalungegaon,18.5746,73.755402,23,1
6821,Sarunkhe Empire Society,18.665001,73.807899,23,1
6822,Ganesh Pride Society,18.6630723884343,73.8148846709812,23,1
6823,Tata Indica Gate,18.662544351814,73.8189867165161,23,1
6824,Jadhav Sarkar Chowk,18.662201,73.823402,23,1
6825,Rajmata Jijau Chowk,18.6595,73.827202,23,1
6826,Kranti Chowk Corner,18.658701,73.827904,23,1
6827,Tulsi Landmark Society,18.657499,73.8293,23,1
6828,Navkar Society,18.6565,73.830498,23,1
6829,Sardar Vallabhbhai Patel Chowk,18.6539,73.833702,23,1
6830,Badminton Hall,18.652201,73.836304,23,1
6832,Sant Sai Chowk,18.6504,73.845398,23,1
6833,Santnagar Bhosari,18.6485,73.845596,23,1
6836,Tirupati Chowk,18.6509,73.861198,23,1
6837,Nm Engineering Society,18.6507,73.865501,23,1
6838,Yashobhoomi Heights,18.6507,73.871201,23,1
6839,Ravikiran Society,18.6521,73.876297,23,1
6840,Rkl Galaxy School,18.6537,73.880501,23,1
6841,Alkapuram Society,18.6542,73.881897,23,1
6908,Phule Nagar Landewadi,18.6208,73.824799,23,3
7326,St Stand Lonavala,18.754,73.406998,23,1
7327,Pdcc Bank Lonavala,18.7558,73.409203,23,1
7328,Narayani Temple,18.7587368368527,73.4152089784688,23,1
7329,Mapero Garden,18.760401,73.419502,23,1
7330,Purandhare College,18.760401,73.425201,23,1
7331,Fast Food Hotel,18.759501,73.429802,23,1
7333,Versoli Tolnaka,18.7605,73.440697,23,1
7334,Khadi Machine Vaaksai,18.761101,73.446198,23,1
7336,Sheetal Dhaba,18.760799,73.458603,23,1
7337,Suraj Dhaba,18.760799,73.464798,23,1
7338,Ayurved Kendr Lonavala,18.760099,73.468803,23,1
7339,Ekvira Vidya Mandir,18.7616,73.477303,23,1
7340,Carla Phata,18.7626,73.4804,23,1
7341,Grace Land Company,18.764299,73.488297,23,1
7342,Shilatne,18.7659050705606,73.4955981373787,23,1
7343,Takwegaon Phata,18.7673196399908,73.5021997236592,23,1
7344,Samudra Institute,18.7666,73.506104,23,1
7345,Phangne,18.764,73.510597,23,1
7346,Wet And Joy Water Park,18.7600536895659,73.515999019146,23,1
7347,Mundhavare,18.7589756761905,73.5175574456985,23,1
7348,Tajegaon Phata,18.7579273253414,73.5189521996459,23,1
7349,Pathargaon,18.7563,73.527901,23,1
7350,Gaikevasti,18.759399,73.5345,23,1
7351,Khamshet,18.7617,73.538696,23,1
7352,Darga Khind,18.758699,73.551201,23,1
7353,Dhavde Colony,18.7598,73.553596,23,1
7354,Kamshet,18.7617,73.557602,23,1
7355,Kamal Hospital,18.7623,73.561302,23,1
7356,Gurudatta Mangal Karyalay,18.7603,73.567001,23,1
7357,Naygaon Maval,18.7585170765811,73.5732105348038,23,1
7358,Naygaon Dudh Sankalan Kendr,18.7577,73.577003,23,1
7359,Aahirwade,18.757299,73.583603,23,1
7360,Saibaba Seva Dham,18.757401,73.5877,23,1
8077,Kapurhoal,18.2321,73.912598,23,2
8078,Kapurhoal,18.2325256200761,73.912692349622,23,2
106475,Indian Oil Petrol Pump Tulapur,18.6707195411343,73.9889509150451,22,2
106703,Gharkul Ravet,18.665655252393,73.7421530454547,22,3
106704,Mhaskevasti Corner Ravet,18.6637520140295,73.7457004346966,22,3
106705,Bhondve Patil Estate Ravet,18.6595767582069,73.7541374132428,22,3
106706,Ganeshanagar Ravet,18.6566213706669,73.7562623398088,22,3
106796,Rajaram Pul Corner,18.4895248311542,73.8270092717075,22,1
1917,Mahadev Mandir Mehendale Garage,18.505699,73.833,22,3
1918,Mehandale Garage,18.5047944081924,73.831552863121,22,3
1919,Date Engineering,18.5029706866514,73.8294634222984,22,3
1920,Karnatak High School,18.5016734670926,73.8271138072014,22,3
2002,Sutarwadi Pashan,18.5387,73.781502,22,3
3246,Pune Station Depot,18.5270792964466,73.8764947346827,22,4
3730,Shindavane Phata,18.487499,74.133202,22,3
4067,Midc Jejuri,18.257299,74.175102,22,1
4068,Mseb Jejuri Midc,18.2635373949767,74.1712817146666,22,1
4069,Hotel Sai Sagar,18.2698,74.167503,22,1
4071,Gramin Rugnalay Jejuri,18.275672517856,74.1637498245527,22,1
5045,Tulapur Gaon,18.6691,73.994102,22,2
5047,Nirgudkar Farm,18.6649,74.001099,22,2
5054,Raysoni Farm,18.646,74.022697,22,2
5073,Vishwa Sankruti,18.669701,73.991699,22,2
5160,Dehu Road Station,18.6786312104696,73.7419200999744,22,2
5161,Dehugaon Phata Dehu Road,18.6796502610794,73.7421446909304,22,2
5162,Ashok Nagar Dehu,18.6861,73.747704,22,2
5163,Chincholi,18.6898408193882,73.749603331089,22,2
5164,Mahadev Mandir Paduka,18.6933,73.753197,22,2
5165,Tukaram Park,18.697701,73.756302,22,2
5166,Cod Depot,18.699699,73.759499,22,2
5167,Zendemala,18.702299,73.759903,22,2
5168,Radha Krishna Lawns,18.709299,73.760597,22,2
5169,Malwadi Dehu,18.7115,73.761002,22,2
5170,Krushnkunj Society,18.713499,73.763397,22,2
5252,Kendur Chaufula,18.7166,74.047096,22,3
6165,Pimpri Nagar Ma Na Pa Shala,18.6133,73.805099,22,2
6800,Alkapuram Society,18.6541,73.881897,22,1
6801,Rkl Galaxy School,18.653601,73.880402,22,1
6802,Ravikiran Society,18.651899,73.876404,22,1
6803,Yashobhoomi Heights,18.6506,73.8713,22,1
6804,Nm Engineering Society,18.6507,73.863602,22,1
6805,Tirupati Chowk,18.650801,73.861397,22,1
6808,Shashkiy Vishram Gruh Bhosari,18.647301,73.848602,22,1
6809,Santnagar Bhosari,18.6476,73.845497,22,1
6810,Spine Mall,18.6504,73.839798,22,1
6811,Badminton Hall,18.6518,73.836098,22,1
6812,Sardar Vallabhbhai Patel Chowk,18.6539,73.833199,22,1
6813,Navkar Society,18.6563,73.8302,22,1
6814,Tulsi Landmark Society,18.6572,73.828903,22,1
6815,Kranti Chowk Corner,18.659401,73.8265,22,1
6816,Rajmata Jijau Chowk,18.6611,73.824699,22,1
6817,Jadhav Sarkar Chowk,18.6616,73.8228,22,1
6818,Tata Indica Gate,18.6622814171807,73.8183342593115,22,1
6819,Ganesh Pride Society,18.662701,73.8144,22,1
6820,Sarunkhe Empire Society,18.663401,73.810898,22,1
6906,Tukaram Nagar Police Chowki,18.623699,73.818497,22,3
6909,Phule Nagar Landewadi,18.620701,73.824799,22,3
7236,Shankar Mandir Dehuroad,18.677799,73.733299,22,1
7237,Aabhivhila Hotel,18.6744,73.733704,22,1
7238,Vikas Nagar,18.6721,73.7323,22,1
7239,Tc Colony Vikas Nagar,18.6698,73.730499,22,1
7240,Kulkarni Hospital,18.6688,73.728798,22,1
7241,Indraprabha,18.667601,73.727898,22,1
7242,Mukai Chowk Corner,18.6609,73.732697,22,1
7245,Adarsh Nagar,18.6647,73.739899,22,3
7267,Kiwalegaon,18.656799,73.720703,22,1
7276,Aaple Ghar Vrudhashram,18.6577491824409,73.7226906394645,22,1
7885,Cipla Center Warje,18.4860169532237,73.7971768572583,22,2
8362,Kudaje Vasti,18.4215268072469,73.7387860537719,22,4
8396,Jated Phata,18.4354,73.634201,22,2
8397,Dighewadi Phata,18.432301,73.636497,22,2
106712,Patas,18.43186,74.45855,21,2
2017,Ghole Road Press,18.5236,73.846199,21,1
3693,Atakirevasti,18.4867,74.162201,21,2
4420,Shingad Collage Ambegaon,18.4628471634229,73.8363768015705,21,1
4421,Saurabh Palace,18.4610473099185,73.8359973439439,21,1
4422,Vishv Vihar Society,18.4588347851169,73.835628494183,21,1
4423,Indu Lawns,18.4576,73.835403,21,1
4424,Shivshrushti,18.4564,73.835602,21,1
4433,Shivshrushti,18.4564,73.835503,21,1
4434,Indu Lawns,18.4575,73.835297,21,1
4435,Vishv Vihar Society,18.4589212841482,73.8355849168333,21,1
4436,Saurabh Palace,18.4610899699904,73.835947711243,21,1
4437,Shingad Collage Ambegaon,18.4628933144467,73.8364344966771,21,1
4446,Teliphone Bhavan Dhankwadi,18.463301,73.854103,21,1
4447,Rajmudra Society,18.462099,73.852898,21,1
4449,Mohan Nagar Dhankawadi,18.460199,73.848801,21,1
4450,Raje Chowk,18.4594,73.845901,21,1
4451,Ambegaon Pathar Corner,18.460699,73.845703,21,1
4452,Ganesh Nagar Ambegaon Pathar,18.462799,73.845802,21,1
4454,Saisiddhi Chowk,18.4625,73.8424,21,1
4455,Narayani Nagar,18.459,73.841301,21,1
4456,Mangde Nagar,18.457399,73.840698,21,1
4457,Chintamani Dnyanpith,18.4557,73.839996,21,1
5663,Velhe,18.293041,73.637557,21,2
5664,Pawar Maal,18.295694,73.639129,21,2
5665,Panchayat Samiti Velhe,18.297648,73.640162,21,2
5666,Torana Petrol Pump,18.299965,73.641051,21,2
5667,Government Rest House Velhe,18.302647,73.642529,21,2
5668,Kadve Phata,18.303777,73.644954,21,2
5670,Khodad Phata,18.303306,73.652565,21,2
5672,Pabe Phata,18.306801,73.670898,21,2
5682,Amriteshwar Mahavidhyalay Vinzer,18.2948,73.720497,21,2
5685,Suvarna Agro Fram,18.291201,73.729301,21,2
5699,Mahaveer Company,18.2616196037739,73.884048989586,21,2
578,Sutar Vasti,18.5686,73.750801,21,1
6117,Gaikwad Vasti Nandegaon,18.552601,73.714996,21,1
6118,Shitole Vasti Lavale,18.5413,73.712196,21,1
6119,Gawade Vasti,18.5387,73.709999,21,1
6120,Satav Vasti,18.5352,73.706001,21,1
6121,Lavlegaon,18.527399,73.7034,21,1
6122,Bharati Vidyapith Lavale,18.5259,73.699997,21,1
6123,Rautwadi,18.5247,73.6978,21,1
6124,Inamdar Vasti Rahutwadi,18.5197852858097,73.6962515010547,21,1
6125,Raut Nagar,18.517401,73.695801,21,1
6126,Detwayalar Company,18.5137,73.695,21,1
8873,Rupee Nagar,18.6766,73.782402,21,1
8874,Dharjai Mandri,18.6757377288751,73.7822096036637,21,1
8875,Vande Mataram Chowk,18.674999,73.782097,21,1
8876,Gosavi Hospital,18.6737,73.781898,21,1
8878,Mahadev Mandir Rupeenagar,18.670401,73.781097,21,1
8880,Kalbhor Gotha,18.6680523338524,73.779501914978,21,1
8881,Aazad Chowk Manapa Davakhana,18.668699,73.776901,21,1
8882,Ankush Chowk,18.6663,73.776001,21,1
8883,Ankush Chowk,18.667,73.775803,21,1
8884,Aazad Chowk Manapa Davakhana,18.6688,73.776604,21,1
8885,Kalbhor Gotha,18.6680554777772,73.7790915185902,21,1
8887,Mahadev Mandir Rupeenagar,18.670401,73.780998,21,1
8888,Gosavi Hospital,18.6735,73.781799,21,1
8889,Vande Mataram Chowk,18.674999,73.781998,21,1
8890,Dharjai Mandri,18.6758513110559,73.7821827868331,21,1
8891,Rupee Nagar,18.6766,73.782303,21,1
1060,Exabier Company,18.5900679010478,73.6793670058251,20,4
1921,Ganesh Nagar Mehendale Garage,18.50015748833,73.8258236646652,20,2
1923,Navsahayadri,18.4953,73.828697,20,2
1933,Navsahayadri,18.495701,73.828003,20,2
1934,Ganesh Nagar Mehendale Garage,18.500238883508,73.8257700204849,20,2
3067,Bhat Nagar Udaybaug,18.509199,73.906998,20,2
3068,Kalashankar,18.5196,73.906502,20,2
3069,Vatare Mala,18.525101,73.906197,20,2
3070,Pawar Baug,18.526501,73.906097,20,2
3071,Shirke Company Devki Palace,18.5289,73.905998,20,2
4458,Chintamani Dnyanpith,18.455799,73.839996,20,1
4459,Mangde Nagar,18.4576,73.840698,20,1
4460,Narayani Nagar,18.459299,73.841301,20,1
4461,Saisiddhi Chowk,18.462601,73.8423,20,1
4462,Ganesh Nagar Ambegaon Pathar,18.4629,73.846001,20,1
4463,Ambegaon Pathar Corner,18.4608,73.845901,20,1
4464,Raje Chowk,18.4594,73.846001,20,1
4465,Mohan Nagar Dhankawadi,18.460199,73.8489,20,1
4466,Rajmudra Society,18.462299,73.852898,20,1
4467,Teliphone Bhavan Dhankwadi,18.463301,73.853897,20,1
6484,Ganesh Mandir- Pimple Saudagar,18.6005721587382,73.7938443485861,20,1
6737,Dairy Farm Tathawade,18.6202772564616,73.7613687423158,20,2
6864,Urse Phata,18.698,73.659302,20,4
6866,Shantai Nivas,18.7006,73.665604,20,4
6867,Bhote Vasti,18.7015,73.669403,20,4
6868,Chaurai City,18.702999,73.672798,20,4
6869,Sylvana Residency,18.704,73.677101,20,4
6870,Chaurai Nagar,18.704201,73.680702,20,4
6871,Sparsh Hospital,18.7036,73.684303,20,4
7742,Bhat Nagar,18.6265816492395,73.7978113488681,20,2
7748,Nilayam Talkies,18.5028,73.8508,20,4
7812,Sinhgad,18.3797209100236,73.7681943732576,20,1
7813,Tilakbaug,18.3945877101747,73.766773477634,20,1
7817,Krushnai Water Park,18.4073628095901,73.7678698312263,20,1
8067,Sarola,18.1777,73.954803,20,1
8068,Amruta Hotel,18.183701,73.953003,20,1
8069,Surya Dhaba,18.196899,73.948601,20,1
8070,Vagajwadi Phata,18.2008,73.946297,20,1
8071,Kikvi,18.202499,73.944603,20,1
8072,Krushi Utpanna Bajar Samiti Kikvi,18.206499,73.936699,20,1
8073,Adbalsidh Mandir,18.208799,73.9338,20,1
8074,Dhangwadi,18.2157,73.927399,20,1
8075,Rajgad Sakar Karkhana Nigde,18.2209,73.922699,20,1
8076,Bhor Phata,18.228399,73.915901,20,1
8079,Bhor Phata,18.229,73.916,20,1
8080,Rajgad Sakar Karkhana Nigde,18.2215,73.922699,20,1
8081,Dhangwadi,18.216499,73.9272,20,1
8082,Adbalsidh Mandir,18.2092,73.933998,20,1
8083,Krushi Utpanna Bajar Samiti Kikvi,18.206499,73.937103,20,1
8084,Kikvi,18.2029,73.944504,20,1
8085,Vagajwadi Phata,18.201401,73.946404,20,1
8086,Surya Dhaba,18.1964,73.949203,20,1
8087,Amruta Hotel,18.183701,73.953499,20,1
8088,Sarola,18.1779,73.9552,20,1
8559,Bhagvati Nagar,18.5366,73.790604,20,2
8571,Vitthal Nagar Pashan,18.537077633461,73.7938114974427,20,2
2216,Tapkir Nagar Rahatni,18.6598,73.895103,19,3
3062,Shirke Company Devki Palace,18.5289,73.906197,19,2
3063,Pawar Baug,18.5264,73.906303,19,2
3064,Vatare Mala,18.525101,73.906303,19,2
3065,Kalashankar,18.5196047484633,73.9066198468208,19,2
3066,Bhat Nagar Udaybaug,18.5091946603202,73.9071536064148,19,2
3872,Makan Hospital,18.5761230108862,73.8197484638763,19,2
5395,Emuji Company,18.350324990768,73.8107040130014,19,2
5405,Bande Farm House,18.347401,73.850197,19,2
5909,Greenbase Industrial Park Navlakh Umbre,18.8139,73.700798,19,2
8186,Khadakwasla Phata,18.4459007887017,73.761399804677,19,4
8374,Sangrun Phata,18.4058071521502,73.6827914818024,19,2
8375,Pate Developers,18.402201,73.680099,19,2
1810,Kakade Vasti,18.4646858598988,73.8774535059929,18,3
1924,United Western Sabhagruha,18.4923802487125,73.8275590617872,18,1
1925,Madhusanchay Society,18.490999,73.827103,18,1
1927,Gosavi Vasti,18.4916,73.8153,18,1
1928,Karve Nagar Corner,18.489799,73.815102,18,1
1930,Gosavi Vasti,18.491501,73.815102,18,1
1931,Madhusanchay Society,18.491199,73.827103,18,1
1932,United Western Sabhagruha,18.4925456110881,73.8276126954484,18,1
1935,Karnatak High School,18.501801,73.827103,18,1
1936,Date Engineering,18.5031360179275,73.8294741511345,18,1
1937,Mehandale Garage,18.5047969517234,73.8314214348793,18,1
1938,Mahadev Mandir Mehendale Garage,18.5051708504488,73.8333231210709,18,1
2372,Bakori Phata,18.589584870728,73.9974313974381,18,2
2432,Pabalphata,18.6961,74.139297,18,2
2817,Kendur Phata Kaman,18.7827,74.0411,18,4
3059,Farshi Karkhana,18.531,73.913696,18,1
3060,Pingle Vasti Mundhwa Road,18.530399,73.9105,18,1
3061,Anant Talkies,18.5294,73.902496,18,1
3072,Anant Talkies,18.529302118039,73.9023739099503,18,1
3073,Pingle Vasti Mundhwa Road,18.5306,73.9105,18,1
3074,Farshi Karkhana,18.5312,73.914001,18,1
3367,Zilla Parishad Shala Kesnand,18.5720111727686,74.0219528326662,18,1
3368,Kalubai Mandir Kesnand,18.5699777686672,74.0213003754616,18,1
3369,O X Y Residency,18.5679564206934,74.0214237570763,18,1
3370,Patil Vasti Kesnand Road,18.563394951386,74.0227273106575,18,1
3371,Ganeshnagar Kesnand Road,18.559601,74.023697,18,1
3373,Shumbhakar Park,18.5494682397448,74.0282392501831,18,1
3374,Gaikwad Mala Kolwadi,18.5463303136488,74.0298646688461,18,1
3375,Zilla Parishad Shala Undre Vasti,18.542772740988,74.0307739377022,18,1
3376,Sashte Phata,18.5400059712814,74.031822681427,18,1
3377,Malwadi Kesnand Road,18.5342815659228,74.0325790643692,18,1
3378,Bhimnagar Kolawadi,18.531824920757,74.0344673395157,18,1
3379,Kolawadi,18.5289486174291,74.0342447161675,18,1
3381,Theur Factory,18.5233535477187,74.0444827079773,18,1
3382,Theur Gaon,18.5227151894847,74.0464273095131,18,1
3383,Power House Theur,18.5203168741873,74.0466687083244,18,1
3384,Gosavi Vasti Theur Road,18.5173,74.045403,18,1
3385,Kunjir Vihir,18.511999,74.044899,18,1
3386,Kamble Vasti,18.5019,74.044899,18,1
3387,Kunjirmala,18.4980157638063,74.0477147698403,18,1
3388,Panhale Farm,18.4981,74.050102,18,1
3389,Green Acres,18.4955967528706,74.0510219335556,18,1
3392,Green Acres,18.4954441328209,74.0509736537933,18,1
3393,Panhale Farm,18.497999,74.049698,18,1
3394,Kunjirmala,18.4979419983926,74.0475618839264,18,1
3395,Kamble Vasti,18.501801,74.0448,18,1
3396,Kunjir Vihir,18.506201,74.044899,18,1
3397,Gosavi Vasti Theur Road,18.5168,74.045197,18,1
3398,Power House Theur,18.5202939844054,74.0465775132179,18,1
3399,Theur Gaon,18.5224939253176,74.0464675426483,18,1
3400,Theur Factory,18.5232925095842,74.0444424748421,18,1
3401,Kolawadi,18.5290528875239,74.0341857075691,18,1
3402,Bhimnagar Kolawadi,18.531799,74.034401,18,1
3403,Malwadi Kesnand Road,18.5341900145654,74.0325763821602,18,1
3404,Sashte Phata,18.5399,74.031799,18,1
3405,Zilla Parishad Shala Undre Vasti,18.542801,74.030701,18,1
3406,Gaikwad Mala Kolwadi,18.5462057109326,74.029840528965,18,1
3407,Shumbhakar Park,18.5492775246505,74.0282607078552,18,1
3409,Ganeshnagar Kesnand Road,18.559299,74.023697,18,1
3410,Patil Vasti Kesnand Road,18.5632,74.022697,18,1
3411,O X Y Residency,18.567875057916,74.021375477314,18,1
3412,Kalubai Mandir Kesnand,18.5698328426342,74.0211823582649,18,1
3413,Zilla Parishad Shala Kesnand,18.572177697969,74.021969572147,18,1
3731,Z Plus Hospital,18.487301,74.1409,18,2
3732,Hotel Ashoka,18.487101,74.147598,18,2
3733,Khedekar Mala,18.487,74.152199,18,2
3734,Boribhadak,18.4866384808216,74.1642815533916,18,2
3735,Iti Boribhadak,18.486799,74.165298,18,2
3736,Mhetre Vasti,18.487499,74.170303,18,2
3738,Sahajpur Phata,18.488501,74.178001,18,2
5096,Sita Anusaya Niwas,18.6733,73.972603,18,1
5099,Seeta Anusya Niwas,18.6732036413622,73.9728328138561,18,1
5142,Dehugaon Phata,18.6791908979011,73.7417665520551,18,1
6107,Detwayalar Company,18.5138,73.695,18,1
6108,Raut Nagar,18.5159,73.695396,18,1
6109,Inamdar Vasti Rahutwadi,18.5198838714467,73.6961757240478,18,1
6110,Rautwadi,18.5247,73.697601,18,1
6111,Bharati Vidyapith Lavale,18.525999,73.699898,18,1
6112,Lavlegaon,18.5275,73.7033,18,1
6113,Satav Vasti,18.535,73.705803,18,1
6114,Gawade Vasti,18.538401,73.709396,18,1
6115,Shitole Vasti Lavale,18.541401,73.712196,18,1
6116,Gaikwad Vasti Nandegaon,18.5527,73.714897,18,1
6684,Punawale /  Gaikwad Nagar Punawale,18.638023365249,73.7447989694387,18,4
8420,Kondhur Phata,18.4383877518149,73.6378564771051,18,2
1096,Falcon Company Phase 3,18.5909,73.685303,17,3
1097,Yash Technology,18.5905,73.682404,17,3
1476,Kailas Vidhyalay,18.573999,74.265297,17,4
1477,Samta Nagar Rahu Road,18.575199,74.2612,17,4
1479,Sonavne Mala Rahu Road,18.577,74.253403,17,4
1481,Sonavne Dairy Farm,18.577101,74.244003,17,4
1485,Ganesh Nursary Rahu Road,18.5849,74.227898,17,4
1486,Karkhana Phata,18.5888,74.227203,17,4
1487,Hargude Farm,18.5931,74.215202,17,4
1488,Pathethan Phata,18.594,74.209396,17,4
1489,Devkarwadi,18.595699,74.202904,17,4
1490,Janta Vajan Kata,18.5958,74.199501,17,4
1492,Vitthalwadi Nagar Road,18.598499,74.188202,17,4
1504,Pawar Nursury,18.5805,74.127296,17,4
1792,Kakade Vasti,18.4647494629677,73.8774991035462,17,3
2227,Tapkirnagar Charholi,18.659901,73.895401,17,3
2831,Maruti Mandir Karandi,18.726101,74.049202,17,3
4659,Mutha Gaon,18.4583278909114,73.6238526526085,17,3
6250,Sspms Collage Pune,18.530199,73.865898,17,1
6251,Tadiwala Road,18.5298,73.873001,17,1
6252,Sambhaji Nagar,18.6597243162196,73.7954584237438,17,1
6253,Bajaj School,18.66,73.7985,17,1
6254,Manapa Davakhana Sambhaji Nagar,18.6614,73.801003,17,1
6255,Bhavani Mata Mandir Linkroad,18.6628,73.798401,17,1
6256,Shivajipark Sambhaji Nagar,18.664301,73.798698,17,1
6257,Sharad Nagar Corner,18.6659438104945,73.7992738042675,17,1
6261,Tadiwala Road,18.529699,73.872902,17,1
6262,Sspms Collage Pune,18.530001,73.866203,17,1
6265,Shivajipark Sambhaji Nagar,18.664101,73.798798,17,1
6266,Bhavani Mata Mandir Linkroad,18.662901,73.7985,17,1
6267,Manapa Davakhana Sambhaji Nagar,18.6616,73.800903,17,1
6268,Bajaj School,18.6598,73.7985,17,1
6269,Sambhaji Nagar,18.6595546991319,73.7954677707136,17,1
7842,Tilakbaug,18.3944821172941,73.7668257899141,17,1
7844,Sinhgad,18.3800861868155,73.7682707964911,17,1
7959,Krushnai Water Park,18.407511,73.767731,17,1
8663,Sai Chowk Kaleborate Nagar,18.4835463217465,73.9397659211917,17,1
8664,Shahid Santosh Pharate Chowk,18.4825,73.940598,17,1
8665,Mhasoba Chowk,18.4790850064132,73.9413330090405,17,1
8666,Santoshi Mata Nagar,18.4778003298468,73.9415757397521,17,1
8667,Bismilla Chicken Center,18.4771808750426,73.9417152277698,17,1
8675,Dhere Pipe Company,18.4767242516913,73.9439233346456,17,1
8676,Sharda Vidhya Mandir,18.4764,73.9459,17,1
8677,Sanket Vihar Lane No 11,18.475901,73.947899,17,1
8678,Sanket Vihar Lane No 18,18.4755,73.949799,17,1
8813,Panchshil Towers E Von Gate No. 2 Kharadi,18.5542060705239,73.9615601934485,17,2
8814,Common Zone Kharadi,18.554337,73.955437,17,2
8815,Gera Towers Kharadi,18.554214,73.952759,17,2
8816,E Von It Park No. 1 Kharadi,18.552137,73.949532,17,2
8817,World Trade Center No. 5 Kharadi,18.5498089040517,73.9486195434036,17,2
106794,Wakdewadi Navin St Stand,18.5432354807414,73.8518304090473,16,2
106820,St Meera College,18.5392201008008,73.8855451177354,16,1
106887,Sai Kamthe Colony,18.4362501902575,73.8278874561105,16,2
106888,Gondivlekar Maharaj Bramh Chaitanya Nagar,18.4343393038834,73.8279312062062,16,2
106889,Khedekar Nagar,18.4332068843521,73.8282204555093,16,2
106890,Nandanvan City Narhe,18.4311585545601,73.8282367621759,16,2
1450,Kesnand Phata Wagholi,18.5810109154766,73.987735177662,16,1
2003,Shiv Nagar Sus Road Sutarwadi,18.5381622810575,73.7844961881638,16,2
2006,Shiv Nagar Sus Road Sutarwadi,18.5382411151189,73.7842950224877,16,2
2523,Vasantdada Sugar Institute,18.5230661595677,73.9764860272408,16,1
2524,Ghavte Nagar,18.5250168285751,73.9671170711517,16,1
2525,Ghule Vasti Manjari,18.5252457190814,73.959419131279,16,1
2526,Mhasoba Mandir Ghule Vasti,18.5253677939342,73.9571794867516,16,1
2527,Balaji Nagar Corner,18.5258077713263,73.9550364017487,16,1
2528,Ingale Nagar,18.5267436732272,73.9528664946556,16,1
2529,Lonkar Nagar,18.5277456929532,73.9490711688996,16,1
2530,Ganesh Nagari,18.5298,73.944099,16,1
2531,Om Hospital,18.5307186560038,73.9415422081947,16,1
2532,Keshav Nagar Chowk,18.532,73.937202,16,1
2548,St Meera College,18.5399,73.885201,16,1
2551,Sadhu Vasvani Chowk,18.5381037913241,73.8853794336319,16,1
2552,Alankar Talkies,18.5396,73.888496,16,1
2553,Wadia College,18.5394,73.897102,16,1
2563,Keshav Nagar Chowk,18.532101,73.937103,16,1
2564,Om Hospital,18.5308,73.941498,16,1
2565,Ganesh Nagari,18.5298,73.944298,16,1
2566,Lonkar Nagar,18.5278219886309,73.9490470290184,16,1
2567,Ingale Nagar,18.5268301421661,73.9528235793114,16,1
2568,Balaji Nagar Corner,18.5257619933846,73.9552241563797,16,1
2569,Mhasoba Mandir Ghule Vasti,18.5254644365418,73.9568871259689,16,1
2570,Ghule Vasti Manjari,18.525299,73.959602,16,1
2571,Ghavte Nagar,18.5249634205729,73.9671760797501,16,1
2572,Vasantdada Sugar Institute,18.5231,73.976601,16,1
2863,Maruti Mandir Karandi,18.7262607074779,74.0491443872452,16,2
3161,Gopinath Mundhe Vyayam Shala,18.4589305640242,73.8810153980413,16,2
3162,Swami Vivekananda Udyan,18.4634065912895,73.8783656595517,16,2
3280,Kendriya Vidyalaya Burma Cell,18.5795,73.903503,16,2
3446,Kolpe Vasti Lonikalbhor Road,18.4674,74.018799,16,2
3463,Wagholi Bazar Tal,18.580299,73.984802,16,2
3464,Satav Park,18.573601,73.987,16,2
3465,Snehalay Apang Shala,18.5676,73.987801,16,2
3466,Vithai Warehouse,18.561701,73.987503,16,2
3467,Avahalwadi,18.5569,73.987602,16,2
3468,Savli Hotel,18.553101,73.988297,16,2
3469,Holi Angel Shala,18.5455,73.989502,16,2
3697,Shindavane Phata,18.4873354895964,74.1331945070867,16,3
4569,I V Estate Wagholi,18.583063,74.007019,16,1
4576,I V Estate Phata,18.584013,73.999062,16,1
5189,Kendur Chaufula,18.716499,74.046997,16,2
5190,Manjre Vasti Canol,18.718599,74.0383,16,2
5191,Shete Vasti,18.719999,74.0317,16,2
5192,Tube Investment Company,18.7201,74.0299,16,2
5193,Sablewadi Shikrapur Road,18.723301,74.023399,16,2
5194,Bijness Center Shikrapur Road,18.7234,74.021103,16,2
5195,Dabre Vasti,18.7257,74.014702,16,2
5196,Bahulai Vasti,18.726801,74.006302,16,2
5197,Sidhigavhan Phata,18.7269,74.001503,16,2
5198,Bahulphata,18.727301,73.998199,16,2
5199,Vaishnavi Dhaba,18.73,73.988899,16,2
5200,Ramling Ware House,18.7309,73.982498,16,2
5202,Mohitewadi Petrol Pump,18.734301,73.968803,16,2
5203,Krushi Utpanna Bazar Samiti,18.735701,73.957802,16,2
5204,Shell Pimpalgaon,18.736099,73.952003,16,2
5237,Shell Pimpalgaon,18.7362,73.951797,16,2
5239,Mohitewadi Petrol Pump,18.7346,73.967796,16,2
5240,Mohitewadi Shikrapur Road,18.7331007537228,73.9751234624314,16,2
5241,Ramling Ware House,18.731001,73.982101,16,2
5242,Vaishnavi Dhaba,18.7302,73.988701,16,2
5243,Bahulphata,18.7274,73.998299,16,2
5244,Sidhigavhan Phata,18.726999,74.001297,16,2
5245,Bahulai Vasti,18.7269,74.005699,16,2
5246,Dabre Vasti,18.7258,74.0149,16,2
5247,Bijness Center Shikrapur Road,18.723499,74.021202,16,2
5248,Sablewadi Shikrapur Road,18.723301,74.023499,16,2
5249,Tube Investment Company,18.7202,74.030098,16,2
5250,Shete Vasti,18.7201,74.032303,16,2
5251,Manjre Vasti Canol,18.718901,74.037903,16,2
5940,Ambi Phata Midc Corner,18.731501,73.650101,16,2
5941,Vishal Lawns,18.735201,73.652603,16,2
5942,Mask Company,18.752399,73.670898,16,2
5943,D Y Patil Collage Corner,18.7537,73.671799,16,2
5944,Nigde Phata,18.762699,73.6772,16,2
5945,Midc Circle Talegaon,18.764299,73.682602,16,2
5946,Nanavli Phata,18.767799,73.686401,16,2
5947,Endurance Company Navlakh Umbre,18.7736,73.690399,16,2
5948,Jcb,18.776699,73.692101,16,2
5949,Ina Bearing Company,18.780701,73.693001,16,2
5950,Pasko Company,18.784401,73.693604,16,2
5951,General Motours,18.7894,73.694298,16,2
5952,Hiro Chesis,18.792999,73.694901,16,2
5953,Mawal Darbar,18.7964,73.694901,16,2
5954,Navlakh Umbre,18.7974,73.695198,16,2
5955,Hp Petrol Pump Navlakh Umbre,18.799299,73.6978,16,2
6412,Manara Company,18.591499,73.691498,16,4
6904,Mankar Chowk / Mankar Chowk Corner,18.5906882075495,73.7733408729815,16,2
6921,Savitribai Phule Udyan,18.5921112679858,73.7827359812658,16,1
6922,Savitribai Phule Udyan,18.5919364319451,73.782560350486,16,1
6993,Mohitewadi Shikrapur Road / Mohitewadi,18.7331306074383,73.9748700212923,16,2
7035,Krushi Utpanna Bajar Samiti,18.7357379873312,73.9582014083862,16,2
7228,Malawale Nagar,18.662399,73.736198,16,2
7243,Malawale Nagar,18.6628,73.736298,16,2
8321,Hotel Sonali,18.559521,73.669823,16,4
8365,Agalambe Odha,18.4166892195034,73.7224615282342,16,3
8371,Splender Country Club Gate Kramank 1,18.404499,73.698196,16,3
8646,Bismilla Chicken Center,18.4772794516808,73.9416528591783,16,1
8647,Santoshi Mata Nagar,18.4779090860409,73.9415127012658,16,1
8648,Mhasoba Chowk,18.4792,73.941299,16,1
8649,Shahid Santosh Pharate Chowk,18.4825,73.940498,16,1
8650,Sai Chowk Kaleborate Nagar,18.4837,73.939499,16,1
8671,Sanket Vihar Lane No 18,18.475401,73.949501,16,1
8672,Sanket Vihar Lane No 11,18.4758,73.947701,16,1
8673,Sharda Vidhya Mandir,18.476299,73.945801,16,1
8674,Dhere Pipe Company,18.4767617696783,73.9437080906594,16,1
1093,Manara Company,18.591509,73.69149,15,2
1365,Shubham Society Nagar Road,18.5546581514721,73.919438123703,15,1
1366,Karan Park,18.5550192271569,73.9207684993744,15,1
1368,Someshwar Mandir,18.559799,73.921303,15,1
1384,Someshwar Mandir,18.559799,73.921402,15,1
1385,Karan Park,18.5551133100549,73.9208462834358,15,1
1386,Shubham Society Nagar Road,18.5546937504397,73.9194005727768,15,1
173,Sarasbaug,18.5028922722082,73.8538125131059,15,2
2367,Jspm Vidhyapith Wagholi,18.591057,74.00296,15,2
2368,Nyati Ilan Society Wagholi,18.590858,74.002441,15,2
2369,Bhagwant Chowk Gadevasti,18.590462,74.001457,15,2
2370,Bgs College Wagholi,18.590385,74.000443,15,2
2371,Jain Hostel Wagholi,18.590181,73.999969,15,2
2383,Lohegaon,18.5936199893902,73.9230210665075,15,2
3137,Swami Vivekananda Udyan,18.4637501301967,73.8782852300983,15,2
3138,Gopinath Mundhe Vyayam Shala,18.4587066564869,73.8812675099099,15,2
4908,Darvali Phata,18.5257,73.617699,15,3
4910,Hulawadewadi Phata,18.532,73.608101,15,3
5298,Bahirwadi,18.6092,73.582298,15,4
5300,Khanekarwada,18.605,73.5886,15,4
5623,Sopankaka Sahakari Bank,18.2549,73.883598,15,2
5624,Nasarapur St Stand,18.2507,73.880501,15,2
5625,Bhairavanat Mandir,18.248699,73.878304,15,2
5626,Baneshvar Phatha,18.2484,73.877403,15,2
5627,Nidan Sangavi Phata,18.2477,73.875198,15,2
5628,Vijaykumar Aathavale Vidyalay,18.249201,73.873802,15,2
5629,Shiv Shambho Lawns,18.246799,73.869797,15,2
5630,Didghar,18.249201,73.862801,15,2
5631,Matoshree Mangal Karyalay,18.2512,73.857101,15,2
5632,Virwadi,18.252399,73.853699,15,2
5633,Swranjali Mangal Karyalay,18.257,73.848396,15,2
5634,Bhilare Vasti,18.2586,73.8452,15,2
5635,Jambhali,18.260401,73.841202,15,2
5636,Poultry Farm Jambhali,18.2612,73.839302,15,2
5637,Vitabhatti Jambhali,18.262501,73.836502,15,2
5638,Hotel Sonali,18.2637,73.833099,15,2
5639,Kurangawadi Phata,18.264999,73.8255,15,2
5640,Hotel Marath Darbar,18.2656,73.822197,15,2
5641,Hotel Amrutraj,18.2661,73.819099,15,2
5642,Ghore Padal,18.266899,73.815498,15,2
5643,Sainakar Farm,18.2675,73.809196,15,2
5644,Ambavane,18.267599,73.805099,15,2
5645,Lonkar Farm House,18.2679,73.794701,15,2
5646,Jivan Jyoti Mahila Sanstha,18.2703,73.787903,15,2
5647,Shinde Vasti Karanjavane,18.2728,73.780899,15,2
5648,Mangdari Phata,18.2738,73.779503,15,2
5795,Mira Society,18.5018922146867,73.8707184791565,15,2
6911,Sant Tukaram Nagar Police Chowki,18.624755238668,73.8188940606497,15,2
7278,Asl Company Chakan,18.7304,73.859596,15,2
7279,Sumit Company Chakan,18.7264,73.861099,15,2
7280,Majgaon Fata,18.720699,73.863899,15,2
7281,Rotubai Talav,18.7157,73.875504,15,2
7282,Mit College Hanumanwadi,18.6985,73.886703,15,2
7283,Thakerwadi Phata,18.6961,73.888,15,2
7284,Hanumanwadi,18.693199,73.889198,15,2
7285,Indrayani Cancer Hospital,18.6833,73.894501,15,2
7286,Chakan Chowk Alandi,18.6784,73.894997,15,2
8188,Kudje Shala,18.4272677819735,73.7397623400688,15,3
8189,Agalambe Phata Agalambe Road / Agalambe Phata,18.4176773218498,73.7355344670217,15,3
8204,Dongar Matha Peacock Be,18.4367910249878,73.7481469021131,15,3
106565,Tata Motors Bebadohal,18.68419,73.64829,14,2
106566,Electrical Engineering Company,18.68767,73.64798,14,2
106567,Pdcc Bank Bebadohal,18.6908394483338,73.6479563020561,14,2
106568,Exerbia River Society Bebadohal,18.69423,73.64875,14,2
106569,Mauli Nursery Parandavadi,18.6964442575904,73.6569793214119,14,2
106570,Bhairavnagar,18.6969219027467,73.6583204491465,14,2
106571,Indira Campus Parandavadi,18.6999497495023,73.6638179929656,14,2
106721,Siddharthnagar Varvand,18.44726,74.41111,14,1
106722,Yashraj Lawns Varvand,18.4462678617867,74.4155548944359,14,1
106723,Satpute Mala Phata,18.44571,74.41876,14,1
106724,Kavathicha Mala,18.4445116261358,74.4230805403174,14,1
106725,Maruti Mandir Patas,18.4435120167226,74.4273709940774,14,1
106726,Bhagwat Wadi Patas,18.4416596543448,74.4330980309347,14,1
106727,Saubhagya Mangal Kharyalay Patas,18.4403568820298,74.4371540408493,14,1
106728,Hp Petrol Pump Patas,18.4383514966503,74.4428390412147,14,1
106842,Pimple Nilakh,18.5725202311632,73.790230195543,14,1
106853,Sneha Industries,18.6383334334152,73.8396304917194,14,2
106854,Masala Vajan Kata,18.6345420502465,73.8386922817669,14,2
106855,Mane Industries,18.6324140041499,73.8383051800763,14,2
106857,Samrajya Industries,18.6298786518092,73.8405878280593,14,2
106858,Ram Mandir Indrayani Nagar,18.6270053324781,73.8412660218345,14,2
106859,Shalini Complex,18.6233580197062,73.8397757672506,14,2
1341,Sathe Vasti Vadgaon Shinde Road,18.598,73.925003,14,2
1342,Gajanan Mangal Karyalay,18.6014543085697,73.9262589812279,14,2
1605,Pargaon Salu Malu,18.559,74.378197,14,2
1606,Renuka Garden Mangal Karyalay,18.559401,74.374901,14,2
1607,Pdc Bank Salu Malu,18.559999,74.372803,14,2
1608,Khan Vasti,18.559401,74.369598,14,2
1609,Galandwadi Phata,18.558901,74.3657,14,2
1610,Vitbhatti Pargaon Road,18.558599,74.361603,14,2
1611,Aashish Botre Farm,18.557301,74.353996,14,2
1612,Walki Sangam Bet,18.556801,74.341904,14,2
1613,Waghole Vasti,18.5569,74.3386,14,2
1614,Shelar Vasti Rahu Road,18.557301,74.334702,14,2
1615,Jyotiba Mandir,18.5581,74.331596,14,2
1616,Ekeriwadi Phata,18.5595,74.324898,14,2
1617,Delavdi,18.559999,74.316902,14,2
1618,Khutvab Phata,18.559401,74.315697,14,2
1619,Gurudatta Washing Center,18.556801,74.3106,14,2
1620,Zilla Parishad Shala Kapre Vasti,18.5557,74.302101,14,2
1621,Indian Oil Petrol Pump,18.555401,74.2948,14,2
1622,Shivaji Maharaj Chowk Pimpalgaon,18.561701,74.289398,14,2
1623,Panyachi Taki Shirkoli,18.563499,74.287903,14,2
1624,Kartik Supar Market,18.5646,74.285103,14,2
1625,Shirkoli Gaonthan,18.564301,74.281303,14,2
1626,Irrigation Office,18.568399,74.275803,14,2
1627,Baloba Mandir Chowk,18.5711,74.268898,14,2
1628,Rahu Gaon,18.573,74.269203,14,2
1629,Dahitane Phata Wagholi Rahu Road,18.596001,74.195801,14,2
2406,Chaudhary Vasti Pabal Road,18.8205756278951,74.0489110350609,14,3
2456,Pabalphata,18.6961995944792,74.1392451524735,14,2
2481,Chaudhary Vasti Pabal Road,18.820522313074,74.0487876534462,14,3
2730,Lonikand,18.6206,74.024803,14,2
2866,Karnadi Gaon,18.729099,74.061897,14,3
3737,Zurunge Vasti,18.488199,74.175201,14,1
3739,Makar Vasti,18.489799,74.186897,14,1
3740,Gautam Nagar,18.4902,74.189903,14,1
3741,Pangarkar Vasti,18.4896493829154,74.1953291120978,14,1
3742,Thorat Vasti,18.4891,74.202103,14,1
3743,Hole Vasti Yavat Road,18.488701,74.205902,14,1
3745,Bhondve Vasti Solapur Road,18.4867,74.217201,14,1
4706,Yamuna Nagar Mutha Road / Yamuna Nagar,18.4955102388922,73.6678838017673,14,3
4903,Hulawadewadi Phata,18.532,73.6082,14,3
4905,Darvali Phata,18.525801,73.617699,14,3
5173,Pabal Gaon,18.8298274067742,74.0514738713108,14,3
5174,Bhairavnath Vidyalaya Mandir Pabal,18.8296071370237,74.0524595660301,14,3
5177,Tube Company,18.824699,74.054703,14,3
5179,Poultry Farm Pabal Road,18.818199,74.049698,14,3
5728,Pragati Udyan,18.450001,73.8629,14,2
5729,Rajas Society Galli No 6,18.4524,73.863899,14,2
6328,Srushti Chowk,18.5967360423766,73.8172352560872,14,4
6502,Pimpri Court,18.6372768234626,73.8046972466743,14,2
6503,Midc Pimpri,18.640699,73.806702,14,2
6504,Ayukta Bungalow Pimpri,18.6446,73.807503,14,2
6842,Urse Gaon Vasudev Aashram,18.704201,73.634804,14,2
6898,Abhyudaya Bank,18.564699,73.783699,14,1
6899,Jupiter Hospital,18.564699,73.787003,14,1
6901,Nilkheshwar Mandir,18.570601,73.790703,14,1
6903,Vishal Nagar Corner,18.5882406211672,73.7797795275558,14,1
6907,D Y Patil Science College,18.6207496095365,73.8224038481712,14,1
7072,Sector No. 12 Pm Awas Yojana Bhosari,18.652,73.827904,14,2
7700,Falcon Company Phase 3,18.590981,73.686356,14,3
7974,Rulephata,18.385201,73.652496,14,2
7983,Shantiban,18.4011,73.721802,14,2
7984,Mahatma Gandhi School,18.396601,73.723999,14,2
8131,Khamgaon Phata,18.4850910834956,74.2256471514702,14,1
8132,Kasurdi Phata,18.483,74.236198,14,1
8133,Dodge Vasti Shelkemala,18.481001,74.245697,14,1
8134,Bhuleshwar Phata,18.477699,74.262497,14,1
8135,Station Road Yavat,18.4767,74.267899,14,1
8136,Yavat,18.4758,74.272003,14,1
8137,Annapurna Hotel,18.474501,74.277901,14,1
8138,Indira Nagar Vasahat Yavat Road,18.473801,74.281197,14,1
8139,Krishiraj Cold Storage,18.473,74.285004,14,1
8140,Trishul Steel Company,18.4721476201693,74.2887809872627,14,1
8141,Pravin Suhana Masale Company,18.4711,74.293999,14,1
8142,Kanchan Farm House,18.4696137619153,74.3007919192314,14,1
8143,Sonakshi Mangal Karyalay,18.468901,74.304497,14,1
8144,Indian Oil Petrol Pump Yevat Road,18.468,74.309502,14,1
8145,Bhandgaon,18.4676,74.311096,14,1
8146,Parakh Agro,18.466499,74.317101,14,1
8147,Shivar Garden Hotel,18.465599,74.321999,14,1
8148,24 Krushi Paryatan Kendr,18.464399,74.3274,14,1
8149,Aryan Lawns,18.463499,74.3311,14,1
8150,Sarja Hotel,18.4617,74.338699,14,1
8151,Samadhan Hotel,18.461,74.3414,14,1
8152,Aanand Gram Society,18.460199,74.344597,14,1
8153,Jagtap Vasti Solapur Road,18.459801,74.347801,14,1
8154,Wakhari Phata,18.457701,74.3563,14,1
8155,Kolpe Vasti Solapur Road,18.455601,74.366798,14,1
8156,Jagdamba Hotel,18.454901,74.3731,14,1
8157,Kedgaon Chaufula,18.4541,74.378998,14,1
8158,Sadhana Sahakari Bank,18.453699,74.384499,14,1
8159,National Hotel,18.4527,74.390701,14,1
8160,Gopinath Mangal Karyalay,18.4519,74.394203,14,1
8161,Divekar Mahavidyalaya,18.448601,74.405098,14,1
8162,Gram Panchayat Karyalay Varvand,18.4478,74.408699,14,1
8165,Javji Buvachi Wadi,18.487801,74.211197,14,1
8242,Mulshi Gaon,18.498501,73.513702,14,2
8243,Rajbag Mulshi,18.506001,73.516502,14,2
8244,Naik Navare Farm Mulshi,18.5098,73.516701,14,2
8245,Cg Management Development Center Mulshi,18.5173,73.516899,14,2
8246,Sopan Bagh Farm House Mulshi,18.5194,73.520699,14,2
8247,Zilla Parishad Shala Mulshi Dharan,18.523199,73.517502,14,2
8252,Disali St Stand,18.530701,73.530998,14,2
8255,Bapuji Bhau Mandir Mulshi Road,18.531799,73.548401,14,2
8378,Pate Developers,18.4020927649869,73.6800791362632,14,2
8379,Sangrun Phata,18.405701,73.683502,14,2
106824,Indiana Company Jejuri,18.2538216462308,74.1771009508499,13,1
106843,Pimple Nilakh,18.5732372211409,73.7901394472474,13,1
4313,Indiana Company Jejuri,18.254104468745,74.17669313432,13,1
4316,Mseb Jejuri Midc,18.262419,74.175186,13,1
4325,Malharnagri,18.284445,74.142586,13,1
4353,Malharnagri,18.284739,74.142593,13,1
4357,Waghere College,18.354542,74.028816,13,1
4358,Hivarkar Mala,18.3584141616753,74.0284343526187,13,1
4360,Jakat Naka Saswad,18.36569,74.022186,13,1
4367,Jadhav Vasti,18.402845,74.012238,13,1
4370,Mile Dagad Kramank 21 Diveghat,18.4151103817922,73.9945910459126,13,1
4371,Mile Dagad Kramank 19 Diveghat,18.416695,73.993149,13,1
4376,10 Wa Mile Wadki,18.4405825651823,73.9749825951772,13,1
4377,Jalindarbaug Wadki,18.444813,73.973099,13,1
4383,Navlakha Godown,18.4674558336727,73.9614535407955,13,1
4397,Jalindarbaug Wadki,18.445246,73.972488,13,1
4398,10 Wa Mile Wadki,18.440845,73.974899,13,1
4403,Mile Dagad Kramank 19 Diveghat,18.42074,73.988922,13,1
4404,Mile Dagad Kramank 21 Diveghat,18.413767,73.998787,13,1
4405,Zende Wadi,18.414293,74.000465,13,1
4407,Jadhav Vasti,18.403177,74.01226,13,1
4412,Divegaon,18.384295,74.015411,13,1
4416,Hivarkar Mala,18.3584065161945,74.0285208952786,13,1
5593,Mangdari Phata,18.274099,73.779198,13,2
5594,Shinde Vasti Karanjavane,18.2729,73.7808,13,2
5595,Jivan Jyoti Mahila Sanstha,18.270399,73.788002,13,2
5596,Lonkar Farm House,18.2679,73.7948,13,2
5598,Ambavane,18.2677,73.805298,13,2
5599,Sainakar Farm,18.2675,73.809303,13,2
5600,Ghore Padal,18.266899,73.815697,13,2
5601,Hotel Amrutraj,18.2661,73.819504,13,2
5602,Hotel Marath Darbar,18.2656,73.822403,13,2
5603,Kurangawadi Phata,18.2651,73.825302,13,2
5604,Hotel Sonali,18.2638,73.832901,13,2
5605,Vitabhatti Jambhali,18.262501,73.8367,13,2
5606,Poultry Farm Jambhali,18.2614,73.839104,13,2
5607,Jambhali,18.2605,73.841202,13,2
5608,Bhilare Vasti,18.258499,73.845001,13,2
5609,Swranjali Mangal Karyalay,18.257099,73.848297,13,2
5610,Virwadi,18.252399,73.853996,13,2
5611,Matoshree Mangal Karyalay,18.251301,73.857002,13,2
5612,Didghar,18.249201,73.863403,13,2
5613,Shiv Shambho Lawns,18.246901,73.869797,13,2
5615,Vijaykumar Aathavale Vidyalay,18.2493,73.874001,13,2
5616,Nidan Sangavi Phata,18.2479,73.875198,13,2
5617,Baneshvar Phatha,18.2484,73.877296,13,2
5618,Bhairavanat Mandir,18.2488,73.878403,13,2
5619,Nasarapur St Stand,18.2509,73.880501,13,2
5620,Sopankaka Sahakari Bank,18.254999,73.883598,13,2
5913,Hp Petrol Pump Navlakh Umbre,18.7994,73.697998,13,2
5914,Navlakh Umbre,18.797501,73.695396,13,2
5915,Mawal Darbar,18.7961607032428,73.6948902734051,13,2
5916,Hiro Chesis,18.791901,73.694801,13,2
5917,General Motours,18.7887088760255,73.6944141221347,13,2
5918,Pasko Company,18.7855480056821,73.6939086006844,13,2
5919,Ina Bearing Company,18.780199,73.6931,13,2
5920,Jcb,18.7778,73.692596,13,2
5921,Endurance Company Navlakh Umbre,18.773199,73.690399,13,2
5922,Nanavli Phata,18.7684,73.686996,13,2
5923,Midc Circle Talegaon,18.7637,73.682999,13,2
5924,Nigde Phata,18.7626,73.677299,13,2
5925,D Y Patil Collage Corner,18.7537,73.672096,13,2
5926,Mask Company,18.752199,73.670998,13,2
5927,Vishal Lawns,18.7353,73.652901,13,2
5928,Ambi Phata Midc Corner,18.7313965012286,73.6501725267854,13,2
6382,Clip Garden Society,18.5735,73.690697,13,2
6395,Pdcc Bank Maan,18.5835,73.729401,13,2
6500,Ayukta Bungalow Pimpri,18.6437,73.807503,13,2
6501,Pimpri Court,18.637273645471,73.8048467699652,13,2
6865,Zilla Parishad Shala Parandwadi,18.6992,73.662003,13,3
6914,Vishal Nagar Corner,18.588301,73.7799,13,1
6916,Nilkheshwar Mandir,18.570601,73.790802,13,1
6918,Jupiter Hospital,18.564301,73.787102,13,1
6919,Abhyudaya Bank,18.5646,73.7836,13,1
6982,Tolnaka,18.694401,74.123001,13,1
6983,Khedkar Vasti,18.696301,74.114502,13,1
6984,Mandhare Vasti,18.6971,74.110901,13,1
6985,Jategaon Phata,18.700001,74.096603,13,1
6986,Radhe Radhe Petrol Pump,18.7006,74.093498,13,1
6987,Nand Kishor Lawns,18.7033,74.0858,13,1
6988,Essar Petrol Pump,18.7048,74.0811,13,1
6989,Bharat Gas Phata,18.707001,74.074799,13,1
6990,Javahar Vidhyalay,18.7082,74.071404,13,1
6991,Jagtap Pimple Phata,18.711201,74.062698,13,1
6992,Sondkar Petrol Pump,18.7138,74.055397,13,1
6995,Shelgaon Phata,18.7345656468067,73.9431746124528,13,1
6996,Shree Ram Nursery,18.7342,73.939201,13,1
6997,Datta Nagar Shikrapur Road,18.733801,73.934196,13,1
6999,Vadgaon Phata Shikrapur Road,18.7344,73.923698,13,1
7000,Bhosegaon,18.7353,73.920303,13,1
7001,Vasantraj Mangal Karyalay,18.7365,73.917999,13,1
7002,Kalus Phata,18.736799,73.916901,13,1
7003,Pingle Vasti Shikhrapur Road,18.7377,73.914299,13,1
7004,Inden Gas Company Chakan Road,18.740101,73.907303,13,1
7005,Jare Lonce,18.7407,73.905098,13,1
7006,Matoshree Park,18.741301,73.901703,13,1
7007,Rashe Phata,18.742599,73.893898,13,1
7008,Mungshe Vasti,18.742901,73.891998,13,1
7009,Ashirwad Bungalow Chakan Road,18.745001,73.8853,13,1
7010,Ganesh Nagar Shikarapur Road,18.746799,73.880302,13,1
7011,Kadachi Wadi,18.7484,73.874901,13,1
7012,Medankar Wadi Phata,18.749901,73.867897,13,1
7013,Vishal Garden,18.7514,73.8647,13,1
7014,Chakan S T Stand,18.7543608284585,73.8607621271826,13,1
7102,Nashik Phata Metro Station,18.608299,73.8209,13,2
8177,Agalambe Phata,18.4177663906129,73.735599533601,13,3
8180,Kudje Shala,18.4261,73.738503,13,3
8182,Dongar Matha Peacock Be,18.436899,73.747902,13,3
8451,Bhare Phata,18.531696,73.669769,13,1
8537,Aambadveat Gaon,18.533001,73.663597,13,1
8538,Shree Satya Material,18.534201,73.656403,13,1
8539,Inora Company,18.534901,73.648598,13,1
8540,Bagwan Farm,18.5331,73.635201,13,1
8541,Darawali,18.5324,73.630898,13,1
8542,Balaji Nivas,18.531099,73.627502,13,1
8543,Bhumkar Farm,18.5294,73.623703,13,1
1062,Falcon Company Phase 3,18.591,73.684898,12,2
1063,K P It Circule,18.592199,73.687302,12,2
1065,Icz Company,18.593399,73.6903,12,2
1066,Manara Company,18.5917,73.691299,12,2
1067,Gangaramwadi,18.587099,73.692596,12,2
1301,Gajanan Mangal Karyalay,18.6014,73.9263,12,2
1302,Sathe Vasti Vadgaon Shinde Road,18.598101,73.925102,12,2
1851,Zilla Parishad School Chande,18.5547598628547,73.6983624100685,12,2
1852,Vitbhatti Chande,18.553699,73.702003,12,2
1853,Bhairavnath Mandir Chande,18.5564787787535,73.7087291479111,12,2
2596,Zilla Parishad Shala Karegaon,18.7846426843066,74.2975303530693,12,1
2597,Kareshwar Mandir Karegaon,18.7836,74.296898,12,1
2598,Midc Police Station Karegaon,18.7819052504778,74.2934748530388,12,1
2599,Yash Inn Chowk Karegaon,18.779499,74.2882,12,1
2600,Telephone Exchange Midc Ranjangaon,18.7833,74.286301,12,1
2601,S K Chowk Ranjangaon,18.7838732616114,74.2843660712242,12,1
2603,Fiat India,18.7812856397885,74.2786663770676,12,1
2604,Britaniya Company,18.7774790711454,74.2722022533417,12,1
2605,Bite Chip Company,18.775299,74.267998,12,1
2607,Carraro India,18.771299,74.261597,12,1
2609,Lande Vasti,18.7587578534561,74.252841611089,12,1
2610,Phad Vasti,18.7558,74.248001,12,1
2611,Ranjangaon,18.7549602324873,74.2447444796562,12,1
2614,Hotel Rajyog,18.7402999286434,74.2286941409111,12,1
2615,Khandale Gaon Phata,18.7326289228744,74.2194566130638,12,1
2616,Suruchi Dairy,18.727699,74.213997,12,1
2618,Kondhapuri,18.7248864420419,74.1986480355263,12,1
2619,Kondhapuri Dairy Farm,18.7223,74.1922,12,1
2620,Kavtimala Iti,18.716145242624,74.1813182830811,12,1
2621,Thombre Vasti,18.7142247512664,74.1778783355556,12,1
2624,Hotel Ranwara,18.7058462549925,74.1602978110314,12,1
2626,Malthan Phata,18.6999394237995,74.1445505619049,12,1
2687,3 M Company,18.7832460400687,74.2829498648644,12,1
2697,Whaghale Phata,18.7532052285538,74.2385995388031,12,1
2698,Ravsaheb Avari School,18.7475972210057,74.2341336607933,12,1
2702,Bharat Petrol Pump Kondhapuri,18.7248102347203,74.2096289992333,12,1
2705,Virsaheb Mandir Kondhapuri,18.717699,74.184097,12,1
2708,Kasari Phata,18.710791,74.171539,12,1
2709,24 Va Mail,18.706873,74.163017,12,1
2711,Bhujbal School,18.7013088108228,74.1490969061852,12,1
2780,Hire Company,18.7741929646698,74.2657274007797,12,1
2809,Ranjangaon Midc Chowk,18.7672269925413,74.2608082662635,12,1
2825,Panyachi Taki Karandi,18.727699,74.052696,12,3
3498,Jspm College,18.4729362632941,73.9318004248889,12,1
3524,Jspm College,18.4733254953062,73.9317762851715,12,1
398,Pune Vidhyapeeth Gate Pashan Road,18.5410612366953,73.8301897077095,12,2
4579,Budhvihar Kharawade,18.456499,73.593201,12,2
4589,Hotel Turning Point / Hotel Nisarg,18.4688332805664,73.6387020770269,12,1
4702,Khadakwadi Phata,18.418365,73.713928,12,2
4911,Karmoli Phata,18.5357,73.606003,12,2
4912,Indira Vasti Karmoli,18.541401,73.602402,12,2
4913,Savargaon,18.5441,73.601501,12,2
4914,Ghotawade Phata Kolwan Road,18.552999,73.598701,12,2
4915,Sai Ganesh Mangal Karyalay,18.554501,73.595901,12,2
4916,Dakhane Phata,18.556,73.592903,12,2
4917,Modern College Kolwan Road,18.559401,73.587601,12,2
4918,Marathewadi,18.560801,73.5839,12,2
4919,Shraddha Lawns,18.5616,73.582001,12,2
4920,Kule Phata,18.5641,73.577301,12,2
4921,Nanegaon Phata,18.565701,73.575203,12,2
4922,Kumbre Dairy,18.5688,73.571701,12,2
4923,Someswarwadi Kolwan Road,18.5709,73.569504,12,2
4924,Chikhalgaon Phata,18.571899,73.565804,12,2
4925,Sharday Care Centre,18.5723,73.561203,12,2
4926,Bhumkar Properties,18.573,73.5578,12,2
4927,Durgawadi Phata,18.5734,73.556198,12,2
4928,Nandgaon Phata,18.573601,73.553398,12,2
4929,Sathewadi Kolwan Road,18.5742,73.545898,12,2
4931,Chinmay Vibhuti Company,18.5779,73.539001,12,2
4932,English Medium School Kolwan,18.5807,73.535301,12,2
4933,Kolwan Gaon,18.5818,73.533897,12,2
5327,Rihe Phata,18.557199,73.668098,12,3
5785,Shivaji Nagar Civil Court Metro Station,18.5271,73.857803,12,2
6718,Koyte Vasti,18.630199,73.737396,12,2
6720,Somani Residency,18.6245,73.732903,12,2
6756,Ela Society,18.627013723626,73.7347740541915,12,2
7016,Chakan S T Stand,18.7545544848755,73.8605871084422,12,1
7017,Vishal Garden,18.7514,73.864899,12,1
7018,Medankar Wadi Phata,18.75,73.867996,12,1
7019,Kadachi Wadi,18.748501,73.874802,12,1
7020,Ganesh Nagar Shikarapur Road,18.747,73.880203,12,1
7021,Ashirwad Bungalow Chakan Road,18.746,73.883102,12,1
7022,Mungshe Vasti,18.744101,73.886902,12,1
7023,Rashe Phata,18.742701,73.893898,12,1
7024,Matoshree Park,18.7414,73.901497,12,1
7025,Jare Lonce,18.740801,73.904999,12,1
7026,Inden Gas Company Chakan Road,18.740299,73.907097,12,1
7027,Pingle Vasti Shikhrapur Road,18.737801,73.9142,12,1
7028,Kalus Phata,18.737,73.916603,12,1
7029,Vasantraj Mangal Karyalay,18.7365,73.918098,12,1
7030,Bhosegaon,18.735201,73.920998,12,1
7031,Vadgaon Phata Shikrapur Road,18.734501,73.9235,12,1
7032,Datta Nagar Shikrapur Road,18.7339,73.933998,12,1
7033,Shree Ram Nursery,18.7342,73.939003,12,1
7034,Shelgaon Phata,18.7346488631993,73.9432496590797,12,1
7036,Sondkar Petrol Pump,18.714001,74.055099,12,1
7037,Jagtap Pimple Phata,18.7113806987748,74.0624589201313,12,1
7038,Javahar Vidhyalay,18.708099,74.071999,12,1
7039,Bharat Gas Phata,18.707001,74.075104,12,1
7040,Essar Petrol Pump,18.704901,74.081001,12,1
7041,Nand Kishor Lawns,18.703199,74.085701,12,1
7042,Radhe Radhe Petrol Pump,18.700701,74.093498,12,1
7043,Jategaon Phata,18.700199,74.096199,12,1
7044,Mandhare Vasti,18.6971,74.111198,12,1
7045,Khedkar Vasti,18.6964,74.114403,12,1
7046,Tolnaka,18.6945,74.123001,12,1
7251,Ganesh Lawns Kiwale,18.653021,73.726219,12,2
7702,Swaraj Dream City,18.601801,73.732903,12,2
7703,Guru Krupa Hospital,18.6025626441861,73.731660642603,12,2
7705,Santkrupa Fabrication,18.606899,73.723297,12,2
7710,Kolte Patil Main Gate,18.6150234591403,73.7098288483476,12,2
7711,R To Sales Office,18.61812,73.711075,12,2
7712,R Three R N Lane,18.621311,73.711174,12,2
7713,R Four Lane,18.623173,73.712105,12,2
7714,Kimson Anisha Global School,18.623234,73.714043,12,2
7715,Srishti Maintenance Society,18.622023,73.717896,12,2
7716,Mohite Farm Marunji Road,18.621737,73.722519,12,2
7717,Kolte Patil Tower R16 Marunji,18.615408,73.709602,12,2
7718,Gaikwad Farm,18.63558,73.706558,12,2
7720,Seona Society Punawale,18.637905,73.734589,12,2
7721,Aditya Society Punawale,18.640682,73.73716,12,2
7768,Bibwewadi Kshetriya Karyalaya,18.4895,73.859299,12,1
7795,Jeevan Shikshan Mandir Vanjalwadi,18.420601,73.802299,12,2
7796,Nandoshigaon,18.422701,73.801498,12,2
8364,Elina Farm,18.4156,73.728897,12,2
8366,Khadakwadi Shala,18.4175,73.718803,12,2
8367,Khadakwadi,18.418501,73.715698,12,2
8368,Karanjkar Vasti,18.4163176728894,73.7111370440293,12,2
8369,Mandvi Khurd,18.4115994700862,73.7064753451379,12,2
8370,Mandvi Budruk,18.408501,73.704903,12,2
8372,Splender Country Club Gate Kramank 2,18.4028,73.694603,12,2
8373,Lucky Farm,18.4007,73.690903,12,2
8376,Sangrun,18.4001686858861,73.6784523620318,12,2
8527,Bhumkar Farm,18.529499,73.623703,12,1
8528,Balaji Nivas,18.5312,73.627502,12,1
8529,Darawali,18.5324,73.630798,12,1
8530,Bagwan Farm,18.533199,73.635101,12,1
8532,Inora Company,18.535,73.648499,12,1
8534,Shree Satya Material,18.5343,73.656403,12,1
8536,Aambadveat Gaon,18.533199,73.663597,12,1
1140,Manapa Mangal Tolkies,18.523661281315,73.8543791291028,11,2
1533,Dhore Vasti,18.5731178025518,74.02677744627,11,2
1534,Bapu Harpude Vasti,18.5737,74.0326,11,2
1535,Banger Vasti Pasalkar Lawns,18.5779,74.0541,11,2
1536,Poultry Farm Shivneri,18.580799,74.058998,11,2
1537,Bolhai Mata Mangal Karyalay,18.5828,74.067398,11,2
1538,Wadegaon Phata,18.586599,74.073196,11,2
1539,Gote Vasti,18.587999,74.075699,11,2
1540,Wadebolai Mandir,18.5869205526409,74.0782061219216,11,2
1541,Prathamik Arogya Kendra Wadebolai,18.5867959794158,74.0798395872116,11,2
1542,Wadebolai,18.587999,74.083298,11,2
1543,Nagawade Vasti,18.5887281241075,74.0864968299866,11,2
1544,Pipe Company,18.59,74.0905,11,2
1545,Kalakwadi,18.5838214507571,74.1115486621857,11,2
1546,Ashtapur Phata,18.5805,74.122902,11,2
1547,Ramkrushan Hari Mangal Karyalay,18.580299,74.135597,11,2
1549,Shivshahi Hotel,18.581699,74.143303,11,2
1550,Shitole Vasti Rahu Road,18.5821,74.150002,11,2
1551,Nhavi Phata,18.582001,74.153397,11,2
1552,Dhamdhere Vasti,18.582001,74.159103,11,2
1553,Shindewadi Rahu Road,18.581699,74.163902,11,2
1554,Memanwadi Phata 1,18.5802214387649,74.1684088110924,11,2
1555,Memanwadi Phata 2,18.581699,74.1735,11,2
1556,Sangvi Sandas Phata,18.601601,74.174698,11,2
1557,Bhadale Farm,18.600201,74.180801,11,2
1558,Dubewadi,18.5800739791838,74.2310732603073,11,2
1559,Kadam Patil English School,18.5796341416264,74.2333263158798,11,2
1560,Pilanwadi Phata,18.5784,74.237198,11,2
1561,Devika Lawns,18.5776,74.249496,11,2
1562,Navale Mala Phata,18.5757569117497,74.2565086483956,11,2
1636,Tavre Vasti Rahu Road,18.5812,74.141197,11,2
1901,Bhairavnath Mandir Chande,18.5564,73.708702,11,2
1902,Vitbhatti Chande,18.5536181474428,73.7019377946854,11,2
1903,Zilla Parishad School Chande,18.554701,73.698402,11,2
2733,Rajashri Housing,18.6039234203791,74.012458164495,11,1
2834,Manjare Wadi Chaufula Road,18.7152,74.0466,11,2
2835,Vajewadi Phata,18.7059,74.045601,11,2
2836,Bhosale Vasti Kendur Road,18.712,74.045998,11,2
2837,Pazar Talav Chaufula Road,18.703199,74.045303,11,2
2838,Bhondve Vasti Kendur Road,18.6989,74.044899,11,2
2841,Shivale Vasti Kendur Road,18.6845,74.042603,11,2
2849,Phadtare Wasti,18.6526392390914,74.0552785992623,11,2
3688,Sahajpur Phata,18.4883,74.177902,11,2
3690,Mhetre Vasti,18.487301,74.170197,11,2
3691,Iti Boribhadak,18.4867,74.165497,11,2
3692,Boribhadak,18.4865,74.161903,11,2
3694,Khedekar Mala,18.486799,74.151604,11,2
3695,Hotel Ashoka,18.4869,74.147499,11,2
3696,Z Plus Hospital,18.487101,74.140602,11,2
4880,Kolwan Gaon,18.5819,73.533897,11,2
4881,English Medium School Kolwan,18.580799,73.535301,11,2
4882,Chinmay Vibhuti Company,18.5774,73.539703,11,2
4883,Sathewadi Kolwan Road,18.574301,73.545998,11,2
4884,Nandgaon Phata,18.5737,73.553299,11,2
4885,Durgawadi Phata,18.5735,73.556297,11,2
4886,Bhumkar Properties,18.573,73.557999,11,2
4887,Sharday Care Centre,18.572399,73.560898,11,2
4888,Chikhalgaon Phata,18.572001,73.565697,11,2
4889,Someswarwadi Kolwan Road,18.570999,73.569504,11,2
4890,Kumbre Dairy,18.568899,73.571701,11,2
4891,Nanegaon Phata,18.5658,73.575203,11,2
4892,Kule Phata,18.5641,73.5774,11,2
4893,Shraddha Lawns,18.561701,73.581902,11,2
4894,Marathewadi,18.560801,73.584198,11,2
4895,Modern College Kolwan Road,18.5595,73.587601,11,2
4896,Dakhane Phata,18.556101,73.592903,11,2
4897,Sai Ganesh Mangal Karyalay,18.554701,73.595901,11,2
4898,Ghotawade Phata Kolwan Road,18.5529,73.598801,11,2
4900,Savargaon,18.5439,73.601601,11,2
4901,Indira Vasti Karmoli,18.5413,73.602501,11,2
4902,Karmoli Phata,18.5359,73.605904,11,2
5046,Sambhaji Maharaj Smarak,18.667999,73.9963,11,1
5048,Balsadan,18.6633,74.0037,11,1
5049,Dyanesh Balsadan Iti,18.6611,74.008102,11,1
5050,Khule Vasti Phulgaon,18.657301,74.012001,11,1
5051,Phulgaon,18.654499,74.014801,11,1
5052,Sainik School Fulgaon,18.651199,74.017403,11,1
5053,Sakoremala,18.649099,74.019501,11,1
5055,Lg Electronic Company,18.6427,74.028,11,1
5056,Kukut Palan Kendra,18.6416,74.029503,11,1
5057,Power House Vadhu Phata,18.6371,74.034599,11,1
5058,Concentric Company,18.6334,74.034302,11,1
5059,Concentric Company,18.631399,74.033997,11,1
5060,Power House Vadhu Phata,18.6369,74.0345,11,1
5061,Kukut Palan Kendra,18.6411,74.029999,11,1
5062,Lg Electronic Company,18.6425521461164,74.0281754375342,11,1
5064,Sakoremala,18.6492,74.019402,11,1
5065,Sainik School Fulgaon,18.6513,74.017197,11,1
5066,Phulgaon,18.6546847179984,74.0145228865212,11,1
5067,Khule Vasti Phulgaon,18.657301,74.011803,11,1
5068,Dyanesh Balsadan Iti,18.660999,74.008003,11,1
5069,Balsadan,18.6630758703939,74.0040141336067,11,1
5071,Sambhaji Maharaj Smarak,18.667999,73.996101,11,1
5318,Rihe Phata,18.557301,73.668098,11,3
5321,Hotel Rajyog Ghotavade Road,18.5494,73.668701,11,3
5442,Ovhal Vasti,18.343901,73.848,11,1
5443,Shreeram Nagar,18.342899,73.844597,11,1
5444,Landgemala,18.34,73.843002,11,1
5445,Shivapurwada,18.341,73.838799,11,1
5446,Prathamik Arogya Kendra Shivapur,18.342899,73.835098,11,1
5447,A Farm,18.347601,73.8283,11,1
5448,Gulnur Farm,18.3484807526018,73.8265414619471,11,1
5449,Chillal Masala Company,18.3493,73.823303,11,1
5450,Arvi Phata,18.3503,73.819199,11,1
5451,Poultry Farm Kandhare,18.3503,73.805702,11,1
5452,Diamond Watch Company,18.3494,73.801498,11,1
5453,Tarangan Garden,18.3494,73.797501,11,1
5454,Kondhanpur,18.349551069096,73.7969221873754,11,1
5700,Karanjavane,18.273701,73.777,11,1
5701,Parvati Managal Karyalay,18.274,73.773598,11,1
5702,Aadavali Phata,18.2743,73.769096,11,1
5703,Samrat Hotel,18.2749,73.764198,11,1
5704,Kodavadi Phata,18.2761,73.758698,11,1
5705,Asakawadi Phata,18.277599,73.755501,11,1
5706,Poultry Farm Asakawadi,18.2806,73.751503,11,1
5707,Vanewadi,18.2815,73.748497,11,1
5708,Margasani,18.283899,73.741501,11,1
5709,Zilla Parishad Shala Khambavadi,18.2876,73.7379,11,1
5710,Khambavadi,18.286699,73.736702,11,1
5711,Aapale Ghar Farm House,18.289301,73.734398,11,1
5712,Zilla Parishad Shala Vinzar,18.293301,73.723999,11,1
5713,Vinzar,18.2941,73.722099,11,1
5714,Vitthalwadi Phata Velhe Road,18.2964,73.718498,11,1
5715,Kondhavali Phata,18.297899,73.714996,11,1
5716,Katkari Vasti,18.2988,73.710098,11,1
5717,Malvali,18.299601,73.707001,11,1
5718,Katurde Wadi,18.301399,73.703003,11,1
5719,Lashirgaon,18.3022,73.697998,11,1
5720,Vanjale Phata,18.3039,73.686203,11,1
5721,Khariv Phata,18.3046,73.681297,11,1
5722,Vaidwadi Velhe Road,18.3067,73.675201,11,1
5723,Hirpudi Phata,18.3059239843968,73.6635530673473,11,1
5724,Kondhawle Khurd Phata,18.3034997865955,73.6483123556634,11,1
7767,Bibwewadi Kshetriya Karyalaya,18.489401,73.860298,11,1
8398,Kondhurgaon,18.427401,73.636703,11,2
8405,Sutar Vasti,18.430201,73.662201,11,2
8409,Poultry Farm Saurabh,18.4139,73.6726,11,2
8422,Bharekar Wadi,18.4529595015376,73.6345816486747,11,2
1000,Walhekarwadi,18.6351165668238,73.7621452536596,10,2
1019,Walhekarwadi,18.6348649452234,73.7622922051926,10,2
106463,Dandekar Pul Shashtri Road,18.502985868591,73.8452589786906,10,2
106708,Gharkul Ravet,18.6659373971062,73.7420253117219,10,1
106709,Mhaskevasti Corner Ravet,18.6639654712917,73.7458230691107,10,1
106710,Bhondve Patil Estate Ravet,18.6596657803677,73.7543788539623,10,1
106711,Ganeshanagar Ravet,18.6567331863467,73.756434120436,10,1
106797,Khadki Railway Station,18.561686196584,73.8409245450317,10,2
106874,Mahila Mandal,18.4992493412638,73.850928402901,10,2
1278,Golegaon Gram Panchayat,18.6346,73.970398,10,2
2233,World Pride City Circel,18.6202951665117,73.9160961449677,10,1
2427,Mauli Service Centre,18.7173,74.120201,10,2
2629,Bhujbal School,18.7013316761104,74.148879647255,10,1
2630,Hotel Ranwara,18.7060037675892,74.1604506969452,10,1
2632,Kasari Phata,18.7106172995826,74.1710293292999,10,1
2633,Thombre Vasti,18.7143745847177,74.1779460475269,10,1
2634,Kavtimala Iti,18.7161833483001,74.181186855003,10,1
2635,Kondhapuri Dairy Farm,18.7223080765589,74.1920551657677,10,1
2636,Kondhapuri,18.7249347066365,74.1983985900879,10,1
2638,Suruchi Dairy,18.727699,74.213799,10,1
2639,Khandale Gaon Phata,18.7327254476275,74.2196068167687,10,1
2640,Hotel Rajyog,18.7401983281946,74.2285305261612,10,1
2642,Whaghale Phata,18.7533220600629,74.2385888099671,10,1
2643,Ranjangaon,18.7550135681439,74.2445755004883,10,1
2644,Phad Vasti,18.756001,74.248001,10,1
2645,Lande Vasti,18.7588352253285,74.2527129334308,10,1
2647,Carraro India,18.7714,74.2612,10,1
2648,Hire Company,18.774380887739,74.2653974890709,10,1
2649,Bite Chip Company,18.7757458431736,74.2680367748522,10,1
2650,Britaniya Company,18.777367364561,74.271284882633,10,1
2652,3 M Company,18.7835736176839,74.2828881742207,10,1
2654,Telephone Exchange Midc Ranjangaon,18.7835329877818,74.2865359783173,10,1
2655,Yash Inn Chowk Karegaon,18.7799,74.288597,10,1
2656,Midc Police Station Karegaon,18.7820576134511,74.2936062812805,10,1
2657,Kareshwar Mandir Karegaon,18.7835279091402,74.2967015504837,10,1
2658,Zilla Parishad Shala Karegaon,18.7845944367869,74.2974418401718,10,1
2759,Malthan Phata,18.700016,74.144402,10,1
2762,24 Va Mail,18.707157,74.163254,10,1
2766,Virsaheb Mandir Kondhapuri,18.717899,74.184097,10,1
2769,Bharat Petrol Pump Kondhapuri,18.7249042237362,74.2098677158356,10,1
2773,Ravsaheb Avari School,18.7475007046746,74.2338573932648,10,1
2778,Telephone Exchange  Ranjangaon,18.765574,74.260483,10,1
2783,Fiat India,18.7810901062302,74.2775854468346,10,1
2785,S K Chowk Ranjangaon,18.784178,74.284164,10,1
2868,Gondhale Vasti,18.7306577736726,74.0499570965767,10,2
2869,Parhad Vasti,18.7417820454406,74.0519653880851,10,2
2872,Sukrewadi Phata,18.7687,74.048302,10,2
296,Ashok Nagar Rangehills / Rangehills Circle 2,18.545,73.842201,10,1
4059,Dashbhuja Ganpati,18.4883,73.846603,10,2
4060,Chintamani Society,18.4859992260476,73.8456901379821,10,2
4061,Sahakar Nagar,18.4846840711539,73.845230794567,10,2
4062,Sahakar Nagar,18.4849766364613,73.8453045671489,10,2
4063,Chintamani Society,18.4862,73.845802,10,2
4064,Dashbhuja Ganpati,18.488001,73.846497,10,2
4592,Marnewadi Phata,18.4832,73.663399,10,2
4593,Ambegaon Phata Lavasa Road,18.4811744177773,73.6615038067307,10,2
4594,Urawdegaon,18.486,73.6642,10,2
4651,Urawdegaon,18.486099,73.6642,10,2
4652,Ambegaon Phata Lavasa Road,18.480801,73.661003,10,2
4653,Marnewadi Phata,18.482401,73.6632,10,2
4672,Khadakwadi Phata,18.4186029263413,73.7140767375621,10,2
4681,Ravle Bungalow,18.491199,73.663101,10,2
4682,Syber Natic Company,18.493601,73.6651,10,2
4684,Kirloskar Company Uravade Road,18.5002,73.672302,10,2
4685,Hallcon Company,18.502199,73.673302,10,2
4686,Minilec Company,18.5061,73.674896,10,2
4696,Minilec Company,18.5061,73.675003,10,2
4697,Hallcon Company,18.501801,73.673302,10,2
4698,Kirloskar Company Uravade Road,18.5002,73.672501,10,2
4699,Syber Natic Company,18.493601,73.665199,10,2
4700,Ravle Bungalow,18.4911,73.6633,10,2
4870,Panyachi Taki Gahunje,18.6693,73.704201,10,2
4971,Kondhawle Phata,18.5245,73.592796,10,2
4972,Shirke Vasti Paud,18.5243,73.6035,10,2
4979,Shirke Vasti Paud,18.5242996360173,73.5899081970556,10,2
4980,Kondhawle Phata,18.5243,73.592903,10,2
4984,Shivaji Vidyalaya Paud,18.5276140880666,73.6125323862272,10,1
5254,Zp School Parhadvasti,18.7450217419894,74.052537381649,10,2
5255,Parhadwadi Phata,18.7546199003002,74.0540903806687,10,2
5256,Tathe Vasti,18.7777482276074,74.0445390343666,10,2
5257,Akshada Mangal Karyalay,18.787399,74.038101,10,2
5258,Thetevasti Pabal Road,18.8015,74.042099,10,2
5259,Chimangiri Ashram,18.802,74.047897,10,2
526,Mahadev Mandir Sangvi,18.5760530615525,73.8201306116013,10,1
5260,Panyachi Taki Thetewadi,18.802099,74.049698,10,2
5261,Zilla Parishad Shala Thetewadi,18.8165,74.051804,10,2
5263,Shriram Petrol Pump,18.822001,74.050797,10,2
5265,Kanhur Phata,18.8272,74.056702,10,2
5266,Jain English School,18.8291,74.055397,10,2
5267,Bhairavnath Vidyalaya Mandir Pabal,18.8295,74.052399,10,2
5669,Kondhawle Khurd Phata,18.303137,73.64829,10,1
5671,Hirpudi Phata,18.305477,73.659888,10,1
5673,Vaidwadi Velhe Road,18.3067,73.675301,10,1
5674,Khariv Phata,18.304701,73.681297,10,1
5675,Vanjale Phata,18.304001,73.686302,10,1
5676,Lashirgaon,18.3022,73.698097,10,1
5677,Katurde Wadi,18.3016,73.702904,10,1
5678,Malvali,18.2995,73.707001,10,1
5679,Katkari Vasti,18.2987,73.710098,10,1
5680,Kondhavali Phata,18.298,73.714897,10,1
5681,Vitthalwadi Phata Velhe Road,18.296301,73.718498,10,1
5683,Vinzar,18.2941,73.722298,10,1
5684,Zilla Parishad Shala Vinzar,18.293301,73.724297,10,1
5686,Aapale Ghar Farm House,18.2892,73.734497,10,1
5687,Khambavadi,18.287901,73.7351,10,1
5688,Zilla Parishad Shala Khambavadi,18.2876,73.737999,10,1
5689,Margasani,18.284,73.7416,10,1
5690,Vanewadi,18.2815,73.748398,10,1
5691,Poultry Farm Asakawadi,18.2808,73.751602,10,1
5692,Asakawadi Phata,18.2777,73.755402,10,1
5693,Kodavadi Phata,18.276199,73.758698,10,1
5694,Samrat Hotel,18.275,73.764,10,1
5695,Aadavali Phata,18.274401,73.769203,10,1
5696,Parvati Managal Karyalay,18.274,73.773804,10,1
5697,Karanjavane,18.2738,73.776802,10,1
5864,Gahunjegaon,18.6675,73.702202,10,2
5956,Badhalwadi Phata,18.803176921239,73.7022971922849,10,1
5957,Shewarlate Sales Pvt Ltd.,18.8083,73.7006,10,1
5958,Mindewadi Navlakh Umbre,18.7959,73.7314,10,2
5960,Emerson Company Gate No 1 Mindewadi,18.800301,73.729698,10,2
5964,Muktai Temple Badhalwadi,18.8055,73.7146,10,2
5965,Badhalwadi,18.805,73.709198,10,2
5966,Finolex Company Badhalwadi Phata,18.8025286766468,73.7008396181237,10,2
6017,Iskcon Mandir In Shindewasti Ravet,18.6542,73.754898,10,2
6022,Phuljai Chowk,18.648199,73.751198,10,2
6026,Mauli Park,18.654699,73.753197,10,2
6166,Manik Colony,18.630743015156,73.7905097191837,10,2
6167,Bakwoulf Colony,18.6304,73.792099,10,2
6168,Gawade Petrol Pump,18.6301,73.7929,10,2
6276,Newale Chowk,18.6644,73.807198,10,2
6277,Vaishnavi Calection,18.6632,73.8069,10,2
6278,Shivtej Nagar Chowk,18.662901,73.807899,10,2
6279,Shani Mandir Shahu Nagar,18.6607,73.8078,10,2
6280,Bahirwade Kridangan,18.6573032669352,73.8075897450876,10,2
6281,Ganesh Mandir Shahu Nagar,18.6555649038212,73.8108133689018,10,2
6295,Aundh Hospital,18.577078,73.803322,10,1
6298,Wakad Phata,18.5867,73.7901,10,1
6305,Bahirwade Kridangan,18.657,73.807899,10,2
6463,Ganesh Mandir Shahu Nagar,18.6555,73.810898,10,2
6464,Shani Mandir Shahu Nagar,18.6609,73.807701,10,2
6465,Shivtej Nagar Chowk,18.6626,73.807999,10,2
6506,Rto Chikhali,18.6583,73.812202,10,1
6507,Bhosale Petrol Pump,18.6622623855303,73.813053696473,10,1
6743,Tathwade,18.6291399569622,73.7537983059883,10,1
6843,Gram Panchayat Urse Gaon,18.704599,73.637901,10,2
6948,Aundh Hospital,18.575735,73.804253,10,1
7226,Adarsh Nagar,18.664801,73.7397,10,1
7749,Mahila Mandal,18.4993816091099,73.8505851541124,10,2
7771,Kamala Nehru Hospital,18.5226,73.862198,10,1
8234,Ghotawadegaon,18.548901,73.662903,10,2
8235,Snz Chemical Company,18.5459,73.666199,10,2
8236,Kamala Nehru Hospital,18.522499,73.862,10,1
8237,Gavkos Maruti,18.5203,73.864098,10,1
8238,Govind Halwai Chowk,18.513,73.861801,10,1
8239,Kasture Chowk,18.511299,73.8619,10,1
8240,Ganj Peth,18.5091,73.862099,10,1
8241,Mominpura,18.5061,73.862297,10,1
8377,Sangrun,18.400101,73.678398,10,2
8380,Lucky Farm,18.4007,73.691002,10,2
8381,Splender Country Club Gate Kramank 2,18.402901,73.694603,10,2
8383,Mandvi Budruk,18.4088,73.705002,10,2
8384,Mandvi Khurd,18.4119,73.706596,10,2
8385,Karanjkar Vasti,18.4165709871236,73.7113798455722,10,2
8386,Khadakwadi,18.4186,73.715698,10,2
8387,Khadakwadi Shala,18.4175,73.718903,10,2
8389,Elina Farm,18.4155287698844,73.723797096241,10,2
8558,Nalavade Vasti Pashan,18.537901,73.786598,10,1
8572,Nalavade Vasti Pashan,18.5376829455522,73.7869524112075,10,1
8635,Bhosale Vasti Charholi,18.6490155605752,73.9066970862355,10,1
8636,Pradhan Mantri Aavas Yojna Charholi,18.6475501681312,73.9067579924192,10,1
8637,Samarth Dairy Charholi,18.6426178588572,73.9079435235442,10,1
8638,Pathare Mala Charholi,18.6370082157227,73.9079577695345,10,1
8639,Dy Patil Corner Charholi,18.625056497343,73.9093101194398,10,1
8640,Note Ring Hill Society Charholi,18.6250381968318,73.9138859510422,10,1
8641,Dy Patil College Charholi,18.6194340786036,73.9122605886852,10,1
8818,World Trade Center No. 3 Kharadi,18.551735,73.947731,10,1
8819,Raghoji Chavan Chowk Kharadi,18.554836,73.947563,10,1
8820,Clover Galleria Society Kharadi,18.556986,73.947044,10,1
8821,Town Down Chowk Kharadi,18.560387,73.945747,10,1
8905,Sayali Complex Datta Mandir,18.639601,73.764,10,2
8906,Chintamani Chowk,18.6383,73.765999,10,2
8907,Spaine Roadsankalp Chowk,18.637190448226,73.7684793020824,10,2
8908,Dagdoba Chowk,18.636801,73.770401,10,2
8909,Chinchwade Nagar Bholeshwar Mandir,18.635201,73.772301,10,2
106604,Vishnu Krupa Mangal Karyalay,18.4867758548133,74.1332431806076,9,2
106605,Dalkar Vasti,18.4854021980522,74.1330500546749,9,2
106606,Kamthe Agro,18.4840437933166,74.132846365253,9,2
106607,Namo World Furniture,18.4809555447397,74.132304546836,9,2
106608,Kaleshiwar Prathamik Shala,18.47560821507,74.1313443247823,9,2
106609,Khedekar Vasti,18.4718634586697,74.1306526083671,9,2
106610,Postman Vasti,18.4672281917965,74.1300032463471,9,2
106611,Chairman Vasti Phata,18.4608373221259,74.1290646564875,9,2
106612,Wak Vasti Shindavane,18.4541459893925,74.1283083376556,9,2
106613,Walti Phata,18.4521844970965,74.126039664514,9,2
106614,Shindavane Grampanchayat,18.4474690976225,74.1274237979379,9,2
106615,Shree Ganesh Mandir Shindavane,18.4454545002113,74.1283023145287,9,2
106616,Khandoba Mandir Shindavane,18.4427930253451,74.1282491217241,9,2
106617,Hp Petrol Pump Shindavane,18.4385963891793,74.1278756975008,9,2
106618,Warcha Mala,18.4356327917615,74.1275891432422,9,2
106619,Shivtara Hotel,18.4307777088833,74.1279958892136,9,2
106620,Ghat Pump House,18.4274933804082,74.1270093560735,9,2
106621,Purandar Upsa Pamp House,18.4184561756266,74.1300837910208,9,2
106622,Jai Ganesh Hotel,18.4067089273896,74.1261355009476,9,2
106623,Waghapur Gaon,18.3981565272747,74.1231699744209,9,2
106624,Waghapur Chouphula,18.3916716621996,74.1214278664178,9,2
106625,Ware Vasti,18.3884461490535,74.1167492228396,9,2
106626,Shingapur Gaon,18.385762430181,74.1131860467142,9,2
106627,Band Vasti,18.3825739160689,74.1121398653347,9,2
106628,Korde Vasti,18.3784980077848,74.1087278721849,9,2
106629,Memane Vasti,18.3754982260829,74.1064767916812,9,2
106630,Patrawali Karkhana,18.3711267260468,74.0982528483811,9,2
106631,Vijayraj Hotel,18.3709956608923,74.0953284043594,9,2
106632,Zende Vasti,18.372334370655,74.0894353681461,9,2
106633,Hagwane Vasti,18.3730235315314,74.0822065830176,9,2
106634,Udachi Wadi,18.3742456112783,74.0765795599004,9,2
106635,Wanpuri,18.371872018876,74.0663297434033,9,2
106636,Kumbharwalan Phata,18.3704882126997,74.0642120004877,9,2
106637,Bhintade Farm,18.3673538807336,74.0623317866413,9,2
106638,Chatrapati Sambhaji Chowk Vanpuri,18.3639937011947,74.0582968335908,9,2
106639,Magar Poultry Farm,18.3596559181509,74.0527988305297,9,2
106640,Borkar Vasti Aambodi,18.3562156693866,74.0466388104387,9,2
106641,Aambodigaon,18.3509906196811,74.042842440366,9,2
106642,Madha Colony Saswad,18.3483640796013,74.037286629071,9,2
106643,Purandar High School Saswad,18.346071639076,74.0333636371031,9,2
1229,Dharmvir Shambhuraje Chowk,18.603012,73.927231,9,1
1231,Lohegaon Khandoba Mal,18.608414,73.92746,9,1
1809,Gajanan Maharaj Nagar,18.452801,73.879204,9,2
2219,Charholi Phata,18.6614,73.886299,9,2
2223,St Stand Alandi,18.673401,73.893402,9,2
2267,Jaibaba Washing Center,18.6050030308967,73.9271521568298,9,1
3821,Tillekar Manapa Madhyamik Vidhyalay,18.4554,73.884102,9,1
3822,Tillekar Nagar Chowk,18.4548,73.884399,9,1
3823,Tillekar Nagar Chowk,18.4548,73.8843,9,1
3824,Tillekar Manapa Madhyamik Vidhyalay,18.4554,73.884003,9,1
4526,Mauli Nagar Alandi Road,18.638201,73.875298,9,2
4553,St Stand Alandi,18.6735,73.893097,9,2
4854,Panyachi Taki Gahunje,18.669399,73.704102,9,2
4855,Vaman Bhau Housing Society,18.6671847632681,73.7068111712313,9,2
4983,Shivaji Vidyalaya Paud,18.527599,73.612701,9,1
5825,Gahunjegaon,18.6675,73.702103,9,2
5910,Shewarlate Sales Pvt Ltd.,18.808122291225,73.7010607202269,9,1
5911,Badhalwadi Phata,18.8030811060837,73.7021309084749,9,1
6510,Jadhavwadi Phata Kudalwadi Road,18.6782,73.816299,9,1
6649,Sarandh Society Kaljewadi,18.6465,73.890503,9,2
6655,Wagheshwar Vidyalaya,18.652901,73.906799,9,2
760,Charholigaon,18.6536344394981,73.907622811537,9,2
8185,Khadakwasla Phata,18.4463964229354,73.7613197223557,9,2
9281,Laxmi Mata Chowk Charholi,18.6535,73.91258,9,2
9282,Tanish Society,18.65144,73.91571,9,2
9283,Ganesh Chowk Charholi,18.6489827258995,73.9203896254465,9,2
9284,Charholigaon Burde Vasti,18.6478172517725,73.9252729880754,9,2
106732,Karnadi Gaon Kaman,18.7263596967068,74.0614495319826,8,2
106744,Takve Bhoyregaon,18.8644874707297,73.5960608169006,8,2
106745,Gram Panchayat Karyalay Bhoyregaon,18.8636998401683,73.5984418428309,8,2
106746,New English School Bhoyre Phata,18.8605323232703,73.6022233582119,8,2
106747,Awadewadi,18.8575125260618,73.6016935616781,8,2
106748,Harshvardhan Green Park,18.8517697957126,73.6031748619094,8,2
106749,Kadu Patil Vasti,18.8449831003204,73.6017027636608,8,2
106750,Green Agro Company,18.8391904933432,73.6008937763877,8,2
106751,Kondiwade Gaon,18.8346417522589,73.606509692762,8,2
106752,Andhra Farm House,18.8296498435987,73.6068456104717,8,2
106753,Zohira Farm House,18.8231191136733,73.6064242356729,8,2
106754,Smashan Bhumi Phalne,18.8215796125757,73.6062618676897,8,2
106755,Mal Pote Mala,18.8168782788133,73.6062434418739,8,2
106792,Nigdi,18.6604484745353,73.7764489331687,8,1
106823,Ujwal Park,18.4772304086736,73.8951900288872,8,2
1069,Dlf Company,18.5846845255499,73.6960583872651,8,2
1795,Gajanan Maharaj Nagar,18.4529,73.879097,8,2
1834,Kumar Pruthvi Kondhwa,18.4671,73.879204,8,1
1835,Kumar Pruthvi Kondhwa,18.4670366165279,73.8792479038239,8,1
2819,Sukrewadi Phata,18.7685678777527,74.0482887625694,8,2
2820,Parhadwadi Phata,18.754801,74.0541,8,2
2823,Gondhale Vasti,18.7306,74.050003,8,2
2905,Nhavare,18.662701,74.371597,8,2
2908,Ganesh Nursery Nhavare Road,18.665001,74.3573,8,2
2914,Girmkar Vasti Nhavare Road,18.674801,74.320198,8,2
3128,Datta Mandir Kondhwa,18.4779477983312,73.8921107321784,8,2
3129,Kausar Bag,18.473499,73.891403,8,2
3130,Parge Nagar,18.469801,73.891296,8,2
3135,Military Hospital Vanawadi,18.5018845840417,73.8906499743462,8,2
3220,Sarla Shahdadpuri Road,18.445517,73.917519,8,2
3229,Kumar Properties,18.463493,73.905258,8,2
3230,Clovher Highland Society,18.4672782255453,73.9012788803419,8,2
3231,Clovher Plaza,18.469278,73.90033,8,2
3232,Dorabji Mall,18.4723714934029,73.8994529843331,8,2
3254,Nibm Corner,18.476416,73.896782,8,2
3334,Dhayari Phata Dhayari Road,18.46067694058,73.812783442219,8,1
3444,Ramdara,18.464726565993,74.0208604931832,8,1
3445,Keskar Vasti,18.4663191813089,74.0200075507164,8,1
3447,Zilla Parishad Shala Nande Patil Vasti,18.4685,74.018997,8,1
3448,Sidramnagar,18.470501,74.020401,8,1
3449,Phule Vasti,18.473101,74.022903,8,1
3450,Tarwadi Ranamala,18.4755,74.025002,8,1
3451,Ambernath Mandir Loni,18.4804383668513,74.0264341235161,8,1
3452,Chhatrapati Shivaji Udyan Loni,18.4825523286335,74.0254443883896,8,1
3453,Loningaon,18.484699,74.025497,8,1
3454,Loningaon,18.4846713520051,74.0256375074387,8,1
3455,Chhatrapati Shivaji Udyan Loni,18.4825,74.025497,8,1
3456,Ambernath Mandir Loni,18.4804002084568,74.0265199542046,8,1
3457,Tarwadi Ranamala,18.4755209518614,74.025157392025,8,1
3458,Phule Vasti,18.473101,74.023102,8,1
3459,Sidramnagar,18.4704100485821,74.0204313397408,8,1
3460,Zilla Parishad Shala Nande Patil Vasti,18.4685,74.019096,8,1
3461,Keskar Vasti,18.4662504903827,74.0200531482697,8,1
3462,Ramdara,18.464701,74.020897,8,1
3470,Chintamani Society Manjri Road,18.542299,73.990196,8,1
3471,Sairatna Hotel,18.540001,73.989998,8,1
3472,Mayuresh Automobiles,18.5377833683706,73.9899185299873,8,1
3473,Manjari Khurd,18.528099,73.991096,8,1
3474,Annasaheb Magar Vidyalay,18.5263,73.990196,8,1
3475,Maruti Mandir Wes,18.524599,73.986397,8,1
3492,Maruti Mandir Wes,18.5245361573517,73.9865738153458,8,1
3493,Annasaheb Magar Vidyalay,18.5261994265495,73.9901545643807,8,1
3494,Manjari Khurd,18.5279211730385,73.9910504221916,8,1
3495,Mayuresh Automobiles,18.5376892760026,73.9898675680161,8,1
3496,Sairatna Hotel,18.5397,73.989799,8,1
3497,Chintamani Society Manjri Road,18.542101,73.990097,8,1
366,Ram Nagar Nda Road,18.5247624257911,73.7809342480545,8,2
3669,Dalavi Wasti Khamgaon,18.541901,74.221703,8,2
367,Bavdhangaon Police Chowki,18.5223907866716,73.7798154121964,8,2
3671,Gada Modi Chowk Khamgaon,18.541466275587,74.2224767856742,8,2
368,Bavdhangaon,18.5194,73.778801,8,2
369,D Palace,18.5175,73.780502,8,2
370,Bank Of Maharashtra Bavdhan,18.5154726816723,73.7820502689127,8,2
371,Shinde Nagar Bawdhan,18.512199,73.782303,8,2
372,Chandani Chowk Pashan Road,18.5094133187428,73.7824035669984,8,2
4497,Lakshmi Nagar Police Chowky,18.4916,73.849899,8,1
4707,Marnewadi,18.4737439972472,73.6385759553478,8,2
5175,Jain English School,18.8291,74.055603,8,2
5176,Kanhur Phata,18.8277,74.056503,8,2
5178,Shriram Petrol Pump,18.821899,74.050797,8,2
5180,Zilla Parishad Shala Thetewadi,18.804001,74.051102,8,2
5181,Panyachi Taki Thetewadi,18.802099,74.047699,8,2
5182,Chimangiri Ashram,18.801399,74.041901,8,2
5183,Thetevasti Pabal Road,18.796499,74.039001,8,2
5184,Akshada Mangal Karyalay,18.7876,74.0382,8,2
5185,Tahe Vasti,18.777882818228,74.044418334961,8,2
5186,Zp School Parhadvasti,18.7450242820063,74.0525990724564,8,2
5188,Canol Karandi  Road,18.7241269079992,74.0487045049668,8,2
5275,Master Bakery,18.6329,73.817101,8,4
5278,Masulkar Colony,18.633699,73.807198,8,4
5325,Dimpal Chemicals,18.5516,73.669098,8,2
5326,Shewalewadi Rehe,18.5532,73.669403,8,2
5328,Saibaba Mandir Materewadi,18.563801,73.664001,8,2
5329,Materewadi,18.5689861293335,73.6613653665961,8,2
5330,Matere Vasti,18.5723,73.652496,8,2
5331,Poultry Farm Bodkewadi,18.5741,73.6474,8,2
5332,Rihegaon,18.5767,73.641701,8,2
5333,Vitbhatti Rehe,18.5773383361871,73.6305588562704,8,2
5334,Padalgharwadi,18.5774,73.627098,8,2
5335,Farm House Khamboli Road,18.5791,73.623596,8,2
5336,Rasalwadi Phata,18.5805,73.620903,8,2
5337,Kemsewadi Shala,18.5833,73.618599,8,2
5338,Kemsewadi,18.5874,73.614197,8,2
5339,Jawalgaon,18.5912,73.610497,8,2
5340,Pimpavali Phata,18.593599,73.608902,8,2
5341,Nishigandha Farm,18.5954,73.606102,8,2
5342,Mohol Vidyalay,18.6024,73.599503,8,2
5343,Khamboli,18.6043,73.597099,8,2
5344,Tavre Vasti Khamboli Road,18.605499,73.592598,8,2
5345,Avanti Kalagram,18.6077,73.5858,8,2
5346,Katar Khadak,18.612,73.576401,8,2
5349,Andh Shala Kothrud,18.496099,73.803398,8,4
5350,Sahajanand Society,18.496401,73.802002,8,4
5351,Mahesh Vidyalay,18.499701,73.802002,8,4
5352,Ashish Garden,18.5021,73.802299,8,4
5353,Guru Ganesh Nagar,18.502899,73.7995,8,4
5354,Kumbare Park,18.503201,73.798203,8,4
5391,Kondhanpur,18.349701,73.796204,8,1
5392,Tarangan Garden,18.3494,73.7976,8,1
5393,Diamond Watch Company,18.3503,73.810501,8,1
5394,Poultry Farm Kandhare,18.350401,73.805801,8,1
5396,Arvi Phata / Arvi Gaon,18.3503154408089,73.8190504064887,8,1
5397,Chillal Masala Company,18.349199,73.823303,8,1
5398,Gulnur Farm,18.3485085681476,73.8258504762362,8,1
5399,A Farm,18.347601,73.828598,8,1
5400,Prathamik Arogya Kendra Shivapur,18.3428,73.835098,8,1
5401,Shivapurwada,18.3409,73.838699,8,1
5402,Landgemala,18.339899,73.842796,8,1
5403,Shreeram Nagar,18.3431,73.8452,8,1
5404,Ovhal Vasti,18.3438,73.848,8,1
5555,Khandoba Mandir Dhayri,18.455151227187,73.8118494285874,8,1
5802,Mhada Colony Masulkar,18.633801,73.803497,8,4
6236,Godambewadi,18.561399,73.671898,8,2
6237,Dhumalwadi Phata,18.564199,73.6745,8,2
6238,Hotel Craud,18.568001,73.676903,8,2
6239,Bapuji Buva Mandir,18.5721,73.679001,8,2
6240,Vitthal Mandir Gawarwadi,18.5732,73.682602,8,2
6241,Gawarwadi,18.5739,73.686096,8,2
6242,Megapolis,18.5741350145076,73.688548887697,8,2
6243,Megapolis,18.5748028903867,73.6886179026408,8,2
6244,Gawarwadi,18.573799,73.6856,8,2
6245,Vitthal Mandir Gawarwadi,18.5732,73.6828,8,2
6246,Bapuji Buva Mandir,18.572001,73.6791,8,2
6247,Hotel Craud,18.5679,73.677002,8,2
6248,Dhumalwadi Phata,18.564199,73.674599,8,2
6249,Godambewadi,18.561399,73.672096,8,2
7218,Vadmukhwadi Phata,18.6534,73.884201,8,1
7541,Takve Phalane Phata,18.814465,73.604973,8,2
7542,Kalubai Rice Mill,18.8097,73.606682,8,2
7543,Takve Gaon,18.805925,73.608749,8,2
7544,Khandoba Chowk Takve Gaon,18.804899,73.609001,8,2
7545,Swagat Kaman Takwe,18.8018,73.6073,8,2
7546,Kspg Company,18.799999,73.605797,8,2
7550,Takve Farm,18.7873,73.605003,8,2
7558,Shanimandir Ambewadi,18.762899,73.599503,8,2
7617,Infosys Phase 1,18.5858857506125,73.7339580418561,8,2
7623,Tata Motors,18.585273766011,73.6968008235781,8,2
8055,Ghule Nagar Vadgaon Budruk,18.4609014742577,73.8251283184143,8,2
106572,Zilla Parishad School Parandavadi,18.6992909248731,73.6619340948392,7,1
106713,Hp Petrol Pump Patas,18.4380618986202,74.4426410260228,7,1
106714,Saubhagya Mangal Kharyalay Patas,18.4399830806057,74.4370230433052,7,1
106715,Bhagwat Wadi Patas,18.4413927235905,74.4330587589094,7,1
106716,Maruti Mandir Patas,18.4437539769028,74.4269972177169,7,1
106717,Kavathicha Mala,18.4447285602621,74.4225105564379,7,1
106718,Satpute Mala Phata,18.4453187187202,74.4186171211521,7,1
106719,Yashraj Lawns Varvand,18.4460337768934,74.4155114417111,7,1
106720,Siddharthnagar Varvand,18.4469064253069,74.4109374090555,7,1
106845,Visveshwar Chowk Bhosari,18.6432334519085,73.8317024237805,7,1
106846,Bel Optonica Company,18.6425421715574,73.832743119879,7,1
106847,Alok Company,18.6420237094475,73.8335209463976,7,1
106848,Aqua Pharma Company,18.6414137519978,73.8345081653597,7,1
106849,Sharda Industries,18.6409613654745,73.8356020537889,7,1
106850,Sharp Auto Pvt Ltd,18.6406767171569,73.836476570159,7,1
106851,Jain Corporation,18.6402649928534,73.8375010200341,7,1
106852,Pune Polymers Company,18.6398278523771,73.8387189874652,7,1
106856,Kirti Industries,18.6314304704711,73.8392285264331,7,1
106860,Philips Corner,18.6201146979219,73.8414008481494,7,1
106861,Philips Corner,18.6202367048769,73.8412024815186,7,1
106862,Kirti Industries,18.6313186381298,73.8392817864335,7,1
106863,Pune Polymers Company,18.6397109425242,73.8387991805169,7,1
106864,Jain Corporation,18.6401684154031,73.8375391083409,7,1
106865,Sharp Auto Pvt Ltd,18.6405445588472,73.836535513849,7,1
106866,Sharda Industries,18.6408495394066,73.8357256618281,7,1
106867,Aqua Pharma Company,18.641235847329,73.834706360513,7,1
106868,Alok Company,18.6417872717742,73.8336054879764,7,1
106869,Bel Optonica Company,18.6425370886032,73.8325707968325,7,1
106870,Visveshwar Chowk Bhosari,18.6432334519085,73.831562933843,7,1
106882,World Trade Center No. 3 Kharadi,18.5514108992367,73.947519821103,7,1
106883,Raghoji Chavan Chowk Kharadi,18.5550216904011,73.9473160456737,7,1
106884,Clover Galleria Society Kharadi,18.5570559053086,73.946779519339,7,1
106885,Town Down Chowk Kharadi,18.5601478655332,73.9456906421057,7,1
2251,World Pride City Circel,18.620399,73.915802,7,1
2253,Lohegaon Khandoba Mal,18.6085,73.927597,7,1
2254,Jaibaba Washing Center,18.605101,73.9272,7,1
2255,Dharmvir Shambhuraje Chowk,18.6029,73.927299,7,1
2828,Karnadi Gaon,18.728901,74.061996,7,2
3680,Khamgaon Phata,18.4849155595753,74.2256793379784,7,1
3681,Bhondve Vasti Solapur Road,18.4865,74.217102,7,1
3683,Hole Vasti Yavat Road,18.488501,74.205803,7,1
3684,Thorat Vasti,18.489,74.201797,7,1
3685,Pangarkar Vasti,18.4895,74.195602,7,1
3686,Gautam Nagar,18.49,74.189598,7,1
3687,Makar Vasti,18.4895,74.186501,7,1
3689,Zurunge Vasti,18.488001,74.175201,7,1
5210,Bhose Phata,18.718599,73.936302,7,2
5220,Goshala Vadgaon Ghenand Road,18.681801,73.901398,7,2
5221,Vitthalbaba Darga,18.6789,73.899399,7,2
5297,Katar Khadak,18.612101,73.576599,7,2
5299,Avanti Kalagram,18.6077,73.585899,7,2
5301,Tavre Vasti Khamboli Road,18.6053715466845,73.5927173439392,7,2
5302,Khamboli,18.6043,73.597198,7,2
5303,Mohol Vidyalay,18.602301,73.599602,7,2
5304,Nishigandha Farm,18.5954,73.606201,7,2
5305,Pimpavali Phata,18.5937,73.608902,7,2
5306,Jawalgaon,18.5912,73.610603,7,2
5307,Kemsewadi,18.5874,73.614304,7,2
5308,Kemsewadi Shala,18.5833,73.618698,7,2
5309,Rasalwadi Phata,18.5807,73.620796,7,2
5310,Farm House Khamboli Road,18.5788,73.624001,7,2
5311,Padalgharwadi,18.5773993759464,73.6306688058017,7,2
5312,Vitbhatti Rehe,18.5765,73.636101,7,2
5313,Rihegaon,18.576599,73.640999,7,2
5314,Poultry Farm Bodkewadi,18.5742,73.647499,7,2
5315,Matere Vasti,18.572201,73.653,7,2
5316,Materewadi,18.569218818832,73.6613016766235,7,2
5317,Saibaba Mandir Materewadi,18.566601,73.663101,7,2
5319,Shewalewadi Rehe,18.5553,73.668098,7,2
5320,Dimpal Chemicals,18.551701,73.669098,7,2
5590,Nigde Phata,18.281099,73.7808,7,2
5730,Rajas Society,18.452801,73.864899,7,1
5731,Rajas Society,18.452999,73.864197,7,1
6397,Pandavnagar Maan,18.5849,73.731903,7,1
6398,Vadjainagar,18.582701,73.7276,7,1
6399,Parkhivasti,18.5818415943461,73.7254808882583,7,1
6400,Marnevasti Maan,18.5811,73.722801,7,1
6401,Rakshevasti Maan,18.578699,73.7164,7,1
6402,Shiv Parvati Mangal Office Maan,18.5779,73.7145,7,1
6403,Bharnevasti Maan,18.576599,73.7117,7,1
6404,Mangaon Hinjewadi,18.575701,73.709999,7,1
6405,Mandevi Temple,18.575199,73.709198,7,1
6406,Parkhi Vidyalaya,18.5746,73.706497,7,1
6407,Chandephata Maan,18.573799,73.702599,7,1
6408,M Quar Company Maan,18.5734,73.699203,7,1
6409,Bhairavnath Vajan Kata,18.573299,73.694603,7,1
6410,Hinjewadi Maan Phase 3 Corner,18.5734572466159,73.6889619058087,7,1
6844,Padmavati Mandir Urse,18.704201,73.640503,7,1
6845,Chhatrapati Sambhaji Maharaj Chowk Urse,18.704201,73.641502,7,1
6846,Phenolex Pvt. Ltd. Urse,18.7071,73.6437,7,1
6847,K.K. Nag Pvt. Ltd.,18.710699,73.646599,7,1
6848,Dhamale Petrol Pump Urse Khind,18.7166,73.648003,7,1
6849,Mount Vista Society,18.726299,73.651199,7,1
6850,Mount Vista Society,18.7264,73.651299,7,1
6851,Dhamale Petrol Pump Urse Khind,18.7166,73.648201,7,1
6852,K.K. Nag Pvt. Ltd.,18.710699,73.646698,7,1
6853,Phenolex Pvt. Ltd. Urse,18.7071,73.643799,7,1
6854,Chhatrapati Sambhaji Maharaj Chowk Urse,18.7041,73.641502,7,1
6855,Padmavati Mandir Urse,18.7041,73.640404,7,1
6856,Gram Panchayat Urse Gaon,18.7047,73.638702,7,1
7073,B Block Bhosari,18.6499,73.828796,7,1
7074,Minatai Kametkar Udyan Bhosari,18.6490133353571,73.8301587738089,7,1
7075,Khande Vasti Bhosari,18.6458,73.828102,7,1
7076,Sai Engineering Company Khande Wasti,18.6443,73.830101,7,1
7106,Sai Engineering Company Khande Wasti,18.6443,73.829903,7,1
7107,Khande Vasti Bhosari,18.645599,73.827904,7,1
7108,Minatai Kametkar Udyan Bhosari,18.648899,73.8302,7,1
7109,B Block Bhosari,18.65,73.828697,7,1
7639,Vaman Bhau Housing Society,18.671,73.709,7,1
7640,Gahunje Stadium Phata,18.6705,73.707001,7,1
7965,Varasgaon Goradwadi,18.3978,73.617401,7,1
7966,Four Fighter Battalion Center,18.394699,73.616096,7,1
7967,Bsf Treaning Center Panshet,18.3909,73.615997,7,1
7968,Varsgaon Phata,18.3871,73.6166,7,1
7969,Panshet St Stand,18.3799,73.6194,7,1
7970,Panshet Bazar Peth,18.381901,73.620903,7,1
7971,Kuran Khurd,18.3818,73.626999,7,1
7972,Ambi Phata,18.3859271137271,73.6378410379671,7,1
7973,Anushankar Mangal Karyalay,18.3855,73.644302,7,1
7975,Rulegaon,18.384001,73.653999,7,1
7976,Sonapur,18.3918,73.671303,7,1
7977,Osade Phata,18.3897,73.688499,7,1
7978,Nigde Phata,18.388,73.693604,7,1
7979,Vardade Phata,18.3895,73.700401,7,1
7980,Malkhed,18.391899,73.702103,7,1
7981,Ventri Biology,18.394501,73.708504,7,1
7982,Naik Ovhal,18.3941,73.713898,7,1
8007,Naik Ovhal,18.393999,73.714104,7,1
8008,Ventri Biology,18.3944,73.708504,7,1
8009,Malkhed,18.391899,73.702202,7,1
8010,Vardade Phata,18.3894,73.700401,7,1
8011,Nigde Phata,18.387899,73.693604,7,1
8012,Osade Phata,18.389601,73.6884,7,1
8013,Sonapur,18.3918,73.671097,7,1
8014,Rulegaon,18.3839,73.6539,7,1
8015,Anushankar Mangal Karyalay,18.385401,73.644402,7,1
8016,Ambi Phata,18.3859,73.638199,7,1
8017,Kuran Khurd,18.3818,73.626602,7,1
8018,Panshet Bazar Peth,18.382,73.620697,7,1
8019,Panshet St Stand,18.379999,73.6194,7,1
8020,Varsgaon Phata,18.3871,73.616501,7,1
8021,Bsf Treaning Center Panshet,18.390699,73.615898,7,1
8022,Four Fighter Battalion Center,18.394699,73.615997,7,1
8023,Varasgaon Goradwadi,18.398001,73.617302,7,1
8100,Gram Panchayat Karyalay Varvand,18.4475,74.407898,7,1
8101,Divekar Mahavidyalaya,18.448299,74.405296,7,1
8102,Gopinath Mangal Karyalay,18.4519,74.3927,7,1
8103,National Hotel,18.4531,74.387604,7,1
8104,Sadhana Sahakari Bank,18.453501,74.380997,7,1
8105,Kedgaon Chaufula,18.4536,74.378799,7,1
8106,Jagdamba Hotel,18.454599,74.372498,7,1
8107,Kolpe Vasti Solapur Road,18.455299,74.366699,7,1
8108,Wakhari Phata,18.4573,74.356003,7,1
8109,Jagtap Vasti Solapur Road,18.4596,74.347397,7,1
8110,Aanand Gram Society,18.4601,74.343803,7,1
8111,Samadhan Hotel,18.4608,74.341202,7,1
8112,Sarja Hotel,18.4615,74.338501,7,1
8113,Aryan Lawns,18.4636,74.329597,7,1
8114,24 Krushi Paryatan Kendr,18.4641,74.327599,7,1
8115,Shivar Garden Hotel,18.4653,74.321999,7,1
8116,Parakh Agro,18.466299,74.317001,7,1
8117,Bhandgaon,18.4671,74.312202,7,1
8118,Indian Oil Petrol Pump Yevat Road,18.4676,74.310097,7,1
8119,Sonakshi Mangal Karyalay,18.4687,74.304298,7,1
8120,Kanchan Farm House,18.4694,74.300797,7,1
8121,Pravin Suhana Masale Company,18.4709,74.2938,7,1
8122,Trishul Steel Company,18.472,74.288803,7,1
8123,Krishiraj Cold Storage,18.472799,74.284897,7,1
8124,Indira Nagar Vasahat Yavat Road,18.4736,74.281097,7,1
8125,Annapurna Hotel,18.474199,74.277702,7,1
8126,Yavat,18.4755,74.271797,7,1
8127,Station Road Yavat,18.4764,74.2677,7,1
8128,Bhuleshwar Phata,18.477501,74.262299,7,1
8129,Dodge Vasti Shelkemala,18.480801,74.245697,7,1
8130,Kasurdi Phata,18.4828677671455,74.2361184954643,7,1
8163,Javji Buvachi Wadi,18.487499,74.211197,7,1
8248,Prathmik Arogya Kendra Shedani,18.526899,73.515999,7,1
8249,Shedni Phata,18.5284,73.517502,7,1
8250,Male Grampanchayat Office,18.5298,73.522797,7,1
8251,Malegaon,18.5303,73.524399,7,1
8253,Adiwasi Vasti,18.5319,73.5373,7,1
8254,Jamgaon St Stand,18.532801,73.542099,7,1
8256,Ramlila Banglow,18.5315,73.5513,7,1
8257,Sai Prasad Mangal Karyalay,18.531099,73.557098,7,1
8258,Sheregaon,18.5311070906765,73.558553615476,7,1
8259,Vitthal Kamat Hotel,18.5307777767967,73.5683504036263,7,1
8260,Dagde Patil Farm,18.5305634863449,73.5689236423075,7,1
8261,Akole Bus Stand,18.5292359747442,73.5717688566626,7,1
8262,Deshpande Farm,18.5280292353395,73.5740956664086,7,1
8263,Kalam Shet,18.525299,73.581398,7,1
8264,Andeshi Phata,18.524401,73.587799,7,1
8265,Mont Vet Society Bhugaon,18.501699,73.747704,7,1
8266,Mont Vet Society Bhugaon,18.5016,73.747902,7,1
8267,Andoshi Phata,18.5242869156216,73.5874812738889,7,1
8268,Kalam Shet,18.5252,73.5811,7,1
8269,Deshpande Farm,18.527671328726,73.5747984051705,7,1
8270,Akole Bus Stand,18.528999,73.571999,7,1
8271,Dagde Patil Farm,18.5308,73.5681,7,1
8272,Vitthal Kamat Hotel,18.5308,73.5681,7,1
8273,Sheregaon,18.5310511834884,73.5587299555974,7,1
8274,Sai Prasad Mangal Karyalay,18.531099,73.557602,7,1
8275,Ramlila Banglow,18.531401,73.551598,7,1
8276,Jamgaon St Stand,18.5327,73.542,7,1
8277,Adiwasi Vasti,18.5317,73.537102,7,1
8278,Malegaon,18.5303,73.524498,7,1
8279,Male Grampanchayat Office,18.529699,73.522598,7,1
8280,Shedni Phata,18.5282,73.517403,7,1
8281,Prathmik Arogya Kendra Shedani,18.526899,73.516098,7,1
8390,Morewadi Phata,18.4582,73.625397,7,1
8391,Prarthmik Aarogya Kendra Mutha,18.4548,73.626099,7,1
8392,Zilla Parishad Shala Bharekar Wadi,18.453568325783,73.6314010620117,7,1
8394,Viraj Industries,18.4496137979561,73.6354398094125,7,1
8400,Potewadi Vasti,18.4364736237689,73.6420507821096,7,1
8411,Trimurti Poultry Farm,18.412201,73.673698,7,1
8412,Katavdi,18.4172260997624,73.67001261538,7,1
8413,Poultry Farm Anisha,18.423599,73.668297,7,1
8414,Gaikwadwadi,18.4275,73.6661,7,1
8415,Bahuligaon,18.430445484189,73.6584001779556,7,1
8416,Kulaki,18.4317,73.656403,7,1
8417,Bhagatwadi,18.4332598300549,73.6540576894499,7,1
8418,Sahyadri Krushi Paryatan,18.433701,73.648697,7,1
8419,Kalbhairav Mandir,18.4372598819735,73.639808444854,7,1
8574,Isha Nagari,18.487499,73.8032,7,2
8575,Chaitanyanagri,18.484699,73.805901,7,2
8628,Dy Patil College Charholi,18.6196120060957,73.9123785826122,7,1
8629,Note Ring Hill Society Charholi,18.624967028051,73.9137786626816,7,1
8630,Dy Patil Corner Charholi,18.6249746533482,73.9094334840775,7,1
8631,Pathare Mala Charholi,18.6365314719796,73.907765194927,7,1
8632,Samarth Dairy Charholi,18.6427315930067,73.907865723704,7,1
8633,Pradhan Mantri Aavas Yojna Charholi,18.6474535613293,73.9067157206718,7,1
8634,Bhosale Vasti Charholi,18.6491093006933,73.9066379444998,7,1
8808,Hyatt Residency,18.559265,73.911568,7,1
8809,Wakefield It Company,18.5605407404737,73.9116804974477,7,1
8810,Sakore Nagar,18.561899,73.911201,7,1
8811,Nexa Showroom,18.5623,73.907097,7,1
9285,New Tech Company Landewadi,18.6209439,73.82713688,7,1
9286,New Tech Company Landewadi,18.62089663,73.83225428,7,1
106465,Appasaheb Dhamale Madhyamik Vidhyalay,18.49864,73.58898,6,2
106466,Shilimkar Settlement,18.496491851012,73.5887169020265,6,2
106467,Mhasoba Gate Khechre,18.4937047483997,73.5862342009982,6,2
106468,Dhumalwadi Khechre,18.4875186335902,73.583744454866,6,2
106469,Khecharegaon,18.4863118512176,73.579661597473,6,2
106470,Dhumalwadi Khechre,18.4876102099192,73.5840929663828,6,2
106471,Mhasoba Gate Khechre,18.4935768012414,73.5862172003173,6,2
106472,Shilimkar Vasti,18.496105980359,73.5887043127878,6,2
106473,Appasaheb Dhamale Madhyamik Vidhyalay,18.4984362220908,73.5888837023462,6,2
106474,Khechregaon Phata,18.5023737090718,73.5902136570259,6,2
1074,Mezza Nine,18.593864,73.735397,6,1
1478,Navale Mala Phata,18.5758713230743,74.2563718557358,6,2
1480,Devika Lawns,18.577499,74.249702,6,2
1482,Pilanwadi Phata,18.5783,74.237297,6,2
1483,Kadam Patil English School,18.5795324447646,74.2334094643593,6,2
1484,Dubewadi,18.5800078765019,74.2311188578606,6,2
1493,Bhadale Farm,18.6001,74.181,6,2
1494,Sangvi Sandas Phata,18.6014238034719,74.1745913028717,6,2
1495,Memanwadi Phata 2,18.5816,74.173599,6,2
1496,Memanwadi Phata 1,18.5802,74.168297,6,2
1497,Shindewadi Rahu Road,18.581699,74.164001,6,2
1498,Dhamdhere Vasti,18.5819,74.159302,6,2
1499,Nhavi Phata,18.5819,74.153603,6,2
1500,Shitole Vasti Rahu Road,18.582001,74.149902,6,2
1501,Shivshahi Hotel,18.5816,74.143204,6,2
1503,Ramkrushan Hari Mangal Karyalay,18.5802,74.135201,6,2
1505,Ashtapur Phata,18.580299,74.1231,6,2
1506,Kalakwadi,18.584,74.111198,6,2
1507,Pipe Company,18.589899,74.0905,6,2
1508,Nagwad Vasti,18.5886,74.086304,6,2
1509,Wadebolai,18.5867,74.079803,6,2
1510,Prathamik Arogya Kendra Wadebolai,18.5868,74.0783,6,2
1511,Wadebolai Mandir,18.5879,74.075699,6,2
1512,Gote Vasti,18.5826,74.067497,6,2
1513,Wadegaon Phata,18.580799,74.059097,6,2
1514,Bolhai Mata Mangal Karyalay,18.5777,74.053802,6,2
1515,Poultry Farm Shivneri,18.5755,74.048103,6,2
1516,Bangar Vasti Pasalkar Lawns,18.5744,74.037498,6,2
1517,Bapu Harpude Vasti,18.573299,74.030502,6,2
1518,Dhore Vasti,18.5730262720977,74.0269035100937,6,2
1585,Vadegaon,18.563299,74.067596,6,1
1586,Pathare Bungalow,18.5544445568127,74.0614020824433,6,1
1587,Pathare Vasti Kesnand Vadegaon Road,18.5583756687239,74.0559706091881,6,1
1588,Khutale Vasti,18.560101,74.050301,6,1
1589,Gurudatta Sheti Farm,18.562599,74.046402,6,1
1590,Hargude Vasti,18.5665,74.040604,6,1
1591,Bangar Vasti,18.568701,74.032799,6,1
1592,Lal Baba Vasti,18.569,74.029404,6,1
1593,Babaji Vasti,18.569201,74.028099,6,1
1594,Shankar Mandir Kesnand,18.5717308323616,74.02257301132,6,1
1595,Shankar Mandir Kesnand,18.5717377939641,74.022528782484,6,1
1596,Babaji Vasti,18.569201,74.028397,6,1
1597,Lal Baba Vasti,18.569099,74.029602,6,1
1598,Bangar Vasti,18.568501,74.033699,6,1
1599,Hargude Vasti,18.566601,74.040497,6,1
1600,Gurudatta Sheti Farm,18.5625,74.046501,6,1
1601,Khutale Vasti,18.5602,74.0504,6,1
1602,Pathare Vasti Kesnand Vadegaon Road,18.558399,74.055901,6,1
1603,Pathare Bungalow,18.5544242147053,74.0611928701401,6,1
1604,Vadegaon,18.563299,74.067497,6,1
1630,Tavre Vasti Rahu Road,18.5811,74.141098,6,2
1845,Dattakrupa Mangal Karyalay,18.5449393344473,73.6712157726288,6,1
1846,Godambe Vasti,18.544201,73.675598,6,1
1847,Farm House Mulkhed,18.5427,73.679199,6,1
1848,Mulkhed,18.539801,73.686401,6,1
1849,Malran Vasti Mulkhed,18.5406,73.6884,6,1
1850,Aynal Vasti,18.5473,73.692902,6,1
1904,Aynal Vasti,18.543699,73.690201,6,1
1905,Malran Vasti Mulkhed,18.5406,73.688499,6,1
1906,Mulkhed,18.5397,73.686501,6,1
1907,Farm House Mulkhed,18.5425642177101,73.679179251194,6,1
1908,Godambe Vasti,18.5441,73.675797,6,1
1909,Dattakrupa Mangal Karyalay,18.5448528746714,73.6713740229607,6,1
1946,Aditya Garden City Corner,18.4895,73.790497,6,1
1947,Aditya Garden City,18.4871744622296,73.7903326749802,6,1
1948,Aditya Garden City,18.487301,73.790298,6,1
1949,Aditya Garden City Corner,18.4895,73.790298,6,1
1951,Sai Sayaji Nagar,18.489607387888,73.7927250634129,6,1
2004,Link Road,18.5403950511233,73.7847724556923,6,1
2005,Link Road,18.5404,73.784897,6,1
2390,Loni Dhamni,18.8919819782055,74.0807864069939,6,1
2391,Bandan Vasti,18.887837829698,74.0793326497078,6,1
2392,Padwal Vasti,18.8836555110199,74.0770152211189,6,1
2393,Shivanshu Hotel,18.8782218937199,74.0761622786522,6,1
2394,Sri Krishnanagar,18.8752575668968,74.0760174393654,6,1
2395,Golden Poultry Vadgaonpir,18.868679010072,74.0718171000481,6,1
2396,Thapewadi,18.864799,74.070297,6,1
2397,Sahyadri Career Academy,18.862460615321,74.0690222382546,6,1
2398,Nerhebend,18.8527391525937,74.0637356042862,6,1
2399,Ekeri Mal,18.8451,74.058601,6,1
2400,Smshanbhumi Pabal,18.8374958820977,74.0557479858399,6,1
2401,Maruti Mandir Pabal,18.833401,74.054604,6,1
2402,Gram Panchayat Karyalay Pabal,18.8332006091037,74.0519714355469,6,1
2403,Khed Chowk,18.8297734089893,74.0508636911131,6,1
2405,Shri Padma Mani Jain Mandir,18.829599,74.054901,6,1
2407,Chaudhary Agro Food Company,18.8229316183461,74.0635478496552,6,1
2408,Savarkar Vasti,18.8211,74.067802,6,1
2409,Ganesh Garden Mangal Karyalay,18.8198850727123,74.0710499882698,6,1
2410,Snehdeep Industries,18.8179809536543,74.0736731886864,6,1
2411,Duffalapur Phata Panyachi Taki,18.8068731628247,74.0843430161476,6,1
2412,Salunkevasti,18.8013050271553,74.0886265039444,6,1
2413,Dhamari Gaon,18.7929,74.0961,6,1
2414,New English School Dhamari,18.7906,74.098602,6,1
2415,Gangasagar Vasti Dhamari,18.781401,74.095596,6,1
2416,Gangasagar Hotel,18.771299,74.096802,6,1
2417,Yelvande Vasti,18.760201,74.096703,6,1
2418,Mai Palande English Medium School,18.7544,74.097198,6,1
2419,Inamdar Vasti Mukhi,18.7507365090591,74.0986526012421,6,1
2420,Mukhai Gaon,18.7462180493782,74.0995538234711,6,1
2421,Ramrao Genuji Galande Mahavidhyalay,18.7453011351732,74.0998408198357,6,1
2422,Tukai Temple Mukhi,18.7392407409615,74.1055217385292,6,1
2423,Ump Vasti,18.736,74.108597,6,1
2424,Khirsagar Vasti,18.7303199326613,74.1111382842064,6,1
2425,Sambhaji Raje College Jaatgaon,18.7244088758362,74.1144078969956,6,1
2426,Hp Petrol Pump Jategaon,18.720921077403,74.1162398457527,6,1
2428,Kadam Pawar Vasti,18.7096,74.126404,6,1
2429,Bholenath Mandir,18.7066,74.127899,6,1
2430,Swapn Nagari,18.7020709879196,74.1322284936905,6,1
2431,Pratima Nagar,18.6993042683941,74.1360104084015,6,1
2851,Chatrapati Sambhaji High School,18.65,74.057297,6,1
2852,Industrial Company,18.6567,74.0522,6,1
2853,Zf Steering Company,18.660101,74.0495,6,1
2854,Shaskiya Vishramdham Vadhu Budruk,18.6622299320818,74.0468001365662,6,1
2855,Maher Sanstha,18.663601,74.042999,6,1
2856,Vadhu Budruk,18.6651,74.039497,6,1
2857,Bhandari Vasti,18.673901,74.040901,6,1
2858,Kalukh Shetmala,18.6798,74.041801,6,1
2859,Chaudhary Vasti Kendur Road,18.6898,74.043404,6,1
2860,Anand Ashram Kendur Road,18.6932879582868,74.0439596772194,6,1
2862,Canol Karandi Road,18.7227,74.048302,6,1
3500,Satav Nagar,18.476801,73.931396,6,1
3501,E C P Coloney,18.479311418768,73.9312317967415,6,1
3502,Siddhi Vinayak Vihar,18.4806,73.931198,6,1
3503,Shriram Chowk,18.4816,73.931297,6,1
3504,Hp Gas,18.4807436336234,73.9296680688858,6,1
3520,Siddhi Vinayak Vihar,18.480499,73.931297,6,1
3521,E C P Coloney,18.4792,73.931297,6,1
3522,Satav Nagar,18.474899,73.931503,6,1
3926,Narayanpur,18.3016,73.974602,6,2
3927,Kille Purandar Phata,18.305901,73.978897,6,2
3928,Pokharkar Phata,18.3081,73.980003,6,2
3929,Sri Srishti Garden Hotel,18.3125,73.983902,6,2
3930,Panyachi Taki Bhiwadi,18.315693,73.9888,6,2
3931,Bhiwadi,18.3188,73.994102,6,2
3932,Takmalwadi,18.3207,73.997704,6,2
3933,Vandekarvasti,18.3221,74.000099,6,2
3934,Umaji Naik High School,18.3234,74.0028,6,2
3935,Ghorewadi,18.3242,74.004303,6,2
3936,Vandekar Petrol Pump,18.327299,74.008698,6,2
3937,Shivshambho Dairy,18.329,74.012497,6,2
3938,Shete Mala Saswad Road,18.332199,74.019203,6,2
3939,Jivala Ashram,18.334198,74.022621,6,2
3940,Supe Khurd Phata,18.3361,74.0261,6,2
3941,Saswad Court,18.337601,74.029503,6,2
3942,Chokhande Aali,18.3396,74.0327,6,2
3943,Girme Aali,18.341299,74.032898,6,2
4216,Morgaon St Stand,18.2764,74.320999,6,2
4245,Jejuri Railway Station,18.284201,74.172501,6,2
4577,Mhasoba Mandir Kharawade,18.454201,73.584503,6,1
4578,Zilla Parishad Shala Kharawade,18.4546750259809,73.5908044861519,6,1
4580,Gujarwadi Phata Kharawade,18.457199,73.594101,6,1
4581,Gulmohar Villa,18.457899,73.595001,6,1
4582,Aandhgaon,18.4594,73.600304,6,1
4583,Malegaon Mutha Road,18.458099,73.6045,6,1
4584,Datta Nagar Mutha Road,18.457303920674,73.6082871087323,6,1
4585,Shedgewadi Phata,18.4574597728576,73.6224921060837,6,1
4586,Mutha Gaon,18.458599,73.623901,6,1
4587,Amruteshwar Hotel,18.458599,73.630997,6,1
4590,Amrale Misal House,18.472601,73.650597,6,1
4591,Matoshree Hotel Mutha Road,18.4743,73.652702,6,1
4654,Matoshree Hotel Mutha Road,18.4743,73.652802,6,1
4655,Amrale Misal House,18.472401,73.650597,6,1
4656,Hotel Turning Point,18.471399,73.6493,6,1
4657,Hotel Nisarg,18.4686845553937,73.6386564426566,6,1
4658,Amruteshwar Hotel,18.4585,73.630898,6,1
4660,Shedgewadi Phata,18.457399,73.622597,6,1
4661,Datta Nagar Mutha Road,18.457199,73.6082,6,1
4662,Malegaon Mutha Road,18.458,73.604401,6,1
4663,Aandhgaon,18.459299,73.600304,6,1
4664,Gulmohar Villa,18.457899,73.5951,6,1
4665,Gujarwadi Phata Kharawade,18.457199,73.5942,6,1
4666,Zilla Parishad Shala Kharawade,18.454664241106,73.5910686508675,6,1
4667,Mhasoba Mandir Kharawade,18.4543831383211,73.5899072675131,6,1
4703,Yamuna Nagar Mutha Road,18.4956,73.668098,6,1
4856,Lodha Skim  Gahunje Road,18.665001,73.708801,6,2
4963,Dhamale Vasti Belawade Road,18.489799,73.599297,6,2
4964,Dahibhate Vasti,18.4965,73.594101,6,2
4965,Om Farm House,18.4998,73.592697,6,2
4966,Khecharegaon Phata,18.5023,73.590302,6,2
4967,Kandhare Vasti Kondhale,18.5037258540631,73.589800408587,6,2
4969,Chavan Vasti Kondhavale,18.514099,73.5942,6,2
4970,Zilla Parishad Shala Kondhavale,18.5229,73.5923,6,2
4981,Aishwarya Farm House Kondhale,18.509501,73.591797,6,2
4985,Bhadasgaon,18.547199,73.536102,6,2
4991,Khubwali,18.542601,73.5737,6,2
4992,Mauli Nivas,18.5425529565094,73.5750683261426,6,2
5480,Balaji Mandir Ketkawle,18.2577,73.926201,6,2
5528,Balaji Mandir Phata,18.2593762113479,73.9273786585842,6,2
5967,Vitisco Company,18.804501,73.721802,6,1
5968,Logistics Park Chowk,18.8048,73.726196,6,1
5969,Emerson Company Gate No 2 Mindewadi,18.8041,73.730202,6,1
5970,Mauli Clinic Mindewadi,18.796,73.730103,6,1
6381,Hinjewadi Maan Phase 3 Corner,18.5733396167879,73.6890075349194,6,1
6383,Bhairavnath Vajan Kata,18.573299,73.693604,6,1
6384,M Quar Company Maan,18.5735,73.699303,6,1
6385,Chandephata Maan,18.573960131788,73.7028293202338,6,1
6386,Parkhi Vidyalaya,18.574699,73.706703,6,1
6387,Mandevi Temple,18.5753,73.709198,6,1
6388,Mangaon Hinjewadi,18.5758,73.709999,6,1
6389,Bharnevasti Maan,18.5786,73.7164,6,1
6390,Shiv Parvati Mangal Office Maan,18.579,73.7173,6,1
6391,Rakshevasti Maan,18.580601,73.720703,6,1
6392,Marnevasti Maan,18.578699,73.7164,6,1
6393,Parkhivasti,18.5818606685076,73.7253883507324,6,1
6394,Vadjainagar,18.5828,73.7276,6,1
6396,Pandavnagar Maan,18.5849,73.731796,6,1
6596,Dehugaon Phata Dehu Road,18.6796356769445,73.7422164170109,6,1
6674,Jambe,18.6410974465321,73.722049678293,6,2
6675,Nere Phata,18.636801,73.727898,6,2
6677,Rasikwadi,18.6358758513146,73.7326973676682,6,2
6678,Malwadi Jambe Road,18.6340611177738,73.7337233086717,6,2
6680,Tajne Vasti,18.6322997896774,73.733272687038,6,2
6681,Koyte Vasti,18.630899,73.737396,6,2
6686,Punawale Phata,18.6388189002321,73.7503295030202,6,2
6745,Budhvihar Punavale,18.639,73.747902,6,2
6754,Gaikwad Vasti Jambhe Road,18.6366,73.7295,6,2
6755,Vijay Nagar,18.633499,73.733597,6,2
6857,Vasudev Aashram Ursegaon,18.7041110359694,73.6348885878472,6,2
6859,Urse Gaon,18.7038182064959,73.6426119048289,6,2
6860,Klt Automotive Ltd.,18.703199,73.6436,6,2
6861,Di Supreme Industries,18.701401,73.647003,6,2
6863,Castle Park,18.7001,73.655197,6,2
7222,Tukaram Nagar Police Chowki,18.623301,73.818497,6,1
7265,Aaple Ghar Vrudhashram,18.6582122795059,73.7242665200991,6,1
7629,Gahunje Stadium Phata,18.670601,73.7071,6,1
7690,Siemens,18.5902125376903,73.7329420553982,6,1
7722,Ravet Fata,18.659218,73.730942,6,1
7723,Jk Towers Kiwale,18.663433,73.723099,6,1
7794,Sanaswadi Nandoshi,18.4195,73.802902,6,1
7797,Farshi Company Nandoshi Road,18.433001,73.795898,6,1
7798,Hagawane Vasti,18.4354,73.795403,6,1
7799,Hagawne Padal,18.4390747655646,73.7926454011565,6,1
7800,Malwadi Kirkatwadi,18.4387,73.793297,6,1
7801,Kirkatwadi,18.4405766546028,73.7909469113637,6,1
7802,Laxmi Nagar,18.4415887231058,73.790350118543,6,1
7805,Laxmi Nagar,18.4453265529037,73.7891933692266,6,1
7806,Kirkatwadi,18.4411357903337,73.790516402353,6,1
7807,Malwadi Kirkatwadi,18.438999,73.792198,6,1
7808,Hagawne Padal,18.4413304740222,73.7903380315088,6,1
7809,Hagawane Vasti,18.4351899026531,73.7954255147451,6,1
7810,Farshi Company Nandoshi Road,18.431999,73.796204,6,1
7811,Sanaswadi Nandoshi,18.4147,73.803001,6,1
8166,Thakarwadi,18.438,73.695999,6,2
8167,Pargewadi,18.4374169931707,73.6982933451587,6,2
8173,Kumkarwadi,18.4296,73.720398,6,2
8196,Patil Wada,18.4377287167203,73.6999080323559,6,2
8199,Malwadi Thakarwadi Road,18.4376917938453,73.6988720350409,6,2
8343,Warje Highway / Navin Highway,18.4807989705934,73.8036323912869,6,1
8382,Splender Country Club Gate Kramank 1,18.4046,73.698303,6,1
8388,Agalambe Odha,18.415701,73.723701,6,1
9297,Balaji Mandir Phata,18.2532287938742,73.9259102248989,6,2
1001,Petrol Pump Walhekarwadi,18.637426791939,73.758968900887,5,1
1002,Hotel Rajwada,18.6409,73.756302,5,1
1017,Hotel Rajwada,18.641001,73.7565,5,1
1018,Petrol Pump Walhekarwadi,18.6373816971518,73.7591371970112,5,1
1020,Aaher Garden,18.634001,73.764801,5,1
106661,Sneha Vihar Dangat Patil Nagar,18.46616,73.79081,5,2
106662,Neo Net Primary School,18.4679133011615,73.788966913599,5,2
106663,Shindevasti Dangat Estate,18.46969,73.78836,5,2
106809,: Ashok Nagar Rangehills,18.544033968098,73.8388377814413,5,1
106810,Yashwant Nagar Rangehills,18.5407687924022,73.8363111391086,5,1
106811,Rangehills Corner,18.538632662383,73.8341331920679,5,1
1279,Golegaon,18.6369,73.969101,5,1
1280,Parandevasti,18.6397,73.966904,5,1
1281,Surkhadi Vasti,18.641399,73.964203,5,1
1282,Golegaon Chowk,18.6443,73.960503,5,1
1283,Kamal Park Wadgaon Shinde,18.6422,73.959198,5,1
1284,Wadgaon Shinde Smashan Bhumi,18.638901,73.959503,5,1
1285,Vadgaon Shinde,18.635799,73.9589,5,1
1286,Zilla Parishad School Vadgaon Shinde,18.6339,73.957901,5,1
1287,Shinde Vasti Vadgaonshinde Road,18.631201,73.955399,5,1
1288,Kakade City Vadgaon Shinde Road,18.6297,73.953903,5,1
1289,Baji Khind Chowk,18.6269,73.952797,5,1
1290,Kakade Vasti No 2,18.623501,73.950699,5,1
1291,Gulabhari Hari Vasti,18.6202393261191,73.9478427171707,5,1
1292,Kamal Lawns,18.618299,73.946198,5,1
1293,Bharati Vidyapith Primary School,18.6133,73.942703,5,1
1294,Marathwada College Vadgaon Shinde Road,18.6127,73.941498,5,1
1295,Haran Tale,18.611601,73.938301,5,1
1296,Lake View Society,18.609699,73.936798,5,1
1297,M P Bharucha Farm,18.6075,73.934601,5,1
1298,Durga Hotel,18.605,73.932503,5,1
1299,Pathare Vasti Vadgaon Shinde Road,18.6030303978532,73.9304968714714,5,1
1300,Kirti Grapes Moze Chal,18.6028,73.927803,5,1
1343,Kirti Grapes Moze Chal,18.6029,73.927696,5,1
1344,Pathare Vasti Vadgaon Shinde Road,18.6031219122666,73.9305263757706,5,1
1345,Durga Hotel,18.605,73.932404,5,1
1346,M P Bharucha Farm,18.607599,73.934502,5,1
1347,Lake View Society,18.609699,73.9366,5,1
1348,Haran Tale,18.6117,73.938103,5,1
1349,Marathwada College Vadgaon Shinde Road,18.6124,73.940903,5,1
1350,Bharati Vidyapith Primary School,18.6138,73.942802,5,1
1351,Kamal Lawns,18.618299,73.945999,5,1
1352,Gulabhari Hari Vasti,18.6206,73.947998,5,1
1353,Kakade Vasti No 2,18.6239950505992,73.9509249566482,5,1
1354,Baji Khind Chowk,18.627001,73.952797,5,1
1355,Kakade City Vadgaon Shinde Road,18.629499,73.953796,5,1
1356,Shinde Vasti Vadgaonshinde Road,18.631201,73.955299,5,1
1357,Zilla Parishad School Vadgaon Shinde,18.6334,73.957397,5,1
1358,Vadgaon Shinde,18.635799,73.958801,5,1
1359,Wadgaon Shinde Smashan Bhumi,18.6388,73.959396,5,1
1360,Kamal Park Wadgaon Shinde,18.642099,73.959099,5,1
1361,Golegaon Chowk,18.6443,73.960602,5,1
1362,Surkhadi Vasti,18.6415,73.964302,5,1
1363,Parandevasti,18.639601,73.967003,5,1
1364,Golegaon,18.636999,73.9692,5,1
2217,Azad Nagar Charholi,18.6605740896092,73.8921440012124,5,1
2218,Wagheshwarwadi Charholi,18.6610620006683,73.8894081570628,5,1
262,40 Aundh Road,18.5624886389291,73.8324951266751,5,1
263,Lic Colony,18.562095989414,73.8364791531354,5,1
265,Balbhavan,18.560785607231,73.8413238591012,5,1
266,Military Hospital Rangehills,18.5563922453596,73.8404631999079,5,1
267,Mutton Market Rangehills,18.5561767110323,73.8423672503836,5,1
268,Rangehills Post Office,18.5529,73.8433,5,1
269,Rangehills H Type,18.545401,73.843399,5,1
270,Rangehills Circle 2,18.544901,73.842201,5,1
271,Rangehills Circle 1,18.544901,73.839401,5,1
2822,Parhad Vasti,18.741699,74.052002,5,1
2833,Kendur Chaufula Kendur Road,18.722,74.048302,5,1
2839,Anand Ashram Kendur Road,18.693199,74.043999,5,1
2840,Chaudhary Vasti Kendur Road,18.6854,74.042801,5,1
2842,Kalukh Shetmala,18.680901,74.042099,5,1
2843,Bhandari Vasti,18.6763,74.041397,5,1
2844,Vadhu Budruk,18.665199,74.039597,5,1
2846,Shaskiya Vishramdham Vadhu Budruk,18.6624128971076,74.0464970469475,5,1
2847,Zf Steering Company,18.6588,74.050598,5,1
2848,Industrial Company,18.6556,74.053101,5,1
2850,Chatrapati Sambhaji High School,18.6502,74.057198,5,1
295,Yashwant Nagar Rangehills,18.545,73.839401,5,1
297,Rangehills Circle 1,18.545,73.839401,5,1
299,Rangehills H Type,18.5456027551509,73.8433438659261,5,1
300,Rangehills Post Office,18.549299,73.8433,5,1
301,Mutton Market Rangehills,18.5560411741215,73.8424879559408,5,1
302,Military Hospital Rangehills,18.556999,73.8396,5,1
303,Balbhavan,18.5608689602682,73.8413200113754,5,1
305,Lic Colony,18.5620216146652,73.8363483673664,5,1
306,40 Aundh Road,18.5623917333754,73.8325714420287,5,1
332,Shivtirth Nagar,18.511999,73.808998,5,2
333,Kanchanban Society,18.5123476538673,73.8064298127222,5,2
334,Mhatoba Nagar,18.51547946011,73.8058415169288,5,2
335,Sutardara,18.5155178713296,73.8078436103707,5,2
336,Sutardara,18.5154006039652,73.8078049118911,5,2
337,Mhatoba Nagar,18.5154006039652,73.8058969092206,5,2
338,Kanchanban Society,18.5124039159898,73.8063701912627,5,2
339,Shivtirth Nagar,18.5120814231295,73.8090449425605,5,2
4904,Shivaji Vidyalaya,18.5282239837512,73.6115649890507,5,2
4909,Shivaji Vidyalaya,18.5280720128053,73.6116528136449,5,2
5323,Bhaji Market  Market Yard,18.489401,73.863899,5,2
6018,Sona Gira Angan Society,18.6556,73.756104,5,1
6019,Ravet Shinde Vasti Aanandban,18.6581,73.755402,5,1
6021,Mauli Corner,18.6522758207232,73.7522305482447,5,1
6023,Shinde Vasti Corner,18.6432727837966,73.7503811743331,5,1
6024,Shinde Vasti Corner,18.643152221123,73.7503281921583,5,1
6025,Mauli Corner,18.6521481093544,73.7521279544073,5,1
6027,Ravet Shinde Vasti Aanandban,18.658199,73.7556,5,1
6028,Sona Gira Angan Society,18.6556,73.756203,5,1
6169,Devi Link,18.628201,73.796501,5,1
6318,Devi Link,18.62953,73.794411,5,1
6319,Bhat Nagar,18.6267430376474,73.7977925997028,5,1
6322,Waghere Heights,18.609501,73.802498,5,1
6323,Nanekarpark,18.606501,73.801498,5,1
6333,Nanekarpark,18.606701,73.801399,5,1
6334,Waghere Heights,18.609501,73.802299,5,1
6415,Akurdi Railway Station Magil Baju,18.6479090999768,73.7638954831398,5,1
6416,Guruvdara Bijlinagar,18.645599,73.766899,5,1
6417,Bijlinagar,18.6442787324639,73.7691748034908,5,1
6418,Bijli Nagar Morya Nagari,18.6429,73.772797,5,1
6419,Power House Chinchwade Nagar,18.641199,73.773804,5,1
6420,Ruston Colony,18.6364,73.777397,5,1
6421,Chaitanya Sabhagruh,18.633699,73.779602,5,1
6422,Chaphekar Chowk Vetal Nagar,18.6308866331771,73.781077716719,5,1
6433,Chaphekar Chowk Vetal Nagar,18.6308256460939,73.7809295148092,5,1
6434,Chaitanya Sabhagruh,18.633699,73.779404,5,1
6435,Ruston Colony,18.6364,73.777298,5,1
6436,Power House Chinchwade Nagar,18.6411,73.773598,5,1
6437,Bijli Nagar Morya Nagari,18.642599,73.772797,5,1
6438,Bijlinagar,18.644160590537,73.7690883213161,5,1
6439,Guruvdara Bijlinagar,18.6458,73.766502,5,1
6440,Akurdi Railway Station Magil Baju,18.6480012559376,73.7637023824992,5,1
6662,Patole Vasti,18.6513,73.905197,5,1
6663,Kotval Wadi,18.648899,73.904404,5,1
6664,Kalje Nagar,18.648001,73.901398,5,1
6665,Ghandi Park,18.647301,73.897598,5,1
6666,Kaljewadi,18.6481,73.894096,5,1
6667,Tajne Mala,18.6451,73.885101,5,1
6668,Tajne Mala Phata,18.645399,73.880699,5,1
6788,Vaishnavi Mata Mandir,18.635799,73.844704,5,1
6789,Rakesh Sweet Mart,18.634951309081,73.8437615955131,5,1
6791,Swami Samarth Vidyalay,18.6324942221892,73.8401983137092,5,1
6792,Sahara Sweet Mart,18.631901,73.842796,5,1
6793,Shrikrushna Nagari,18.639999,73.844902,5,1
6794,Sant Nagar,18.646799,73.845497,5,1
6795,Sant Nagar Police Station,18.6482757515341,73.8424097726887,5,1
7091,Union Bank Indrayani Nagar,18.6343781857096,73.8464310581181,5,1
7094,Indrayani Nagar Bhosari,18.6353611453085,73.8407655627839,5,1
742,Hanuman Mandir Sapras Road,18.5543,73.872398,5,1
743,Saibaba Mandir Sapras Road,18.554701,73.873299,5,1
7747,Morwadi Chowk,18.6287008030885,73.8027150889527,5,1
8772,Hindustan Bakery,18.469601,73.798203,5,2
8893,Sai Garden,18.662367,73.794594,5,1
8894,Thermax Company,18.6602,73.793404,5,1
8895,Garvare Chowk,18.657499,73.791199,5,1
8896,Force Motors Gate,18.655001,73.789299,5,1
8897,Akurdi Khandoba Maal,18.650801,73.786301,5,1
8898,Akurdi Khandoba Maal,18.6511,73.786201,5,1
8899,Force Motors Gate,18.6553,73.789299,5,1
8900,Garvare Chowk,18.6576189004469,73.791145355384,5,1
8901,Thermax Company Gate No. 9,18.660299,73.793098,5,1
8902,Sai Garden,18.6624194865912,73.7944229990215,5,1
8904,Prerna Shala Walhekarwadi,18.6376,73.763603,5,1
8910,Gurumayya Shalachinchwade Nagar,18.634501,73.774498,5,1
8911,Gurumayya Shalachinchwade Nagar,18.6348,73.774399,5,1
8912,Prerna Shala Walhekarwadi,18.637699,73.763496,5,1
9068,Maher Sanstha,18.6635945414797,74.0432113409043,5,1
999,Aaher Garden,18.6338686257104,73.764682694392,5,1
106476,Salve Garden,18.4580529949018,73.8779953996068,4,2
106477,Ladies Hostel,18.4610245439716,73.8776927468384,4,2
106733,Shilim Gaon,18.6149053941263,73.4682696384519,4,2
106734,Vagheshwar,18.6123569700277,73.476451887381,4,2
106735,Shirvali Phata,18.611351794334,73.4783495974264,4,2
106736,Jadhav Wadi,18.6111175802853,73.479842619293,4,2
106737,Anjawali Fata,18.6114013645817,73.4830200755745,4,2
106738,Ghare Vasti,18.6120894685137,73.489138945121,4,2
106739,Anjawali Jawan No 3,18.6151608515103,73.4924867827764,4,2
106740,Anjawali Jawan No 2,18.615622205688,73.4951294464931,4,2
106741,Patil Vasti,18.6176647349146,73.501980430544,4,2
106742,Jawan Village No. 1,18.6212844418185,73.5070603474722,4,2
106743,Mhatre Resort,18.6160339896872,73.5114802407181,4,2
106782,Aagnishaman Kendr Baner,18.5601899456376,73.7766706489883,4,2
106783,Maitri Academy Baner,18.5630846673223,73.7768197476767,4,2
106784,Kalamkar Chowk,18.5641830944829,73.7769163153868,4,2
1910,Bhare Phata,18.535101,73.669502,4,1
2457,Pratima Nagar,18.6991848589118,74.136093556881,4,1
2458,Swapn Nagari,18.702,74.132301,4,1
2459,Bholenath Mandir,18.706499,74.127899,4,1
2460,Kadam Pawar Vasti,18.7096,74.126297,4,1
2461,Hp Petrol Pump Jategaon,18.7210836567158,74.1160789132118,4,1
2462,Sambhaji Raje College Jaatgaon,18.7243021852518,74.1144400835037,4,1
2463,Khirsagar Vasti,18.7302,74.111099,4,1
2464,Ump Vasti,18.736,74.108498,4,1
2465,Tukai Temple Mukhi,18.7393,74.1054,4,1
2466,Ramrao Genuji Galande Mahavidhyalay,18.7452833557031,74.0997710824013,4,1
2467,Mukhai Gaon,18.7463958437074,74.0994840860367,4,1
2468,Inamdar Vasti Mukhi,18.7508025451583,74.0985319018364,4,1
2469,Mai Palande English Medium School,18.7544,74.097099,4,1
2470,Yelvande Vasti,18.7682,74.096603,4,1
2471,Gangasagar Hotel,18.7713410818351,74.0967321395874,4,1
2472,Gangasagar Vasti Dhamari,18.781401,74.095497,4,1
2473,New English School Dhamari,18.789301,74.098297,4,1
2474,Dhamari Gaon,18.792801,74.0961,4,1
2475,Salunkevasti,18.8011831508745,74.0886372327805,4,1
2476,Duffalapur Phata Panyachi Taki,18.8065735595215,74.0845388174057,4,1
2477,Snehdeep Industries,18.8179834924166,74.0735846757889,4,1
2478,Ganesh Garden Mangal Karyalay,18.8198114471763,74.0710929036141,4,1
2479,Savarkar Vasti,18.8211,74.067703,4,1
2480,Chaudhary Agro Food Company,18.8228173738038,74.0639260411263,4,1
2482,Shri Padma Mani Jain Mandir,18.8295,74.055,4,1
2483,Bhairavnath Vidya Mandir Pabal,18.8295,74.052399,4,1
2484,Khed Chowk,18.8297157014775,74.0507042088129,4,1
2485,Gram Panchayat Karyalay Pabal,18.8332970762513,74.0519472956658,4,1
2486,Maruti Mandir Pabal,18.8334950876688,74.0545651316643,4,1
2487,Smshanbhumi Pabal,18.837099,74.055603,4,1
2488,Ekeri Mal,18.8463,74.058899,4,1
2489,Nerhebend,18.8526325433524,74.0636229515076,4,1
2490,Sahyadri Career Academy,18.8624250809741,74.068917632103,4,1
2491,Thapewadi,18.864799,74.070099,4,1
2492,Golden Poultry Vadgaonpir,18.868529263684,74.0716722607613,4,1
2493,Sri Krishnanagar,18.8751991934157,74.0759316086769,4,1
2494,Shivanshu Hotel,18.8780772317973,74.0761032700539,4,1
2495,Padwal Vasti,18.8836072920085,74.0769320726395,4,1
2496,Bandan Vasti,18.8879977099535,74.0793380141258,4,1
2497,Loni Dhamni,18.892073336109,74.0807408094406,4,1
2906,Mallika Arjun College Nhavare Road,18.6651,74.369598,4,1
2907,Swayamvar Lawns Nhavare Road,18.664499,74.3629,4,1
2909,Kute Vasti Chowk,18.6664380819319,74.3516828080308,4,1
2910,Yadav Wasti Nhavare Road,18.6675,74.349098,4,1
2911,Colpewasti Nhavare Road,18.6707375969966,74.3371975421906,4,1
2912,Khadi Machine Urlgaon,18.671101,74.331902,4,1
2913,Swami Samarth Vajan Kata,18.6733,74.323898,4,1
2915,Afle Phata,18.6798,74.302803,4,1
2916,Swaraj Hotel Nhavare Road,18.682501,74.293404,4,1
2917,Shivshambho Krushi Kendr,18.683599,74.2883,4,1
2918,Zilla Parishad Shala Dhamdhere Basti,18.6847331491321,74.2847093939781,4,1
2919,Dahiwadi Phata,18.684,74.276604,4,1
2920,Satkar Poultry Farm,18.6830079065962,74.2722129821777,4,1
2921,Parodi Phata,18.6818619699597,74.2616906762123,4,1
2922,Yelevasti Nhavare Road,18.679399,74.255898,4,1
2923,Shivtakrar Mhalangi Phata,18.6761677440943,74.2406541109085,4,1
2924,Shivalevasti Nhavare Road,18.6754,74.237999,4,1
2925,Zilla Parishad Shala Balobachi Wadi,18.6752,74.231796,4,1
2926,Madhla Mala Navhre Road,18.6748616788003,74.2275354266167,4,1
2927,Vitthal Rukmeini Mandir Nhavare Road,18.6749,74.225304,4,1
2928,Rahu Phata,18.6746304482794,74.2224043607712,4,1
2929,Gholapwadi,18.6747,74.220802,4,1
2930,Raghunandan Petrol Pump,18.6752301223852,74.217858016491,4,1
2931,Angel Ganable School,18.6755096307774,74.2144918441773,4,1
2932,Chaudhary Basti Nhavare Road,18.6751449846317,74.2093827717795,4,1
2933,Homachi Wadi,18.6752231399022,74.2081424223612,4,1
2934,Mhalunge Phata Nhavare Road,18.6751,74.206398,4,1
2935,Pathare Poultry Farm  Nhavare Road,18.6766251186935,74.1941338777542,4,1
2936,Krushn Mandir Malwadi,18.675699,74.180496,4,1
2937,Zilla Parishad  Shala Malwadi,18.6751,74.178596,4,1
2938,Zilla Parishad Shala Todkarwadi,18.6728,74.171898,4,1
2939,Mulewadi,18.6720818096645,74.1660243272782,4,1
2940,Prathamesh Saptarang Society,18.6703,74.161201,4,1
2943,Prathamesh Saptarang Society,18.670401,74.161301,4,1
2944,Mulewadi,18.6721,74.165802,4,1
2945,Zilla Parishad Shala Todkarwadi,18.673,74.171997,4,1
2946,Zilla Parishad  Shala Malwadi,18.6751,74.178497,4,1
2947,Krushn Mandir Malwadi,18.675699,74.180099,4,1
2948,Pathare Poultry Farm  Nhavare Road,18.676701,74.194099,4,1
2949,Mhalunge Phata Nhavare Road,18.6752,74.206596,4,1
2950,Homachi Wadi,18.6752727079904,74.208005748042,4,1
2951,Chaudhary Basti Nhavare Road,18.6752027994418,74.2092782129641,4,1
2952,Angel Ganable School,18.675565532323,74.2143926024437,4,1
2953,Raghunandan Petrol Pump,18.6753241388958,74.2178285121918,4,1
2954,Gholapwadi,18.674801,74.220901,4,1
2955,Rahu Phata,18.6747,74.222504,4,1
2956,Vitthal Rukmeini Mandir Nhavare Road,18.6749379085732,74.2253842949867,4,1
2957,Madhla Mala Navhre Road,18.6749226626214,74.2276078462601,4,1
2958,Zilla Parishad Shala Balobachi Wadi,18.6752479092966,74.2317464947701,4,1
2959,Shivalevasti Nhavare Road,18.675435942246,74.2378780245781,4,1
2960,Shivtakrar Mhalangi Phata,18.676201,74.240501,4,1
2961,Yelevasti Nhavare Road,18.6794633546629,74.2558246850968,4,1
2962,Parodi Phata,18.681999,74.261703,4,1
2963,Satkar Poultry Farm,18.6829164352203,74.2723551392555,4,1
2964,Dahiwadi Phata,18.6842,74.276703,4,1
2965,Zilla Parishad Shala Dhamdhere Basti,18.6848169969187,74.284502863884,4,1
2966,Shivshambho Krushi Kendr,18.683701,74.2883,4,1
2967,Swaraj Hotel Nhavare Road,18.6826,74.293404,4,1
2968,Afle Phata,18.6798,74.302498,4,1
2969,Swami Samarth Vajan Kata,18.6732684687015,74.3237972259522,4,1
2970,Khadi Machine Urlgaon,18.6712,74.3321,4,1
2971,Colpewasti Nhavare Road,18.6708087465165,74.3373209238053,4,1
2972,Yadav Wasti Nhavare Road,18.667601,74.349197,4,1
2973,Kute Vasti Chowk,18.6665345858266,74.3515983618384,4,1
2974,Swayamvar Lawns Nhavare Road,18.664560180231,74.3628340959549,4,1
2975,Mallika Arjun College Nhavare Road,18.6651116083151,74.3694940209389,4,1
3094,Netaji Nagar,18.4882937274422,73.8930639624596,4,1
3095,Shinde Chhatri,18.4924934502972,73.894391655922,4,1
3096,Wanwadi Bazar,18.4951617852268,73.8945204019547,4,1
3097,Wanwadi Corner,18.499201,73.894997,4,1
3099,Limb Center,18.5039194313592,73.8877156376839,4,1
3101,Shinde Chhatri,18.492399,73.894302,4,1
3131,Wanwadi Corner,18.498093,73.895676,4,1
3132,Wanwadi Bazar,18.4952838816185,73.8946437835694,4,1
3134,Netaji Nagar,18.4881818014129,73.893147110939,4,1
3136,Limb Center,18.503922,73.887856,4,1
3227,Vedant Apartment,18.4630932293454,73.9104902744293,4,1
3228,Sangriya Apartment,18.463284,73.907707,4,1
3256,Sangriya Apartment,18.463417,73.907898,4,1
3257,Vedant Apartment,18.463165,73.910042,4,1
3309,Ganeshmala Corner,18.494968,73.836945,4,1
3323,Jaidev Nagar,18.490259,73.832428,4,1
3529,Pune Station St. Helena'S Stand,18.5245,73.872101,4,1
363,Mes Pumping Station,18.533199,73.793503,4,1
364,Arde Colony,18.5286634633827,73.791379866086,4,1
365,Pashan Tank Rasta,18.5267436732272,73.7867894768715,4,1
3667,Khamgaon,18.5422,74.218903,4,1
3670,New English School,18.5417,74.222099,4,1
3747,New English School,18.5417,74.222198,4,1
3748,Ganeshnagar/Bhalshing Wasti,18.542101,74.221199,4,1
3749,Jilha Parishad Shala Khamgaon,18.5419322990656,74.2201103995389,4,1
3750,Khamgaon,18.542299,74.218903,4,1
3751,Jilha Parishad Shala Khamgaon,18.541862344095,74.2200111578053,4,1
4708,Datta Mandir Marnewadi Road,18.4792,73.6558,4,1
4709,Lal Ghar,18.4803522642348,73.659629588856,4,1
4711,Lal Ghar,18.480499,73.645897,4,1
4712,Datta Mandir Marnewadi Road,18.4733732194424,73.6387435815772,4,1
4872,Tidkewadi,18.6094,73.516403,4,2
5088,Thakur Vasti,18.6931455986185,73.9150702873773,4,1
5100,Nilanjan Society Soosgaon,18.563101,73.7556,4,2
5105,Belakas Society,18.556,73.764297,4,2
5108,Centra Corner,18.5573381507117,73.7720454075101,4,2
5109,Murkoote Park,18.5578416143259,73.7736761891505,4,2
5110,Raghunana Kalamkar Chowk,18.5584467857955,73.7763315795459,4,2
5223,Alandi Police Chowky,18.676001,73.898804,4,1
5224,Devpari Maharaj Mandir,18.685499,73.904999,4,1
5225,Kurhade Vasti,18.6877,73.907402,4,1
5226,Vishrantwad,18.6901,73.9114,4,1
5227,Richard Company,18.696199,73.916603,4,1
5228,Saigarden Bahul Road,18.6976757776442,73.9179481079442,4,1
5229,Shivam Steel Tube Company,18.6989,73.919701,4,1
5230,Gavhane Vasti Bahul Road,18.7097,73.931099,4,1
5231,Pawar Vasti Wadgaonghenand,18.714701,73.9347,4,1
5232,Vadgaon Ghenand Shala,18.719299,73.940598,4,1
5233,Khandoba Mandir Wadgaonghenand,18.7223,73.9431,4,1
5234,Koyali Phata,18.7272,73.945,4,1
5235,Shelgaon,18.733,73.946503,4,1
5236,Chakan Phata,18.7353,73.944901,4,1
5253,Canol Karnadi Road,18.7227,74.048302,4,1
5262,Poultry Farm Pabal Road,18.8183,74.049797,4,1
5264,Tube Company,18.825701,74.055901,4,1
5268,Pabal Gaon,18.8297633505354,74.051451904161,4,1
5276,Vastu Udyog,18.633101,73.814697,4,2
5281,Vastu Udyog,18.632999,73.815598,4,2
5324,Hotel Rajyog Ghotavade Road,18.5453,73.6688,4,1
5347,Colony Number 10,18.495501,73.810402,4,2
5348,Dahanukar Colony,18.496,73.808899,4,2
5649,Shree Ram Rice Mil,18.275499,73.779404,4,1
5650,Naman Buwa Mandir,18.279699,73.782097,4,1
5651,Malwadi Mangdari,18.284901,73.777603,4,1
5652,Mangdari,18.2873,73.7761,4,1
5653,Katwadi Phata,18.290701,73.773903,4,1
5654,Dhebe Vasti,18.293301,73.772697,4,1
5655,Shree Malai Mata Mandir,18.2966,73.772697,4,1
5656,Vangnigaon Kaman,18.3001,73.771599,4,1
5657,Vangni,18.3015,73.7715,4,1
5658,Zilla Parishad Shala Vangni,18.302601,73.771004,4,1
5659,Dadoji Konddev Vidhyalay Vangni,18.3043,73.771103,4,1
5660,Tale Mach,18.307699,73.7715,4,1
5661,Zilla Parishad Shala Vangniwadi,18.312599,73.774597,4,1
5662,Vangniwadi,18.3151,73.774002,4,1
5801,Vitthal Mandir Masulkar,18.6331639627123,73.8129403369825,4,2
5815,Masulkar Colony Ajmera,18.633801,73.805801,4,2
5816,O Sector Masulkar Colony,18.6333379901366,73.8095506736442,4,2
5959,Mauli Clinic Mindewadi,18.796301,73.729202,4,1
5961,Emerson Company Gate No 2 Mindewadi,18.8041,73.730003,4,1
5962,Logistics Park Chowk,18.804701,73.726196,4,1
5963,Vitisco Company,18.804399,73.721901,4,1
5971,Hinjewadi Hills Dattawadi,18.6045,73.688904,4,1
5972,Building No. B6,18.603201,73.6912,4,1
5973,Building No. C7,18.603201,73.694702,4,1
5974,Hinjewadi Hills Main Gate,18.604401,73.6968,4,1
5975,Sairang City,18.608999,73.696297,4,1
5976,Tukaram Niwas Dattawadi,18.610901,73.694397,4,1
5977,Hinjewadi Hills Phata,18.6201255559781,73.6949989199639,4,1
5995,Laxmi Chowk Marunji Road,18.6001,73.734398,4,1
6007,Hinjewadi Hills Phata,18.6201,73.694702,4,1
6008,Tukaram Niwas Dattawadi,18.610901,73.694603,4,1
6009,Sairang City,18.6091,73.696404,4,1
6010,Hinjewadi Hills Main Gate,18.6043,73.696899,4,1
6011,Building No. C7,18.6028,73.693001,4,1
6012,Building No. B6,18.6031,73.691299,4,1
6013,Hinjewadi Hills Dattawadi,18.604401,73.688797,4,1
649,Venutai Chavan College,18.4690260050261,73.8337147846185,4,2
650,Venutai Chavan College Payatha,18.4686800122484,73.8329369411884,4,2
651,Brahma Chaitanya,18.4676,73.8284,4,2
652,Jadhav Nagar Lane No 11,18.4666,73.824501,4,2
653,Vadgaon Budruk,18.466801,73.822998,4,2
6627,Bhandara Dongar,18.7387970030476,73.7365924839807,4,1
6647,Tajne Mala Phata,18.6455,73.880699,4,1
6648,Tajne Mala,18.645201,73.884903,4,1
6650,Kaljewadi,18.648199,73.894096,4,1
6651,Gandharva Park,18.6474,73.897797,4,1
6652,Kalje Nagar,18.648199,73.901299,4,1
6653,Kotval Wadi,18.649099,73.904297,4,1
6654,Patole Vasti,18.6514,73.905098,4,1
6735,Balaji College,18.6266,73.756203,4,1
6738,Londhe Vasti,18.619499,73.762001,4,1
6777,Shaskiya Vasatigruha,18.6528,73.8433,4,1
6780,Shrikrushna Nagari,18.6406,73.8452,4,1
6785,Vaishnavi Mata Mandir,18.6358535713563,73.844404666301,4,1
6786,Union Bank Indrayani Nagar / Union Bank Bhosari,18.634424587684,73.8463304871141,4,1
6936,Midc Bhosari,18.620943,73.831032,4,2
7083,Sahara Sweet Mart,18.637362,73.844528,4,1
7085,Indrayani Nagar / Indrayani Nagar Bhosari,18.635432330595,73.8407226605886,4,1
7086,Swami Samarth Vidyalaya Bhosari,18.632388131196,73.8403759646926,4,1
7099,Rakesh Sweet Bhosari Road,18.6350015546872,73.8439185139447,4,1
7547,Grace Tamp Company,18.7934,73.604103,4,1
7548,Patra Pack Company,18.791201,73.6045,4,1
7549,Web Company Indrayani Colony,18.7894,73.604797,4,1
7551,Parwadi Phata,18.781401,73.604698,4,1
7552,G M W Godown,18.780001,73.605598,4,1
7553,Mahindra Square Business Maingate,18.7728,73.607597,4,1
7554,Mahindra Still,18.770599,73.607399,4,1
7555,Musco Mahindra Company,18.7658,73.605598,4,1
7556,Suprim Industries Ltd. Company,18.7637724288656,73.6034282989358,4,1
7557,B U Bhandari Housing Society,18.7650585825221,73.6046940149439,4,1
7559,Railway Station Kanhe,18.761299,73.596603,4,1
7560,Railway Station Kanhe,18.761801,73.596703,4,1
7561,B U Bhandari Housing Society,18.7649568379888,73.6047410653677,4,1
7562,Suprim Industries Ltd. Company,18.7659,73.605598,4,1
7563,Musco Mahindra Company,18.768299,73.607002,4,1
7564,Mahindra Still,18.771,73.607399,4,1
7565,Mahindra Square Business Maingate,18.7728,73.607498,4,1
7566,G M W Godown,18.7801,73.605499,4,1
7567,Parwadi Phata,18.781401,73.604599,4,1
7568,Web Company Indrayani Colony,18.789801,73.604599,4,1
7569,Patra Pack Company,18.791201,73.604401,4,1
7570,Grace Tamp Company,18.793501,73.603996,4,1
7590,Kalewadi Phata Corner,18.6026,73.776703,4,2
772,Kasarwadi Railway Station,18.6076874022078,73.8206925988197,4,2
7744,Thergaon Phata,18.6195244812106,73.7699459057102,4,1
7762,Thergaon Phata,18.6168,73.767303,4,1
8056,Shivaji Maharaj Putala Vadagaon,18.4628673992924,73.8253569839648,4,1
8057,Vyanketesh Heights,18.464394,73.82457,4,1
8059,Fun Time,18.4700678642655,73.8217746794976,4,1
8064,Vyanketesh Heights,18.464212,73.824554,4,1
8065,Shivaji Maharaj Putala Vadagaon,18.4630270773204,73.825322109988,4,1
8286,Ganeshnagar/Bhalshing Wasti,18.542101,74.2211,4,1
8287,Dahitane Fata,18.5375,74.213997,4,1
8288,Pawar Agro Resort,18.529499,74.205902,4,1
8289,Gaikwad Vasti Nandur Gaon,18.526899,74.200203,4,1
8290,Zilla Parishad Shala Nandur,18.520901,74.197403,4,1
8291,Borate Vasti Nandur,18.518101,74.197403,4,1
8292,Beverage Food Company,18.5173,74.196701,4,1
8293,Vaishnavi Devi Dairy,18.51582217492,74.1877026104313,4,1
8294,Fleet Guard Company,18.512699,74.183502,4,1
8295,Gits Company,18.5109,74.181297,4,1
8296,Hodek Company,18.509199,74.18,4,1
8297,Perfect Company,18.508499,74.179703,4,1
8298,Pingle Vasti Sahajpur,18.5049,74.178101,4,1
8299,Grampanchayat Karyalay Sahajpur,18.498501,74.177597,4,1
8300,Omkar Hospital Sahajpur,18.497299,74.177299,4,1
8301,Zilla Parishad Shala Sahajpur,18.4951,74.176102,4,1
8302,Railway Crossing,18.493799,74.175598,4,1
8303,Railway Crossing,18.493401,74.1754,4,1
8304,Zilla Parishad Shala Sahajpur,18.4951,74.176003,4,1
8305,Omkar Hospital Sahajpur,18.497299,74.1772,4,1
8306,Grampanchayat Karyalay Sahajpur,18.498501,74.177498,4,1
8307,Pingle Vasti Sahajpur,18.504801,74.177902,4,1
8308,Perfect Company,18.5084118786936,74.1795372884058,4,1
8309,Hodek Company,18.509199,74.179901,4,1
8310,Gits Company,18.511101,74.181198,4,1
8311,Fleet Guard Company,18.5126,74.183296,4,1
8312,Vaishnavi Devi Dairy,18.5158380762014,74.1876120641813,4,1
8313,Beverage Food Company,18.5173,74.196602,4,1
8314,Borate Vasti Nandur,18.5179,74.197197,4,1
8315,Zilla Parishad Shala Nandur,18.521099,74.197304,4,1
8316,Gaikwad Vasti Nandur Gaon,18.526899,74.199898,4,1
8317,Pawar Agro Resort,18.529499,74.205803,4,1
8318,Dahitane Fata,18.5378,74.213997,4,1
8322,Paud St Stand,18.523495,73.61924,4,1
8327,Mes Pumping Station,18.5329727313265,73.7934324525091,4,1
8328,Arde Colony,18.5285843873784,73.7914085142928,4,1
8329,Pashan Tank Rasta,18.5266419450855,73.786886036396,4,1
8395,Kondhur Phata,18.4383114247025,73.6380093524998,4,1
8399,Kalbhairav Mandir,18.4371288280106,73.6399968720096,4,1
8401,Sahyadri Krushi Paryatan,18.4337712964573,73.6487696920238,4,1
8402,Bhagatwadi,18.433201,73.654198,4,1
8403,Kulaki,18.4317,73.656502,4,1
8404,Bahuligaon,18.4305,73.6586,4,1
8406,Gaikwadwadi,18.4275,73.666298,4,1
8407,Poultry Farm Anisha,18.4235,73.668404,4,1
8408,Katavdi,18.4173406965612,73.6700831377524,4,1
8410,Trimurti Poultry Farm,18.4120271027418,73.6739147421628,4,1
8421,Viraj Industries,18.4499,73.635399,4,1
8423,Zilla Parishad Shala Bharekar Wadi,18.4534506470388,73.6316115930662,4,1
8424,Prarthmik Aarogya Kendra Mutha,18.454901,73.626099,4,1
8425,Morewadi Phata,18.4582,73.625298,4,1
8426,Potewadi Vasti,18.4363215714584,73.642270720619,4,1
8576,Patel High School,18.483101,73.807404,4,1
8594,Pvpit College Bawdhan,18.5,73.7742,4,2
8595,Sarthi Santeen Hills Bawdhan,18.5021,73.773003,4,2
8596,Kokate Wasti Bawdhan,18.5028331755626,73.7741249506788,4,2
8597,Nyati Towers Bawdhan,18.5048095898926,73.7732036142293,4,2
8598,Madhuban Society Bawdhan,18.505899,73.773003,4,2
106793,Pune Station Moledina Road,18.5275752196755,73.8732451702751,3,1
1451,Ranjangaon Sandas,18.572901,74.345497,3,2
1452,Shanimandir Ranjangaon Sandas,18.5714,74.342697,3,2
1453,Thoratvasti Sangamphata,18.570299,74.334099,3,2
1454,Chormulevasti,18.573099,74.324898,3,2
1455,Parichi Wadi,18.575399,74.319801,3,2
1456,Zilla Parishad Shala Pirachi Wadi,18.5774,74.317802,3,2
1457,Tapkir Vasti Pirachi Wadi Road,18.578899,74.3144,3,2
1458,Tulja Bhavani Mandir Mhasobawadi,18.579201,74.306297,3,2
1460,Valki Vasti Valki Road,18.577101,74.302597,3,2
1461,Krushnai Farm Valki Road,18.581699,74.301102,3,2
1462,Zilla Parishad Shala Jondhlenagar,18.584,74.298103,3,2
1463,Thorat Mala Phata,18.5856,74.295998,3,2
1464,Valkigaon Kaman,18.586599,74.294701,3,2
1465,Kudale Vasti Valki Road,18.587299,74.293297,3,2
1466,Shinde Vasti Valki Road,18.588499,74.290199,3,2
1467,Dattanagar Dattamandir,18.589701,74.284103,3,2
1468,Koregaon Phata,18.590401,74.280403,3,2
1469,Shinde Poltri Farm,18.590099,74.275803,3,2
1470,Telewadi Phata,18.590401,74.266403,3,2
1471,Gandhi Nagar Valki Road,18.589199,74.266899,3,2
1472,Zilla Parishad Shala Thorli Vihir,18.5849,74.267403,3,2
1473,Thorli Vihir Gaon,18.5833,74.267601,3,2
1491,Dahitane Fata Rahu Road,18.5958649260578,74.1958995797109,3,2
2025,Nhavi Sandas,18.6081093733801,74.156279861927,3,1
2026,Indira Vasahat Nhavi Sandas,18.605333,74.155624,3,1
2027,Nhavi Sandas Corner,18.6009280947886,74.1543808579445,3,1
2028,Shitolemala Dp Nhavisandas Road,18.5990698102713,74.1442608833313,3,1
2029,Kale Vasti,18.6055139798978,74.1373112797737,3,1
2030,Shitolemala Nhavisandas Road,18.608299,74.132896,3,1
2031,Talegaon Road Navin Pul,18.6092,74.131203,3,1
2032,Pimpri Sandas,18.6109131673823,74.1261452436447,3,1
2033,Jamadar Vasti,18.6124662916515,74.1241791844368,3,1
2034,Harpale Vasti Nhavi Sandas Road,18.6138185912419,74.1213145852089,3,1
2035,Shinde Vasti Burkegaon,18.6162359273655,74.1171061992645,3,1
2036,Kumbharwada Nhavi Sandas,18.6190243363847,74.1116479039192,3,1
2037,Burkegaon,18.6200385229623,74.1097274422646,3,1
2038,Enbhar Vasti,18.6202393261191,74.1074958443642,3,1
2039,Dabhade Vasti Nhavisandas Road,18.6206282226977,74.1037648916245,3,1
2040,Panchawati Niwas,18.6222,74.096497,3,1
2041,Ashirwad Bungalow,18.6227,74.094597,3,1
2042,Gaikwad Vasti Nhavisandas Road,18.623301,74.0924,3,1
2043,Bapurao Smarak,18.6233580991364,74.0857940912247,3,1
2044,Shinde Vasti Dongergaon,18.623301,74.080299,3,1
2045,Dongargaon,18.623512,74.072456,3,1
2046,Kadam Vasti Perne,18.624001,74.065102,3,1
2047,Siddheshwar Nagar,18.6265708585398,74.0650525689125,3,1
2048,Pernegaon,18.6311687604376,74.0631911158562,3,1
2049,Walke Vasti Perne,18.632999,74.061302,3,1
2050,Dream Villa Society Perne Road,18.6354793394916,74.0593662858009,3,1
2051,Pc Pole Company,18.637220314815,74.0568101406098,3,1
2077,Pc Pole Company,18.6371211938429,74.0570086240769,3,1
2078,Dream Villa Society Perne Road,18.6354615483341,74.0592777729035,3,1
2079,Walke Vasti Perne,18.6329123214717,74.0614074468613,3,1
2080,Pernegaon,18.6315,74.062897,3,1
2081,Siddheshwar Nagar,18.6264,74.065002,3,1
2082,Kadam Vasti Perne,18.6239350785053,74.0650311112404,3,1
2083,Dongargaon,18.6236,74.074501,3,1
2084,Shinde Vasti Dongergaon,18.6232843879647,74.079721570015,3,1
2085,Bapurao Smarak,18.6233657245057,74.0855365991593,3,1
2086,Gaikwad Vasti Nhavisandas Road,18.6234,74.0923,3,1
2087,Ashirwad Bungalow,18.622801,74.094498,3,1
2088,Panchawati Niwas,18.622299,74.096397,3,1
2089,Dabhade Vasti Nhavisandas Road,18.620701,74.103798,3,1
2090,Enbhar Vasti,18.6203155804203,74.1074073314667,3,1
2091,Burkegaon,18.6201224027908,74.1097086668015,3,1
2092,Kumbharwada Nhavi Sandas,18.619101,74.111603,3,1
2093,Shinde Vasti Burkegaon,18.616199,74.117302,3,1
2094,Harpale Vasti Nhavi Sandas Road,18.6139050161984,74.1212207078934,3,1
2095,Jamadar Vasti,18.6125603428385,74.1241604089737,3,1
2096,Pimpri Sandas,18.6110021354531,74.1261237859726,3,1
2097,Talegaon Road Navin Pul,18.6091134572809,74.1313809156418,3,1
2098,Shitolemala Nhavisandas Road,18.6084,74.132896,3,1
2099,Kale Vasti,18.605363999947,74.1374507546425,3,1
2100,Shitolemala Dp Nhavisandas Road,18.599199,74.143997,3,1
2101,Nhavi Sandas Corner,18.601101,74.154503,3,1
2102,Indira Vasahat Nhavi Sandas,18.605499,74.155602,3,1
2103,Nhavi Sandas,18.6082059690434,74.1562610864639,3,1
3206,Traffic Police Chowky,18.504601,73.9216,3,2
3525,Pune Station St. Helena'S Stand,18.5243,73.871803,3,1
4217,Morgaon Chowk,18.2768,74.317902,3,1
4218,Shri Mayureshwar Ganpati Mandir,18.2771,74.316704,3,1
4219,Shri Mayureshwar Madhyamik Vidhyalay,18.2777,74.315002,3,1
4220,Shashkiy Vishramgruh Morgaon,18.278,74.310402,3,1
4221,Kedari Garden Mangal Karyalay,18.2778,74.305901,3,1
4222,Radhakrishna Mandir,18.2775,74.304298,3,1
4223,Jaywant Nagar,18.277201,74.300499,3,1
4224,Thanekarmala,18.275299,74.292198,3,1
4225,Kadam Vasti,18.2761,74.287804,3,1
4226,Ambi Phata Morgaon Road,18.275299,74.279198,3,1
4227,Tavre Vasti,18.275499,74.272499,3,1
4228,Jogwadi Phata,18.2764,74.266403,3,1
4229,Indian Oil Company,18.278099,74.261902,3,1
4230,Chorwadi,18.2778,74.249603,3,1
4231,Mawdi Kadapathar,18.2761,74.245499,3,1
4232,Jawalarjun Phata,18.2761,74.239197,3,1
4233,Bhairavnath Mandir Chachar Mala,18.276199,74.233803,3,1
4234,Deshmukh Mala,18.276199,74.230797,3,1
4235,Korhale Phata,18.2757,74.224197,3,1
4236,Hp Petrol Pump Morgaon Road,18.275499,74.215698,3,1
4237,Nazare Kadapathar,18.2757,74.211098,3,1
4238,Ghatewadi Phata,18.2757,74.205299,3,1
4239,Simlex Still Company,18.2759,74.201797,3,1
4240,Matoshree Hotel Jejuri Road,18.276501,74.195999,3,1
4241,Rmc Company,18.2782,74.187798,3,1
4242,Khairewadi Phata,18.2792,74.184196,3,1
4243,Shubham Lawns,18.2803,74.182297,3,1
4244,Nazare Dharan Colony Phata,18.2813,74.180298,3,1
4246,Ganesh Mangal Karyalay,18.282499,74.168602,3,1
4247,Shatayu Hospital,18.279699,74.164101,3,1
4248,Shatayu Hospital,18.279699,74.163902,3,1
4249,Ganesh Mangal Karyalay,18.2827,74.1689,3,1
4250,Nazare Dharan Colony Phata,18.2815,74.180298,3,1
4251,Shubham Lawns,18.280399,74.182098,3,1
4252,Khairewadi Phata,18.279301,74.184097,3,1
4253,Rmc Company,18.2784,74.187698,3,1
4254,Matoshree Hotel Jejuri Road,18.2766,74.195702,3,1
4255,Simlex Still Company,18.276199,74.200699,3,1
4256,Ghatewadi Phata,18.275801,74.204597,3,1
4257,Nazare Kadapathar,18.2757,74.210899,3,1
4258,Hp Petrol Pump Morgaon Road,18.2757,74.214897,3,1
4259,Korhale Phata,18.2757,74.223602,3,1
4260,Deshmukh Mala,18.2763,74.2304,3,1
4261,Bhairavnath Mandir Chachar Mala,18.2763,74.233597,3,1
4262,Jawalarjun Phata,18.276199,74.239403,3,1
4263,Mawdi Kadapathar,18.276199,74.245598,3,1
4264,Chorwadi,18.278,74.249702,3,1
4265,Indian Oil Company,18.2782,74.261803,3,1
4266,Jogwadi Phata,18.276501,74.266296,3,1
4267,Tavre Vasti,18.2757,74.272102,3,1
4268,Ambi Phata Morgaon Road,18.2754,74.278603,3,1
4269,Kadam Vasti,18.276199,74.2883,3,1
4270,Thanekarmala,18.2756,74.2911,3,1
4271,Jaywant Nagar,18.2773,74.301598,3,1
4272,Radhakrishna Mandir,18.277599,74.303802,3,1
4273,Kedari Garden Mangal Karyalay,18.277901,74.306198,3,1
4274,Shashkiy Vishramgruh Morgaon,18.278099,74.310097,3,1
4275,Shri Mayureshwar Madhyamik Vidhyalay,18.277901,74.314697,3,1
4276,Shri Mayureshwar Ganpati Mandir,18.277201,74.316704,3,1
4277,Morgaon Chowk,18.276899,74.317703,3,1
4857,Kunal Icon Society,18.663601,73.710602,3,1
4858,Vikas Nagar Phata,18.6626,73.715599,3,1
4859,Mamurdi Phata Chowk Gahunje Road,18.6612,73.715302,3,1
4860,Symbiosis College Gahunje Road,18.6600622771858,73.7180002230945,3,1
4861,Mangalam Sales Office  Gahunje Road,18.6579543787858,73.7232518831541,3,1
4862,Gurukrupa Davelumpers  Gahunje Road,18.6595515215573,73.7286237384013,3,1
4863,Express Highway Corner  Gahunje Road,18.659992404232,73.7299775919483,3,1
4864,Express Highway Corner  Gahunje Road,18.659901,73.729897,3,1
4865,Gurukrupa Davelumpers  Gahunje Road,18.6594651241601,73.7285110882524,3,1
4866,Mangalam Sales Office  Gahunje Road,18.6578679680157,73.7231741175012,3,1
4867,Symbiosis College Gahunje Road,18.66,73.718102,3,1
4868,Mamurdi Phata Chowk Gahunje Road,18.6612,73.715103,3,1
4869,Fire Station Gahunje,18.668501,73.705597,3,1
4962,Gram Panchayat Belawade,18.4893,73.601501,3,1
4982,Gram Panchayat Belawade,18.487101,73.603104,3,1
4986,Gawdewadi Bhadas,18.5427,73.542603,3,1
4987,Shileshwar Gaon,18.5427,73.5476,3,1
4988,Jilla Parishad School Shileshwar,18.542299,73.5532,3,1
4989,Jilla Parishad School Asade,18.542,73.5606,3,1
4990,Pawarvasti Khubavali,18.5434,73.571098,3,1
4993,Bhuir Farm,18.5418173790122,73.5771272647489,3,1
4994,Mahindra College,18.5394388923395,73.5806476436563,3,1
4995,Giriraj Resort,18.5375,73.582298,3,1
4996,Raodegaon,18.530199,73.585701,3,1
4997,River Vhiv,18.529499,73.5896,3,1
4998,Hulawadewadi,18.531401,73.598503,3,1
4999,Hulawadewadi,18.531401,73.598701,3,1
5000,River Vhiv,18.529499,73.589302,3,1
5001,Raodegaon,18.5301,73.585899,3,1
5002,Giriraj Resort,18.537201,73.582298,3,1
5003,Mahindra College,18.539301,73.580704,3,1
5004,Bhuir Farm,18.541901,73.576797,3,1
5005,Pawarvasti Khubavali,18.5434,73.570999,3,1
5006,Jilla Parishad School Asade,18.541901,73.560997,3,1
5007,Jilla Parishad School Shileshwar,18.5422,73.553497,3,1
5008,Shileshwar Gaon,18.5427,73.547203,3,1
5009,Gawdewadi Bhadas,18.542801,73.542503,3,1
5187,Parhadvasti,18.741699,74.052002,3,1
5205,Chakan Phata,18.735201,73.945,3,1
5206,Shelgaon,18.733101,73.946602,3,1
5207,Koyali Phata,18.726999,73.945,3,1
5208,Khandoba Mandir Wadgaonghenand,18.7222,73.9431,3,1
5209,Vadgaon Ghenand Shala,18.7192,73.940598,3,1
5211,Pawarvasti Wadgaonghenan,18.7145,73.934502,3,1
5212,Gavhanevasti Bahul Road,18.709499,73.931,3,1
5213,Steel Tube Company,18.6987,73.919701,3,1
5214,Saigarden,18.6975,73.917702,3,1
5215,Richards Company,18.6959,73.916496,3,1
5216,Thakurvasti,18.693199,73.915199,3,1
5217,Vishrantwad,18.6905,73.911797,3,1
5218,Kurhadvasti,18.687599,73.907303,3,1
5219,Devpari Maharaj Mandir,18.685499,73.905098,3,1
5222,Alandi Police Chowky,18.675972047244,73.8984886736517,3,1
5468,Borkar Vasti Narayanpur Road,18.299232,73.972115,3,1
5469,Narayan Dham,18.296696,73.96978,3,1
5470,Royal Purandar,18.2932,73.965797,3,1
5471,Chivhewadi,18.283474,73.96125,3,1
5472,Zilla Parishad School Chivhewadi,18.2826608204547,73.9589947093381,3,1
5473,Green Hills Hotel,18.28261082575,73.9577132042689,3,1
5474,Deodi,18.283392,73.950562,3,1
5475,Shanti Niwas,18.2788173083048,73.9442096242983,3,1
5476,Bathe Farm House,18.2745,73.938797,3,1
5477,Sejal Resort,18.271,73.935402,3,1
5478,Ketkawale,18.2677476131618,73.9308328069739,3,1
5481,Kumbhoshi Phata,18.251252905709,73.9247153817739,3,1
5482,Divale,18.2443707003107,73.9199693956923,3,1
5492,Shivanand Enclave Company,18.274,73.878403,3,1
5504,Katraj Gujarwadi,18.4416412179579,73.8597992457037,3,1
5516,Shivanand Enclave Company,18.2855,73.874802,3,1
5526,Divale,18.2436708299077,73.9193945456521,3,1
5527,Kumbhoshi Phata,18.2507887893961,73.9245501142895,3,1
5530,Ketkawale,18.2626,73.928101,3,1
5531,Sejal Resort,18.2676055919839,73.9307711135368,3,1
5532,Bathe Farm House,18.2710440990826,73.9355702369507,3,1
5533,Shanti Niwas,18.2744353379759,73.938939096733,3,1
5534,Deodi,18.278799,73.944,3,1
5535,Green Hills Hotel,18.282801,73.952301,3,1
5536,Zilla Parishad School Chivhewadi,18.2826,73.957497,3,1
5537,Chivhewadi,18.283001,73.959503,3,1
5538,Royal Purandar,18.292299,73.963997,3,1
5539,Narayan Dham,18.2932358126855,73.9660052547534,3,1
5540,Borkar Vasti Narayanpur Road,18.2997,73.972603,3,1
5578,Vangniwadi,18.315001,73.774101,3,1
5579,Zilla Parishad Shala Vangniwadi,18.3125,73.774803,3,1
5580,Tale Mach,18.3074,73.7715,3,1
5581,Dadoji Konddev Vidhyalay Vangni,18.3043,73.771202,3,1
5582,Zilla Parishad Shala Vangni,18.302401,73.771103,3,1
5583,Vangni,18.3016,73.7715,3,1
5584,Vangnigaon Kaman,18.3001,73.771698,3,1
5585,Shree Malai Mata Mandir,18.297899,73.772598,3,1
5586,Dhebe Vasti,18.292999,73.772903,3,1
5587,Katwadi Phata,18.2908,73.773804,3,1
5588,Mangdari,18.2871,73.776398,3,1
5589,Malwadi Mangdari,18.284901,73.777702,3,1
5591,Naman Buwa Mandir,18.2801,73.7817,3,1
5592,Shree Ram Rice Mil,18.2757,73.779503,3,1
5834,Akurdi Police Chowky,18.6506265054074,73.7670933461803,3,1
6862,Greenspan Agrotech Company,18.701,73.650902,3,1
6872,Greenspan Agrotech Company,18.701,73.650803,3,1
6873,Gram Panchayat Ursegaon,18.7047100030079,73.6383567682567,3,1
7493,Davdigaon,18.788401,73.959,3,1
7494,Dhamantek Phata,18.7903,73.953796,3,1
7495,Anna Vasti,18.788401,73.948799,3,1
7496,Karbhari Vasti,18.7887,73.945602,3,1
7497,Manik Nagar Nimgaon,18.7892,73.9394,3,1
7498,Tukainagar Nimgaon,18.7913,73.935501,3,1
7499,Nimgaon,18.795,73.929298,3,1
7500,Khed Phata Nimgaon,18.7967,73.929802,3,1
7501,Ghatvasti,18.8011,73.926903,3,1
7502,Bhagat Vasti,18.8032,73.923599,3,1
7503,Zilla Parishad Shala Aambe Ovhal,18.808399,73.918404,3,1
7504,Shri Bolhai Mata Mandir Aambe Ovhal,18.811001,73.914299,3,1
7505,Kharpudi Khurd Phata,18.815001,73.909698,3,1
7506,Kharpudi Budruk,18.8158,73.908203,3,1
7507,Dharmanath Mandir,18.823099,73.904404,3,1
7508,Manjarwadi,18.8253,73.903198,3,1
7509,Manishanagari,18.827999,73.901497,3,1
7510,Pimplachi Manjarwadi Phata,18.8305,73.900002,3,1
7511,Holewadi,18.835501,73.897903,3,1
7512,Shree. Malai Mandir Holewadi,18.8386,73.897697,3,1
7513,Om Sai Petrol Pump Holewadi,18.842501,73.896698,3,1
7514,Sadhguru Traders,18.8468,73.891502,3,1
7515,Siddheswar Nagar,18.8500560534341,73.8904709858053,3,1
7516,Apax Hospital,18.852301,73.888496,3,1
7517,Apax Hospital,18.8521,73.888802,3,1
7518,Siddheswar Nagar,18.849878,73.890472,3,1
7519,Sadhguru Traders,18.846901,73.891701,3,1
7520,Om Sai Petrol Pump Holewadi,18.8428,73.8965,3,1
7521,Shree. Malai Mandir Holewadi,18.8389,73.897697,3,1
7522,Holewadi,18.835699,73.897903,3,1
8170,Vadachi Wadi Aglambe Road,18.4359,73.707397,3,1
8171,Shelarwadi,18.434401,73.7118,3,1
8172,Agalambegaon,18.4317,73.717499,3,1
8174,Poultry Farm Agalambe,18.427601,73.721497,3,1
8175,Mauli Hills Gate,18.4242,73.725998,3,1
8176,Vitbhatti Agalambe,18.4212,73.730003,3,1
8190,Vitbhatti Agalambe,18.421101,73.730003,3,1
8191,Mauli Hills Gate,18.424101,73.725899,3,1
8192,Poultry Farm Agalambe,18.427799,73.721397,3,1
8193,Agalambegaon,18.431601,73.717499,3,1
8194,Shelarwadi,18.434299,73.7118,3,1
8195,Vadachi Wadi Aglambe Road,18.435699,73.707397,3,1
8427,Mohakarwadi,18.4569,73.716904,3,2
8430,Ahiregaon Phata,18.454901,73.744598,3,2
8431,Servants Quarters,18.4533,73.746201,3,2
8432,Bungalow Number 158,18.450199,73.750298,3,2
8433,D2 Circle,18.4503,73.7528,3,2
8434,Garisson Engineering,18.452101,73.759399,3,2
8435,Mes Canteen Nda,18.451099,73.761497,3,2
8438,Khadewadi,18.457979,73.698738,3,2
8439,Wanjalewadi,18.458429,73.710442,3,2
8577,Patel High School,18.484301,73.808502,3,1
8771,Dangat Estate,18.4702307041217,73.7905029939377,3,1
8773,Khan Vasti Malvadi,18.4715,73.802498,3,1
8774,Hanuman Chowk Ram Nagar,18.4753,73.805702,3,1
8775,Ram Nagar Varje,18.476299,73.805298,3,1
8776,Warje Canal,18.477699,73.801804,3,1
8777,Warje Pul,18.480301,73.803596,3,1
9235,Yerawada,18.5452571214276,73.8866554888687,3,1
106877,Bahiratwadi,18.5344086409553,73.830071618057,2,1
1563,Bhandwadi,18.576099,74.264801,2,1
1564,Kalubai Mandir Bhandwadi,18.5767,74.267601,2,1
1565,Zilla Parishad Shala Valki Gaon,18.575701,74.304497,2,1
228,Rajaram Pul Corner / Warje Pul,18.4799817982758,73.8042285536596,2,1
2305,Ambedkar Society,18.553101,73.873596,2,1
3198,Shakti Nagar,18.5292,73.905602,2,1
3199,Bharat Forge Company,18.5289,73.909103,2,1
3200,Milind Nagar,18.525801,73.909698,2,1
3201,Kalyani Forge Mudhwa,18.525,73.909698,2,1
3202,Siporex Company Main Gate,18.5238037032101,73.9096185564995,2,1
3203,Mitra Nagar,18.5217818087358,73.90953540802,2,1
3204,Bhim Nagar Jahangirnagar Road,18.5198,73.910599,2,1
3205,Jehangir Nagar,18.519501,73.915703,2,1
3213,Shinde Vasti Jahangir Nagar,18.5159,73.915298,2,1
3214,Tata Honeywell Company,18.5112294207408,73.9171609282494,2,1
3215,Wanwadi Police Station,18.507299,73.918098,2,1
3216,Quality Bakery,18.5057609472558,73.9217984676361,2,1
3815,Mandai Stand,18.5134727160639,73.8559019565582,2,1
4539,Vanaj Company,18.507401,73.800903,2,1
4545,Modern High School,18.5255431969067,73.8481819808764,2,1
4871,Kashing,18.6133,73.515404,2,1
4873,Krishna Sankul Hadsi,18.606701,73.518204,2,1
4874,Hadsi Talav,18.6022,73.519798,2,1
4875,Sathevasti Hadsi,18.5954,73.520699,2,1
4876,Zilla Parishad Shala Hadsi,18.590599,73.521698,2,1
4877,Bodke Wadi,18.5895,73.523399,2,1
4878,Grin Villa Phata,18.583599,73.529701,2,1
4879,Kolwan Police Chowki,18.582399,73.531097,2,1
4934,Kolwan Police Chowki,18.5823,73.530998,2,1
4935,Grin Villa Phata,18.5837,73.529503,2,1
4936,Bodke Wadi,18.5896,73.5233,2,1
4937,Zilla Parishad Shala Hadsi,18.590599,73.5215,2,1
4938,Sathevasti Hadsi,18.5959,73.520699,2,1
4939,Hadsi Talav,18.6022,73.519699,2,1
4940,Krishna Sankul Hadsi,18.606701,73.518097,2,1
4941,Kashing,18.613701,73.515404,2,1
5101,Yashvina Jeevan Orchid Society,18.562799,73.756599,2,1
5102,Eva Multi Specialty Hospital,18.562201,73.758698,2,1
5103,Sarathi Souvenir Society,18.561501,73.762802,2,1
5104,Wibgyor School,18.560301,73.764702,2,1
5106,Mohannagar,18.556801,73.766998,2,1
5107,Nanavare Chowk,18.5576217862772,73.7706009846387,2,1
5112,Nanavare Chowk,18.5574914611182,73.770614393054,2,1
5113,Mohannagar,18.5564,73.767097,2,1
5114,Wibgyor School,18.5604,73.764603,2,1
5115,Sarathi Souvenir Society,18.561399,73.762901,2,1
5116,Eva Multi Specialty Hospital,18.562099,73.758698,2,1
5117,Yashvina Jeevan Orchid Society,18.5627,73.756699,2,1
5277,Vitthal Mandir Masulkar,18.633499,73.807098,2,1
5800,Udyam Nagri,18.635099,73.820396,2,1
5817,Vitthal Mandir Masulkar,18.6332154147541,73.8127988576889,2,1
5818,Udyam Nagri,18.635099,73.820198,2,1
6325,Kate Patil Chowk,18.599592,73.807396,2,1
6331,Kate Patil Chowk,18.599464,73.807343,2,1
6356,Lakshmi Nagar Corner,18.4924442396963,73.8498723506928,2,1
6526,Akurdi Chowk,18.6492,73.785202,2,1
6768,Balaji College,18.626801,73.755699,2,1
6953,Rahul Petrol Pump,18.861498,73.891327,2,1
6954,Zilla Parishad Shal Thigalsthal,18.858646,73.889206,2,1
6959,Kanda Lasun Sanshodhan Kendra,18.843771,73.881882,2,1
7583,Mezza Nine,18.5935,73.735802,2,1
7584,Shivaji Chowk Hinjawadi,18.591299,73.738998,2,1
7599,Navin Manapa Shala,18.58975,73.816803,2,1
7601,Sai Chowk Navi Sangvi,18.580925,73.815758,2,1
7605,Sai Chowk Navi Sangvi,18.579439,73.815872,2,1
7608,Navin Manapa Shala,18.589676,73.815506,2,1
773,Sarita Sargam Society,18.6045,73.821701,2,1
774,Smashan Bhumi Kasarwadi,18.6022,73.822304,2,1
775,H Kshetriya Karyalay,18.6003,73.821701,2,1
776,Datta Mandir Srushti Chowk,18.598820681579,73.820022046566,2,1
7774,Mukbadhir Shikshan Kendr,18.5197306528589,73.8303552265533,2,1
7780,Mukbadhir Shikshan Kendr,18.5196924906494,73.8304298583748,2,1
807,Datta Mandir Srushti Chowk,18.5987622126431,73.8199174404144,2,1
808,H Kshetriya Karyalay,18.6002874846063,73.8215938210488,2,1
809,Smashan Bhumi Kasarwadi,18.6022829488625,73.8221759016602,2,1
810,Sarita Sargam Society,18.6043598941569,73.8216662406922,2,1
8332,Mejentha Lowns,18.4931879581713,73.8278487193225,2,1
8333,Alankar Police Chowky,18.497999,73.826797,2,1
8334,Alankar Police Chowky,18.4977791264035,73.827008164026,2,1
8335,Mejentha Lowns,18.489901,73.825798,2,1
8354,Gurujan Society,18.505899,73.802696,2,1
8355,Shastri Nagar Kothrud,18.5044,73.804199,2,1
8356,Ankur Bungalow,18.502101391057,73.8054093692231,2,1
8357,Gananjay Society,18.500299,73.804901,2,1
8358,Gananjay Society,18.5002,73.804802,2,1
8359,Ankur Bungalow,18.5019507336437,73.8048561747904,2,1
8360,Shastri Nagar Kothrud,18.504299,73.8041,2,1
8361,Gurujan Society,18.505899,73.802498,2,1
8428,Sonarwadi Phata,18.4545,73.724503,2,1
8429,Ahiregaon,18.455,73.732697,2,1
8599,Mile Dagad Kramank 8 Bavdhan Ghat,18.5074141456235,73.7748714334983,2,1
8600,Mile Dagad Kramank 8 Bavdhan Ghat,18.5073937976854,73.7745871314188,2,1
8602,Lakshminagar Corner,18.4926422721534,73.8508526678451,2,1
8603,Lakshminagar Police Chowky,18.4916476612961,73.8498267636587,2,1
864,Shitalbaug,18.617701,73.843376,2,1
8779,Warje Canal,18.4779,73.801498,2,1
8780,Ram Nagar Varje,18.4762,73.805298,2,1
8781,Hanuman Chowk Ram Nagar,18.475401,73.805801,2,1
8782,Khan Vasti Malvadi,18.471390134685,73.8024870880376,2,1
8783,Dangat Estate,18.4703076205748,73.7906605638556,2,1
1459,Zilla Parishad Shala Valki Gaon,18.575399,74.304703,1,1
1474,Kalubai Mandir Bhandwadi,18.5765,74.268303,1,1
1475,Bhandwadi,18.5762,74.2649,1,1
2299,Patil Estate,18.531029,73.854637,1,1
3181,Jehangir Nagar,18.5197013148493,73.9157367200538,1,1
3182,Bhim Nagar Jahangirnagar Road,18.519699,73.9105,1,1
3183,Mitra Nagar,18.5217,73.909599,1,1
3184,Siporex Company Main Gate,18.5238393087624,73.9095595479012,1,1
3185,Kalyani Forge Mudhwa,18.525,73.909599,1,1
3186,Milind Nagar,18.525801,73.909599,1,1
3187,Bharat Forge Company,18.528799,73.909103,1,1
3188,Shakti Nagar,18.529301,73.905403,1,1
3207,Quality Bakery,18.5057405991212,73.9217045903206,1,1
3208,Wanwadi Police Station,18.5074193120141,73.9180621504784,1,1
3209,Tata Honeywell Company,18.5112650289104,73.9170777797699,1,1
3210,Shinde Vasti Jahangir Nagar,18.5161,73.915298,1,1
8436,Ahiregaon,18.455,73.732597,1,1
8437,Sonarwadi Phata,18.454399,73.724503,1,1
